asset_id,title,asset_type,category,source_label,source_root,original_path,relative_source_path,extension,size_bytes,source_last_write_time,imported_at,rag_status,feedback_status,confidential_level,removed_hub_path,storage_status,mirror_removed_at,sha256_pair_verified_before_cleanup
29f0efe86245b475,1,audio,00_Inbox,D_Evan_Files,D:\Evan\Files,D:\Evan\Files\S_demo\1.mp3,S_demo\1.mp3,.mp3,388284,2025-10-06T16:14:54,2026-05-30T10:20:16,pending,none,internal,D:\Evan\AI-KnowledgeHub\00_Inbox\_imported\D_Evan_Files\S_demo\1.mp3,external_original_only,2026-09-20T14:42:32+08:00,True
8a9895e3bfea8d37,71_anfu,audio,00_Inbox,D_Evan_Files,D:\Evan\Files,D:\Evan\Files\bakup\games\5211game\KIT\Emotions\audio\71_anfu.wav,bakup\games\5211game\KIT\Emotions\audio\71_anfu.wav,.wav,176260,2022-10-31T14:48:16,2026-05-30T10:20:16,pending,none,internal,D:\Evan\AI-KnowledgeHub\00_Inbox\_imported\D_Evan_Files\bakup\games\5211game\KIT\Emotions\audio\71_anfu.wav,external_original_only,2026-09-20T14:42:32+08:00,True
efcc7cbf8c075050,71_bizui,audio,00_Inbox,D_Evan_Files,D:\Evan\Files,D:\Evan\Files\bakup\games\5211game\KIT\Emotions\audio\71_bizui.wav,bakup\games\5211game\KIT\Emotions\audio\71_bizui.wav,.wav,135940,2022-10-31T14:48:16,2026-05-30T10:20:16,pending,none,internal,D:\Evan\AI-KnowledgeHub\00_Inbox\_imported\D_Evan_Files\bakup\games\5211game\KIT\Emotions\audio\71_bizui.wav,external_original_only,2026-09-20T14:42:32+08:00,True
2a33d7fd71473381,71_bugaoxing,audio,00_Inbox,D_Evan_Files,D:\Evan\Files,D:\Evan\Files\bakup\games\5211game\KIT\Emotions\audio\71_bugaoxing.wav,bakup\games\5211game\KIT\Emotions\audio\71_bugaoxing.wav,.wav,155524,2022-10-31T14:48:16,2026-05-30T10:20:16,pending,none,internal,D:\Evan\AI-KnowledgeHub\00_Inbox\_imported\D_Evan_Files\bakup\games\5211game\KIT\Emotions\audio\71_bugaoxing.wav,external_original_only,2026-09-20T14:42:32+08:00,True
0fa3b44a5564d7cd,71_dabao,audio,00_Inbox,D_Evan_Files,D:\Evan\Files,D:\Evan\Files\bakup\games\5211game\KIT\Emotions\audio\71_dabao.wav,bakup\games\5211game\KIT\Emotions\audio\71_dabao.wav,.wav,172804,2022-10-31T14:48:16,2026-05-30T10:20:16,pending,none,internal,D:\Evan\AI-KnowledgeHub\00_Inbox\_imported\D_Evan_Files\bakup\games\5211game\KIT\Emotions\audio\71_dabao.wav,external_original_only,2026-09-20T14:42:32+08:00,True
338e5ea8142a7eeb,71_daku,audio,00_Inbox,D_Evan_Files,D:\Evan\Files,D:\Evan\Files\bakup\games\5211game\KIT\Emotions\audio\71_daku.wav,bakup\games\5211game\KIT\Emotions\audio\71_daku.wav,.wav,152068,2022-10-31T14:48:16,2026-05-30T10:20:16,pending,none,internal,D:\Evan\AI-KnowledgeHub\00_Inbox\_imported\D_Evan_Files\bakup\games\5211game\KIT\Emotions\audio\71_daku.wav,external_original_only,2026-09-20T14:42:32+08:00,True
10ac5bdfff228e50,71_daxiao,audio,00_Inbox,D_Evan_Files,D:\Evan\Files,D:\Evan\Files\bakup\games\5211game\KIT\Emotions\audio\71_daxiao.wav,bakup\games\5211game\KIT\Emotions\audio\71_daxiao.wav,.wav,123268,2022-10-31T14:48:16,2026-05-30T10:20:16,pending,none,internal,D:\Evan\AI-KnowledgeHub\00_Inbox\_imported\D_Evan_Files\bakup\games\5211game\KIT\Emotions\audio\71_daxiao.wav,external_original_only,2026-09-20T14:42:32+08:00,True
dda70b1a5f975c26,71_erguang,audio,00_Inbox,D_Evan_Files,D:\Evan\Files,D:\Evan\Files\bakup\games\5211game\KIT\Emotions\audio\71_erguang.wav,bakup\games\5211game\KIT\Emotions\audio\71_erguang.wav,.wav,172804,2022-10-31T14:48:16,2026-05-30T10:20:16,pending,none,internal,D:\Evan\AI-KnowledgeHub\00_Inbox\_imported\D_Evan_Files\bakup\games\5211game\KIT\Emotions\audio\71_erguang.wav,external_original_only,2026-09-20T14:42:32+08:00,True
1f6fb7b15905499a,71_fadai,audio,00_Inbox,D_Evan_Files,D:\Evan\Files,D:\Evan\Files\bakup\games\5211game\KIT\Emotions\audio\71_fadai.wav,bakup\games\5211game\KIT\Emotions\audio\71_fadai.wav,.wav,144004,2022-10-31T14:48:16,2026-05-30T10:20:16,pending,none,internal,D:\Evan\AI-KnowledgeHub\00_Inbox\_imported\D_Evan_Files\bakup\games\5211game\KIT\Emotions\audio\71_fadai.wav,external_original_only,2026-09-20T14:42:32+08:00,True
cdbdad107133864e,71_fadou,audio,00_Inbox,D_Evan_Files,D:\Evan\Files,D:\Evan\Files\bakup\games\5211game\KIT\Emotions\audio\71_fadou.wav,bakup\games\5211game\KIT\Emotions\audio\71_fadou.wav,.wav,152068,2022-10-31T14:48:16,2026-05-30T10:20:16,pending,none,internal,D:\Evan\AI-KnowledgeHub\00_Inbox\_imported\D_Evan_Files\bakup\games\5211game\KIT\Emotions\audio\71_fadou.wav,external_original_only,2026-09-20T14:42:32+08:00,True
9a170811754567f4,71_fengci,audio,00_Inbox,D_Evan_Files,D:\Evan\Files,D:\Evan\Files\bakup\games\5211game\KIT\Emotions\audio\71_fengci.wav,bakup\games\5211game\KIT\Emotions\audio\71_fengci.wav,.wav,127876,2022-10-31T14:48:16,2026-05-30T10:20:16,pending,none,internal,D:\Evan\AI-KnowledgeHub\00_Inbox\_imported\D_Evan_Files\bakup\games\5211game\KIT\Emotions\audio\71_fengci.wav,external_original_only,2026-09-20T14:42:32+08:00,True
ff7ed3b6f98ee565,71_fennu,audio,00_Inbox,D_Evan_Files,D:\Evan\Files,D:\Evan\Files\bakup\games\5211game\KIT\Emotions\audio\71_fennu.wav,bakup\games\5211game\KIT\Emotions\audio\71_fennu.wav,.wav,184324,2022-10-31T14:48:16,2026-05-30T10:20:16,pending,none,internal,D:\Evan\AI-KnowledgeHub\00_Inbox\_imported\D_Evan_Files\bakup\games\5211game\KIT\Emotions\audio\71_fennu.wav,external_original_only,2026-09-20T14:42:32+08:00,True
2cc80bbe01a5a113,71_ganga,audio,00_Inbox,D_Evan_Files,D:\Evan\Files,D:\Evan\Files\bakup\games\5211game\KIT\Emotions\audio\71_ganga.wav,bakup\games\5211game\KIT\Emotions\audio\71_ganga.wav,.wav,164740,2022-10-31T14:48:16,2026-05-30T10:20:16,pending,none,internal,D:\Evan\AI-KnowledgeHub\00_Inbox\_imported\D_Evan_Files\bakup\games\5211game\KIT\Emotions\audio\71_ganga.wav,external_original_only,2026-09-20T14:42:32+08:00,True
cd8140fe747caa02,71_gaoci,audio,00_Inbox,D_Evan_Files,D:\Evan\Files,D:\Evan\Files\bakup\games\5211game\KIT\Emotions\audio\71_gaoci.wav,bakup\games\5211game\KIT\Emotions\audio\71_gaoci.wav,.wav,118660,2022-10-31T14:48:16,2026-05-30T10:20:16,pending,none,internal,D:\Evan\AI-KnowledgeHub\00_Inbox\_imported\D_Evan_Files\bakup\games\5211game\KIT\Emotions\audio\71_gaoci.wav,external_original_only,2026-09-20T14:42:32+08:00,True
9e8cd66ffa58319e,71_haixiu,audio,00_Inbox,D_Evan_Files,D:\Evan\Files,D:\Evan\Files\bakup\games\5211game\KIT\Emotions\audio\71_haixiu.wav,bakup\games\5211game\KIT\Emotions\audio\71_haixiu.wav,.wav,164740,2022-10-31T14:48:16,2026-05-30T10:20:16,pending,none,internal,D:\Evan\AI-KnowledgeHub\00_Inbox\_imported\D_Evan_Files\bakup\games\5211game\KIT\Emotions\audio\71_haixiu.wav,external_original_only,2026-09-20T14:42:32+08:00,True
8b05aa742ac56ba9,71_huaiyi,audio,00_Inbox,D_Evan_Files,D:\Evan\Files,D:\Evan\Files\bakup\games\5211game\KIT\Emotions\audio\71_huaiyi.wav,bakup\games\5211game\KIT\Emotions\audio\71_huaiyi.wav,.wav,91012,2022-10-31T14:48:16,2026-05-30T10:20:16,pending,none,internal,D:\Evan\AI-KnowledgeHub\00_Inbox\_imported\D_Evan_Files\bakup\games\5211game\KIT\Emotions\audio\71_huaiyi.wav,external_original_only,2026-09-20T14:42:32+08:00,True
bc02b2304317d4b0,71_jingya,audio,00_Inbox,D_Evan_Files,D:\Evan\Files,D:\Evan\Files\bakup\games\5211game\KIT\Emotions\audio\71_jingya.wav,bakup\games\5211game\KIT\Emotions\audio\71_jingya.wav,.wav,65668,2022-10-31T14:48:16,2026-05-30T10:20:16,pending,none,internal,D:\Evan\AI-KnowledgeHub\00_Inbox\_imported\D_Evan_Files\bakup\games\5211game\KIT\Emotions\audio\71_jingya.wav,external_original_only,2026-09-20T14:42:32+08:00,True
2515ba2e19a95070,71_keai,audio,00_Inbox,D_Evan_Files,D:\Evan\Files,D:\Evan\Files\bakup\games\5211game\KIT\Emotions\audio\71_keai.wav,bakup\games\5211game\KIT\Emotions\audio\71_keai.wav,.wav,172804,2022-10-31T14:48:16,2026-05-30T10:20:16,pending,none,internal,D:\Evan\AI-KnowledgeHub\00_Inbox\_imported\D_Evan_Files\bakup\games\5211game\KIT\Emotions\audio\71_keai.wav,external_original_only,2026-09-20T14:42:32+08:00,True
ded7506acdc72330,71_kongju,audio,00_Inbox,D_Evan_Files,D:\Evan\Files,D:\Evan\Files\bakup\games\5211game\KIT\Emotions\audio\71_kongju.wav,bakup\games\5211game\KIT\Emotions\audio\71_kongju.wav,.wav,144004,2022-10-31T14:48:16,2026-05-30T10:20:16,pending,none,internal,D:\Evan\AI-KnowledgeHub\00_Inbox\_imported\D_Evan_Files\bakup\games\5211game\KIT\Emotions\audio\71_kongju.wav,external_original_only,2026-09-20T14:42:32+08:00,True
b6a3e347dada0cf6,71_kun,audio,00_Inbox,D_Evan_Files,D:\Evan\Files,D:\Evan\Files\bakup\games\5211game\KIT\Emotions\audio\71_kun.wav,bakup\games\5211game\KIT\Emotions\audio\71_kun.wav,.wav,192388,2022-10-31T14:48:16,2026-05-30T10:20:16,pending,none,internal,D:\Evan\AI-KnowledgeHub\00_Inbox\_imported\D_Evan_Files\bakup\games\5211game\KIT\Emotions\audio\71_kun.wav,external_original_only,2026-09-20T14:42:32+08:00,True
1305c87f79cd1b82,71_liuhan,audio,00_Inbox,D_Evan_Files,D:\Evan\Files,D:\Evan\Files\bakup\games\5211game\KIT\Emotions\audio\71_liuhan.wav,bakup\games\5211game\KIT\Emotions\audio\71_liuhan.wav,.wav,110596,2022-10-31T14:48:16,2026-05-30T10:20:16,pending,none,internal,D:\Evan\AI-KnowledgeHub\00_Inbox\_imported\D_Evan_Files\bakup\games\5211game\KIT\Emotions\audio\71_liuhan.wav,external_original_only,2026-09-20T14:42:32+08:00,True
72c75b29635df4ad,71_liulei,audio,00_Inbox,D_Evan_Files,D:\Evan\Files,D:\Evan\Files\bakup\games\5211game\KIT\Emotions\audio\71_liulei.wav,bakup\games\5211game\KIT\Emotions\audio\71_liulei.wav,.wav,184324,2022-10-31T14:48:16,2026-05-30T10:20:16,pending,none,internal,D:\Evan\AI-KnowledgeHub\00_Inbox\_imported\D_Evan_Files\bakup\games\5211game\KIT\Emotions\audio\71_liulei.wav,external_original_only,2026-09-20T14:42:32+08:00,True
47610287806a4b4b,71_niniu,audio,00_Inbox,D_Evan_Files,D:\Evan\Files,D:\Evan\Files\bakup\games\5211game\KIT\Emotions\audio\71_niniu.wav,bakup\games\5211game\KIT\Emotions\audio\71_niniu.wav,.wav,91012,2022-10-31T14:48:16,2026-05-30T10:20:16,pending,none,internal,D:\Evan\AI-KnowledgeHub\00_Inbox\_imported\D_Evan_Files\bakup\games\5211game\KIT\Emotions\audio\71_niniu.wav,external_original_only,2026-09-20T14:42:32+08:00,True
33193bbeac259bca,71_qinqin,audio,00_Inbox,D_Evan_Files,D:\Evan\Files,D:\Evan\Files\bakup\games\5211game\KIT\Emotions\audio\71_qinqin.wav,bakup\games\5211game\KIT\Emotions\audio\71_qinqin.wav,.wav,131332,2022-10-31T14:48:16,2026-05-30T10:20:16,pending,none,internal,D:\Evan\AI-KnowledgeHub\00_Inbox\_imported\D_Evan_Files\bakup\games\5211game\KIT\Emotions\audio\71_qinqin.wav,external_original_only,2026-09-20T14:42:32+08:00,True
4e222f3dacb438e6,71_qinzui,audio,00_Inbox,D_Evan_Files,D:\Evan\Files,D:\Evan\Files\bakup\games\5211game\KIT\Emotions\audio\71_qinzui.wav,bakup\games\5211game\KIT\Emotions\audio\71_qinzui.wav,.wav,123268,2022-10-31T14:48:16,2026-05-30T10:20:16,pending,none,internal,D:\Evan\AI-KnowledgeHub\00_Inbox\_imported\D_Evan_Files\bakup\games\5211game\KIT\Emotions\audio\71_qinzui.wav,external_original_only,2026-09-20T14:42:32+08:00,True
0a2990eea2b79ed7,71_semimi,audio,00_Inbox,D_Evan_Files,D:\Evan\Files,D:\Evan\Files\bakup\games\5211game\KIT\Emotions\audio\71_semimi.wav,bakup\games\5211game\KIT\Emotions\audio\71_semimi.wav,.wav,188932,2022-10-31T14:48:16,2026-05-30T10:20:16,pending,none,internal,D:\Evan\AI-KnowledgeHub\00_Inbox\_imported\D_Evan_Files\bakup\games\5211game\KIT\Emotions\audio\71_semimi.wav,external_original_only,2026-09-20T14:42:32+08:00,True
49dbf2b816045e65,71_shanren,audio,00_Inbox,D_Evan_Files,D:\Evan\Files,D:\Evan\Files\bakup\games\5211game\KIT\Emotions\audio\71_shanren.wav,bakup\games\5211game\KIT\Emotions\audio\71_shanren.wav,.wav,49540,2022-10-31T14:48:16,2026-05-30T10:20:16,pending,none,internal,D:\Evan\AI-KnowledgeHub\00_Inbox\_imported\D_Evan_Files\bakup\games\5211game\KIT\Emotions\audio\71_shanren.wav,external_original_only,2026-09-20T14:42:32+08:00,True
0707e361ce3de691,71_shengbing,audio,00_Inbox,D_Evan_Files,D:\Evan\Files,D:\Evan\Files\bakup\games\5211game\KIT\Emotions\audio\71_shengbing.wav,bakup\games\5211game\KIT\Emotions\audio\71_shengbing.wav,.wav,110596,2022-10-31T14:48:16,2026-05-30T10:20:16,pending,none,internal,D:\Evan\AI-KnowledgeHub\00_Inbox\_imported\D_Evan_Files\bakup\games\5211game\KIT\Emotions\audio\71_shengbing.wav,external_original_only,2026-09-20T14:42:32+08:00,True
0300a270996e66ae,71_shengli,audio,00_Inbox,D_Evan_Files,D:\Evan\Files,D:\Evan\Files\bakup\games\5211game\KIT\Emotions\audio\71_shengli.wav,bakup\games\5211game\KIT\Emotions\audio\71_shengli.wav,.wav,102532,2022-10-31T14:48:16,2026-05-30T10:20:16,pending,none,internal,D:\Evan\AI-KnowledgeHub\00_Inbox\_imported\D_Evan_Files\bakup\games\5211game\KIT\Emotions\audio\71_shengli.wav,external_original_only,2026-09-20T14:42:32+08:00,True
401328143e32e23b,71_shiwang,audio,00_Inbox,D_Evan_Files,D:\Evan\Files,D:\Evan\Files\bakup\games\5211game\KIT\Emotions\audio\71_shiwang.wav,bakup\games\5211game\KIT\Emotions\audio\71_shiwang.wav,.wav,107140,2022-10-31T14:48:16,2026-05-30T10:20:16,pending,none,internal,D:\Evan\AI-KnowledgeHub\00_Inbox\_imported\D_Evan_Files\bakup\games\5211game\KIT\Emotions\audio\71_shiwang.wav,external_original_only,2026-09-20T14:42:32+08:00,True
c989628dba9ee91d,71_shuashuai,audio,00_Inbox,D_Evan_Files,D:\Evan\Files,D:\Evan\Files\bakup\games\5211game\KIT\Emotions\audio\71_shuashuai.wav,bakup\games\5211game\KIT\Emotions\audio\71_shuashuai.wav,.wav,131332,2022-10-31T14:48:16,2026-05-30T10:20:16,pending,none,internal,D:\Evan\AI-KnowledgeHub\00_Inbox\_imported\D_Evan_Files\bakup\games\5211game\KIT\Emotions\audio\71_shuashuai.wav,external_original_only,2026-09-20T14:42:32+08:00,True
2bd0dc988986b294,71_sikao,audio,00_Inbox,D_Evan_Files,D:\Evan\Files,D:\Evan\Files\bakup\games\5211game\KIT\Emotions\audio\71_sikao.wav,bakup\games\5211game\KIT\Emotions\audio\71_sikao.wav,.wav,147460,2022-10-31T14:48:16,2026-05-30T10:20:16,pending,none,internal,D:\Evan\AI-KnowledgeHub\00_Inbox\_imported\D_Evan_Files\bakup\games\5211game\KIT\Emotions\audio\71_sikao.wav,external_original_only,2026-09-20T14:42:32+08:00,True
c1bb215c30394c1e,71_touxiao,audio,00_Inbox,D_Evan_Files,D:\Evan\Files,D:\Evan\Files\bakup\games\5211game\KIT\Emotions\audio\71_touxiao.wav,bakup\games\5211game\KIT\Emotions\audio\71_touxiao.wav,.wav,131332,2022-10-31T14:48:16,2026-05-30T10:20:16,pending,none,internal,D:\Evan\AI-KnowledgeHub\00_Inbox\_imported\D_Evan_Files\bakup\games\5211game\KIT\Emotions\audio\71_touxiao.wav,external_original_only,2026-09-20T14:42:32+08:00,True
8f6043ab655461e3,71_tu,audio,00_Inbox,D_Evan_Files,D:\Evan\Files,D:\Evan\Files\bakup\games\5211game\KIT\Emotions\audio\71_tu.wav,bakup\games\5211game\KIT\Emotions\audio\71_tu.wav,.wav,123268,2022-10-31T14:48:16,2026-05-30T10:20:16,pending,none,internal,D:\Evan\AI-KnowledgeHub\00_Inbox\_imported\D_Evan_Files\bakup\games\5211game\KIT\Emotions\audio\71_tu.wav,external_original_only,2026-09-20T14:42:32+08:00,True
dbdd0f2ed382f2d7,71_tushe,audio,00_Inbox,D_Evan_Files,D:\Evan\Files,D:\Evan\Files\bakup\games\5211game\KIT\Emotions\audio\71_tushe.wav,bakup\games\5211game\KIT\Emotions\audio\71_tushe.wav,.wav,135940,2022-10-31T14:48:16,2026-05-30T10:20:16,pending,none,internal,D:\Evan\AI-KnowledgeHub\00_Inbox\_imported\D_Evan_Files\bakup\games\5211game\KIT\Emotions\audio\71_tushe.wav,external_original_only,2026-09-20T14:42:32+08:00,True
683719f9117a339d,71_tuxue,audio,00_Inbox,D_Evan_Files,D:\Evan\Files,D:\Evan\Files\bakup\games\5211game\KIT\Emotions\audio\71_tuxue.wav,bakup\games\5211game\KIT\Emotions\audio\71_tuxue.wav,.wav,102532,2022-10-31T14:48:16,2026-05-30T10:20:16,pending,none,internal,D:\Evan\AI-KnowledgeHub\00_Inbox\_imported\D_Evan_Files\bakup\games\5211game\KIT\Emotions\audio\71_tuxue.wav,external_original_only,2026-09-20T14:42:32+08:00,True
ef378069e5fd043a,71_weixiao,audio,00_Inbox,D_Evan_Files,D:\Evan\Files,D:\Evan\Files\bakup\games\5211game\KIT\Emotions\audio\71_weixiao.wav,bakup\games\5211game\KIT\Emotions\audio\71_weixiao.wav,.wav,184324,2022-10-31T14:48:16,2026-05-30T10:20:16,pending,none,internal,D:\Evan\AI-KnowledgeHub\00_Inbox\_imported\D_Evan_Files\bakup\games\5211game\KIT\Emotions\audio\71_weixiao.wav,external_original_only,2026-09-20T14:42:32+08:00,True
f79af42a2b5ac45b,71_weixie,audio,00_Inbox,D_Evan_Files,D:\Evan\Files,D:\Evan\Files\bakup\games\5211game\KIT\Emotions\audio\71_weixie.wav,bakup\games\5211game\KIT\Emotions\audio\71_weixie.wav,.wav,152068,2022-10-31T14:48:16,2026-05-30T10:20:16,pending,none,internal,D:\Evan\AI-KnowledgeHub\00_Inbox\_imported\D_Evan_Files\bakup\games\5211game\KIT\Emotions\audio\71_weixie.wav,external_original_only,2026-09-20T14:42:32+08:00,True
f5cd382fa818d8dc,71_wuyu,audio,00_Inbox,D_Evan_Files,D:\Evan\Files,D:\Evan\Files\bakup\games\5211game\KIT\Emotions\audio\71_wuyu.wav,bakup\games\5211game\KIT\Emotions\audio\71_wuyu.wav,.wav,196996,2022-10-31T14:48:16,2026-05-30T10:20:16,pending,none,internal,D:\Evan\AI-KnowledgeHub\00_Inbox\_imported\D_Evan_Files\bakup\games\5211game\KIT\Emotions\audio\71_wuyu.wav,external_original_only,2026-09-20T14:42:32+08:00,True
680983a5eb551a31,71_yaoshouzhi,audio,00_Inbox,D_Evan_Files,D:\Evan\Files,D:\Evan\Files\bakup\games\5211game\KIT\Emotions\audio\71_yaoshouzhi.wav,bakup\games\5211game\KIT\Emotions\audio\71_yaoshouzhi.wav,.wav,168196,2022-10-31T14:48:16,2026-05-30T10:20:16,pending,none,internal,D:\Evan\AI-KnowledgeHub\00_Inbox\_imported\D_Evan_Files\bakup\games\5211game\KIT\Emotions\audio\71_yaoshouzhi.wav,external_original_only,2026-09-20T14:42:32+08:00,True
7b1e19964ef6e8f7,71_yaoyaqiechi,audio,00_Inbox,D_Evan_Files,D:\Evan\Files,D:\Evan\Files\bakup\games\5211game\KIT\Emotions\audio\71_yaoyaqiechi.wav,bakup\games\5211game\KIT\Emotions\audio\71_yaoyaqiechi.wav,.wav,196996,2022-10-31T14:48:16,2026-05-30T10:20:16,pending,none,internal,D:\Evan\AI-KnowledgeHub\00_Inbox\_imported\D_Evan_Files\bakup\games\5211game\KIT\Emotions\audio\71_yaoyaqiechi.wav,external_original_only,2026-09-20T14:42:32+08:00,True
e500509b29c4c5b2,71_yiwen,audio,00_Inbox,D_Evan_Files,D:\Evan\Files,D:\Evan\Files\bakup\games\5211game\KIT\Emotions\audio\71_yiwen.wav,bakup\games\5211game\KIT\Emotions\audio\71_yiwen.wav,.wav,139396,2022-10-31T14:48:16,2026-05-30T10:20:16,pending,none,internal,D:\Evan\AI-KnowledgeHub\00_Inbox\_imported\D_Evan_Files\bakup\games\5211game\KIT\Emotions\audio\71_yiwen.wav,external_original_only,2026-09-20T14:42:32+08:00,True
f027cbf847c04304,71_yongbao,audio,00_Inbox,D_Evan_Files,D:\Evan\Files,D:\Evan\Files\bakup\games\5211game\KIT\Emotions\audio\71_yongbao.wav,bakup\games\5211game\KIT\Emotions\audio\71_yongbao.wav,.wav,131332,2022-10-31T14:48:16,2026-05-30T10:20:16,pending,none,internal,D:\Evan\AI-KnowledgeHub\00_Inbox\_imported\D_Evan_Files\bakup\games\5211game\KIT\Emotions\audio\71_yongbao.wav,external_original_only,2026-09-20T14:42:32+08:00,True
72185a1cca119d7f,71_yumen,audio,00_Inbox,D_Evan_Files,D:\Evan\Files,D:\Evan\Files\bakup\games\5211game\KIT\Emotions\audio\71_yumen.wav,bakup\games\5211game\KIT\Emotions\audio\71_yumen.wav,.wav,110596,2022-10-31T14:48:16,2026-05-30T10:20:16,pending,none,internal,D:\Evan\AI-KnowledgeHub\00_Inbox\_imported\D_Evan_Files\bakup\games\5211game\KIT\Emotions\audio\71_yumen.wav,external_original_only,2026-09-20T14:42:32+08:00,True
59a3a9c274f77ab2,71_yun,audio,00_Inbox,D_Evan_Files,D:\Evan\Files,D:\Evan\Files\bakup\games\5211game\KIT\Emotions\audio\71_yun.wav,bakup\games\5211game\KIT\Emotions\audio\71_yun.wav,.wav,164740,2022-10-31T14:48:16,2026-05-30T10:20:16,pending,none,internal,D:\Evan\AI-KnowledgeHub\00_Inbox\_imported\D_Evan_Files\bakup\games\5211game\KIT\Emotions\audio\71_yun.wav,external_original_only,2026-09-20T14:42:32+08:00,True
b8280a6919c02045,71_zeixiao,audio,00_Inbox,D_Evan_Files,D:\Evan\Files,D:\Evan\Files\bakup\games\5211game\KIT\Emotions\audio\71_zeixiao.wav,bakup\games\5211game\KIT\Emotions\audio\71_zeixiao.wav,.wav,99076,2022-10-31T14:48:16,2026-05-30T10:20:16,pending,none,internal,D:\Evan\AI-KnowledgeHub\00_Inbox\_imported\D_Evan_Files\bakup\games\5211game\KIT\Emotions\audio\71_zeixiao.wav,external_original_only,2026-09-20T14:42:32+08:00,True
ad8bd57d6b5e38a3,71_anfu,audio,00_Inbox,D_Evan_Files,D:\Evan\Files,D:\Evan\Files\bakup\games\5211game\resource\image\Emotions\audio\71_anfu.wav,bakup\games\5211game\resource\image\Emotions\audio\71_anfu.wav,.wav,176260,2022-10-31T14:48:32,2026-05-30T10:20:16,pending,none,internal,D:\Evan\AI-KnowledgeHub\00_Inbox\_imported\D_Evan_Files\bakup\games\5211game\resource\image\Emotions\audio\71_anfu.wav,external_original_only,2026-09-20T14:42:32+08:00,True
325544dbeb8c94b3,71_bizui,audio,00_Inbox,D_Evan_Files,D:\Evan\Files,D:\Evan\Files\bakup\games\5211game\resource\image\Emotions\audio\71_bizui.wav,bakup\games\5211game\resource\image\Emotions\audio\71_bizui.wav,.wav,135940,2022-10-31T14:48:32,2026-05-30T10:20:16,pending,none,internal,D:\Evan\AI-KnowledgeHub\00_Inbox\_imported\D_Evan_Files\bakup\games\5211game\resource\image\Emotions\audio\71_bizui.wav,external_original_only,2026-09-20T14:42:32+08:00,True
08d10aaf29f2822c,71_bugaoxing,audio,00_Inbox,D_Evan_Files,D:\Evan\Files,D:\Evan\Files\bakup\games\5211game\resource\image\Emotions\audio\71_bugaoxing.wav,bakup\games\5211game\resource\image\Emotions\audio\71_bugaoxing.wav,.wav,155524,2022-10-31T14:48:32,2026-05-30T10:20:16,pending,none,internal,D:\Evan\AI-KnowledgeHub\00_Inbox\_imported\D_Evan_Files\bakup\games\5211game\resource\image\Emotions\audio\71_bugaoxing.wav,external_original_only,2026-09-20T14:42:32+08:00,True
e641fd0f55733113,71_dabao,audio,00_Inbox,D_Evan_Files,D:\Evan\Files,D:\Evan\Files\bakup\games\5211game\resource\image\Emotions\audio\71_dabao.wav,bakup\games\5211game\resource\image\Emotions\audio\71_dabao.wav,.wav,172804,2022-10-31T14:48:32,2026-05-30T10:20:16,pending,none,internal,D:\Evan\AI-KnowledgeHub\00_Inbox\_imported\D_Evan_Files\bakup\games\5211game\resource\image\Emotions\audio\71_dabao.wav,external_original_only,2026-09-20T14:42:32+08:00,True
e39e00acf36ea3ef,71_daku,audio,00_Inbox,D_Evan_Files,D:\Evan\Files,D:\Evan\Files\bakup\games\5211game\resource\image\Emotions\audio\71_daku.wav,bakup\games\5211game\resource\image\Emotions\audio\71_daku.wav,.wav,152068,2022-10-31T14:48:32,2026-05-30T10:20:16,pending,none,internal,D:\Evan\AI-KnowledgeHub\00_Inbox\_imported\D_Evan_Files\bakup\games\5211game\resource\image\Emotions\audio\71_daku.wav,external_original_only,2026-09-20T14:42:32+08:00,True
4044e6d518efa787,71_daxiao,audio,00_Inbox,D_Evan_Files,D:\Evan\Files,D:\Evan\Files\bakup\games\5211game\resource\image\Emotions\audio\71_daxiao.wav,bakup\games\5211game\resource\image\Emotions\audio\71_daxiao.wav,.wav,123268,2022-10-31T14:48:32,2026-05-30T10:20:16,pending,none,internal,D:\Evan\AI-KnowledgeHub\00_Inbox\_imported\D_Evan_Files\bakup\games\5211game\resource\image\Emotions\audio\71_daxiao.wav,external_original_only,2026-09-20T14:42:32+08:00,True
a92868e6c6c1db8a,71_erguang,audio,00_Inbox,D_Evan_Files,D:\Evan\Files,D:\Evan\Files\bakup\games\5211game\resource\image\Emotions\audio\71_erguang.wav,bakup\games\5211game\resource\image\Emotions\audio\71_erguang.wav,.wav,172804,2022-10-31T14:48:32,2026-05-30T10:20:16,pending,none,internal,D:\Evan\AI-KnowledgeHub\00_Inbox\_imported\D_Evan_Files\bakup\games\5211game\resource\image\Emotions\audio\71_erguang.wav,external_original_only,2026-09-20T14:42:32+08:00,True
9948a2a8dba4a00f,71_fadai,audio,00_Inbox,D_Evan_Files,D:\Evan\Files,D:\Evan\Files\bakup\games\5211game\resource\image\Emotions\audio\71_fadai.wav,bakup\games\5211game\resource\image\Emotions\audio\71_fadai.wav,.wav,144004,2022-10-31T14:48:32,2026-05-30T10:20:16,pending,none,internal,D:\Evan\AI-KnowledgeHub\00_Inbox\_imported\D_Evan_Files\bakup\games\5211game\resource\image\Emotions\audio\71_fadai.wav,external_original_only,2026-09-20T14:42:32+08:00,True
cceebf510da44faf,71_fadou,audio,00_Inbox,D_Evan_Files,D:\Evan\Files,D:\Evan\Files\bakup\games\5211game\resource\image\Emotions\audio\71_fadou.wav,bakup\games\5211game\resource\image\Emotions\audio\71_fadou.wav,.wav,152068,2022-10-31T14:48:32,2026-05-30T10:20:16,pending,none,internal,D:\Evan\AI-KnowledgeHub\00_Inbox\_imported\D_Evan_Files\bakup\games\5211game\resource\image\Emotions\audio\71_fadou.wav,external_original_only,2026-09-20T14:42:32+08:00,True
9138505f3d27dc16,71_fengci,audio,00_Inbox,D_Evan_Files,D:\Evan\Files,D:\Evan\Files\bakup\games\5211game\resource\image\Emotions\audio\71_fengci.wav,bakup\games\5211game\resource\image\Emotions\audio\71_fengci.wav,.wav,127876,2022-10-31T14:48:32,2026-05-30T10:20:16,pending,none,internal,D:\Evan\AI-KnowledgeHub\00_Inbox\_imported\D_Evan_Files\bakup\games\5211game\resource\image\Emotions\audio\71_fengci.wav,external_original_only,2026-09-20T14:42:32+08:00,True
5e1892cabdbe52a6,71_fennu,audio,00_Inbox,D_Evan_Files,D:\Evan\Files,D:\Evan\Files\bakup\games\5211game\resource\image\Emotions\audio\71_fennu.wav,bakup\games\5211game\resource\image\Emotions\audio\71_fennu.wav,.wav,184324,2022-10-31T14:48:32,2026-05-30T10:20:16,pending,none,internal,D:\Evan\AI-KnowledgeHub\00_Inbox\_imported\D_Evan_Files\bakup\games\5211game\resource\image\Emotions\audio\71_fennu.wav,external_original_only,2026-09-20T14:42:32+08:00,True
d38416baa4874c8a,71_ganga,audio,00_Inbox,D_Evan_Files,D:\Evan\Files,D:\Evan\Files\bakup\games\5211game\resource\image\Emotions\audio\71_ganga.wav,bakup\games\5211game\resource\image\Emotions\audio\71_ganga.wav,.wav,164740,2022-10-31T14:48:32,2026-05-30T10:20:16,pending,none,internal,D:\Evan\AI-KnowledgeHub\00_Inbox\_imported\D_Evan_Files\bakup\games\5211game\resource\image\Emotions\audio\71_ganga.wav,external_original_only,2026-09-20T14:42:32+08:00,True
1a65439f6151b8ca,71_gaoci,audio,00_Inbox,D_Evan_Files,D:\Evan\Files,D:\Evan\Files\bakup\games\5211game\resource\image\Emotions\audio\71_gaoci.wav,bakup\games\5211game\resource\image\Emotions\audio\71_gaoci.wav,.wav,118660,2022-10-31T14:48:32,2026-05-30T10:20:16,pending,none,internal,D:\Evan\AI-KnowledgeHub\00_Inbox\_imported\D_Evan_Files\bakup\games\5211game\resource\image\Emotions\audio\71_gaoci.wav,external_original_only,2026-09-20T14:42:32+08:00,True
b672c95f0a6f43b2,71_haixiu,audio,00_Inbox,D_Evan_Files,D:\Evan\Files,D:\Evan\Files\bakup\games\5211game\resource\image\Emotions\audio\71_haixiu.wav,bakup\games\5211game\resource\image\Emotions\audio\71_haixiu.wav,.wav,164740,2022-10-31T14:48:32,2026-05-30T10:20:16,pending,none,internal,D:\Evan\AI-KnowledgeHub\00_Inbox\_imported\D_Evan_Files\bakup\games\5211game\resource\image\Emotions\audio\71_haixiu.wav,external_original_only,2026-09-20T14:42:32+08:00,True
5dd8b4615eaecb84,71_huaiyi,audio,00_Inbox,D_Evan_Files,D:\Evan\Files,D:\Evan\Files\bakup\games\5211game\resource\image\Emotions\audio\71_huaiyi.wav,bakup\games\5211game\resource\image\Emotions\audio\71_huaiyi.wav,.wav,91012,2022-10-31T14:48:32,2026-05-30T10:20:16,pending,none,internal,D:\Evan\AI-KnowledgeHub\00_Inbox\_imported\D_Evan_Files\bakup\games\5211game\resource\image\Emotions\audio\71_huaiyi.wav,external_original_only,2026-09-20T14:42:32+08:00,True
adde9b46ffd6e9e6,71_jingya,audio,00_Inbox,D_Evan_Files,D:\Evan\Files,D:\Evan\Files\bakup\games\5211game\resource\image\Emotions\audio\71_jingya.wav,bakup\games\5211game\resource\image\Emotions\audio\71_jingya.wav,.wav,65668,2022-10-31T14:48:32,2026-05-30T10:20:16,pending,none,internal,D:\Evan\AI-KnowledgeHub\00_Inbox\_imported\D_Evan_Files\bakup\games\5211game\resource\image\Emotions\audio\71_jingya.wav,external_original_only,2026-09-20T14:42:32+08:00,True
ba1285935d402f13,71_keai,audio,00_Inbox,D_Evan_Files,D:\Evan\Files,D:\Evan\Files\bakup\games\5211game\resource\image\Emotions\audio\71_keai.wav,bakup\games\5211game\resource\image\Emotions\audio\71_keai.wav,.wav,172804,2022-10-31T14:48:32,2026-05-30T10:20:16,pending,none,internal,D:\Evan\AI-KnowledgeHub\00_Inbox\_imported\D_Evan_Files\bakup\games\5211game\resource\image\Emotions\audio\71_keai.wav,external_original_only,2026-09-20T14:42:32+08:00,True
fd1569326b2a3e36,71_kongju,audio,00_Inbox,D_Evan_Files,D:\Evan\Files,D:\Evan\Files\bakup\games\5211game\resource\image\Emotions\audio\71_kongju.wav,bakup\games\5211game\resource\image\Emotions\audio\71_kongju.wav,.wav,144004,2022-10-31T14:48:32,2026-05-30T10:20:16,pending,none,internal,D:\Evan\AI-KnowledgeHub\00_Inbox\_imported\D_Evan_Files\bakup\games\5211game\resource\image\Emotions\audio\71_kongju.wav,external_original_only,2026-09-20T14:42:32+08:00,True
3f095ba7fac551fc,71_kun,audio,00_Inbox,D_Evan_Files,D:\Evan\Files,D:\Evan\Files\bakup\games\5211game\resource\image\Emotions\audio\71_kun.wav,bakup\games\5211game\resource\image\Emotions\audio\71_kun.wav,.wav,192388,2022-10-31T14:48:32,2026-05-30T10:20:16,pending,none,internal,D:\Evan\AI-KnowledgeHub\00_Inbox\_imported\D_Evan_Files\bakup\games\5211game\resource\image\Emotions\audio\71_kun.wav,external_original_only,2026-09-20T14:42:32+08:00,True
fff3c58a67e1bb67,71_liuhan,audio,00_Inbox,D_Evan_Files,D:\Evan\Files,D:\Evan\Files\bakup\games\5211game\resource\image\Emotions\audio\71_liuhan.wav,bakup\games\5211game\resource\image\Emotions\audio\71_liuhan.wav,.wav,110596,2022-10-31T14:48:32,2026-05-30T10:20:16,pending,none,internal,D:\Evan\AI-KnowledgeHub\00_Inbox\_imported\D_Evan_Files\bakup\games\5211game\resource\image\Emotions\audio\71_liuhan.wav,external_original_only,2026-09-20T14:42:32+08:00,True
2d2b945b47580ec8,71_liulei,audio,00_Inbox,D_Evan_Files,D:\Evan\Files,D:\Evan\Files\bakup\games\5211game\resource\image\Emotions\audio\71_liulei.wav,bakup\games\5211game\resource\image\Emotions\audio\71_liulei.wav,.wav,184324,2022-10-31T14:48:32,2026-05-30T10:20:16,pending,none,internal,D:\Evan\AI-KnowledgeHub\00_Inbox\_imported\D_Evan_Files\bakup\games\5211game\resource\image\Emotions\audio\71_liulei.wav,external_original_only,2026-09-20T14:42:32+08:00,True
50f8fb40f896bf04,71_niniu,audio,00_Inbox,D_Evan_Files,D:\Evan\Files,D:\Evan\Files\bakup\games\5211game\resource\image\Emotions\audio\71_niniu.wav,bakup\games\5211game\resource\image\Emotions\audio\71_niniu.wav,.wav,91012,2022-10-31T14:48:32,2026-05-30T10:20:16,pending,none,internal,D:\Evan\AI-KnowledgeHub\00_Inbox\_imported\D_Evan_Files\bakup\games\5211game\resource\image\Emotions\audio\71_niniu.wav,external_original_only,2026-09-20T14:42:32+08:00,True
e9bac7f3b4c7f97a,71_qinqin,audio,00_Inbox,D_Evan_Files,D:\Evan\Files,D:\Evan\Files\bakup\games\5211game\resource\image\Emotions\audio\71_qinqin.wav,bakup\games\5211game\resource\image\Emotions\audio\71_qinqin.wav,.wav,131332,2022-10-31T14:48:32,2026-05-30T10:20:16,pending,none,internal,D:\Evan\AI-KnowledgeHub\00_Inbox\_imported\D_Evan_Files\bakup\games\5211game\resource\image\Emotions\audio\71_qinqin.wav,external_original_only,2026-09-20T14:42:32+08:00,True
46675b8e52a1ad43,71_qinzui,audio,00_Inbox,D_Evan_Files,D:\Evan\Files,D:\Evan\Files\bakup\games\5211game\resource\image\Emotions\audio\71_qinzui.wav,bakup\games\5211game\resource\image\Emotions\audio\71_qinzui.wav,.wav,123268,2022-10-31T14:48:32,2026-05-30T10:20:16,pending,none,internal,D:\Evan\AI-KnowledgeHub\00_Inbox\_imported\D_Evan_Files\bakup\games\5211game\resource\image\Emotions\audio\71_qinzui.wav,external_original_only,2026-09-20T14:42:32+08:00,True
488be0964c969527,71_semimi,audio,00_Inbox,D_Evan_Files,D:\Evan\Files,D:\Evan\Files\bakup\games\5211game\resource\image\Emotions\audio\71_semimi.wav,bakup\games\5211game\resource\image\Emotions\audio\71_semimi.wav,.wav,188932,2022-10-31T14:48:32,2026-05-30T10:20:16,pending,none,internal,D:\Evan\AI-KnowledgeHub\00_Inbox\_imported\D_Evan_Files\bakup\games\5211game\resource\image\Emotions\audio\71_semimi.wav,external_original_only,2026-09-20T14:42:32+08:00,True
fd9ed021fd3b960e,71_shanren,audio,00_Inbox,D_Evan_Files,D:\Evan\Files,D:\Evan\Files\bakup\games\5211game\resource\image\Emotions\audio\71_shanren.wav,bakup\games\5211game\resource\image\Emotions\audio\71_shanren.wav,.wav,49540,2022-10-31T14:48:32,2026-05-30T10:20:16,pending,none,internal,D:\Evan\AI-KnowledgeHub\00_Inbox\_imported\D_Evan_Files\bakup\games\5211game\resource\image\Emotions\audio\71_shanren.wav,external_original_only,2026-09-20T14:42:32+08:00,True
23ce0d3237378066,71_shengbing,audio,00_Inbox,D_Evan_Files,D:\Evan\Files,D:\Evan\Files\bakup\games\5211game\resource\image\Emotions\audio\71_shengbing.wav,bakup\games\5211game\resource\image\Emotions\audio\71_shengbing.wav,.wav,110596,2022-10-31T14:48:32,2026-05-30T10:20:16,pending,none,internal,D:\Evan\AI-KnowledgeHub\00_Inbox\_imported\D_Evan_Files\bakup\games\5211game\resource\image\Emotions\audio\71_shengbing.wav,external_original_only,2026-09-20T14:42:32+08:00,True
f94cdbe2479736e7,71_shengli,audio,00_Inbox,D_Evan_Files,D:\Evan\Files,D:\Evan\Files\bakup\games\5211game\resource\image\Emotions\audio\71_shengli.wav,bakup\games\5211game\resource\image\Emotions\audio\71_shengli.wav,.wav,102532,2022-10-31T14:48:32,2026-05-30T10:20:16,pending,none,internal,D:\Evan\AI-KnowledgeHub\00_Inbox\_imported\D_Evan_Files\bakup\games\5211game\resource\image\Emotions\audio\71_shengli.wav,external_original_only,2026-09-20T14:42:32+08:00,True
2736a97088bf197a,71_shiwang,audio,00_Inbox,D_Evan_Files,D:\Evan\Files,D:\Evan\Files\bakup\games\5211game\resource\image\Emotions\audio\71_shiwang.wav,bakup\games\5211game\resource\image\Emotions\audio\71_shiwang.wav,.wav,107140,2022-10-31T14:48:32,2026-05-30T10:20:16,pending,none,internal,D:\Evan\AI-KnowledgeHub\00_Inbox\_imported\D_Evan_Files\bakup\games\5211game\resource\image\Emotions\audio\71_shiwang.wav,external_original_only,2026-09-20T14:42:32+08:00,True
86de777d593fefc5,71_shuashuai,audio,00_Inbox,D_Evan_Files,D:\Evan\Files,D:\Evan\Files\bakup\games\5211game\resource\image\Emotions\audio\71_shuashuai.wav,bakup\games\5211game\resource\image\Emotions\audio\71_shuashuai.wav,.wav,131332,2022-10-31T14:48:32,2026-05-30T10:20:16,pending,none,internal,D:\Evan\AI-KnowledgeHub\00_Inbox\_imported\D_Evan_Files\bakup\games\5211game\resource\image\Emotions\audio\71_shuashuai.wav,external_original_only,2026-09-20T14:42:32+08:00,True
720fb55b111442e6,71_sikao,audio,00_Inbox,D_Evan_Files,D:\Evan\Files,D:\Evan\Files\bakup\games\5211game\resource\image\Emotions\audio\71_sikao.wav,bakup\games\5211game\resource\image\Emotions\audio\71_sikao.wav,.wav,147460,2022-10-31T14:48:32,2026-05-30T10:20:16,pending,none,internal,D:\Evan\AI-KnowledgeHub\00_Inbox\_imported\D_Evan_Files\bakup\games\5211game\resource\image\Emotions\audio\71_sikao.wav,external_original_only,2026-09-20T14:42:32+08:00,True
20c186826e8ef0f0,71_touxiao,audio,00_Inbox,D_Evan_Files,D:\Evan\Files,D:\Evan\Files\bakup\games\5211game\resource\image\Emotions\audio\71_touxiao.wav,bakup\games\5211game\resource\image\Emotions\audio\71_touxiao.wav,.wav,131332,2022-10-31T14:48:32,2026-05-30T10:20:16,pending,none,internal,D:\Evan\AI-KnowledgeHub\00_Inbox\_imported\D_Evan_Files\bakup\games\5211game\resource\image\Emotions\audio\71_touxiao.wav,external_original_only,2026-09-20T14:42:32+08:00,True
5b80046d622addc3,71_tu,audio,00_Inbox,D_Evan_Files,D:\Evan\Files,D:\Evan\Files\bakup\games\5211game\resource\image\Emotions\audio\71_tu.wav,bakup\games\5211game\resource\image\Emotions\audio\71_tu.wav,.wav,123268,2022-10-31T14:48:32,2026-05-30T10:20:16,pending,none,internal,D:\Evan\AI-KnowledgeHub\00_Inbox\_imported\D_Evan_Files\bakup\games\5211game\resource\image\Emotions\audio\71_tu.wav,external_original_only,2026-09-20T14:42:32+08:00,True
f5ff2dd6036aca10,71_tushe,audio,00_Inbox,D_Evan_Files,D:\Evan\Files,D:\Evan\Files\bakup\games\5211game\resource\image\Emotions\audio\71_tushe.wav,bakup\games\5211game\resource\image\Emotions\audio\71_tushe.wav,.wav,135940,2022-10-31T14:48:32,2026-05-30T10:20:16,pending,none,internal,D:\Evan\AI-KnowledgeHub\00_Inbox\_imported\D_Evan_Files\bakup\games\5211game\resource\image\Emotions\audio\71_tushe.wav,external_original_only,2026-09-20T14:42:32+08:00,True
06115ef808d5c5b6,71_tuxue,audio,00_Inbox,D_Evan_Files,D:\Evan\Files,D:\Evan\Files\bakup\games\5211game\resource\image\Emotions\audio\71_tuxue.wav,bakup\games\5211game\resource\image\Emotions\audio\71_tuxue.wav,.wav,102532,2022-10-31T14:48:32,2026-05-30T10:20:16,pending,none,internal,D:\Evan\AI-KnowledgeHub\00_Inbox\_imported\D_Evan_Files\bakup\games\5211game\resource\image\Emotions\audio\71_tuxue.wav,external_original_only,2026-09-20T14:42:32+08:00,True
632e8a01b22ca446,71_weixiao,audio,00_Inbox,D_Evan_Files,D:\Evan\Files,D:\Evan\Files\bakup\games\5211game\resource\image\Emotions\audio\71_weixiao.wav,bakup\games\5211game\resource\image\Emotions\audio\71_weixiao.wav,.wav,184324,2022-10-31T14:48:32,2026-05-30T10:20:16,pending,none,internal,D:\Evan\AI-KnowledgeHub\00_Inbox\_imported\D_Evan_Files\bakup\games\5211game\resource\image\Emotions\audio\71_weixiao.wav,external_original_only,2026-09-20T14:42:32+08:00,True
7af14185319f5557,71_weixie,audio,00_Inbox,D_Evan_Files,D:\Evan\Files,D:\Evan\Files\bakup\games\5211game\resource\image\Emotions\audio\71_weixie.wav,bakup\games\5211game\resource\image\Emotions\audio\71_weixie.wav,.wav,152068,2022-10-31T14:48:32,2026-05-30T10:20:16,pending,none,internal,D:\Evan\AI-KnowledgeHub\00_Inbox\_imported\D_Evan_Files\bakup\games\5211game\resource\image\Emotions\audio\71_weixie.wav,external_original_only,2026-09-20T14:42:32+08:00,True
7561c24299a5fdc1,71_wuyu,audio,00_Inbox,D_Evan_Files,D:\Evan\Files,D:\Evan\Files\bakup\games\5211game\resource\image\Emotions\audio\71_wuyu.wav,bakup\games\5211game\resource\image\Emotions\audio\71_wuyu.wav,.wav,196996,2022-10-31T14:48:32,2026-05-30T10:20:16,pending,none,internal,D:\Evan\AI-KnowledgeHub\00_Inbox\_imported\D_Evan_Files\bakup\games\5211game\resource\image\Emotions\audio\71_wuyu.wav,external_original_only,2026-09-20T14:42:32+08:00,True
a1a918bfbb693a6d,71_yaoshouzhi,audio,00_Inbox,D_Evan_Files,D:\Evan\Files,D:\Evan\Files\bakup\games\5211game\resource\image\Emotions\audio\71_yaoshouzhi.wav,bakup\games\5211game\resource\image\Emotions\audio\71_yaoshouzhi.wav,.wav,168196,2022-10-31T14:48:32,2026-05-30T10:20:16,pending,none,internal,D:\Evan\AI-KnowledgeHub\00_Inbox\_imported\D_Evan_Files\bakup\games\5211game\resource\image\Emotions\audio\71_yaoshouzhi.wav,external_original_only,2026-09-20T14:42:32+08:00,True
34962764ff0ae80d,71_yaoyaqiechi,audio,00_Inbox,D_Evan_Files,D:\Evan\Files,D:\Evan\Files\bakup\games\5211game\resource\image\Emotions\audio\71_yaoyaqiechi.wav,bakup\games\5211game\resource\image\Emotions\audio\71_yaoyaqiechi.wav,.wav,196996,2022-10-31T14:48:32,2026-05-30T10:20:16,pending,none,internal,D:\Evan\AI-KnowledgeHub\00_Inbox\_imported\D_Evan_Files\bakup\games\5211game\resource\image\Emotions\audio\71_yaoyaqiechi.wav,external_original_only,2026-09-20T14:42:32+08:00,True
5662d58bc09fd664,71_yiwen,audio,00_Inbox,D_Evan_Files,D:\Evan\Files,D:\Evan\Files\bakup\games\5211game\resource\image\Emotions\audio\71_yiwen.wav,bakup\games\5211game\resource\image\Emotions\audio\71_yiwen.wav,.wav,139396,2022-10-31T14:48:32,2026-05-30T10:20:16,pending,none,internal,D:\Evan\AI-KnowledgeHub\00_Inbox\_imported\D_Evan_Files\bakup\games\5211game\resource\image\Emotions\audio\71_yiwen.wav,external_original_only,2026-09-20T14:42:32+08:00,True
545f46e949e1b56e,71_yongbao,audio,00_Inbox,D_Evan_Files,D:\Evan\Files,D:\Evan\Files\bakup\games\5211game\resource\image\Emotions\audio\71_yongbao.wav,bakup\games\5211game\resource\image\Emotions\audio\71_yongbao.wav,.wav,131332,2022-10-31T14:48:32,2026-05-30T10:20:16,pending,none,internal,D:\Evan\AI-KnowledgeHub\00_Inbox\_imported\D_Evan_Files\bakup\games\5211game\resource\image\Emotions\audio\71_yongbao.wav,external_original_only,2026-09-20T14:42:32+08:00,True
fdfdde2e9400c981,71_yumen,audio,00_Inbox,D_Evan_Files,D:\Evan\Files,D:\Evan\Files\bakup\games\5211game\resource\image\Emotions\audio\71_yumen.wav,bakup\games\5211game\resource\image\Emotions\audio\71_yumen.wav,.wav,110596,2022-10-31T14:48:32,2026-05-30T10:20:16,pending,none,internal,D:\Evan\AI-KnowledgeHub\00_Inbox\_imported\D_Evan_Files\bakup\games\5211game\resource\image\Emotions\audio\71_yumen.wav,external_original_only,2026-09-20T14:42:32+08:00,True
a7d433fc7c2ac484,71_yun,audio,00_Inbox,D_Evan_Files,D:\Evan\Files,D:\Evan\Files\bakup\games\5211game\resource\image\Emotions\audio\71_yun.wav,bakup\games\5211game\resource\image\Emotions\audio\71_yun.wav,.wav,164740,2022-10-31T14:48:32,2026-05-30T10:20:16,pending,none,internal,D:\Evan\AI-KnowledgeHub\00_Inbox\_imported\D_Evan_Files\bakup\games\5211game\resource\image\Emotions\audio\71_yun.wav,external_original_only,2026-09-20T14:42:32+08:00,True
960ea85d1a334315,71_zeixiao,audio,00_Inbox,D_Evan_Files,D:\Evan\Files,D:\Evan\Files\bakup\games\5211game\resource\image\Emotions\audio\71_zeixiao.wav,bakup\games\5211game\resource\image\Emotions\audio\71_zeixiao.wav,.wav,99076,2022-10-31T14:48:32,2026-05-30T10:20:16,pending,none,internal,D:\Evan\AI-KnowledgeHub\00_Inbox\_imported\D_Evan_Files\bakup\games\5211game\resource\image\Emotions\audio\71_zeixiao.wav,external_original_only,2026-09-20T14:42:32+08:00,True
915d0b165cd6963c,gameinvite,audio,00_Inbox,D_Evan_Files,D:\Evan\Files,D:\Evan\Files\bakup\games\5211game\resource\sound\gameinvite.wav,bakup\games\5211game\resource\sound\gameinvite.wav,.wav,100852,2022-10-31T14:49:00,2026-05-30T10:20:16,pending,none,internal,D:\Evan\AI-KnowledgeHub\00_Inbox\_imported\D_Evan_Files\bakup\games\5211game\resource\sound\gameinvite.wav,external_original_only,2026-09-20T14:42:32+08:00,True
389faa3beed3056e,message,audio,00_Inbox,D_Evan_Files,D:\Evan\Files,D:\Evan\Files\bakup\games\5211game\resource\sound\message.wav,bakup\games\5211game\resource\sound\message.wav,.wav,43442,2022-10-31T14:49:00,2026-05-30T10:20:16,pending,none,internal,D:\Evan\AI-KnowledgeHub\00_Inbox\_imported\D_Evan_Files\bakup\games\5211game\resource\sound\message.wav,external_original_only,2026-09-20T14:42:32+08:00,True
856ea77d2683ce77,msg,audio,00_Inbox,D_Evan_Files,D:\Evan\Files,D:\Evan\Files\bakup\games\5211game\resource\sound\msg.wav,bakup\games\5211game\resource\sound\msg.wav,.wav,9220,2022-10-31T14:49:00,2026-05-30T10:20:16,pending,none,internal,D:\Evan\AI-KnowledgeHub\00_Inbox\_imported\D_Evan_Files\bakup\games\5211game\resource\sound\msg.wav,external_original_only,2026-09-20T14:42:32+08:00,True
b647dfc6049473de,ringin,audio,00_Inbox,D_Evan_Files,D:\Evan\Files,D:\Evan\Files\bakup\games\5211game\resource\sound\ringin.wav,bakup\games\5211game\resource\sound\ringin.wav,.wav,48988,2022-10-31T14:49:00,2026-05-30T10:20:16,pending,none,internal,D:\Evan\AI-KnowledgeHub\00_Inbox\_imported\D_Evan_Files\bakup\games\5211game\resource\sound\ringin.wav,external_original_only,2026-09-20T14:42:32+08:00,True
45bc22a982a4edde,sysmsg,audio,00_Inbox,D_Evan_Files,D:\Evan\Files,D:\Evan\Files\bakup\games\5211game\resource\sound\sysmsg.wav,bakup\games\5211game\resource\sound\sysmsg.wav,.wav,98158,2022-10-31T14:49:00,2026-05-30T10:20:16,pending,none,internal,D:\Evan\AI-KnowledgeHub\00_Inbox\_imported\D_Evan_Files\bakup\games\5211game\resource\sound\sysmsg.wav,external_original_only,2026-09-20T14:42:32+08:00,True
547d7f043a77e8ce,userlogon,audio,00_Inbox,D_Evan_Files,D:\Evan\Files,D:\Evan\Files\bakup\games\5211game\resource\sound\userlogon.wav,bakup\games\5211game\resource\sound\userlogon.wav,.wav,46182,2022-10-31T14:49:00,2026-05-30T10:20:16,pending,none,internal,D:\Evan\AI-KnowledgeHub\00_Inbox\_imported\D_Evan_Files\bakup\games\5211game\resource\sound\userlogon.wav,external_original_only,2026-09-20T14:42:32+08:00,True
b1f610dee3393e87,第01课,video,10_S老师IP资产,D_Evan_Files,D:\Evan\Files,D:\Evan\Files\courses\40岁\第01课.mp4,courses\40岁\第01课.mp4,.mp4,1189187103,2021-02-09T17:02:14,2026-05-30T10:20:16,pending,none,internal,D:\Evan\AI-KnowledgeHub\10_S老师IP资产\_imported\D_Evan_Files\courses\40岁\第01课.mp4,external_original_only,2026-09-20T14:42:32+08:00,True
8fff314e5cddf4b8,第02集,video,10_S老师IP资产,D_Evan_Files,D:\Evan\Files,D:\Evan\Files\courses\40岁\第02集.mp4,courses\40岁\第02集.mp4,.mp4,331362445,2021-02-10T18:24:53,2026-05-30T10:20:16,pending,none,internal,D:\Evan\AI-KnowledgeHub\10_S老师IP资产\_imported\D_Evan_Files\courses\40岁\第02集.mp4,external_original_only,2026-09-20T14:42:32+08:00,True
3e8af03fb334eebb,第03集,video,10_S老师IP资产,D_Evan_Files,D:\Evan\Files,D:\Evan\Files\courses\40岁\第03集.mp4,courses\40岁\第03集.mp4,.mp4,966132593,2021-02-09T17:31:38,2026-05-30T10:20:16,pending,none,internal,D:\Evan\AI-KnowledgeHub\10_S老师IP资产\_imported\D_Evan_Files\courses\40岁\第03集.mp4,external_original_only,2026-09-20T14:42:32+08:00,True
7f5b11c266bfe10e,第04课,video,10_S老师IP资产,D_Evan_Files,D:\Evan\Files,D:\Evan\Files\courses\40岁\第04课.mp4,courses\40岁\第04课.mp4,.mp4,1367033673,2021-02-09T22:35:30,2026-05-30T10:20:16,pending,none,internal,D:\Evan\AI-KnowledgeHub\10_S老师IP资产\_imported\D_Evan_Files\courses\40岁\第04课.mp4,external_original_only,2026-09-20T14:42:32+08:00,True
71524214e191ec8d,第05集,video,10_S老师IP资产,D_Evan_Files,D:\Evan\Files,D:\Evan\Files\courses\40岁\第05集.mp4,courses\40岁\第05集.mp4,.mp4,1151117315,2021-02-09T15:54:32,2026-05-30T10:20:16,pending,none,internal,D:\Evan\AI-KnowledgeHub\10_S老师IP资产\_imported\D_Evan_Files\courses\40岁\第05集.mp4,external_original_only,2026-09-20T14:42:32+08:00,True
228660f5a65ee4ae,第06课,video,10_S老师IP资产,D_Evan_Files,D:\Evan\Files,D:\Evan\Files\courses\40岁\第06课.mp4,courses\40岁\第06课.mp4,.mp4,1221409458,2021-02-09T19:00:40,2026-05-30T10:20:16,pending,none,internal,D:\Evan\AI-KnowledgeHub\10_S老师IP资产\_imported\D_Evan_Files\courses\40岁\第06课.mp4,external_original_only,2026-09-20T14:42:32+08:00,True
e0bd6863be4dff81,第07集,video,10_S老师IP资产,D_Evan_Files,D:\Evan\Files,D:\Evan\Files\courses\40岁\第07集.mp4,courses\40岁\第07集.mp4,.mp4,628447627,2021-02-09T16:04:16,2026-05-30T10:20:16,pending,none,internal,D:\Evan\AI-KnowledgeHub\10_S老师IP资产\_imported\D_Evan_Files\courses\40岁\第07集.mp4,external_original_only,2026-09-20T14:42:32+08:00,True
209cb11515fb2ebe,第08课,video,10_S老师IP资产,D_Evan_Files,D:\Evan\Files,D:\Evan\Files\courses\40岁\第08课.mp4,courses\40岁\第08课.mp4,.mp4,612827788,2021-02-09T16:27:06,2026-05-30T10:20:16,pending,none,internal,D:\Evan\AI-KnowledgeHub\10_S老师IP资产\_imported\D_Evan_Files\courses\40岁\第08课.mp4,external_original_only,2026-09-20T14:42:32+08:00,True
e8c8416bf97b15b6,第09课,video,10_S老师IP资产,D_Evan_Files,D:\Evan\Files,D:\Evan\Files\courses\40岁\第09课.mp4,courses\40岁\第09课.mp4,.mp4,1200226614,2021-02-09T18:53:33,2026-05-30T10:20:16,pending,none,internal,D:\Evan\AI-KnowledgeHub\10_S老师IP资产\_imported\D_Evan_Files\courses\40岁\第09课.mp4,external_original_only,2026-09-20T14:42:32+08:00,True
f19548f96b947486,第10课,video,10_S老师IP资产,D_Evan_Files,D:\Evan\Files,D:\Evan\Files\courses\40岁\第10课.mp4,courses\40岁\第10课.mp4,.mp4,510888196,2021-02-09T17:42:00,2026-05-30T10:20:16,pending,none,internal,D:\Evan\AI-KnowledgeHub\10_S老师IP资产\_imported\D_Evan_Files\courses\40岁\第10课.mp4,external_original_only,2026-09-20T14:42:32+08:00,True
db41f9d91ad25933,第11课,video,10_S老师IP资产,D_Evan_Files,D:\Evan\Files,D:\Evan\Files\courses\40岁\第11课.mp4,courses\40岁\第11课.mp4,.mp4,827819557,2021-02-09T18:10:16,2026-05-30T10:20:16,pending,none,internal,D:\Evan\AI-KnowledgeHub\10_S老师IP资产\_imported\D_Evan_Files\courses\40岁\第11课.mp4,external_original_only,2026-09-20T14:42:32+08:00,True
619a74f3522edc81,第12课,video,10_S老师IP资产,D_Evan_Files,D:\Evan\Files,D:\Evan\Files\courses\40岁\第12课.mp4,courses\40岁\第12课.mp4,.mp4,343168359,2021-02-09T22:09:48,2026-05-30T10:20:16,pending,none,internal,D:\Evan\AI-KnowledgeHub\10_S老师IP资产\_imported\D_Evan_Files\courses\40岁\第12课.mp4,external_original_only,2026-09-20T14:42:32+08:00,True
c9839c8921a9c8a3,第13课,video,10_S老师IP资产,D_Evan_Files,D:\Evan\Files,D:\Evan\Files\courses\40岁\第13课.mp4,courses\40岁\第13课.mp4,.mp4,495163044,2021-02-09T22:17:21,2026-05-30T10:20:16,pending,none,internal,D:\Evan\AI-KnowledgeHub\10_S老师IP资产\_imported\D_Evan_Files\courses\40岁\第13课.mp4,external_original_only,2026-09-20T14:42:32+08:00,True
67d977d76f12b114,第14课,video,10_S老师IP资产,D_Evan_Files,D:\Evan\Files,D:\Evan\Files\courses\40岁\第14课.mp4,courses\40岁\第14课.mp4,.mp4,140112751,2021-02-10T23:30:07,2026-05-30T10:20:16,pending,none,internal,D:\Evan\AI-KnowledgeHub\10_S老师IP资产\_imported\D_Evan_Files\courses\40岁\第14课.mp4,external_original_only,2026-09-20T14:42:32+08:00,True
acd939c969352be8,第15课,video,10_S老师IP资产,D_Evan_Files,D:\Evan\Files,D:\Evan\Files\courses\40岁\第15课.mp4,courses\40岁\第15课.mp4,.mp4,1028922714,2021-02-09T21:57:14,2026-05-30T10:20:16,pending,none,internal,D:\Evan\AI-KnowledgeHub\10_S老师IP资产\_imported\D_Evan_Files\courses\40岁\第15课.mp4,external_original_only,2026-09-20T14:42:32+08:00,True
b0ed9ed0f8b4f4dc,第16课,video,10_S老师IP资产,D_Evan_Files,D:\Evan\Files,D:\Evan\Files\courses\40岁\第16课.mp4,courses\40岁\第16课.mp4,.mp4,494482834,2021-02-09T22:47:23,2026-05-30T10:20:16,pending,none,internal,D:\Evan\AI-KnowledgeHub\10_S老师IP资产\_imported\D_Evan_Files\courses\40岁\第16课.mp4,external_original_only,2026-09-20T14:42:32+08:00,True
094f9dd764497b2e,第17课,video,10_S老师IP资产,D_Evan_Files,D:\Evan\Files,D:\Evan\Files\courses\40岁\第17课.mp4,courses\40岁\第17课.mp4,.mp4,597972819,2021-02-09T22:27:45,2026-05-30T10:20:16,pending,none,internal,D:\Evan\AI-KnowledgeHub\10_S老师IP资产\_imported\D_Evan_Files\courses\40岁\第17课.mp4,external_original_only,2026-09-20T14:42:32+08:00,True
0e27a0889b0df35a,第18课,video,10_S老师IP资产,D_Evan_Files,D:\Evan\Files,D:\Evan\Files\courses\40岁\第18课.mp4,courses\40岁\第18课.mp4,.mp4,686688292,2021-02-09T20:26:37,2026-05-30T10:20:16,pending,none,internal,D:\Evan\AI-KnowledgeHub\10_S老师IP资产\_imported\D_Evan_Files\courses\40岁\第18课.mp4,external_original_only,2026-09-20T14:42:32+08:00,True
2dbaf8cc4790e390,第19课,video,10_S老师IP资产,D_Evan_Files,D:\Evan\Files,D:\Evan\Files\courses\40岁\第19课.mp4,courses\40岁\第19课.mp4,.mp4,824300447,2021-02-09T20:50:01,2026-05-30T10:20:16,pending,none,internal,D:\Evan\AI-KnowledgeHub\10_S老师IP资产\_imported\D_Evan_Files\courses\40岁\第19课.mp4,external_original_only,2026-09-20T14:42:32+08:00,True
e6169b204789a424,第20课,video,10_S老师IP资产,D_Evan_Files,D:\Evan\Files,D:\Evan\Files\courses\40岁\第20课.mp4,courses\40岁\第20课.mp4,.mp4,1119185776,2021-02-09T23:36:49,2026-05-30T10:20:16,pending,none,internal,D:\Evan\AI-KnowledgeHub\10_S老师IP资产\_imported\D_Evan_Files\courses\40岁\第20课.mp4,external_original_only,2026-09-20T14:42:32+08:00,True
cd5a45b588058a3f,YTDown_YouTube_Media_GFlDtqi_A_I_001_1080p,video,10_S老师IP资产,D_Evan_video,D:\Evan\video,D:\Evan\video\material\YTDown_YouTube_Media_GFlDtqi_A_I_001_1080p.mp4,material\YTDown_YouTube_Media_GFlDtqi_A_I_001_1080p.mp4,.mp4,39085405,2026-05-21T16:26:26,2026-05-30T10:20:16,pending,none,internal,D:\Evan\AI-KnowledgeHub\10_S老师IP资产\_imported\D_Evan_video\material\YTDown_YouTube_Media_GFlDtqi_A_I_001_1080p.mp4,external_original_only,2026-09-20T14:42:32+08:00,True
fbc55da1e468ea01,S03_C01_VID_nasa_nasa_readies_for_future_artemis_moon_missions_with,video,10_S老师IP资产,D_Evan_video,D:\Evan\video,D:\Evan\video\spacex\03_first_principles\S03_C01_VID_nasa_nasa_readies_for_future_artemis_moon_missions_with.mp4,spacex\03_first_principles\S03_C01_VID_nasa_nasa_readies_for_future_artemis_moon_missions_with.mp4,.mp4,348015010,2026-05-19T18:19:24,2026-05-30T10:20:16,pending,none,internal,D:\Evan\AI-KnowledgeHub\10_S老师IP资产\_imported\D_Evan_video\spacex\03_first_principles\S03_C01_VID_nasa_nasa_readies_for_future_artemis_moon_missions_with.mp4,external_original_only,2026-09-20T14:42:32+08:00,True
ddeba0d8da80a3ac,S03_C02_VID_nasa_ksc_launch_control_center_renaming_ceremony,video,10_S老师IP资产,D_Evan_video,D:\Evan\video,D:\Evan\video\spacex\03_first_principles\S03_C02_VID_nasa_ksc_launch_control_center_renaming_ceremony.mp4,spacex\03_first_principles\S03_C02_VID_nasa_ksc_launch_control_center_renaming_ceremony.mp4,.mp4,400798871,2026-05-19T18:20:02,2026-05-30T10:20:16,pending,none,internal,D:\Evan\AI-KnowledgeHub\10_S老师IP资产\_imported\D_Evan_video\spacex\03_first_principles\S03_C02_VID_nasa_ksc_launch_control_center_renaming_ceremony.mp4,external_original_only,2026-09-20T14:42:32+08:00,True
f6b4fefce1f10a98,S04_C01_VID_spacex_falconsat,video,10_S老师IP资产,D_Evan_video,D:\Evan\video,D:\Evan\video\spacex\04_falcon1_failures_success\S04_C01_VID_spacex_falconsat.mp4,spacex\04_falcon1_failures_success\S04_C01_VID_spacex_falconsat.mp4,.mp4,4706221,2026-05-19T18:55:26,2026-05-30T10:20:16,pending,none,internal,D:\Evan\AI-KnowledgeHub\10_S老师IP资产\_imported\D_Evan_video\spacex\04_falcon1_failures_success\S04_C01_VID_spacex_falconsat.mp4,external_original_only,2026-09-20T14:42:32+08:00,True
ff877d312fe4755d,S04_C03_VID_spacex_trailblazer,video,10_S老师IP资产,D_Evan_video,D:\Evan\video,D:\Evan\video\spacex\04_falcon1_failures_success\S04_C03_VID_spacex_trailblazer.mp4,spacex\04_falcon1_failures_success\S04_C03_VID_spacex_trailblazer.mp4,.mp4,11611379,2026-05-19T18:55:39,2026-05-30T10:20:16,pending,none,internal,D:\Evan\AI-KnowledgeHub\10_S老师IP资产\_imported\D_Evan_video\spacex\04_falcon1_failures_success\S04_C03_VID_spacex_trailblazer.mp4,external_original_only,2026-09-20T14:42:32+08:00,True
c48cd7309e12ca13,S05_C01_VID_nasa_coverage_of_the_launch_of_spacex_crs_32_dragon_car,video,10_S老师IP资产,D_Evan_video,D:\Evan\video,D:\Evan\video\spacex\05_nasa_dragon_iss\S05_C01_VID_nasa_coverage_of_the_launch_of_spacex_crs_32_dragon_car.mp4,spacex\05_nasa_dragon_iss\S05_C01_VID_nasa_coverage_of_the_launch_of_spacex_crs_32_dragon_car.mp4,.mp4,2146069583,2026-05-19T18:14:18,2026-05-30T10:20:16,pending,none,internal,D:\Evan\AI-KnowledgeHub\10_S老师IP资产\_imported\D_Evan_video\spacex\05_nasa_dragon_iss\S05_C01_VID_nasa_coverage_of_the_launch_of_spacex_crs_32_dragon_car.mp4,external_original_only,2026-09-20T14:42:32+08:00,True
a2552f5c58c243b6,S05_C03_VID_nasa_crs_22_return,video,10_S老师IP资产,D_Evan_video,D:\Evan\video,D:\Evan\video\spacex\05_nasa_dragon_iss\S05_C03_VID_nasa_crs_22_return.mp4,spacex\05_nasa_dragon_iss\S05_C03_VID_nasa_crs_22_return.mp4,.mp4,321618475,2026-05-19T18:14:40,2026-05-30T10:20:16,pending,none,internal,D:\Evan\AI-KnowledgeHub\10_S老师IP资产\_imported\D_Evan_video\spacex\05_nasa_dragon_iss\S05_C03_VID_nasa_crs_22_return.mp4,external_original_only,2026-09-20T14:42:32+08:00,True
f8482178a3c72d46,S05_C09_VID_spacex_cots_2,video,10_S老师IP资产,D_Evan_video,D:\Evan\video,D:\Evan\video\spacex\05_nasa_dragon_iss\S05_C09_VID_spacex_cots_2.mp4,spacex\05_nasa_dragon_iss\S05_C09_VID_spacex_cots_2.mp4,.mp4,26108981,2026-05-19T18:56:11,2026-05-30T10:20:16,pending,none,internal,D:\Evan\AI-KnowledgeHub\10_S老师IP资产\_imported\D_Evan_video\spacex\05_nasa_dragon_iss\S05_C09_VID_spacex_cots_2.mp4,external_original_only,2026-09-20T14:42:32+08:00,True
bf8918a1f6a339df,S06_C07_VID_spacex_falcon9_test_flight,video,10_S老师IP资产,D_Evan_video,D:\Evan\video,D:\Evan\video\spacex\06_reusability_falcon9\S06_C07_VID_spacex_falcon9_test_flight.mp4,spacex\06_reusability_falcon9\S06_C07_VID_spacex_falcon9_test_flight.mp4,.mp4,25172336,2026-05-19T18:55:57,2026-05-30T10:20:16,pending,none,internal,D:\Evan\AI-KnowledgeHub\10_S老师IP资产\_imported\D_Evan_video\spacex\06_reusability_falcon9\S06_C07_VID_spacex_falcon9_test_flight.mp4,external_original_only,2026-09-20T14:42:32+08:00,True
8e4d7a0daab7e637,S08_C01_VID_nasa_spacex_ceo_elon_musk_and_nasa_administrator_jim_br,video,10_S老师IP资产,D_Evan_video,D:\Evan\video,D:\Evan\video\spacex\08_elon_spacex_broll\S08_C01_VID_nasa_spacex_ceo_elon_musk_and_nasa_administrator_jim_br.mp4,spacex\08_elon_spacex_broll\S08_C01_VID_nasa_spacex_ceo_elon_musk_and_nasa_administrator_jim_br.mp4,.mp4,440533008,2026-05-19T18:16:02,2026-05-30T10:20:16,pending,none,internal,D:\Evan\AI-KnowledgeHub\10_S老师IP资产\_imported\D_Evan_video\spacex\08_elon_spacex_broll\S08_C01_VID_nasa_spacex_ceo_elon_musk_and_nasa_administrator_jim_br.mp4,external_original_only,2026-09-20T14:42:32+08:00,True
3da0605f5c690339,Space_industry_infographic_Earth_202605201647,video,10_S老师IP资产,D_Evan_video,D:\Evan\video,D:\Evan\video\spacex\Space_industry_infographic_Earth_202605201647.mp4,spacex\Space_industry_infographic_Earth_202605201647.mp4,.mp4,4382602,2026-05-20T16:47:29,2026-05-30T10:20:16,pending,none,internal,D:\Evan\AI-KnowledgeHub\10_S老师IP资产\_imported\D_Evan_video\spacex\Space_industry_infographic_Earth_202605201647.mp4,external_original_only,2026-09-20T14:42:32+08:00,True
b7f628f9d1fe1660,segment_01,video,10_S老师IP资产,D_Evan_video,D:\Evan\video,D:\Evan\video\spacex\output\segment_01.mp4,spacex\output\segment_01.mp4,.mp4,121056192,2026-05-19T20:06:38,2026-05-30T10:20:16,pending,none,internal,D:\Evan\AI-KnowledgeHub\10_S老师IP资产\_imported\D_Evan_video\spacex\output\segment_01.mp4,external_original_only,2026-09-20T14:42:32+08:00,True
699eab7c08753230,segment_02,video,10_S老师IP资产,D_Evan_video,D:\Evan\video,D:\Evan\video\spacex\output\segment_02.mp4,spacex\output\segment_02.mp4,.mp4,308135112,2026-05-19T20:15:41,2026-05-30T10:20:16,pending,none,internal,D:\Evan\AI-KnowledgeHub\10_S老师IP资产\_imported\D_Evan_video\spacex\output\segment_02.mp4,external_original_only,2026-09-20T14:42:32+08:00,True
7099f54207bb509e,segment_03,video,10_S老师IP资产,D_Evan_video,D:\Evan\video,D:\Evan\video\spacex\output\segment_03.mp4,spacex\output\segment_03.mp4,.mp4,2694548,2026-05-19T20:16:02,2026-05-30T10:20:16,pending,none,internal,D:\Evan\AI-KnowledgeHub\10_S老师IP资产\_imported\D_Evan_video\spacex\output\segment_03.mp4,external_original_only,2026-09-20T14:42:32+08:00,True
dd05cf633721c509,segment_04,video,10_S老师IP资产,D_Evan_video,D:\Evan\video,D:\Evan\video\spacex\output\segment_04.mp4,spacex\output\segment_04.mp4,.mp4,1492486,2026-05-19T20:16:06,2026-05-30T10:20:16,pending,none,internal,D:\Evan\AI-KnowledgeHub\10_S老师IP资产\_imported\D_Evan_video\spacex\output\segment_04.mp4,external_original_only,2026-09-20T14:42:32+08:00,True
4880912c8576bb36,segment_05,video,10_S老师IP资产,D_Evan_video,D:\Evan\video,D:\Evan\video\spacex\output\segment_05.mp4,spacex\output\segment_05.mp4,.mp4,63461756,2026-05-19T20:21:37,2026-05-30T10:20:16,pending,none,internal,D:\Evan\AI-KnowledgeHub\10_S老师IP资产\_imported\D_Evan_video\spacex\output\segment_05.mp4,external_original_only,2026-09-20T14:42:32+08:00,True
7ae3fef8117c2745,segment_06,video,10_S老师IP资产,D_Evan_video,D:\Evan\video,D:\Evan\video\spacex\output\segment_06.mp4,spacex\output\segment_06.mp4,.mp4,86439435,2026-05-19T20:27:04,2026-05-30T10:20:16,pending,none,internal,D:\Evan\AI-KnowledgeHub\10_S老师IP资产\_imported\D_Evan_video\spacex\output\segment_06.mp4,external_original_only,2026-09-20T14:42:32+08:00,True
90cbc4ea87ff2311,segment_07,video,10_S老师IP资产,D_Evan_video,D:\Evan\video,D:\Evan\video\spacex\output\segment_07.mp4,spacex\output\segment_07.mp4,.mp4,123600079,2026-05-19T20:34:00,2026-05-30T10:20:16,pending,none,internal,D:\Evan\AI-KnowledgeHub\10_S老师IP资产\_imported\D_Evan_video\spacex\output\segment_07.mp4,external_original_only,2026-09-20T14:42:32+08:00,True
85b1e4b4c6932390,segment_08,video,10_S老师IP资产,D_Evan_video,D:\Evan\video,D:\Evan\video\spacex\output\segment_08.mp4,spacex\output\segment_08.mp4,.mp4,161524262,2026-05-19T20:38:50,2026-05-30T10:20:16,pending,none,internal,D:\Evan\AI-KnowledgeHub\10_S老师IP资产\_imported\D_Evan_video\spacex\output\segment_08.mp4,external_original_only,2026-09-20T14:42:32+08:00,True
e5f46c508ee61891,segment_09,video,10_S老师IP资产,D_Evan_video,D:\Evan\video,D:\Evan\video\spacex\output\segment_09.mp4,spacex\output\segment_09.mp4,.mp4,365521369,2026-05-19T20:49:28,2026-05-30T10:20:16,pending,none,internal,D:\Evan\AI-KnowledgeHub\10_S老师IP资产\_imported\D_Evan_video\spacex\output\segment_09.mp4,external_original_only,2026-09-20T14:42:32+08:00,True
803a20cfdebf56ba,spacex_story_autogen_v1,video,10_S老师IP资产,D_Evan_video,D:\Evan\video,D:\Evan\video\spacex\output\spacex_story_autogen_v1.mp4,spacex\output\spacex_story_autogen_v1.mp4,.mp4,15887367,2026-05-19T20:49:35,2026-05-30T10:20:16,pending,none,internal,D:\Evan\AI-KnowledgeHub\10_S老师IP资产\_imported\D_Evan_video\spacex\output\spacex_story_autogen_v1.mp4,external_original_only,2026-09-20T14:42:32+08:00,True
71f44472432b8578,spacex_story_autogen_v2,video,10_S老师IP资产,D_Evan_video,D:\Evan\video,D:\Evan\video\spacex\output\spacex_story_autogen_v2.mp4,spacex\output\spacex_story_autogen_v2.mp4,.mp4,66317712,2026-05-20T12:34:13,2026-05-30T10:20:16,pending,none,internal,D:\Evan\AI-KnowledgeHub\10_S老师IP资产\_imported\D_Evan_video\spacex\output\spacex_story_autogen_v2.mp4,external_original_only,2026-09-20T14:42:32+08:00,True
1e2cf9f42382ad86,spacex_story_autogen_v3,video,10_S老师IP资产,D_Evan_video,D:\Evan\video,D:\Evan\video\spacex\output\spacex_story_autogen_v3.mp4,spacex\output\spacex_story_autogen_v3.mp4,.mp4,66317712,2026-05-20T14:48:03,2026-05-30T10:20:16,pending,none,internal,D:\Evan\AI-KnowledgeHub\10_S老师IP资产\_imported\D_Evan_video\spacex\output\spacex_story_autogen_v3.mp4,external_original_only,2026-09-20T14:42:32+08:00,True
5f14a69638aa1b7a,spacex_story_autogen_v4,video,10_S老师IP资产,D_Evan_video,D:\Evan\video,D:\Evan\video\spacex\output\spacex_story_autogen_v4.mp4,spacex\output\spacex_story_autogen_v4.mp4,.mp4,71895597,2026-05-20T15:29:20,2026-05-30T10:20:16,pending,none,internal,D:\Evan\AI-KnowledgeHub\10_S老师IP资产\_imported\D_Evan_video\spacex\output\spacex_story_autogen_v4.mp4,external_original_only,2026-09-20T14:42:32+08:00,True
1809df49f80a4420,spacex_story_visual,video,10_S老师IP资产,D_Evan_video,D:\Evan\video,D:\Evan\video\spacex\output\spacex_story_visual.mp4,spacex\output\spacex_story_visual.mp4,.mp4,1233951466,2026-05-19T20:49:33,2026-05-30T10:20:16,pending,none,internal,D:\Evan\AI-KnowledgeHub\10_S老师IP资产\_imported\D_Evan_video\spacex\output\spacex_story_visual.mp4,external_original_only,2026-09-20T14:42:32+08:00,True
bbfcaae46c999dcc,spacex_story_visual_v2,video,10_S老师IP资产,D_Evan_video,D:\Evan\video,D:\Evan\video\spacex\output\spacex_story_visual_v2.mp4,spacex\output\spacex_story_visual_v2.mp4,.mp4,60852107,2026-05-20T12:33:53,2026-05-30T10:20:16,pending,none,internal,D:\Evan\AI-KnowledgeHub\10_S老师IP资产\_imported\D_Evan_video\spacex\output\spacex_story_visual_v2.mp4,external_original_only,2026-09-20T14:42:32+08:00,True
d303b811d0383ae0,spacex_story_visual_v3,video,10_S老师IP资产,D_Evan_video,D:\Evan\video,D:\Evan\video\spacex\output\spacex_story_visual_v3.mp4,spacex\output\spacex_story_visual_v3.mp4,.mp4,60852107,2026-05-20T14:47:51,2026-05-30T10:20:16,pending,none,internal,D:\Evan\AI-KnowledgeHub\10_S老师IP资产\_imported\D_Evan_video\spacex\output\spacex_story_visual_v3.mp4,external_original_only,2026-09-20T14:42:32+08:00,True
ce7e1ae734aa7a28,spacex_story_visual_v4,video,10_S老师IP资产,D_Evan_video,D:\Evan\video,D:\Evan\video\spacex\output\spacex_story_visual_v4.mp4,spacex\output\spacex_story_visual_v4.mp4,.mp4,66021212,2026-05-20T15:28:55,2026-05-30T10:20:16,pending,none,internal,D:\Evan\AI-KnowledgeHub\10_S老师IP资产\_imported\D_Evan_video\spacex\output\spacex_story_visual_v4.mp4,external_original_only,2026-09-20T14:42:32+08:00,True
43d7c481bbb240b2,spacex_story_voice,audio,10_S老师IP资产,D_Evan_video,D:\Evan\video,D:\Evan\video\spacex\output\spacex_story_voice.mp3,spacex\output\spacex_story_voice.mp3,.mp3,727632,2026-05-19T18:59:55,2026-05-30T10:20:16,pending,none,internal,D:\Evan\AI-KnowledgeHub\10_S老师IP资产\_imported\D_Evan_video\spacex\output\spacex_story_voice.mp3,external_original_only,2026-09-20T14:42:32+08:00,True
1f5fa42ef042d8b8,spacex_story_voice_full,audio,10_S老师IP资产,D_Evan_video,D:\Evan\video,D:\Evan\video\spacex\output\spacex_story_voice_full.mp3,spacex\output\spacex_story_voice_full.mp3,.mp3,3909116,2026-05-20T12:22:09,2026-05-30T10:20:16,pending,none,internal,D:\Evan\AI-KnowledgeHub\10_S老师IP资产\_imported\D_Evan_video\spacex\output\spacex_story_voice_full.mp3,external_original_only,2026-09-20T14:42:32+08:00,True
34ae9b2caf12a72a,beat_01,video,10_S老师IP资产,D_Evan_video,D:\Evan\video,D:\Evan\video\spacex\output\visual_beats_v2\beat_01.mp4,spacex\output\visual_beats_v2\beat_01.mp4,.mp4,1833603,2026-05-20T12:29:53,2026-05-30T10:20:16,pending,none,internal,D:\Evan\AI-KnowledgeHub\10_S老师IP资产\_imported\D_Evan_video\spacex\output\visual_beats_v2\beat_01.mp4,external_original_only,2026-09-20T14:42:32+08:00,True
42b88b78da53e422,beat_02,video,10_S老师IP资产,D_Evan_video,D:\Evan\video,D:\Evan\video\spacex\output\visual_beats_v2\beat_02.mp4,spacex\output\visual_beats_v2\beat_02.mp4,.mp4,2587121,2026-05-20T12:30:03,2026-05-30T10:20:16,pending,none,internal,D:\Evan\AI-KnowledgeHub\10_S老师IP资产\_imported\D_Evan_video\spacex\output\visual_beats_v2\beat_02.mp4,external_original_only,2026-09-20T14:42:32+08:00,True
371a5d3dd2333df3,beat_03,video,10_S老师IP资产,D_Evan_video,D:\Evan\video,D:\Evan\video\spacex\output\visual_beats_v2\beat_03.mp4,spacex\output\visual_beats_v2\beat_03.mp4,.mp4,1273139,2026-05-20T12:30:11,2026-05-30T10:20:16,pending,none,internal,D:\Evan\AI-KnowledgeHub\10_S老师IP资产\_imported\D_Evan_video\spacex\output\visual_beats_v2\beat_03.mp4,external_original_only,2026-09-20T14:42:32+08:00,True
e8b29705f7bb775c,beat_04,video,10_S老师IP资产,D_Evan_video,D:\Evan\video,D:\Evan\video\spacex\output\visual_beats_v2\beat_04.mp4,spacex\output\visual_beats_v2\beat_04.mp4,.mp4,1277534,2026-05-20T12:30:23,2026-05-30T10:20:16,pending,none,internal,D:\Evan\AI-KnowledgeHub\10_S老师IP资产\_imported\D_Evan_video\spacex\output\visual_beats_v2\beat_04.mp4,external_original_only,2026-09-20T14:42:32+08:00,True
dd9df9cd9f868577,beat_05,video,10_S老师IP资产,D_Evan_video,D:\Evan\video,D:\Evan\video\spacex\output\visual_beats_v2\beat_05.mp4,spacex\output\visual_beats_v2\beat_05.mp4,.mp4,1436916,2026-05-20T12:30:30,2026-05-30T10:20:16,pending,none,internal,D:\Evan\AI-KnowledgeHub\10_S老师IP资产\_imported\D_Evan_video\spacex\output\visual_beats_v2\beat_05.mp4,external_original_only,2026-09-20T14:42:32+08:00,True
0ed5ebb9de4d6369,beat_06,video,10_S老师IP资产,D_Evan_video,D:\Evan\video,D:\Evan\video\spacex\output\visual_beats_v2\beat_06.mp4,spacex\output\visual_beats_v2\beat_06.mp4,.mp4,2092931,2026-05-20T12:30:35,2026-05-30T10:20:16,pending,none,internal,D:\Evan\AI-KnowledgeHub\10_S老师IP资产\_imported\D_Evan_video\spacex\output\visual_beats_v2\beat_06.mp4,external_original_only,2026-09-20T14:42:32+08:00,True
b424bd957a847632,beat_07,video,10_S老师IP资产,D_Evan_video,D:\Evan\video,D:\Evan\video\spacex\output\visual_beats_v2\beat_07.mp4,spacex\output\visual_beats_v2\beat_07.mp4,.mp4,2092931,2026-05-20T12:30:39,2026-05-30T10:20:16,pending,none,internal,D:\Evan\AI-KnowledgeHub\10_S老师IP资产\_imported\D_Evan_video\spacex\output\visual_beats_v2\beat_07.mp4,external_original_only,2026-09-20T14:42:32+08:00,True
a499a4ea66fceddf,beat_08,video,10_S老师IP资产,D_Evan_video,D:\Evan\video,D:\Evan\video\spacex\output\visual_beats_v2\beat_08.mp4,spacex\output\visual_beats_v2\beat_08.mp4,.mp4,1134964,2026-05-20T12:30:44,2026-05-30T10:20:16,pending,none,internal,D:\Evan\AI-KnowledgeHub\10_S老师IP资产\_imported\D_Evan_video\spacex\output\visual_beats_v2\beat_08.mp4,external_original_only,2026-09-20T14:42:32+08:00,True
b4c9f973c844053a,beat_09,video,10_S老师IP资产,D_Evan_video,D:\Evan\video,D:\Evan\video\spacex\output\visual_beats_v2\beat_09.mp4,spacex\output\visual_beats_v2\beat_09.mp4,.mp4,1134964,2026-05-20T12:30:51,2026-05-30T10:20:16,pending,none,internal,D:\Evan\AI-KnowledgeHub\10_S老师IP资产\_imported\D_Evan_video\spacex\output\visual_beats_v2\beat_09.mp4,external_original_only,2026-09-20T14:42:32+08:00,True
273f4daa3ae22b91,beat_10,video,10_S老师IP资产,D_Evan_video,D:\Evan\video,D:\Evan\video\spacex\output\visual_beats_v2\beat_10.mp4,spacex\output\visual_beats_v2\beat_10.mp4,.mp4,1134964,2026-05-20T12:30:55,2026-05-30T10:20:16,pending,none,internal,D:\Evan\AI-KnowledgeHub\10_S老师IP资产\_imported\D_Evan_video\spacex\output\visual_beats_v2\beat_10.mp4,external_original_only,2026-09-20T14:42:32+08:00,True
808c77488443563d,beat_11,video,10_S老师IP资产,D_Evan_video,D:\Evan\video,D:\Evan\video\spacex\output\visual_beats_v2\beat_11.mp4,spacex\output\visual_beats_v2\beat_11.mp4,.mp4,2577712,2026-05-20T12:31:03,2026-05-30T10:20:16,pending,none,internal,D:\Evan\AI-KnowledgeHub\10_S老师IP资产\_imported\D_Evan_video\spacex\output\visual_beats_v2\beat_11.mp4,external_original_only,2026-09-20T14:42:32+08:00,True
d74d21cea0992ad4,beat_12,video,10_S老师IP资产,D_Evan_video,D:\Evan\video,D:\Evan\video\spacex\output\visual_beats_v2\beat_12.mp4,spacex\output\visual_beats_v2\beat_12.mp4,.mp4,2279086,2026-05-20T12:31:12,2026-05-30T10:20:16,pending,none,internal,D:\Evan\AI-KnowledgeHub\10_S老师IP资产\_imported\D_Evan_video\spacex\output\visual_beats_v2\beat_12.mp4,external_original_only,2026-09-20T14:42:32+08:00,True
21e59264a5b8afb5,beat_13,video,10_S老师IP资产,D_Evan_video,D:\Evan\video,D:\Evan\video\spacex\output\visual_beats_v2\beat_13.mp4,spacex\output\visual_beats_v2\beat_13.mp4,.mp4,3036762,2026-05-20T12:31:23,2026-05-30T10:20:16,pending,none,internal,D:\Evan\AI-KnowledgeHub\10_S老师IP资产\_imported\D_Evan_video\spacex\output\visual_beats_v2\beat_13.mp4,external_original_only,2026-09-20T14:42:32+08:00,True
ce840b45489bdeaf,beat_14,video,10_S老师IP资产,D_Evan_video,D:\Evan\video,D:\Evan\video\spacex\output\visual_beats_v2\beat_14.mp4,spacex\output\visual_beats_v2\beat_14.mp4,.mp4,1249252,2026-05-20T12:31:32,2026-05-30T10:20:16,pending,none,internal,D:\Evan\AI-KnowledgeHub\10_S老师IP资产\_imported\D_Evan_video\spacex\output\visual_beats_v2\beat_14.mp4,external_original_only,2026-09-20T14:42:32+08:00,True
377b68c76273db10,beat_15,video,10_S老师IP资产,D_Evan_video,D:\Evan\video,D:\Evan\video\spacex\output\visual_beats_v2\beat_15.mp4,spacex\output\visual_beats_v2\beat_15.mp4,.mp4,1378128,2026-05-20T12:31:38,2026-05-30T10:20:16,pending,none,internal,D:\Evan\AI-KnowledgeHub\10_S老师IP资产\_imported\D_Evan_video\spacex\output\visual_beats_v2\beat_15.mp4,external_original_only,2026-09-20T14:42:32+08:00,True
10f9d01c07da7dab,beat_16,video,10_S老师IP资产,D_Evan_video,D:\Evan\video,D:\Evan\video\spacex\output\visual_beats_v2\beat_16.mp4,spacex\output\visual_beats_v2\beat_16.mp4,.mp4,1294863,2026-05-20T12:31:45,2026-05-30T10:20:16,pending,none,internal,D:\Evan\AI-KnowledgeHub\10_S老师IP资产\_imported\D_Evan_video\spacex\output\visual_beats_v2\beat_16.mp4,external_original_only,2026-09-20T14:42:32+08:00,True
ec3f8532b80a89a4,beat_17,video,10_S老师IP资产,D_Evan_video,D:\Evan\video,D:\Evan\video\spacex\output\visual_beats_v2\beat_17.mp4,spacex\output\visual_beats_v2\beat_17.mp4,.mp4,1738888,2026-05-20T12:31:56,2026-05-30T10:20:16,pending,none,internal,D:\Evan\AI-KnowledgeHub\10_S老师IP资产\_imported\D_Evan_video\spacex\output\visual_beats_v2\beat_17.mp4,external_original_only,2026-09-20T14:42:32+08:00,True
5004ac50febbcb15,beat_18,video,10_S老师IP资产,D_Evan_video,D:\Evan\video,D:\Evan\video\spacex\output\visual_beats_v2\beat_18.mp4,spacex\output\visual_beats_v2\beat_18.mp4,.mp4,2113288,2026-05-20T12:32:05,2026-05-30T10:20:16,pending,none,internal,D:\Evan\AI-KnowledgeHub\10_S老师IP资产\_imported\D_Evan_video\spacex\output\visual_beats_v2\beat_18.mp4,external_original_only,2026-09-20T14:42:32+08:00,True
299f89ca190c09ac,beat_19,video,10_S老师IP资产,D_Evan_video,D:\Evan\video,D:\Evan\video\spacex\output\visual_beats_v2\beat_19.mp4,spacex\output\visual_beats_v2\beat_19.mp4,.mp4,1407966,2026-05-20T12:32:12,2026-05-30T10:20:16,pending,none,internal,D:\Evan\AI-KnowledgeHub\10_S老师IP资产\_imported\D_Evan_video\spacex\output\visual_beats_v2\beat_19.mp4,external_original_only,2026-09-20T14:42:32+08:00,True
796f15bd4c2d1c96,beat_20,video,10_S老师IP资产,D_Evan_video,D:\Evan\video,D:\Evan\video\spacex\output\visual_beats_v2\beat_20.mp4,spacex\output\visual_beats_v2\beat_20.mp4,.mp4,2822581,2026-05-20T12:32:25,2026-05-30T10:20:16,pending,none,internal,D:\Evan\AI-KnowledgeHub\10_S老师IP资产\_imported\D_Evan_video\spacex\output\visual_beats_v2\beat_20.mp4,external_original_only,2026-09-20T14:42:32+08:00,True
86c82e10ad89330d,beat_21,video,10_S老师IP资产,D_Evan_video,D:\Evan\video,D:\Evan\video\spacex\output\visual_beats_v2\beat_21.mp4,spacex\output\visual_beats_v2\beat_21.mp4,.mp4,2245154,2026-05-20T12:32:31,2026-05-30T10:20:16,pending,none,internal,D:\Evan\AI-KnowledgeHub\10_S老师IP资产\_imported\D_Evan_video\spacex\output\visual_beats_v2\beat_21.mp4,external_original_only,2026-09-20T14:42:32+08:00,True
67f12f8bc360b19e,beat_22,video,10_S老师IP资产,D_Evan_video,D:\Evan\video,D:\Evan\video\spacex\output\visual_beats_v2\beat_22.mp4,spacex\output\visual_beats_v2\beat_22.mp4,.mp4,2433711,2026-05-20T12:32:40,2026-05-30T10:20:16,pending,none,internal,D:\Evan\AI-KnowledgeHub\10_S老师IP资产\_imported\D_Evan_video\spacex\output\visual_beats_v2\beat_22.mp4,external_original_only,2026-09-20T14:42:32+08:00,True
667b54b97b16c576,beat_23,video,10_S老师IP资产,D_Evan_video,D:\Evan\video,D:\Evan\video\spacex\output\visual_beats_v2\beat_23.mp4,spacex\output\visual_beats_v2\beat_23.mp4,.mp4,1538804,2026-05-20T12:32:46,2026-05-30T10:20:16,pending,none,internal,D:\Evan\AI-KnowledgeHub\10_S老师IP资产\_imported\D_Evan_video\spacex\output\visual_beats_v2\beat_23.mp4,external_original_only,2026-09-20T14:42:32+08:00,True
c38f9c2d4615a6e1,beat_24,video,10_S老师IP资产,D_Evan_video,D:\Evan\video,D:\Evan\video\spacex\output\visual_beats_v2\beat_24.mp4,spacex\output\visual_beats_v2\beat_24.mp4,.mp4,3557056,2026-05-20T12:32:59,2026-05-30T10:20:16,pending,none,internal,D:\Evan\AI-KnowledgeHub\10_S老师IP资产\_imported\D_Evan_video\spacex\output\visual_beats_v2\beat_24.mp4,external_original_only,2026-09-20T14:42:32+08:00,True
a80987ef83a56eaa,beat_25,video,10_S老师IP资产,D_Evan_video,D:\Evan\video,D:\Evan\video\spacex\output\visual_beats_v2\beat_25.mp4,spacex\output\visual_beats_v2\beat_25.mp4,.mp4,2378115,2026-05-20T12:33:08,2026-05-30T10:20:16,pending,none,internal,D:\Evan\AI-KnowledgeHub\10_S老师IP资产\_imported\D_Evan_video\spacex\output\visual_beats_v2\beat_25.mp4,external_original_only,2026-09-20T14:42:32+08:00,True
3d82cf8611c08122,beat_26,video,10_S老师IP资产,D_Evan_video,D:\Evan\video,D:\Evan\video\spacex\output\visual_beats_v2\beat_26.mp4,spacex\output\visual_beats_v2\beat_26.mp4,.mp4,3244047,2026-05-20T12:33:22,2026-05-30T10:20:16,pending,none,internal,D:\Evan\AI-KnowledgeHub\10_S老师IP资产\_imported\D_Evan_video\spacex\output\visual_beats_v2\beat_26.mp4,external_original_only,2026-09-20T14:42:32+08:00,True
e7c2ce68b4f9b5e9,beat_27,video,10_S老师IP资产,D_Evan_video,D:\Evan\video,D:\Evan\video\spacex\output\visual_beats_v2\beat_27.mp4,spacex\output\visual_beats_v2\beat_27.mp4,.mp4,4355915,2026-05-20T12:33:36,2026-05-30T10:20:16,pending,none,internal,D:\Evan\AI-KnowledgeHub\10_S老师IP资产\_imported\D_Evan_video\spacex\output\visual_beats_v2\beat_27.mp4,external_original_only,2026-09-20T14:42:32+08:00,True
3c73cbef3a387796,beat_28,video,10_S老师IP资产,D_Evan_video,D:\Evan\video,D:\Evan\video\spacex\output\visual_beats_v2\beat_28.mp4,spacex\output\visual_beats_v2\beat_28.mp4,.mp4,5221405,2026-05-20T12:33:52,2026-05-30T10:20:16,pending,none,internal,D:\Evan\AI-KnowledgeHub\10_S老师IP资产\_imported\D_Evan_video\spacex\output\visual_beats_v2\beat_28.mp4,external_original_only,2026-09-20T14:42:32+08:00,True
3fb0609fe8be0f85,beat_01,video,10_S老师IP资产,D_Evan_video,D:\Evan\video,D:\Evan\video\spacex\output\visual_beats_v3\beat_01.mp4,spacex\output\visual_beats_v3\beat_01.mp4,.mp4,1833603,2026-05-20T14:46:19,2026-05-30T10:20:16,pending,none,internal,D:\Evan\AI-KnowledgeHub\10_S老师IP资产\_imported\D_Evan_video\spacex\output\visual_beats_v3\beat_01.mp4,external_original_only,2026-09-20T14:42:32+08:00,True
a929ff875ce65d72,beat_02,video,10_S老师IP资产,D_Evan_video,D:\Evan\video,D:\Evan\video\spacex\output\visual_beats_v3\beat_02.mp4,spacex\output\visual_beats_v3\beat_02.mp4,.mp4,2587121,2026-05-20T14:46:23,2026-05-30T10:20:16,pending,none,internal,D:\Evan\AI-KnowledgeHub\10_S老师IP资产\_imported\D_Evan_video\spacex\output\visual_beats_v3\beat_02.mp4,external_original_only,2026-09-20T14:42:32+08:00,True
52b91fb16fec2260,beat_03,video,10_S老师IP资产,D_Evan_video,D:\Evan\video,D:\Evan\video\spacex\output\visual_beats_v3\beat_03.mp4,spacex\output\visual_beats_v3\beat_03.mp4,.mp4,1273139,2026-05-20T14:46:26,2026-05-30T10:20:16,pending,none,internal,D:\Evan\AI-KnowledgeHub\10_S老师IP资产\_imported\D_Evan_video\spacex\output\visual_beats_v3\beat_03.mp4,external_original_only,2026-09-20T14:42:32+08:00,True
7c54c82fb4a40eee,beat_04,video,10_S老师IP资产,D_Evan_video,D:\Evan\video,D:\Evan\video\spacex\output\visual_beats_v3\beat_04.mp4,spacex\output\visual_beats_v3\beat_04.mp4,.mp4,1277534,2026-05-20T14:46:31,2026-05-30T10:20:16,pending,none,internal,D:\Evan\AI-KnowledgeHub\10_S老师IP资产\_imported\D_Evan_video\spacex\output\visual_beats_v3\beat_04.mp4,external_original_only,2026-09-20T14:42:32+08:00,True
f1049a908522eb0e,beat_05,video,10_S老师IP资产,D_Evan_video,D:\Evan\video,D:\Evan\video\spacex\output\visual_beats_v3\beat_05.mp4,spacex\output\visual_beats_v3\beat_05.mp4,.mp4,1436916,2026-05-20T14:46:35,2026-05-30T10:20:16,pending,none,internal,D:\Evan\AI-KnowledgeHub\10_S老师IP资产\_imported\D_Evan_video\spacex\output\visual_beats_v3\beat_05.mp4,external_original_only,2026-09-20T14:42:32+08:00,True
c1e7193a014b61ea,beat_06,video,10_S老师IP资产,D_Evan_video,D:\Evan\video,D:\Evan\video\spacex\output\visual_beats_v3\beat_06.mp4,spacex\output\visual_beats_v3\beat_06.mp4,.mp4,2092931,2026-05-20T14:46:37,2026-05-30T10:20:16,pending,none,internal,D:\Evan\AI-KnowledgeHub\10_S老师IP资产\_imported\D_Evan_video\spacex\output\visual_beats_v3\beat_06.mp4,external_original_only,2026-09-20T14:42:32+08:00,True
da0bf2c1e42326bf,beat_07,video,10_S老师IP资产,D_Evan_video,D:\Evan\video,D:\Evan\video\spacex\output\visual_beats_v3\beat_07.mp4,spacex\output\visual_beats_v3\beat_07.mp4,.mp4,2092931,2026-05-20T14:46:38,2026-05-30T10:20:16,pending,none,internal,D:\Evan\AI-KnowledgeHub\10_S老师IP资产\_imported\D_Evan_video\spacex\output\visual_beats_v3\beat_07.mp4,external_original_only,2026-09-20T14:42:32+08:00,True
eb6c8761f27ffc63,beat_08,video,10_S老师IP资产,D_Evan_video,D:\Evan\video,D:\Evan\video\spacex\output\visual_beats_v3\beat_08.mp4,spacex\output\visual_beats_v3\beat_08.mp4,.mp4,1134964,2026-05-20T14:46:40,2026-05-30T10:20:16,pending,none,internal,D:\Evan\AI-KnowledgeHub\10_S老师IP资产\_imported\D_Evan_video\spacex\output\visual_beats_v3\beat_08.mp4,external_original_only,2026-09-20T14:42:32+08:00,True
f9da17302e31612c,beat_09,video,10_S老师IP资产,D_Evan_video,D:\Evan\video,D:\Evan\video\spacex\output\visual_beats_v3\beat_09.mp4,spacex\output\visual_beats_v3\beat_09.mp4,.mp4,1134964,2026-05-20T14:46:41,2026-05-30T10:20:16,pending,none,internal,D:\Evan\AI-KnowledgeHub\10_S老师IP资产\_imported\D_Evan_video\spacex\output\visual_beats_v3\beat_09.mp4,external_original_only,2026-09-20T14:42:32+08:00,True
1dc5ed122ddc4d93,beat_10,video,10_S老师IP资产,D_Evan_video,D:\Evan\video,D:\Evan\video\spacex\output\visual_beats_v3\beat_10.mp4,spacex\output\visual_beats_v3\beat_10.mp4,.mp4,1134964,2026-05-20T14:46:43,2026-05-30T10:20:16,pending,none,internal,D:\Evan\AI-KnowledgeHub\10_S老师IP资产\_imported\D_Evan_video\spacex\output\visual_beats_v3\beat_10.mp4,external_original_only,2026-09-20T14:42:32+08:00,True
99bec3ca204a373d,beat_11,video,10_S老师IP资产,D_Evan_video,D:\Evan\video,D:\Evan\video\spacex\output\visual_beats_v3\beat_11.mp4,spacex\output\visual_beats_v3\beat_11.mp4,.mp4,2577712,2026-05-20T14:46:46,2026-05-30T10:20:16,pending,none,internal,D:\Evan\AI-KnowledgeHub\10_S老师IP资产\_imported\D_Evan_video\spacex\output\visual_beats_v3\beat_11.mp4,external_original_only,2026-09-20T14:42:32+08:00,True
20c3ea8af4fc0c8e,beat_12,video,10_S老师IP资产,D_Evan_video,D:\Evan\video,D:\Evan\video\spacex\output\visual_beats_v3\beat_12.mp4,spacex\output\visual_beats_v3\beat_12.mp4,.mp4,2279086,2026-05-20T14:46:49,2026-05-30T10:20:16,pending,none,internal,D:\Evan\AI-KnowledgeHub\10_S老师IP资产\_imported\D_Evan_video\spacex\output\visual_beats_v3\beat_12.mp4,external_original_only,2026-09-20T14:42:32+08:00,True
611c750c9e095d39,beat_13,video,10_S老师IP资产,D_Evan_video,D:\Evan\video,D:\Evan\video\spacex\output\visual_beats_v3\beat_13.mp4,spacex\output\visual_beats_v3\beat_13.mp4,.mp4,3036762,2026-05-20T14:46:53,2026-05-30T10:20:16,pending,none,internal,D:\Evan\AI-KnowledgeHub\10_S老师IP资产\_imported\D_Evan_video\spacex\output\visual_beats_v3\beat_13.mp4,external_original_only,2026-09-20T14:42:32+08:00,True
5e0158483d1a6126,beat_14,video,10_S老师IP资产,D_Evan_video,D:\Evan\video,D:\Evan\video\spacex\output\visual_beats_v3\beat_14.mp4,spacex\output\visual_beats_v3\beat_14.mp4,.mp4,1249252,2026-05-20T14:46:56,2026-05-30T10:20:16,pending,none,internal,D:\Evan\AI-KnowledgeHub\10_S老师IP资产\_imported\D_Evan_video\spacex\output\visual_beats_v3\beat_14.mp4,external_original_only,2026-09-20T14:42:32+08:00,True
4d97dd3af0a52161,beat_15,video,10_S老师IP资产,D_Evan_video,D:\Evan\video,D:\Evan\video\spacex\output\visual_beats_v3\beat_15.mp4,spacex\output\visual_beats_v3\beat_15.mp4,.mp4,1378128,2026-05-20T14:46:58,2026-05-30T10:20:16,pending,none,internal,D:\Evan\AI-KnowledgeHub\10_S老师IP资产\_imported\D_Evan_video\spacex\output\visual_beats_v3\beat_15.mp4,external_original_only,2026-09-20T14:42:32+08:00,True
0a32cee8c7220a4b,beat_16,video,10_S老师IP资产,D_Evan_video,D:\Evan\video,D:\Evan\video\spacex\output\visual_beats_v3\beat_16.mp4,spacex\output\visual_beats_v3\beat_16.mp4,.mp4,1294863,2026-05-20T14:47:01,2026-05-30T10:20:16,pending,none,internal,D:\Evan\AI-KnowledgeHub\10_S老师IP资产\_imported\D_Evan_video\spacex\output\visual_beats_v3\beat_16.mp4,external_original_only,2026-09-20T14:42:32+08:00,True
6505a1ca0733240a,beat_17,video,10_S老师IP资产,D_Evan_video,D:\Evan\video,D:\Evan\video\spacex\output\visual_beats_v3\beat_17.mp4,spacex\output\visual_beats_v3\beat_17.mp4,.mp4,1738888,2026-05-20T14:47:04,2026-05-30T10:20:16,pending,none,internal,D:\Evan\AI-KnowledgeHub\10_S老师IP资产\_imported\D_Evan_video\spacex\output\visual_beats_v3\beat_17.mp4,external_original_only,2026-09-20T14:42:32+08:00,True
a77600f99854a8d9,beat_18,video,10_S老师IP资产,D_Evan_video,D:\Evan\video,D:\Evan\video\spacex\output\visual_beats_v3\beat_18.mp4,spacex\output\visual_beats_v3\beat_18.mp4,.mp4,2113288,2026-05-20T14:47:08,2026-05-30T10:20:16,pending,none,internal,D:\Evan\AI-KnowledgeHub\10_S老师IP资产\_imported\D_Evan_video\spacex\output\visual_beats_v3\beat_18.mp4,external_original_only,2026-09-20T14:42:32+08:00,True
e2439f503cdadbac,beat_19,video,10_S老师IP资产,D_Evan_video,D:\Evan\video,D:\Evan\video\spacex\output\visual_beats_v3\beat_19.mp4,spacex\output\visual_beats_v3\beat_19.mp4,.mp4,1407966,2026-05-20T14:47:11,2026-05-30T10:20:16,pending,none,internal,D:\Evan\AI-KnowledgeHub\10_S老师IP资产\_imported\D_Evan_video\spacex\output\visual_beats_v3\beat_19.mp4,external_original_only,2026-09-20T14:42:32+08:00,True
f0677500905d6830,beat_20,video,10_S老师IP资产,D_Evan_video,D:\Evan\video,D:\Evan\video\spacex\output\visual_beats_v3\beat_20.mp4,spacex\output\visual_beats_v3\beat_20.mp4,.mp4,2822581,2026-05-20T14:47:15,2026-05-30T10:20:16,pending,none,internal,D:\Evan\AI-KnowledgeHub\10_S老师IP资产\_imported\D_Evan_video\spacex\output\visual_beats_v3\beat_20.mp4,external_original_only,2026-09-20T14:42:32+08:00,True
2bef3927490ccdde,beat_21,video,10_S老师IP资产,D_Evan_video,D:\Evan\video,D:\Evan\video\spacex\output\visual_beats_v3\beat_21.mp4,spacex\output\visual_beats_v3\beat_21.mp4,.mp4,2245154,2026-05-20T14:47:18,2026-05-30T10:20:16,pending,none,internal,D:\Evan\AI-KnowledgeHub\10_S老师IP资产\_imported\D_Evan_video\spacex\output\visual_beats_v3\beat_21.mp4,external_original_only,2026-09-20T14:42:32+08:00,True
8bd6321e71741a4c,beat_22,video,10_S老师IP资产,D_Evan_video,D:\Evan\video,D:\Evan\video\spacex\output\visual_beats_v3\beat_22.mp4,spacex\output\visual_beats_v3\beat_22.mp4,.mp4,2433711,2026-05-20T14:47:22,2026-05-30T10:20:16,pending,none,internal,D:\Evan\AI-KnowledgeHub\10_S老师IP资产\_imported\D_Evan_video\spacex\output\visual_beats_v3\beat_22.mp4,external_original_only,2026-09-20T14:42:32+08:00,True
649a4cf2599182ce,beat_23,video,10_S老师IP资产,D_Evan_video,D:\Evan\video,D:\Evan\video\spacex\output\visual_beats_v3\beat_23.mp4,spacex\output\visual_beats_v3\beat_23.mp4,.mp4,1538804,2026-05-20T14:47:24,2026-05-30T10:20:16,pending,none,internal,D:\Evan\AI-KnowledgeHub\10_S老师IP资产\_imported\D_Evan_video\spacex\output\visual_beats_v3\beat_23.mp4,external_original_only,2026-09-20T14:42:32+08:00,True
3b78269c7d5179ac,beat_24,video,10_S老师IP资产,D_Evan_video,D:\Evan\video,D:\Evan\video\spacex\output\visual_beats_v3\beat_24.mp4,spacex\output\visual_beats_v3\beat_24.mp4,.mp4,3557056,2026-05-20T14:47:30,2026-05-30T10:20:16,pending,none,internal,D:\Evan\AI-KnowledgeHub\10_S老师IP资产\_imported\D_Evan_video\spacex\output\visual_beats_v3\beat_24.mp4,external_original_only,2026-09-20T14:42:32+08:00,True
5563c1c428efcd26,beat_25,video,10_S老师IP资产,D_Evan_video,D:\Evan\video,D:\Evan\video\spacex\output\visual_beats_v3\beat_25.mp4,spacex\output\visual_beats_v3\beat_25.mp4,.mp4,2378115,2026-05-20T14:47:33,2026-05-30T10:20:16,pending,none,internal,D:\Evan\AI-KnowledgeHub\10_S老师IP资产\_imported\D_Evan_video\spacex\output\visual_beats_v3\beat_25.mp4,external_original_only,2026-09-20T14:42:32+08:00,True
e1114b26ad2ecb38,beat_26,video,10_S老师IP资产,D_Evan_video,D:\Evan\video,D:\Evan\video\spacex\output\visual_beats_v3\beat_26.mp4,spacex\output\visual_beats_v3\beat_26.mp4,.mp4,3244047,2026-05-20T14:47:38,2026-05-30T10:20:16,pending,none,internal,D:\Evan\AI-KnowledgeHub\10_S老师IP资产\_imported\D_Evan_video\spacex\output\visual_beats_v3\beat_26.mp4,external_original_only,2026-09-20T14:42:32+08:00,True
48319a9e844b58ce,beat_27,video,10_S老师IP资产,D_Evan_video,D:\Evan\video,D:\Evan\video\spacex\output\visual_beats_v3\beat_27.mp4,spacex\output\visual_beats_v3\beat_27.mp4,.mp4,4355915,2026-05-20T14:47:43,2026-05-30T10:20:16,pending,none,internal,D:\Evan\AI-KnowledgeHub\10_S老师IP资产\_imported\D_Evan_video\spacex\output\visual_beats_v3\beat_27.mp4,external_original_only,2026-09-20T14:42:32+08:00,True
76345f6d2ea3fc43,beat_28,video,10_S老师IP资产,D_Evan_video,D:\Evan\video,D:\Evan\video\spacex\output\visual_beats_v3\beat_28.mp4,spacex\output\visual_beats_v3\beat_28.mp4,.mp4,5221405,2026-05-20T14:47:50,2026-05-30T10:20:16,pending,none,internal,D:\Evan\AI-KnowledgeHub\10_S老师IP资产\_imported\D_Evan_video\spacex\output\visual_beats_v3\beat_28.mp4,external_original_only,2026-09-20T14:42:32+08:00,True
551af2eb127fe0ff,beat_01,video,10_S老师IP资产,D_Evan_video,D:\Evan\video,D:\Evan\video\spacex\output\visual_beats_v4\beat_01.mp4,spacex\output\visual_beats_v4\beat_01.mp4,.mp4,1833603,2026-05-20T15:08:11,2026-05-30T10:20:16,pending,none,internal,D:\Evan\AI-KnowledgeHub\10_S老师IP资产\_imported\D_Evan_video\spacex\output\visual_beats_v4\beat_01.mp4,external_original_only,2026-09-20T14:42:32+08:00,True
1dec3e2c770a16f9,beat_02,video,10_S老师IP资产,D_Evan_video,D:\Evan\video,D:\Evan\video\spacex\output\visual_beats_v4\beat_02.mp4,spacex\output\visual_beats_v4\beat_02.mp4,.mp4,2587121,2026-05-20T15:08:36,2026-05-30T10:20:16,pending,none,internal,D:\Evan\AI-KnowledgeHub\10_S老师IP资产\_imported\D_Evan_video\spacex\output\visual_beats_v4\beat_02.mp4,external_original_only,2026-09-20T14:42:32+08:00,True
2c472398773298b9,beat_03,video,10_S老师IP资产,D_Evan_video,D:\Evan\video,D:\Evan\video\spacex\output\visual_beats_v4\beat_03.mp4,spacex\output\visual_beats_v4\beat_03.mp4,.mp4,1273139,2026-05-20T15:09:23,2026-05-30T10:20:16,pending,none,internal,D:\Evan\AI-KnowledgeHub\10_S老师IP资产\_imported\D_Evan_video\spacex\output\visual_beats_v4\beat_03.mp4,external_original_only,2026-09-20T14:42:32+08:00,True
cc4e848533d6d0a9,beat_04,video,10_S老师IP资产,D_Evan_video,D:\Evan\video,D:\Evan\video\spacex\output\visual_beats_v4\beat_04.mp4,spacex\output\visual_beats_v4\beat_04.mp4,.mp4,1277534,2026-05-20T15:10:09,2026-05-30T10:20:16,pending,none,internal,D:\Evan\AI-KnowledgeHub\10_S老师IP资产\_imported\D_Evan_video\spacex\output\visual_beats_v4\beat_04.mp4,external_original_only,2026-09-20T14:42:32+08:00,True
e68fbdf14bf23a60,beat_05,video,10_S老师IP资产,D_Evan_video,D:\Evan\video,D:\Evan\video\spacex\output\visual_beats_v4\beat_05.mp4,spacex\output\visual_beats_v4\beat_05.mp4,.mp4,1436916,2026-05-20T15:10:57,2026-05-30T10:20:16,pending,none,internal,D:\Evan\AI-KnowledgeHub\10_S老师IP资产\_imported\D_Evan_video\spacex\output\visual_beats_v4\beat_05.mp4,external_original_only,2026-09-20T14:42:32+08:00,True
d86014e28e7b775e,beat_06,video,10_S老师IP资产,D_Evan_video,D:\Evan\video,D:\Evan\video\spacex\output\visual_beats_v4\beat_06.mp4,spacex\output\visual_beats_v4\beat_06.mp4,.mp4,4222945,2026-05-20T15:11:01,2026-05-30T10:20:16,pending,none,internal,D:\Evan\AI-KnowledgeHub\10_S老师IP资产\_imported\D_Evan_video\spacex\output\visual_beats_v4\beat_06.mp4,external_original_only,2026-09-20T14:42:32+08:00,True
09a84ee20e89bd59,part_01,video,10_S老师IP资产,D_Evan_video,D:\Evan\video,D:\Evan\video\spacex\output\visual_beats_v4\beat_06_parts\part_01.mp4,spacex\output\visual_beats_v4\beat_06_parts\part_01.mp4,.mp4,2092608,2026-05-20T15:10:59,2026-05-30T10:20:16,pending,none,internal,D:\Evan\AI-KnowledgeHub\10_S老师IP资产\_imported\D_Evan_video\spacex\output\visual_beats_v4\beat_06_parts\part_01.mp4,external_original_only,2026-09-20T14:42:32+08:00,True
73f6e772e09d351a,part_02,video,10_S老师IP资产,D_Evan_video,D:\Evan\video,D:\Evan\video\spacex\output\visual_beats_v4\beat_06_parts\part_02.mp4,spacex\output\visual_beats_v4\beat_06_parts\part_02.mp4,.mp4,2092608,2026-05-20T15:11:01,2026-05-30T10:20:16,pending,none,internal,D:\Evan\AI-KnowledgeHub\10_S老师IP资产\_imported\D_Evan_video\spacex\output\visual_beats_v4\beat_06_parts\part_02.mp4,external_original_only,2026-09-20T14:42:32+08:00,True
6afdf60a87c9f7f0,part_03,video,10_S老师IP资产,D_Evan_video,D:\Evan\video,D:\Evan\video\spacex\output\visual_beats_v4\beat_06_parts\part_03.mp4,spacex\output\visual_beats_v4\beat_06_parts\part_03.mp4,.mp4,39149,2026-05-20T15:11:01,2026-05-30T10:20:16,pending,none,internal,D:\Evan\AI-KnowledgeHub\10_S老师IP资产\_imported\D_Evan_video\spacex\output\visual_beats_v4\beat_06_parts\part_03.mp4,external_original_only,2026-09-20T14:42:32+08:00,True
bc5597d0d32c490f,beat_07,video,10_S老师IP资产,D_Evan_video,D:\Evan\video,D:\Evan\video\spacex\output\visual_beats_v4\beat_07.mp4,spacex\output\visual_beats_v4\beat_07.mp4,.mp4,3250228,2026-05-20T15:11:05,2026-05-30T10:20:16,pending,none,internal,D:\Evan\AI-KnowledgeHub\10_S老师IP资产\_imported\D_Evan_video\spacex\output\visual_beats_v4\beat_07.mp4,external_original_only,2026-09-20T14:42:32+08:00,True
af7dd1dfc555e739,part_01,video,10_S老师IP资产,D_Evan_video,D:\Evan\video,D:\Evan\video\spacex\output\visual_beats_v4\beat_07_parts\part_01.mp4,spacex\output\visual_beats_v4\beat_07_parts\part_01.mp4,.mp4,2092608,2026-05-20T15:11:04,2026-05-30T10:20:16,pending,none,internal,D:\Evan\AI-KnowledgeHub\10_S老师IP资产\_imported\D_Evan_video\spacex\output\visual_beats_v4\beat_07_parts\part_01.mp4,external_original_only,2026-09-20T14:42:32+08:00,True
416bf48891997051,part_02,video,10_S老师IP资产,D_Evan_video,D:\Evan\video,D:\Evan\video\spacex\output\visual_beats_v4\beat_07_parts\part_02.mp4,spacex\output\visual_beats_v4\beat_07_parts\part_02.mp4,.mp4,1158267,2026-05-20T15:11:05,2026-05-30T10:20:16,pending,none,internal,D:\Evan\AI-KnowledgeHub\10_S老师IP资产\_imported\D_Evan_video\spacex\output\visual_beats_v4\beat_07_parts\part_02.mp4,external_original_only,2026-09-20T14:42:32+08:00,True
17f97843f865b86e,beat_08,video,10_S老师IP资产,D_Evan_video,D:\Evan\video,D:\Evan\video\spacex\output\visual_beats_v4\beat_08.mp4,spacex\output\visual_beats_v4\beat_08.mp4,.mp4,2097711,2026-05-20T15:11:08,2026-05-30T10:20:16,pending,none,internal,D:\Evan\AI-KnowledgeHub\10_S老师IP资产\_imported\D_Evan_video\spacex\output\visual_beats_v4\beat_08.mp4,external_original_only,2026-09-20T14:42:32+08:00,True
95a7ad8b601c408d,part_01,video,10_S老师IP资产,D_Evan_video,D:\Evan\video,D:\Evan\video\spacex\output\visual_beats_v4\beat_08_parts\part_01.mp4,spacex\output\visual_beats_v4\beat_08_parts\part_01.mp4,.mp4,1132185,2026-05-20T15:11:07,2026-05-30T10:20:16,pending,none,internal,D:\Evan\AI-KnowledgeHub\10_S老师IP资产\_imported\D_Evan_video\spacex\output\visual_beats_v4\beat_08_parts\part_01.mp4,external_original_only,2026-09-20T14:42:32+08:00,True
f75280e288d48ad7,part_02,video,10_S老师IP资产,D_Evan_video,D:\Evan\video,D:\Evan\video\spacex\output\visual_beats_v4\beat_08_parts\part_02.mp4,spacex\output\visual_beats_v4\beat_08_parts\part_02.mp4,.mp4,966155,2026-05-20T15:11:08,2026-05-30T10:20:16,pending,none,internal,D:\Evan\AI-KnowledgeHub\10_S老师IP资产\_imported\D_Evan_video\spacex\output\visual_beats_v4\beat_08_parts\part_02.mp4,external_original_only,2026-09-20T14:42:32+08:00,True
db13deaeacb92aa9,beat_09,video,10_S老师IP资产,D_Evan_video,D:\Evan\video,D:\Evan\video\spacex\output\visual_beats_v4\beat_09.mp4,spacex\output\visual_beats_v4\beat_09.mp4,.mp4,1688819,2026-05-20T15:11:11,2026-05-30T10:20:16,pending,none,internal,D:\Evan\AI-KnowledgeHub\10_S老师IP资产\_imported\D_Evan_video\spacex\output\visual_beats_v4\beat_09.mp4,external_original_only,2026-09-20T14:42:32+08:00,True
924fcfbc19011ee7,part_01,video,10_S老师IP资产,D_Evan_video,D:\Evan\video,D:\Evan\video\spacex\output\visual_beats_v4\beat_09_parts\part_01.mp4,spacex\output\visual_beats_v4\beat_09_parts\part_01.mp4,.mp4,1132185,2026-05-20T15:11:10,2026-05-30T10:20:16,pending,none,internal,D:\Evan\AI-KnowledgeHub\10_S老师IP资产\_imported\D_Evan_video\spacex\output\visual_beats_v4\beat_09_parts\part_01.mp4,external_original_only,2026-09-20T14:42:32+08:00,True
b03ceec2420f863a,part_02,video,10_S老师IP资产,D_Evan_video,D:\Evan\video,D:\Evan\video\spacex\output\visual_beats_v4\beat_09_parts\part_02.mp4,spacex\output\visual_beats_v4\beat_09_parts\part_02.mp4,.mp4,557305,2026-05-20T15:11:11,2026-05-30T10:20:16,pending,none,internal,D:\Evan\AI-KnowledgeHub\10_S老师IP资产\_imported\D_Evan_video\spacex\output\visual_beats_v4\beat_09_parts\part_02.mp4,external_original_only,2026-09-20T14:42:32+08:00,True
a11b7835e2d63933,beat_10,video,10_S老师IP资产,D_Evan_video,D:\Evan\video,D:\Evan\video\spacex\output\visual_beats_v4\beat_10.mp4,spacex\output\visual_beats_v4\beat_10.mp4,.mp4,1500758,2026-05-20T15:11:14,2026-05-30T10:20:16,pending,none,internal,D:\Evan\AI-KnowledgeHub\10_S老师IP资产\_imported\D_Evan_video\spacex\output\visual_beats_v4\beat_10.mp4,external_original_only,2026-09-20T14:42:32+08:00,True
1da03bab4829e617,part_01,video,10_S老师IP资产,D_Evan_video,D:\Evan\video,D:\Evan\video\spacex\output\visual_beats_v4\beat_10_parts\part_01.mp4,spacex\output\visual_beats_v4\beat_10_parts\part_01.mp4,.mp4,1132185,2026-05-20T15:11:13,2026-05-30T10:20:16,pending,none,internal,D:\Evan\AI-KnowledgeHub\10_S老师IP资产\_imported\D_Evan_video\spacex\output\visual_beats_v4\beat_10_parts\part_01.mp4,external_original_only,2026-09-20T14:42:32+08:00,True
6e5ba46cd228a104,part_02,video,10_S老师IP资产,D_Evan_video,D:\Evan\video,D:\Evan\video\spacex\output\visual_beats_v4\beat_10_parts\part_02.mp4,spacex\output\visual_beats_v4\beat_10_parts\part_02.mp4,.mp4,369244,2026-05-20T15:11:14,2026-05-30T10:20:16,pending,none,internal,D:\Evan\AI-KnowledgeHub\10_S老师IP资产\_imported\D_Evan_video\spacex\output\visual_beats_v4\beat_10_parts\part_02.mp4,external_original_only,2026-09-20T14:42:32+08:00,True
2307b98421501c41,beat_11,video,10_S老师IP资产,D_Evan_video,D:\Evan\video,D:\Evan\video\spacex\output\visual_beats_v4\beat_11.mp4,spacex\output\visual_beats_v4\beat_11.mp4,.mp4,2577712,2026-05-20T15:11:27,2026-05-30T10:20:16,pending,none,internal,D:\Evan\AI-KnowledgeHub\10_S老师IP资产\_imported\D_Evan_video\spacex\output\visual_beats_v4\beat_11.mp4,external_original_only,2026-09-20T14:42:32+08:00,True
7b5ba8a377898797,beat_12,video,10_S老师IP资产,D_Evan_video,D:\Evan\video,D:\Evan\video\spacex\output\visual_beats_v4\beat_12.mp4,spacex\output\visual_beats_v4\beat_12.mp4,.mp4,2279086,2026-05-20T15:11:41,2026-05-30T10:20:16,pending,none,internal,D:\Evan\AI-KnowledgeHub\10_S老师IP资产\_imported\D_Evan_video\spacex\output\visual_beats_v4\beat_12.mp4,external_original_only,2026-09-20T14:42:32+08:00,True
ef8b5b016682f41f,beat_13,video,10_S老师IP资产,D_Evan_video,D:\Evan\video,D:\Evan\video\spacex\output\visual_beats_v4\beat_13.mp4,spacex\output\visual_beats_v4\beat_13.mp4,.mp4,3036762,2026-05-20T15:11:55,2026-05-30T10:20:16,pending,none,internal,D:\Evan\AI-KnowledgeHub\10_S老师IP资产\_imported\D_Evan_video\spacex\output\visual_beats_v4\beat_13.mp4,external_original_only,2026-09-20T14:42:32+08:00,True
a120e3e83ff56a16,beat_14,video,10_S老师IP资产,D_Evan_video,D:\Evan\video,D:\Evan\video\spacex\output\visual_beats_v4\beat_14.mp4,spacex\output\visual_beats_v4\beat_14.mp4,.mp4,1249252,2026-05-20T15:12:15,2026-05-30T10:20:16,pending,none,internal,D:\Evan\AI-KnowledgeHub\10_S老师IP资产\_imported\D_Evan_video\spacex\output\visual_beats_v4\beat_14.mp4,external_original_only,2026-09-20T14:42:32+08:00,True
b5a5428d7802669c,beat_15,video,10_S老师IP资产,D_Evan_video,D:\Evan\video,D:\Evan\video\spacex\output\visual_beats_v4\beat_15.mp4,spacex\output\visual_beats_v4\beat_15.mp4,.mp4,1378128,2026-05-20T15:12:35,2026-05-30T10:20:16,pending,none,internal,D:\Evan\AI-KnowledgeHub\10_S老师IP资产\_imported\D_Evan_video\spacex\output\visual_beats_v4\beat_15.mp4,external_original_only,2026-09-20T14:42:32+08:00,True
fac1b1aaca6de4cc,beat_16,video,10_S老师IP资产,D_Evan_video,D:\Evan\video,D:\Evan\video\spacex\output\visual_beats_v4\beat_16.mp4,spacex\output\visual_beats_v4\beat_16.mp4,.mp4,1294863,2026-05-20T15:12:55,2026-05-30T10:20:16,pending,none,internal,D:\Evan\AI-KnowledgeHub\10_S老师IP资产\_imported\D_Evan_video\spacex\output\visual_beats_v4\beat_16.mp4,external_original_only,2026-09-20T14:42:32+08:00,True
81bf7f8f8798e11b,beat_17,video,10_S老师IP资产,D_Evan_video,D:\Evan\video,D:\Evan\video\spacex\output\visual_beats_v4\beat_17.mp4,spacex\output\visual_beats_v4\beat_17.mp4,.mp4,1738888,2026-05-20T15:13:22,2026-05-30T10:20:16,pending,none,internal,D:\Evan\AI-KnowledgeHub\10_S老师IP资产\_imported\D_Evan_video\spacex\output\visual_beats_v4\beat_17.mp4,external_original_only,2026-09-20T14:42:32+08:00,True
e3f1679862274e3a,beat_18,video,10_S老师IP资产,D_Evan_video,D:\Evan\video,D:\Evan\video\spacex\output\visual_beats_v4\beat_18.mp4,spacex\output\visual_beats_v4\beat_18.mp4,.mp4,2113288,2026-05-20T15:13:57,2026-05-30T10:20:16,pending,none,internal,D:\Evan\AI-KnowledgeHub\10_S老师IP资产\_imported\D_Evan_video\spacex\output\visual_beats_v4\beat_18.mp4,external_original_only,2026-09-20T14:42:32+08:00,True
74de6fa22504340b,beat_19,video,10_S老师IP资产,D_Evan_video,D:\Evan\video,D:\Evan\video\spacex\output\visual_beats_v4\beat_19.mp4,spacex\output\visual_beats_v4\beat_19.mp4,.mp4,1407966,2026-05-20T15:14:50,2026-05-30T10:20:16,pending,none,internal,D:\Evan\AI-KnowledgeHub\10_S老师IP资产\_imported\D_Evan_video\spacex\output\visual_beats_v4\beat_19.mp4,external_original_only,2026-09-20T14:42:32+08:00,True
f8e36f1b056f0590,beat_20,video,10_S老师IP资产,D_Evan_video,D:\Evan\video,D:\Evan\video\spacex\output\visual_beats_v4\beat_20.mp4,spacex\output\visual_beats_v4\beat_20.mp4,.mp4,2822581,2026-05-20T15:16:43,2026-05-30T10:20:16,pending,none,internal,D:\Evan\AI-KnowledgeHub\10_S老师IP资产\_imported\D_Evan_video\spacex\output\visual_beats_v4\beat_20.mp4,external_original_only,2026-09-20T14:42:32+08:00,True
e86baa91ee0236ed,beat_21,video,10_S老师IP资产,D_Evan_video,D:\Evan\video,D:\Evan\video\spacex\output\visual_beats_v4\beat_21.mp4,spacex\output\visual_beats_v4\beat_21.mp4,.mp4,2245154,2026-05-20T15:18:37,2026-05-30T10:20:16,pending,none,internal,D:\Evan\AI-KnowledgeHub\10_S老师IP资产\_imported\D_Evan_video\spacex\output\visual_beats_v4\beat_21.mp4,external_original_only,2026-09-20T14:42:32+08:00,True
19e6019e54c2e906,beat_22,video,10_S老师IP资产,D_Evan_video,D:\Evan\video,D:\Evan\video\spacex\output\visual_beats_v4\beat_22.mp4,spacex\output\visual_beats_v4\beat_22.mp4,.mp4,2433711,2026-05-20T15:19:39,2026-05-30T10:20:16,pending,none,internal,D:\Evan\AI-KnowledgeHub\10_S老师IP资产\_imported\D_Evan_video\spacex\output\visual_beats_v4\beat_22.mp4,external_original_only,2026-09-20T14:42:32+08:00,True
a0383f73bc7a6790,beat_23,video,10_S老师IP资产,D_Evan_video,D:\Evan\video,D:\Evan\video\spacex\output\visual_beats_v4\beat_23.mp4,spacex\output\visual_beats_v4\beat_23.mp4,.mp4,1538804,2026-05-20T15:20:30,2026-05-30T10:20:16,pending,none,internal,D:\Evan\AI-KnowledgeHub\10_S老师IP资产\_imported\D_Evan_video\spacex\output\visual_beats_v4\beat_23.mp4,external_original_only,2026-09-20T14:42:32+08:00,True
adc92886a781b9f7,beat_24,video,10_S老师IP资产,D_Evan_video,D:\Evan\video,D:\Evan\video\spacex\output\visual_beats_v4\beat_24.mp4,spacex\output\visual_beats_v4\beat_24.mp4,.mp4,3557056,2026-05-20T15:21:31,2026-05-30T10:20:16,pending,none,internal,D:\Evan\AI-KnowledgeHub\10_S老师IP资产\_imported\D_Evan_video\spacex\output\visual_beats_v4\beat_24.mp4,external_original_only,2026-09-20T14:42:32+08:00,True
281c145ceba744eb,beat_25,video,10_S老师IP资产,D_Evan_video,D:\Evan\video,D:\Evan\video\spacex\output\visual_beats_v4\beat_25.mp4,spacex\output\visual_beats_v4\beat_25.mp4,.mp4,2378115,2026-05-20T15:22:31,2026-05-30T10:20:16,pending,none,internal,D:\Evan\AI-KnowledgeHub\10_S老师IP资产\_imported\D_Evan_video\spacex\output\visual_beats_v4\beat_25.mp4,external_original_only,2026-09-20T14:42:32+08:00,True
c9ca5c2307b13cde,beat_26,video,10_S老师IP资产,D_Evan_video,D:\Evan\video,D:\Evan\video\spacex\output\visual_beats_v4\beat_26.mp4,spacex\output\visual_beats_v4\beat_26.mp4,.mp4,3244047,2026-05-20T15:24:40,2026-05-30T10:20:16,pending,none,internal,D:\Evan\AI-KnowledgeHub\10_S老师IP资产\_imported\D_Evan_video\spacex\output\visual_beats_v4\beat_26.mp4,external_original_only,2026-09-20T14:42:32+08:00,True
ffea1d508f54eb6f,beat_27,video,10_S老师IP资产,D_Evan_video,D:\Evan\video,D:\Evan\video\spacex\output\visual_beats_v4\beat_27.mp4,spacex\output\visual_beats_v4\beat_27.mp4,.mp4,4355915,2026-05-20T15:26:43,2026-05-30T10:20:16,pending,none,internal,D:\Evan\AI-KnowledgeHub\10_S老师IP资产\_imported\D_Evan_video\spacex\output\visual_beats_v4\beat_27.mp4,external_original_only,2026-09-20T14:42:32+08:00,True
6d65976805ff3360,beat_28,video,10_S老师IP资产,D_Evan_video,D:\Evan\video,D:\Evan\video\spacex\output\visual_beats_v4\beat_28.mp4,spacex\output\visual_beats_v4\beat_28.mp4,.mp4,5221405,2026-05-20T15:28:53,2026-05-30T10:20:16,pending,none,internal,D:\Evan\AI-KnowledgeHub\10_S老师IP资产\_imported\D_Evan_video\spacex\output\visual_beats_v4\beat_28.mp4,external_original_only,2026-09-20T14:42:32+08:00,True
328bff4164470fbf,beat_01,audio,10_S老师IP资产,D_Evan_video,D:\Evan\video,D:\Evan\video\spacex\output\voice_full_beats\beat_01.mp3,spacex\output\voice_full_beats\beat_01.mp3,.mp3,138816,2026-05-20T11:00:00,2026-05-30T10:20:16,pending,none,internal,D:\Evan\AI-KnowledgeHub\10_S老师IP资产\_imported\D_Evan_video\spacex\output\voice_full_beats\beat_01.mp3,external_original_only,2026-09-20T14:42:32+08:00,True
c8849cad64441690,beat_02,audio,10_S老师IP资产,D_Evan_video,D:\Evan\video,D:\Evan\video\spacex\output\voice_full_beats\beat_02.mp3,spacex\output\voice_full_beats\beat_02.mp3,.mp3,162000,2026-05-20T11:00:04,2026-05-30T10:20:16,pending,none,internal,D:\Evan\AI-KnowledgeHub\10_S老师IP资产\_imported\D_Evan_video\spacex\output\voice_full_beats\beat_02.mp3,external_original_only,2026-09-20T14:42:32+08:00,True
a5d462b0560c752b,beat_03,audio,10_S老师IP资产,D_Evan_video,D:\Evan\video,D:\Evan\video\spacex\output\voice_full_beats\beat_03.mp3,spacex\output\voice_full_beats\beat_03.mp3,.mp3,121104,2026-05-20T11:00:06,2026-05-30T10:20:16,pending,none,internal,D:\Evan\AI-KnowledgeHub\10_S老师IP资产\_imported\D_Evan_video\spacex\output\voice_full_beats\beat_03.mp3,external_original_only,2026-09-20T14:42:32+08:00,True
a146671a174fd642,beat_04,audio,10_S老师IP资产,D_Evan_video,D:\Evan\video,D:\Evan\video\spacex\output\voice_full_beats\beat_04.mp3,spacex\output\voice_full_beats\beat_04.mp3,.mp3,112608,2026-05-20T11:00:09,2026-05-30T10:20:16,pending,none,internal,D:\Evan\AI-KnowledgeHub\10_S老师IP资产\_imported\D_Evan_video\spacex\output\voice_full_beats\beat_04.mp3,external_original_only,2026-09-20T14:42:32+08:00,True
672d4e2e0abf96bb,beat_05,audio,10_S老师IP资产,D_Evan_video,D:\Evan\video,D:\Evan\video\spacex\output\voice_full_beats\beat_05.mp3,spacex\output\voice_full_beats\beat_05.mp3,.mp3,120908,2026-05-20T12:10:37,2026-05-30T10:20:16,pending,none,internal,D:\Evan\AI-KnowledgeHub\10_S老师IP资产\_imported\D_Evan_video\spacex\output\voice_full_beats\beat_05.mp3,external_original_only,2026-09-20T14:42:32+08:00,True
9c501a90bab2a2c3,part_01,audio,10_S老师IP资产,D_Evan_video,D:\Evan\video,D:\Evan\video\spacex\output\voice_full_beats\beat_05_parts\part_01.mp3,spacex\output\voice_full_beats\beat_05_parts\part_01.mp3,.mp3,120672,2026-05-20T12:10:36,2026-05-30T10:20:16,pending,none,internal,D:\Evan\AI-KnowledgeHub\10_S老师IP资产\_imported\D_Evan_video\spacex\output\voice_full_beats\beat_05_parts\part_01.mp3,external_original_only,2026-09-20T14:42:32+08:00,True
a8c5496c281b6342,beat_06,audio,10_S老师IP资产,D_Evan_video,D:\Evan\video,D:\Evan\video\spacex\output\voice_full_beats\beat_06.mp3,spacex\output\voice_full_beats\beat_06.mp3,.mp3,167708,2026-05-20T12:10:43,2026-05-30T10:20:16,pending,none,internal,D:\Evan\AI-KnowledgeHub\10_S老师IP资产\_imported\D_Evan_video\spacex\output\voice_full_beats\beat_06.mp3,external_original_only,2026-09-20T14:42:32+08:00,True
46c222e954506aea,part_01,audio,10_S老师IP资产,D_Evan_video,D:\Evan\video,D:\Evan\video\spacex\output\voice_full_beats\beat_06_parts\part_01.mp3,spacex\output\voice_full_beats\beat_06_parts\part_01.mp3,.mp3,109728,2026-05-20T12:10:41,2026-05-30T10:20:16,pending,none,internal,D:\Evan\AI-KnowledgeHub\10_S老师IP资产\_imported\D_Evan_video\spacex\output\voice_full_beats\beat_06_parts\part_01.mp3,external_original_only,2026-09-20T14:42:32+08:00,True
4ec317e2506b79a7,part_02,audio,10_S老师IP资产,D_Evan_video,D:\Evan\video,D:\Evan\video\spacex\output\voice_full_beats\beat_06_parts\part_02.mp3,spacex\output\voice_full_beats\beat_06_parts\part_02.mp3,.mp3,57744,2026-05-20T12:10:43,2026-05-30T10:20:16,pending,none,internal,D:\Evan\AI-KnowledgeHub\10_S老师IP资产\_imported\D_Evan_video\spacex\output\voice_full_beats\beat_06_parts\part_02.mp3,external_original_only,2026-09-20T14:42:32+08:00,True
28a26f64ed6723a1,beat_07,audio,10_S老师IP资产,D_Evan_video,D:\Evan\video,D:\Evan\video\spacex\output\voice_full_beats\beat_07.mp3,spacex\output\voice_full_beats\beat_07.mp3,.mp3,112844,2026-05-20T12:10:45,2026-05-30T10:20:16,pending,none,internal,D:\Evan\AI-KnowledgeHub\10_S老师IP资产\_imported\D_Evan_video\spacex\output\voice_full_beats\beat_07.mp3,external_original_only,2026-09-20T14:42:32+08:00,True
82f6d8c62b0e9ca3,part_01,audio,10_S老师IP资产,D_Evan_video,D:\Evan\video,D:\Evan\video\spacex\output\voice_full_beats\beat_07_parts\part_01.mp3,spacex\output\voice_full_beats\beat_07_parts\part_01.mp3,.mp3,112608,2026-05-20T12:10:45,2026-05-30T10:20:16,pending,none,internal,D:\Evan\AI-KnowledgeHub\10_S老师IP资产\_imported\D_Evan_video\spacex\output\voice_full_beats\beat_07_parts\part_01.mp3,external_original_only,2026-09-20T14:42:32+08:00,True
4c6154d47104419d,beat_08,audio,10_S老师IP资产,D_Evan_video,D:\Evan\video,D:\Evan\video\spacex\output\voice_full_beats\beat_08.mp3,spacex\output\voice_full_beats\beat_08.mp3,.mp3,149564,2026-05-20T12:10:49,2026-05-30T10:20:16,pending,none,internal,D:\Evan\AI-KnowledgeHub\10_S老师IP资产\_imported\D_Evan_video\spacex\output\voice_full_beats\beat_08.mp3,external_original_only,2026-09-20T14:42:32+08:00,True
f84daa6e2312d81f,part_01,audio,10_S老师IP资产,D_Evan_video,D:\Evan\video,D:\Evan\video\spacex\output\voice_full_beats\beat_08_parts\part_01.mp3,spacex\output\voice_full_beats\beat_08_parts\part_01.mp3,.mp3,149328,2026-05-20T12:10:48,2026-05-30T10:20:16,pending,none,internal,D:\Evan\AI-KnowledgeHub\10_S老师IP资产\_imported\D_Evan_video\spacex\output\voice_full_beats\beat_08_parts\part_01.mp3,external_original_only,2026-09-20T14:42:32+08:00,True
553fe60624c84eed,beat_09,audio,10_S老师IP资产,D_Evan_video,D:\Evan\video,D:\Evan\video\spacex\output\voice_full_beats\beat_09.mp3,spacex\output\voice_full_beats\beat_09.mp3,.mp3,127244,2026-05-20T12:10:52,2026-05-30T10:20:16,pending,none,internal,D:\Evan\AI-KnowledgeHub\10_S老师IP资产\_imported\D_Evan_video\spacex\output\voice_full_beats\beat_09.mp3,external_original_only,2026-09-20T14:42:32+08:00,True
d611b44538502537,part_01,audio,10_S老师IP资产,D_Evan_video,D:\Evan\video,D:\Evan\video\spacex\output\voice_full_beats\beat_09_parts\part_01.mp3,spacex\output\voice_full_beats\beat_09_parts\part_01.mp3,.mp3,127008,2026-05-20T12:10:52,2026-05-30T10:20:16,pending,none,internal,D:\Evan\AI-KnowledgeHub\10_S老师IP资产\_imported\D_Evan_video\spacex\output\voice_full_beats\beat_09_parts\part_01.mp3,external_original_only,2026-09-20T14:42:32+08:00,True
17bc19c7877ae3d9,beat_10,audio,10_S老师IP资产,D_Evan_video,D:\Evan\video,D:\Evan\video\spacex\output\voice_full_beats\beat_10.mp3,spacex\output\voice_full_beats\beat_10.mp3,.mp3,113420,2026-05-20T12:10:55,2026-05-30T10:20:16,pending,none,internal,D:\Evan\AI-KnowledgeHub\10_S老师IP资产\_imported\D_Evan_video\spacex\output\voice_full_beats\beat_10.mp3,external_original_only,2026-09-20T14:42:32+08:00,True
0ade4f3ba1f0d6c3,part_01,audio,10_S老师IP资产,D_Evan_video,D:\Evan\video,D:\Evan\video\spacex\output\voice_full_beats\beat_10_parts\part_01.mp3,spacex\output\voice_full_beats\beat_10_parts\part_01.mp3,.mp3,113184,2026-05-20T12:10:54,2026-05-30T10:20:16,pending,none,internal,D:\Evan\AI-KnowledgeHub\10_S老师IP资产\_imported\D_Evan_video\spacex\output\voice_full_beats\beat_10_parts\part_01.mp3,external_original_only,2026-09-20T14:42:32+08:00,True
b79d1f9367a88142,beat_11,audio,10_S老师IP资产,D_Evan_video,D:\Evan\video,D:\Evan\video\spacex\output\voice_full_beats\beat_11.mp3,spacex\output\voice_full_beats\beat_11.mp3,.mp3,139052,2026-05-20T12:10:59,2026-05-30T10:20:16,pending,none,internal,D:\Evan\AI-KnowledgeHub\10_S老师IP资产\_imported\D_Evan_video\spacex\output\voice_full_beats\beat_11.mp3,external_original_only,2026-09-20T14:42:32+08:00,True
3d5e46976c500830,part_01,audio,10_S老师IP资产,D_Evan_video,D:\Evan\video,D:\Evan\video\spacex\output\voice_full_beats\beat_11_parts\part_01.mp3,spacex\output\voice_full_beats\beat_11_parts\part_01.mp3,.mp3,83088,2026-05-20T12:10:57,2026-05-30T10:20:16,pending,none,internal,D:\Evan\AI-KnowledgeHub\10_S老师IP资产\_imported\D_Evan_video\spacex\output\voice_full_beats\beat_11_parts\part_01.mp3,external_original_only,2026-09-20T14:42:32+08:00,True
e27e89b3303049e5,part_02,audio,10_S老师IP资产,D_Evan_video,D:\Evan\video,D:\Evan\video\spacex\output\voice_full_beats\beat_11_parts\part_02.mp3,spacex\output\voice_full_beats\beat_11_parts\part_02.mp3,.mp3,55728,2026-05-20T12:10:59,2026-05-30T10:20:16,pending,none,internal,D:\Evan\AI-KnowledgeHub\10_S老师IP资产\_imported\D_Evan_video\spacex\output\voice_full_beats\beat_11_parts\part_02.mp3,external_original_only,2026-09-20T14:42:32+08:00,True
8c23defefe8973aa,beat_12,audio,10_S老师IP资产,D_Evan_video,D:\Evan\video,D:\Evan\video\spacex\output\voice_full_beats\beat_12.mp3,spacex\output\voice_full_beats\beat_12.mp3,.mp3,105788,2026-05-20T12:11:02,2026-05-30T10:20:16,pending,none,internal,D:\Evan\AI-KnowledgeHub\10_S老师IP资产\_imported\D_Evan_video\spacex\output\voice_full_beats\beat_12.mp3,external_original_only,2026-09-20T14:42:32+08:00,True
54aae06604484234,part_01,audio,10_S老师IP资产,D_Evan_video,D:\Evan\video,D:\Evan\video\spacex\output\voice_full_beats\beat_12_parts\part_01.mp3,spacex\output\voice_full_beats\beat_12_parts\part_01.mp3,.mp3,105552,2026-05-20T12:11:02,2026-05-30T10:20:16,pending,none,internal,D:\Evan\AI-KnowledgeHub\10_S老师IP资产\_imported\D_Evan_video\spacex\output\voice_full_beats\beat_12_parts\part_01.mp3,external_original_only,2026-09-20T14:42:32+08:00,True
e3c8473f245285e2,beat_13,audio,10_S老师IP资产,D_Evan_video,D:\Evan\video,D:\Evan\video\spacex\output\voice_full_beats\beat_13.mp3,spacex\output\voice_full_beats\beat_13.mp3,.mp3,142652,2026-05-20T12:11:06,2026-05-30T10:20:16,pending,none,internal,D:\Evan\AI-KnowledgeHub\10_S老师IP资产\_imported\D_Evan_video\spacex\output\voice_full_beats\beat_13.mp3,external_original_only,2026-09-20T14:42:32+08:00,True
74d06592cca1d7da,part_01,audio,10_S老师IP资产,D_Evan_video,D:\Evan\video,D:\Evan\video\spacex\output\voice_full_beats\beat_13_parts\part_01.mp3,spacex\output\voice_full_beats\beat_13_parts\part_01.mp3,.mp3,98928,2026-05-20T12:11:04,2026-05-30T10:20:16,pending,none,internal,D:\Evan\AI-KnowledgeHub\10_S老师IP资产\_imported\D_Evan_video\spacex\output\voice_full_beats\beat_13_parts\part_01.mp3,external_original_only,2026-09-20T14:42:32+08:00,True
ad830d1a6fd1842d,part_02,audio,10_S老师IP资产,D_Evan_video,D:\Evan\video,D:\Evan\video\spacex\output\voice_full_beats\beat_13_parts\part_02.mp3,spacex\output\voice_full_beats\beat_13_parts\part_02.mp3,.mp3,43488,2026-05-20T12:11:06,2026-05-30T10:20:16,pending,none,internal,D:\Evan\AI-KnowledgeHub\10_S老师IP资产\_imported\D_Evan_video\spacex\output\voice_full_beats\beat_13_parts\part_02.mp3,external_original_only,2026-09-20T14:42:32+08:00,True
5fcc685f8d6553af,beat_14,audio,10_S老师IP资产,D_Evan_video,D:\Evan\video,D:\Evan\video\spacex\output\voice_full_beats\beat_14.mp3,spacex\output\voice_full_beats\beat_14.mp3,.mp3,122780,2026-05-20T12:11:09,2026-05-30T10:20:16,pending,none,internal,D:\Evan\AI-KnowledgeHub\10_S老师IP资产\_imported\D_Evan_video\spacex\output\voice_full_beats\beat_14.mp3,external_original_only,2026-09-20T14:42:32+08:00,True
df2514d74ca86d11,part_01,audio,10_S老师IP资产,D_Evan_video,D:\Evan\video,D:\Evan\video\spacex\output\voice_full_beats\beat_14_parts\part_01.mp3,spacex\output\voice_full_beats\beat_14_parts\part_01.mp3,.mp3,122544,2026-05-20T12:11:09,2026-05-30T10:20:16,pending,none,internal,D:\Evan\AI-KnowledgeHub\10_S老师IP资产\_imported\D_Evan_video\spacex\output\voice_full_beats\beat_14_parts\part_01.mp3,external_original_only,2026-09-20T14:42:32+08:00,True
dcb35695a686e019,beat_15,audio,10_S老师IP资产,D_Evan_video,D:\Evan\video,D:\Evan\video\spacex\output\voice_full_beats\beat_15.mp3,spacex\output\voice_full_beats\beat_15.mp3,.mp3,118172,2026-05-20T12:11:12,2026-05-30T10:20:16,pending,none,internal,D:\Evan\AI-KnowledgeHub\10_S老师IP资产\_imported\D_Evan_video\spacex\output\voice_full_beats\beat_15.mp3,external_original_only,2026-09-20T14:42:32+08:00,True
967012550b7c1a7b,part_01,audio,10_S老师IP资产,D_Evan_video,D:\Evan\video,D:\Evan\video\spacex\output\voice_full_beats\beat_15_parts\part_01.mp3,spacex\output\voice_full_beats\beat_15_parts\part_01.mp3,.mp3,117936,2026-05-20T12:11:12,2026-05-30T10:20:16,pending,none,internal,D:\Evan\AI-KnowledgeHub\10_S老师IP资产\_imported\D_Evan_video\spacex\output\voice_full_beats\beat_15_parts\part_01.mp3,external_original_only,2026-09-20T14:42:32+08:00,True
f9a7b77530279e55,beat_16,audio,10_S老师IP资产,D_Evan_video,D:\Evan\video,D:\Evan\video\spacex\output\voice_full_beats\beat_16.mp3,spacex\output\voice_full_beats\beat_16.mp3,.mp3,112556,2026-05-20T12:11:15,2026-05-30T10:20:16,pending,none,internal,D:\Evan\AI-KnowledgeHub\10_S老师IP资产\_imported\D_Evan_video\spacex\output\voice_full_beats\beat_16.mp3,external_original_only,2026-09-20T14:42:32+08:00,True
f93b7ecfd55161b8,part_01,audio,10_S老师IP资产,D_Evan_video,D:\Evan\video,D:\Evan\video\spacex\output\voice_full_beats\beat_16_parts\part_01.mp3,spacex\output\voice_full_beats\beat_16_parts\part_01.mp3,.mp3,112320,2026-05-20T12:11:15,2026-05-30T10:20:16,pending,none,internal,D:\Evan\AI-KnowledgeHub\10_S老师IP资产\_imported\D_Evan_video\spacex\output\voice_full_beats\beat_16_parts\part_01.mp3,external_original_only,2026-09-20T14:42:32+08:00,True
8d71d0cbcdaf2c80,beat_17,audio,10_S老师IP资产,D_Evan_video,D:\Evan\video,D:\Evan\video\spacex\output\voice_full_beats\beat_17.mp3,spacex\output\voice_full_beats\beat_17.mp3,.mp3,146252,2026-05-20T13:17:09,2026-05-30T10:20:16,pending,none,internal,D:\Evan\AI-KnowledgeHub\10_S老师IP资产\_imported\D_Evan_video\spacex\output\voice_full_beats\beat_17.mp3,external_original_only,2026-09-20T14:42:32+08:00,True
52e094a57a6855dc,part_01,audio,10_S老师IP资产,D_Evan_video,D:\Evan\video,D:\Evan\video\spacex\output\voice_full_beats\beat_17_parts\part_01.mp3,spacex\output\voice_full_beats\beat_17_parts\part_01.mp3,.mp3,123120,2026-05-20T13:17:07,2026-05-30T10:20:16,pending,none,internal,D:\Evan\AI-KnowledgeHub\10_S老师IP资产\_imported\D_Evan_video\spacex\output\voice_full_beats\beat_17_parts\part_01.mp3,external_original_only,2026-09-20T14:42:32+08:00,True
23f5a871700a2f37,part_02,audio,10_S老师IP资产,D_Evan_video,D:\Evan\video,D:\Evan\video\spacex\output\voice_full_beats\beat_17_parts\part_02.mp3,spacex\output\voice_full_beats\beat_17_parts\part_02.mp3,.mp3,22896,2026-05-20T13:17:09,2026-05-30T10:20:16,pending,none,internal,D:\Evan\AI-KnowledgeHub\10_S老师IP资产\_imported\D_Evan_video\spacex\output\voice_full_beats\beat_17_parts\part_02.mp3,external_original_only,2026-09-20T14:42:32+08:00,True
4d3e808d29d43bcf,part_01,audio,10_S老师IP资产,D_Evan_video,D:\Evan\video,D:\Evan\video\spacex\output\voice_full_beats\beat_18_parts\part_01.mp3,spacex\output\voice_full_beats\beat_18_parts\part_01.mp3,.mp3,88272,2026-05-20T13:17:11,2026-05-30T10:20:16,pending,none,internal,D:\Evan\AI-KnowledgeHub\10_S老师IP资产\_imported\D_Evan_video\spacex\output\voice_full_beats\beat_18_parts\part_01.mp3,external_original_only,2026-09-20T14:42:32+08:00,True
9093f42b6e78cdc9,part_02,audio,10_S老师IP资产,D_Evan_video,D:\Evan\video,D:\Evan\video\spacex\output\voice_full_beats\beat_18_parts\part_02.mp3,spacex\output\voice_full_beats\beat_18_parts\part_02.mp3,.mp3,7920,2026-05-20T13:17:12,2026-05-30T10:20:16,pending,none,internal,D:\Evan\AI-KnowledgeHub\10_S老师IP资产\_imported\D_Evan_video\spacex\output\voice_full_beats\beat_18_parts\part_02.mp3,external_original_only,2026-09-20T14:42:32+08:00,True
204793d39a52b5a7,beat_21,audio,10_S老师IP资产,D_Evan_video,D:\Evan\video,D:\Evan\video\spacex\output\voice_full_beats\beat_21.mp3,spacex\output\voice_full_beats\beat_21.mp3,.mp3,110252,2026-05-20T12:21:34,2026-05-30T10:20:16,pending,none,internal,D:\Evan\AI-KnowledgeHub\10_S老师IP资产\_imported\D_Evan_video\spacex\output\voice_full_beats\beat_21.mp3,external_original_only,2026-09-20T14:42:32+08:00,True
316c3ad958d13f8d,part_01,audio,10_S老师IP资产,D_Evan_video,D:\Evan\video,D:\Evan\video\spacex\output\voice_full_beats\beat_21_parts\part_01.mp3,spacex\output\voice_full_beats\beat_21_parts\part_01.mp3,.mp3,110016,2026-05-20T12:21:34,2026-05-30T10:20:16,pending,none,internal,D:\Evan\AI-KnowledgeHub\10_S老师IP资产\_imported\D_Evan_video\spacex\output\voice_full_beats\beat_21_parts\part_01.mp3,external_original_only,2026-09-20T14:42:32+08:00,True
a04d10fd5f928767,beat_22,audio,10_S老师IP资产,D_Evan_video,D:\Evan\video,D:\Evan\video\spacex\output\voice_full_beats\beat_22.mp3,spacex\output\voice_full_beats\beat_22.mp3,.mp3,133436,2026-05-20T12:21:38,2026-05-30T10:20:16,pending,none,internal,D:\Evan\AI-KnowledgeHub\10_S老师IP资产\_imported\D_Evan_video\spacex\output\voice_full_beats\beat_22.mp3,external_original_only,2026-09-20T14:42:32+08:00,True
8c091a0dce3eac85,part_01,audio,10_S老师IP资产,D_Evan_video,D:\Evan\video,D:\Evan\video\spacex\output\voice_full_beats\beat_22_parts\part_01.mp3,spacex\output\voice_full_beats\beat_22_parts\part_01.mp3,.mp3,133200,2026-05-20T12:21:38,2026-05-30T10:20:16,pending,none,internal,D:\Evan\AI-KnowledgeHub\10_S老师IP资产\_imported\D_Evan_video\spacex\output\voice_full_beats\beat_22_parts\part_01.mp3,external_original_only,2026-09-20T14:42:32+08:00,True
78a33bbc26c18585,beat_23,audio,10_S老师IP资产,D_Evan_video,D:\Evan\video,D:\Evan\video\spacex\output\voice_full_beats\beat_23.mp3,spacex\output\voice_full_beats\beat_23.mp3,.mp3,81308,2026-05-20T12:21:40,2026-05-30T10:20:16,pending,none,internal,D:\Evan\AI-KnowledgeHub\10_S老师IP资产\_imported\D_Evan_video\spacex\output\voice_full_beats\beat_23.mp3,external_original_only,2026-09-20T14:42:32+08:00,True
24af9c29efb7ccf2,part_01,audio,10_S老师IP资产,D_Evan_video,D:\Evan\video,D:\Evan\video\spacex\output\voice_full_beats\beat_23_parts\part_01.mp3,spacex\output\voice_full_beats\beat_23_parts\part_01.mp3,.mp3,81072,2026-05-20T12:21:40,2026-05-30T10:20:16,pending,none,internal,D:\Evan\AI-KnowledgeHub\10_S老师IP资产\_imported\D_Evan_video\spacex\output\voice_full_beats\beat_23_parts\part_01.mp3,external_original_only,2026-09-20T14:42:32+08:00,True
4a1ed8157795a9c0,beat_24,audio,10_S老师IP资产,D_Evan_video,D:\Evan\video,D:\Evan\video\spacex\output\voice_full_beats\beat_24.mp3,spacex\output\voice_full_beats\beat_24.mp3,.mp3,190604,2026-05-20T12:21:47,2026-05-30T10:20:16,pending,none,internal,D:\Evan\AI-KnowledgeHub\10_S老师IP资产\_imported\D_Evan_video\spacex\output\voice_full_beats\beat_24.mp3,external_original_only,2026-09-20T14:42:32+08:00,True
72958f6b2fdbf7e2,part_01,audio,10_S老师IP资产,D_Evan_video,D:\Evan\video,D:\Evan\video\spacex\output\voice_full_beats\beat_24_parts\part_01.mp3,spacex\output\voice_full_beats\beat_24_parts\part_01.mp3,.mp3,83520,2026-05-20T12:21:44,2026-05-30T10:20:16,pending,none,internal,D:\Evan\AI-KnowledgeHub\10_S老师IP资产\_imported\D_Evan_video\spacex\output\voice_full_beats\beat_24_parts\part_01.mp3,external_original_only,2026-09-20T14:42:32+08:00,True
4cb1e0b33a967cd3,part_02,audio,10_S老师IP资产,D_Evan_video,D:\Evan\video,D:\Evan\video\spacex\output\voice_full_beats\beat_24_parts\part_02.mp3,spacex\output\voice_full_beats\beat_24_parts\part_02.mp3,.mp3,106848,2026-05-20T12:21:47,2026-05-30T10:20:16,pending,none,internal,D:\Evan\AI-KnowledgeHub\10_S老师IP资产\_imported\D_Evan_video\spacex\output\voice_full_beats\beat_24_parts\part_02.mp3,external_original_only,2026-09-20T14:42:32+08:00,True
4c41c952629d9f54,beat_25,audio,10_S老师IP资产,D_Evan_video,D:\Evan\video,D:\Evan\video\spacex\output\voice_full_beats\beat_25.mp3,spacex\output\voice_full_beats\beat_25.mp3,.mp3,126956,2026-05-20T12:21:50,2026-05-30T10:20:16,pending,none,internal,D:\Evan\AI-KnowledgeHub\10_S老师IP资产\_imported\D_Evan_video\spacex\output\voice_full_beats\beat_25.mp3,external_original_only,2026-09-20T14:42:32+08:00,True
928827814eb0cc3d,part_01,audio,10_S老师IP资产,D_Evan_video,D:\Evan\video,D:\Evan\video\spacex\output\voice_full_beats\beat_25_parts\part_01.mp3,spacex\output\voice_full_beats\beat_25_parts\part_01.mp3,.mp3,126720,2026-05-20T12:21:50,2026-05-30T10:20:16,pending,none,internal,D:\Evan\AI-KnowledgeHub\10_S老师IP资产\_imported\D_Evan_video\spacex\output\voice_full_beats\beat_25_parts\part_01.mp3,external_original_only,2026-09-20T14:42:32+08:00,True
4ef48083966cf3ad,beat_26,audio,10_S老师IP资产,D_Evan_video,D:\Evan\video,D:\Evan\video\spacex\output\voice_full_beats\beat_26.mp3,spacex\output\voice_full_beats\beat_26.mp3,.mp3,161804,2026-05-20T12:21:55,2026-05-30T10:20:16,pending,none,internal,D:\Evan\AI-KnowledgeHub\10_S老师IP资产\_imported\D_Evan_video\spacex\output\voice_full_beats\beat_26.mp3,external_original_only,2026-09-20T14:42:32+08:00,True
80f185287140862d,part_01,audio,10_S老师IP资产,D_Evan_video,D:\Evan\video,D:\Evan\video\spacex\output\voice_full_beats\beat_26_parts\part_01.mp3,spacex\output\voice_full_beats\beat_26_parts\part_01.mp3,.mp3,49824,2026-05-20T12:21:52,2026-05-30T10:20:16,pending,none,internal,D:\Evan\AI-KnowledgeHub\10_S老师IP资产\_imported\D_Evan_video\spacex\output\voice_full_beats\beat_26_parts\part_01.mp3,external_original_only,2026-09-20T14:42:32+08:00,True
22c5fa9db94e7e75,part_02,audio,10_S老师IP资产,D_Evan_video,D:\Evan\video,D:\Evan\video\spacex\output\voice_full_beats\beat_26_parts\part_02.mp3,spacex\output\voice_full_beats\beat_26_parts\part_02.mp3,.mp3,111744,2026-05-20T12:21:55,2026-05-30T10:20:16,pending,none,internal,D:\Evan\AI-KnowledgeHub\10_S老师IP资产\_imported\D_Evan_video\spacex\output\voice_full_beats\beat_26_parts\part_02.mp3,external_original_only,2026-09-20T14:42:32+08:00,True
524875540620955b,beat_27,audio,10_S老师IP资产,D_Evan_video,D:\Evan\video,D:\Evan\video\spacex\output\voice_full_beats\beat_27.mp3,spacex\output\voice_full_beats\beat_27.mp3,.mp3,220700,2026-05-20T12:22:03,2026-05-30T10:20:16,pending,none,internal,D:\Evan\AI-KnowledgeHub\10_S老师IP资产\_imported\D_Evan_video\spacex\output\voice_full_beats\beat_27.mp3,external_original_only,2026-09-20T14:42:32+08:00,True
9f4c75c056ea2a6d,part_01,audio,10_S老师IP资产,D_Evan_video,D:\Evan\video,D:\Evan\video\spacex\output\voice_full_beats\beat_27_parts\part_01.mp3,spacex\output\voice_full_beats\beat_27_parts\part_01.mp3,.mp3,145152,2026-05-20T12:22:00,2026-05-30T10:20:16,pending,none,internal,D:\Evan\AI-KnowledgeHub\10_S老师IP资产\_imported\D_Evan_video\spacex\output\voice_full_beats\beat_27_parts\part_01.mp3,external_original_only,2026-09-20T14:42:32+08:00,True
40a88249bcd65353,part_02,audio,10_S老师IP资产,D_Evan_video,D:\Evan\video,D:\Evan\video\spacex\output\voice_full_beats\beat_27_parts\part_02.mp3,spacex\output\voice_full_beats\beat_27_parts\part_02.mp3,.mp3,75312,2026-05-20T12:22:03,2026-05-30T10:20:16,pending,none,internal,D:\Evan\AI-KnowledgeHub\10_S老师IP资产\_imported\D_Evan_video\spacex\output\voice_full_beats\beat_27_parts\part_02.mp3,external_original_only,2026-09-20T14:42:32+08:00,True
087820b924d2e29b,beat_28,audio,10_S老师IP资产,D_Evan_video,D:\Evan\video,D:\Evan\video\spacex\output\voice_full_beats\beat_28.mp3,spacex\output\voice_full_beats\beat_28.mp3,.mp3,258860,2026-05-20T12:22:09,2026-05-30T10:20:16,pending,none,internal,D:\Evan\AI-KnowledgeHub\10_S老师IP资产\_imported\D_Evan_video\spacex\output\voice_full_beats\beat_28.mp3,external_original_only,2026-09-20T14:42:32+08:00,True
ed345fb4d33117f9,part_01,audio,10_S老师IP资产,D_Evan_video,D:\Evan\video,D:\Evan\video\spacex\output\voice_full_beats\beat_28_parts\part_01.mp3,spacex\output\voice_full_beats\beat_28_parts\part_01.mp3,.mp3,125136,2026-05-20T12:22:07,2026-05-30T10:20:16,pending,none,internal,D:\Evan\AI-KnowledgeHub\10_S老师IP资产\_imported\D_Evan_video\spacex\output\voice_full_beats\beat_28_parts\part_01.mp3,external_original_only,2026-09-20T14:42:32+08:00,True
3d9ee61981cee31c,part_02,audio,10_S老师IP资产,D_Evan_video,D:\Evan\video,D:\Evan\video\spacex\output\voice_full_beats\beat_28_parts\part_02.mp3,spacex\output\voice_full_beats\beat_28_parts\part_02.mp3,.mp3,133488,2026-05-20T12:22:09,2026-05-30T10:20:16,pending,none,internal,D:\Evan\AI-KnowledgeHub\10_S老师IP资产\_imported\D_Evan_video\spacex\output\voice_full_beats\beat_28_parts\part_02.mp3,external_original_only,2026-09-20T14:42:32+08:00,True
84f48179be2ce305,长鑫-三巨头垄断-产业替代-配音,audio,10_S老师IP资产,D_Evan_video,D:\Evan\video,D:\Evan\video\zhuyiming\jianying_import_pack\audio\长鑫-三巨头垄断-产业替代-配音.mp3,zhuyiming\jianying_import_pack\audio\长鑫-三巨头垄断-产业替代-配音.mp3,.mp3,293328,2026-05-23T18:17:05,2026-05-30T10:20:16,pending,none,internal,D:\Evan\AI-KnowledgeHub\10_S老师IP资产\_imported\D_Evan_video\zhuyiming\jianying_import_pack\audio\长鑫-三巨头垄断-产业替代-配音.mp3,external_original_only,2026-09-20T14:42:32+08:00,True
998e5501a515762b,镜头01-可编辑视频段,video,10_S老师IP资产,D_Evan_video,D:\Evan\video,D:\Evan\video\zhuyiming\jianying_import_pack\video_segments\镜头01-可编辑视频段.mp4,zhuyiming\jianying_import_pack\video_segments\镜头01-可编辑视频段.mp4,.mp4,1826357,2026-05-23T18:38:25,2026-05-30T10:20:16,pending,none,internal,D:\Evan\AI-KnowledgeHub\10_S老师IP资产\_imported\D_Evan_video\zhuyiming\jianying_import_pack\video_segments\镜头01-可编辑视频段.mp4,external_original_only,2026-09-20T14:42:32+08:00,True
4241c522ceef5db1,镜头02-可编辑视频段,video,10_S老师IP资产,D_Evan_video,D:\Evan\video,D:\Evan\video\zhuyiming\jianying_import_pack\video_segments\镜头02-可编辑视频段.mp4,zhuyiming\jianying_import_pack\video_segments\镜头02-可编辑视频段.mp4,.mp4,532351,2026-05-23T18:38:26,2026-05-30T10:20:16,pending,none,internal,D:\Evan\AI-KnowledgeHub\10_S老师IP资产\_imported\D_Evan_video\zhuyiming\jianying_import_pack\video_segments\镜头02-可编辑视频段.mp4,external_original_only,2026-09-20T14:42:32+08:00,True
c39ddfed08b67d8c,镜头03-可编辑视频段,video,10_S老师IP资产,D_Evan_video,D:\Evan\video,D:\Evan\video\zhuyiming\jianying_import_pack\video_segments\镜头03-可编辑视频段.mp4,zhuyiming\jianying_import_pack\video_segments\镜头03-可编辑视频段.mp4,.mp4,487125,2026-05-23T18:38:27,2026-05-30T10:20:16,pending,none,internal,D:\Evan\AI-KnowledgeHub\10_S老师IP资产\_imported\D_Evan_video\zhuyiming\jianying_import_pack\video_segments\镜头03-可编辑视频段.mp4,external_original_only,2026-09-20T14:42:32+08:00,True
c40d6b7302b3b0b5,镜头04-可编辑视频段,video,10_S老师IP资产,D_Evan_video,D:\Evan\video,D:\Evan\video\zhuyiming\jianying_import_pack\video_segments\镜头04-可编辑视频段.mp4,zhuyiming\jianying_import_pack\video_segments\镜头04-可编辑视频段.mp4,.mp4,173149,2026-05-23T18:38:28,2026-05-30T10:20:16,pending,none,internal,D:\Evan\AI-KnowledgeHub\10_S老师IP资产\_imported\D_Evan_video\zhuyiming\jianying_import_pack\video_segments\镜头04-可编辑视频段.mp4,external_original_only,2026-09-20T14:42:32+08:00,True
797aaeec84952603,镜头05-可编辑视频段,video,10_S老师IP资产,D_Evan_video,D:\Evan\video,D:\Evan\video\zhuyiming\jianying_import_pack\video_segments\镜头05-可编辑视频段.mp4,zhuyiming\jianying_import_pack\video_segments\镜头05-可编辑视频段.mp4,.mp4,1950964,2026-05-23T18:38:29,2026-05-30T10:20:16,pending,none,internal,D:\Evan\AI-KnowledgeHub\10_S老师IP资产\_imported\D_Evan_video\zhuyiming\jianying_import_pack\video_segments\镜头05-可编辑视频段.mp4,external_original_only,2026-09-20T14:42:32+08:00,True
918e740544fbb1bd,镜头06-可编辑视频段,video,10_S老师IP资产,D_Evan_video,D:\Evan\video,D:\Evan\video\zhuyiming\jianying_import_pack\video_segments\镜头06-可编辑视频段.mp4,zhuyiming\jianying_import_pack\video_segments\镜头06-可编辑视频段.mp4,.mp4,1040047,2026-05-23T18:38:30,2026-05-30T10:20:16,pending,none,internal,D:\Evan\AI-KnowledgeHub\10_S老师IP资产\_imported\D_Evan_video\zhuyiming\jianying_import_pack\video_segments\镜头06-可编辑视频段.mp4,external_original_only,2026-09-20T14:42:32+08:00,True
11095fb72cab3aae,镜头07-可编辑视频段,video,10_S老师IP资产,D_Evan_video,D:\Evan\video,D:\Evan\video\zhuyiming\jianying_import_pack\video_segments\镜头07-可编辑视频段.mp4,zhuyiming\jianying_import_pack\video_segments\镜头07-可编辑视频段.mp4,.mp4,2360083,2026-05-23T18:38:32,2026-05-30T10:20:16,pending,none,internal,D:\Evan\AI-KnowledgeHub\10_S老师IP资产\_imported\D_Evan_video\zhuyiming\jianying_import_pack\video_segments\镜头07-可编辑视频段.mp4,external_original_only,2026-09-20T14:42:32+08:00,True
eb66605bc149bfc7,镜头08-可编辑视频段,video,10_S老师IP资产,D_Evan_video,D:\Evan\video,D:\Evan\video\zhuyiming\jianying_import_pack\video_segments\镜头08-可编辑视频段.mp4,zhuyiming\jianying_import_pack\video_segments\镜头08-可编辑视频段.mp4,.mp4,1838386,2026-05-23T18:38:33,2026-05-30T10:20:16,pending,none,internal,D:\Evan\AI-KnowledgeHub\10_S老师IP资产\_imported\D_Evan_video\zhuyiming\jianying_import_pack\video_segments\镜头08-可编辑视频段.mp4,external_original_only,2026-09-20T14:42:32+08:00,True
e637fa1f715855cf,镜头09-可编辑视频段,video,10_S老师IP资产,D_Evan_video,D:\Evan\video,D:\Evan\video\zhuyiming\jianying_import_pack\video_segments\镜头09-可编辑视频段.mp4,zhuyiming\jianying_import_pack\video_segments\镜头09-可编辑视频段.mp4,.mp4,995296,2026-05-23T18:38:34,2026-05-30T10:20:16,pending,none,internal,D:\Evan\AI-KnowledgeHub\10_S老师IP资产\_imported\D_Evan_video\zhuyiming\jianying_import_pack\video_segments\镜头09-可编辑视频段.mp4,external_original_only,2026-09-20T14:42:32+08:00,True
bef0ded01eeb08d9,镜头10-可编辑视频段,video,10_S老师IP资产,D_Evan_video,D:\Evan\video,D:\Evan\video\zhuyiming\jianying_import_pack\video_segments\镜头10-可编辑视频段.mp4,zhuyiming\jianying_import_pack\video_segments\镜头10-可编辑视频段.mp4,.mp4,824864,2026-05-23T18:38:35,2026-05-30T10:20:16,pending,none,internal,D:\Evan\AI-KnowledgeHub\10_S老师IP资产\_imported\D_Evan_video\zhuyiming\jianying_import_pack\video_segments\镜头10-可编辑视频段.mp4,external_original_only,2026-09-20T14:42:32+08:00,True
6d5ba1791cacecb3,镜头11-可编辑视频段,video,10_S老师IP资产,D_Evan_video,D:\Evan\video,D:\Evan\video\zhuyiming\jianying_import_pack\video_segments\镜头11-可编辑视频段.mp4,zhuyiming\jianying_import_pack\video_segments\镜头11-可编辑视频段.mp4,.mp4,2713089,2026-05-23T18:38:36,2026-05-30T10:20:16,pending,none,internal,D:\Evan\AI-KnowledgeHub\10_S老师IP资产\_imported\D_Evan_video\zhuyiming\jianying_import_pack\video_segments\镜头11-可编辑视频段.mp4,external_original_only,2026-09-20T14:42:32+08:00,True
e3e6b52c26b3df7b,镜头12-可编辑视频段,video,10_S老师IP资产,D_Evan_video,D:\Evan\video,D:\Evan\video\zhuyiming\jianying_import_pack\video_segments\镜头12-可编辑视频段.mp4,zhuyiming\jianying_import_pack\video_segments\镜头12-可编辑视频段.mp4,.mp4,1111289,2026-05-23T18:38:38,2026-05-30T10:20:16,pending,none,internal,D:\Evan\AI-KnowledgeHub\10_S老师IP资产\_imported\D_Evan_video\zhuyiming\jianying_import_pack\video_segments\镜头12-可编辑视频段.mp4,external_original_only,2026-09-20T14:42:32+08:00,True
7aa2a17558e52c36,镜头13-可编辑视频段,video,10_S老师IP资产,D_Evan_video,D:\Evan\video,D:\Evan\video\zhuyiming\jianying_import_pack\video_segments\镜头13-可编辑视频段.mp4,zhuyiming\jianying_import_pack\video_segments\镜头13-可编辑视频段.mp4,.mp4,1727080,2026-05-23T18:38:39,2026-05-30T10:20:16,pending,none,internal,D:\Evan\AI-KnowledgeHub\10_S老师IP资产\_imported\D_Evan_video\zhuyiming\jianying_import_pack\video_segments\镜头13-可编辑视频段.mp4,external_original_only,2026-09-20T14:42:32+08:00,True
1fd8f5389f21e0e8,镜头14-可编辑视频段,video,10_S老师IP资产,D_Evan_video,D:\Evan\video,D:\Evan\video\zhuyiming\jianying_import_pack\video_segments\镜头14-可编辑视频段.mp4,zhuyiming\jianying_import_pack\video_segments\镜头14-可编辑视频段.mp4,.mp4,3569940,2026-05-23T18:38:40,2026-05-30T10:20:16,pending,none,internal,D:\Evan\AI-KnowledgeHub\10_S老师IP资产\_imported\D_Evan_video\zhuyiming\jianying_import_pack\video_segments\镜头14-可编辑视频段.mp4,external_original_only,2026-09-20T14:42:32+08:00,True
99ce219889e61ed2,镜头15-可编辑视频段,video,10_S老师IP资产,D_Evan_video,D:\Evan\video,D:\Evan\video\zhuyiming\jianying_import_pack\video_segments\镜头15-可编辑视频段.mp4,zhuyiming\jianying_import_pack\video_segments\镜头15-可编辑视频段.mp4,.mp4,755164,2026-05-23T18:38:41,2026-05-30T10:20:16,pending,none,internal,D:\Evan\AI-KnowledgeHub\10_S老师IP资产\_imported\D_Evan_video\zhuyiming\jianying_import_pack\video_segments\镜头15-可编辑视频段.mp4,external_original_only,2026-09-20T14:42:32+08:00,True
1784dbdf69b024e6,镜头16-可编辑视频段,video,10_S老师IP资产,D_Evan_video,D:\Evan\video,D:\Evan\video\zhuyiming\jianying_import_pack\video_segments\镜头16-可编辑视频段.mp4,zhuyiming\jianying_import_pack\video_segments\镜头16-可编辑视频段.mp4,.mp4,4205274,2026-05-23T18:38:43,2026-05-30T10:20:16,pending,none,internal,D:\Evan\AI-KnowledgeHub\10_S老师IP资产\_imported\D_Evan_video\zhuyiming\jianying_import_pack\video_segments\镜头16-可编辑视频段.mp4,external_original_only,2026-09-20T14:42:32+08:00,True
f1775de0bb0b406b,长鑫-三巨头垄断-产业替代-精剪版-v4,video,10_S老师IP资产,D_Evan_video,D:\Evan\video,D:\Evan\video\zhuyiming\jianying_import_pack\长鑫-三巨头垄断-产业替代-精剪版-v4.mp4,zhuyiming\jianying_import_pack\长鑫-三巨头垄断-产业替代-精剪版-v4.mp4,.mp4,25892346,2026-05-23T18:38:44,2026-05-30T10:20:16,pending,none,internal,D:\Evan\AI-KnowledgeHub\10_S老师IP资产\_imported\D_Evan_video\zhuyiming\jianying_import_pack\长鑫-三巨头垄断-产业替代-精剪版-v4.mp4,external_original_only,2026-09-20T14:42:32+08:00,True
27d046ebcd9aa103,长鑫-三巨头垄断-产业替代-配音,audio,10_S老师IP资产,D_Evan_video,D:\Evan\video,D:\Evan\video\zhuyiming\jianying_import_pack_v2_no_host\audio\长鑫-三巨头垄断-产业替代-配音.mp3,zhuyiming\jianying_import_pack_v2_no_host\audio\长鑫-三巨头垄断-产业替代-配音.mp3,.mp3,293328,2026-05-23T18:17:05,2026-05-30T10:20:16,pending,none,internal,D:\Evan\AI-KnowledgeHub\10_S老师IP资产\_imported\D_Evan_video\zhuyiming\jianying_import_pack_v2_no_host\audio\长鑫-三巨头垄断-产业替代-配音.mp3,external_original_only,2026-09-20T14:42:32+08:00,True
eb68d6607c909f71,镜头01-01-长鑫厂区,video,10_S老师IP资产,D_Evan_video,D:\Evan\video,D:\Evan\video\zhuyiming\jianying_import_pack_v2_no_host\video_segments\镜头01-01-长鑫厂区.mp4,zhuyiming\jianying_import_pack_v2_no_host\video_segments\镜头01-01-长鑫厂区.mp4,.mp4,2749824,2026-05-23T22:53:45,2026-05-30T10:20:16,pending,none,internal,D:\Evan\AI-KnowledgeHub\10_S老师IP资产\_imported\D_Evan_video\zhuyiming\jianying_import_pack_v2_no_host\video_segments\镜头01-01-长鑫厂区.mp4,external_original_only,2026-09-20T14:42:32+08:00,True
a8317aad5852aea6,镜头01-02-晶圆产线,video,10_S老师IP资产,D_Evan_video,D:\Evan\video,D:\Evan\video\zhuyiming\jianying_import_pack_v2_no_host\video_segments\镜头01-02-晶圆产线.mp4,zhuyiming\jianying_import_pack_v2_no_host\video_segments\镜头01-02-晶圆产线.mp4,.mp4,1346719,2026-05-23T22:53:46,2026-05-30T10:20:16,pending,none,internal,D:\Evan\AI-KnowledgeHub\10_S老师IP资产\_imported\D_Evan_video\zhuyiming\jianying_import_pack_v2_no_host\video_segments\镜头01-02-晶圆产线.mp4,external_original_only,2026-09-20T14:42:32+08:00,True
d863094e073f6f9f,镜头02-01-长鑫厂房,video,10_S老师IP资产,D_Evan_video,D:\Evan\video,D:\Evan\video\zhuyiming\jianying_import_pack_v2_no_host\video_segments\镜头02-01-长鑫厂房.mp4,zhuyiming\jianying_import_pack_v2_no_host\video_segments\镜头02-01-长鑫厂房.mp4,.mp4,1499223,2026-05-23T22:53:47,2026-05-30T10:20:16,pending,none,internal,D:\Evan\AI-KnowledgeHub\10_S老师IP资产\_imported\D_Evan_video\zhuyiming\jianying_import_pack_v2_no_host\video_segments\镜头02-01-长鑫厂房.mp4,external_original_only,2026-09-20T14:42:32+08:00,True
2d6fe7635735a462,镜头03-01-海力士洁净室,video,10_S老师IP资产,D_Evan_video,D:\Evan\video,D:\Evan\video\zhuyiming\jianying_import_pack_v2_no_host\video_segments\镜头03-01-海力士洁净室.mp4,zhuyiming\jianying_import_pack_v2_no_host\video_segments\镜头03-01-海力士洁净室.mp4,.mp4,218712,2026-05-23T22:53:47,2026-05-30T10:20:16,pending,none,internal,D:\Evan\AI-KnowledgeHub\10_S老师IP资产\_imported\D_Evan_video\zhuyiming\jianying_import_pack_v2_no_host\video_segments\镜头03-01-海力士洁净室.mp4,external_original_only,2026-09-20T14:42:32+08:00,True
a5239303549eeb2d,镜头04-01-三巨头标识,video,10_S老师IP资产,D_Evan_video,D:\Evan\video,D:\Evan\video\zhuyiming\jianying_import_pack_v2_no_host\video_segments\镜头04-01-三巨头标识.mp4,zhuyiming\jianying_import_pack_v2_no_host\video_segments\镜头04-01-三巨头标识.mp4,.mp4,88296,2026-05-23T22:53:48,2026-05-30T10:20:16,pending,none,internal,D:\Evan\AI-KnowledgeHub\10_S老师IP资产\_imported\D_Evan_video\zhuyiming\jianying_import_pack_v2_no_host\video_segments\镜头04-01-三巨头标识.mp4,external_original_only,2026-09-20T14:42:32+08:00,True
fd1c3fd7735d86e1,镜头04-02-海力士厂房,video,10_S老师IP资产,D_Evan_video,D:\Evan\video,D:\Evan\video\zhuyiming\jianying_import_pack_v2_no_host\video_segments\镜头04-02-海力士厂房.mp4,zhuyiming\jianying_import_pack_v2_no_host\video_segments\镜头04-02-海力士厂房.mp4,.mp4,577142,2026-05-23T22:53:48,2026-05-30T10:20:16,pending,none,internal,D:\Evan\AI-KnowledgeHub\10_S老师IP资产\_imported\D_Evan_video\zhuyiming\jianying_import_pack_v2_no_host\video_segments\镜头04-02-海力士厂房.mp4,external_original_only,2026-09-20T14:42:32+08:00,True
7c1b8e8133d91fb0,镜头05-01-DRAM巨头,video,10_S老师IP资产,D_Evan_video,D:\Evan\video,D:\Evan\video\zhuyiming\jianying_import_pack_v2_no_host\video_segments\镜头05-01-DRAM巨头.mp4,zhuyiming\jianying_import_pack_v2_no_host\video_segments\镜头05-01-DRAM巨头.mp4,.mp4,88296,2026-05-23T22:53:49,2026-05-30T10:20:16,pending,none,internal,D:\Evan\AI-KnowledgeHub\10_S老师IP资产\_imported\D_Evan_video\zhuyiming\jianying_import_pack_v2_no_host\video_segments\镜头05-01-DRAM巨头.mp4,external_original_only,2026-09-20T14:42:32+08:00,True
436a8154f9ad57f3,镜头05-02-韩国DRAM产线,video,10_S老师IP资产,D_Evan_video,D:\Evan\video,D:\Evan\video\zhuyiming\jianying_import_pack_v2_no_host\video_segments\镜头05-02-韩国DRAM产线.mp4,zhuyiming\jianying_import_pack_v2_no_host\video_segments\镜头05-02-韩国DRAM产线.mp4,.mp4,765850,2026-05-23T22:53:50,2026-05-30T10:20:16,pending,none,internal,D:\Evan\AI-KnowledgeHub\10_S老师IP资产\_imported\D_Evan_video\zhuyiming\jianying_import_pack_v2_no_host\video_segments\镜头05-02-韩国DRAM产线.mp4,external_original_only,2026-09-20T14:42:32+08:00,True
1579f4783ded6aaa,镜头05-03-晶圆检测,video,10_S老师IP资产,D_Evan_video,D:\Evan\video,D:\Evan\video\zhuyiming\jianying_import_pack_v2_no_host\video_segments\镜头05-03-晶圆检测.mp4,zhuyiming\jianying_import_pack_v2_no_host\video_segments\镜头05-03-晶圆检测.mp4,.mp4,144379,2026-05-23T22:53:51,2026-05-30T10:20:16,pending,none,internal,D:\Evan\AI-KnowledgeHub\10_S老师IP资产\_imported\D_Evan_video\zhuyiming\jianying_import_pack_v2_no_host\video_segments\镜头05-03-晶圆检测.mp4,external_original_only,2026-09-20T14:42:32+08:00,True
6a69bb727eca478b,镜头06-01-数据中心,video,10_S老师IP资产,D_Evan_video,D:\Evan\video,D:\Evan\video\zhuyiming\jianying_import_pack_v2_no_host\video_segments\镜头06-01-数据中心.mp4,zhuyiming\jianying_import_pack_v2_no_host\video_segments\镜头06-01-数据中心.mp4,.mp4,2998738,2026-05-23T22:53:52,2026-05-30T10:20:16,pending,none,internal,D:\Evan\AI-KnowledgeHub\10_S老师IP资产\_imported\D_Evan_video\zhuyiming\jianying_import_pack_v2_no_host\video_segments\镜头06-01-数据中心.mp4,external_original_only,2026-09-20T14:42:32+08:00,True
2ac4520ffef8ae84,镜头07-02-服务器机柜,video,10_S老师IP资产,D_Evan_video,D:\Evan\video,D:\Evan\video\zhuyiming\jianying_import_pack_v2_no_host\video_segments\镜头07-02-服务器机柜.mp4,zhuyiming\jianying_import_pack_v2_no_host\video_segments\镜头07-02-服务器机柜.mp4,.mp4,3290102,2026-05-23T22:53:54,2026-05-30T10:20:16,pending,none,internal,D:\Evan\AI-KnowledgeHub\10_S老师IP资产\_imported\D_Evan_video\zhuyiming\jianying_import_pack_v2_no_host\video_segments\镜头07-02-服务器机柜.mp4,external_original_only,2026-09-20T14:42:32+08:00,True
5f3a563072a5687f,镜头08-02-DRAM产品,video,10_S老师IP资产,D_Evan_video,D:\Evan\video,D:\Evan\video\zhuyiming\jianying_import_pack_v2_no_host\video_segments\镜头08-02-DRAM产品.mp4,zhuyiming\jianying_import_pack_v2_no_host\video_segments\镜头08-02-DRAM产品.mp4,.mp4,1993627,2026-05-23T22:53:56,2026-05-30T10:20:16,pending,none,internal,D:\Evan\AI-KnowledgeHub\10_S老师IP资产\_imported\D_Evan_video\zhuyiming\jianying_import_pack_v2_no_host\video_segments\镜头08-02-DRAM产品.mp4,external_original_only,2026-09-20T14:42:32+08:00,True
67f7fe7db52a8bd1,镜头09-01-城市夜景,video,10_S老师IP资产,D_Evan_video,D:\Evan\video,D:\Evan\video\zhuyiming\jianying_import_pack_v2_no_host\video_segments\镜头09-01-城市夜景.mp4,zhuyiming\jianying_import_pack_v2_no_host\video_segments\镜头09-01-城市夜景.mp4,.mp4,1264975,2026-05-23T22:53:57,2026-05-30T10:20:16,pending,none,internal,D:\Evan\AI-KnowledgeHub\10_S老师IP资产\_imported\D_Evan_video\zhuyiming\jianying_import_pack_v2_no_host\video_segments\镜头09-01-城市夜景.mp4,external_original_only,2026-09-20T14:42:32+08:00,True
ff4f5029bf4e39df,镜头10-01-价格图表,video,10_S老师IP资产,D_Evan_video,D:\Evan\video,D:\Evan\video\zhuyiming\jianying_import_pack_v2_no_host\video_segments\镜头10-01-价格图表.mp4,zhuyiming\jianying_import_pack_v2_no_host\video_segments\镜头10-01-价格图表.mp4,.mp4,1082802,2026-05-23T22:53:57,2026-05-30T10:20:16,pending,none,internal,D:\Evan\AI-KnowledgeHub\10_S老师IP资产\_imported\D_Evan_video\zhuyiming\jianying_import_pack_v2_no_host\video_segments\镜头10-01-价格图表.mp4,external_original_only,2026-09-20T14:42:32+08:00,True
7ea11ddf1dbbcf64,镜头11-01-服务器通道,video,10_S老师IP资产,D_Evan_video,D:\Evan\video,D:\Evan\video\zhuyiming\jianying_import_pack_v2_no_host\video_segments\镜头11-01-服务器通道.mp4,zhuyiming\jianying_import_pack_v2_no_host\video_segments\镜头11-01-服务器通道.mp4,.mp4,3042348,2026-05-23T22:53:59,2026-05-30T10:20:16,pending,none,internal,D:\Evan\AI-KnowledgeHub\10_S老师IP资产\_imported\D_Evan_video\zhuyiming\jianying_import_pack_v2_no_host\video_segments\镜头11-01-服务器通道.mp4,external_original_only,2026-09-20T14:42:32+08:00,True
68fb955d8f4b5e2d,镜头12-01-服务器机房,video,10_S老师IP资产,D_Evan_video,D:\Evan\video,D:\Evan\video\zhuyiming\jianying_import_pack_v2_no_host\video_segments\镜头12-01-服务器机房.mp4,zhuyiming\jianying_import_pack_v2_no_host\video_segments\镜头12-01-服务器机房.mp4,.mp4,2517283,2026-05-23T22:53:59,2026-05-30T10:20:16,pending,none,internal,D:\Evan\AI-KnowledgeHub\10_S老师IP资产\_imported\D_Evan_video\zhuyiming\jianying_import_pack_v2_no_host\video_segments\镜头12-01-服务器机房.mp4,external_original_only,2026-09-20T14:42:32+08:00,True
ea094051fc1e41ef,镜头12-02-供应链图,video,10_S老师IP资产,D_Evan_video,D:\Evan\video,D:\Evan\video\zhuyiming\jianying_import_pack_v2_no_host\video_segments\镜头12-02-供应链图.mp4,zhuyiming\jianying_import_pack_v2_no_host\video_segments\镜头12-02-供应链图.mp4,.mp4,27062,2026-05-23T22:54:00,2026-05-30T10:20:16,pending,none,internal,D:\Evan\AI-KnowledgeHub\10_S老师IP资产\_imported\D_Evan_video\zhuyiming\jianying_import_pack_v2_no_host\video_segments\镜头12-02-供应链图.mp4,external_original_only,2026-09-20T14:42:32+08:00,True
606af0f450875c2a,镜头13-01-长鑫产品发布,video,10_S老师IP资产,D_Evan_video,D:\Evan\video,D:\Evan\video\zhuyiming\jianying_import_pack_v2_no_host\video_segments\镜头13-01-长鑫产品发布.mp4,zhuyiming\jianying_import_pack_v2_no_host\video_segments\镜头13-01-长鑫产品发布.mp4,.mp4,143439,2026-05-23T22:54:01,2026-05-30T10:20:16,pending,none,internal,D:\Evan\AI-KnowledgeHub\10_S老师IP资产\_imported\D_Evan_video\zhuyiming\jianying_import_pack_v2_no_host\video_segments\镜头13-01-长鑫产品发布.mp4,external_original_only,2026-09-20T14:42:32+08:00,True
2ed6dadf46e43feb,镜头14-01-长鑫厂房外景,video,10_S老师IP资产,D_Evan_video,D:\Evan\video,D:\Evan\video\zhuyiming\jianying_import_pack_v2_no_host\video_segments\镜头14-01-长鑫厂房外景.mp4,zhuyiming\jianying_import_pack_v2_no_host\video_segments\镜头14-01-长鑫厂房外景.mp4,.mp4,1418176,2026-05-23T22:54:02,2026-05-30T10:20:16,pending,none,internal,D:\Evan\AI-KnowledgeHub\10_S老师IP资产\_imported\D_Evan_video\zhuyiming\jianying_import_pack_v2_no_host\video_segments\镜头14-01-长鑫厂房外景.mp4,external_original_only,2026-09-20T14:42:32+08:00,True
5ed90ba6549e5875,镜头14-02-长鑫建设场景,video,10_S老师IP资产,D_Evan_video,D:\Evan\video,D:\Evan\video\zhuyiming\jianying_import_pack_v2_no_host\video_segments\镜头14-02-长鑫建设场景.mp4,zhuyiming\jianying_import_pack_v2_no_host\video_segments\镜头14-02-长鑫建设场景.mp4,.mp4,2333751,2026-05-23T22:54:03,2026-05-30T10:20:16,pending,none,internal,D:\Evan\AI-KnowledgeHub\10_S老师IP资产\_imported\D_Evan_video\zhuyiming\jianying_import_pack_v2_no_host\video_segments\镜头14-02-长鑫建设场景.mp4,external_original_only,2026-09-20T14:42:32+08:00,True
b5e38f3dfa403afc,镜头14-03-长鑫产线,video,10_S老师IP资产,D_Evan_video,D:\Evan\video,D:\Evan\video\zhuyiming\jianying_import_pack_v2_no_host\video_segments\镜头14-03-长鑫产线.mp4,zhuyiming\jianying_import_pack_v2_no_host\video_segments\镜头14-03-长鑫产线.mp4,.mp4,1126109,2026-05-23T22:54:03,2026-05-30T10:20:16,pending,none,internal,D:\Evan\AI-KnowledgeHub\10_S老师IP资产\_imported\D_Evan_video\zhuyiming\jianying_import_pack_v2_no_host\video_segments\镜头14-03-长鑫产线.mp4,external_original_only,2026-09-20T14:42:32+08:00,True
17cdd448a78431a2,镜头15-01-晶圆工艺,video,10_S老师IP资产,D_Evan_video,D:\Evan\video,D:\Evan\video\zhuyiming\jianying_import_pack_v2_no_host\video_segments\镜头15-01-晶圆工艺.mp4,zhuyiming\jianying_import_pack_v2_no_host\video_segments\镜头15-01-晶圆工艺.mp4,.mp4,145102,2026-05-23T22:54:04,2026-05-30T10:20:16,pending,none,internal,D:\Evan\AI-KnowledgeHub\10_S老师IP资产\_imported\D_Evan_video\zhuyiming\jianying_import_pack_v2_no_host\video_segments\镜头15-01-晶圆工艺.mp4,external_original_only,2026-09-20T14:42:32+08:00,True
a2cbefab5742287e,镜头15-02-洁净室死磕,video,10_S老师IP资产,D_Evan_video,D:\Evan\video,D:\Evan\video\zhuyiming\jianying_import_pack_v2_no_host\video_segments\镜头15-02-洁净室死磕.mp4,zhuyiming\jianying_import_pack_v2_no_host\video_segments\镜头15-02-洁净室死磕.mp4,.mp4,1146982,2026-05-23T22:54:05,2026-05-30T10:20:16,pending,none,internal,D:\Evan\AI-KnowledgeHub\10_S老师IP资产\_imported\D_Evan_video\zhuyiming\jianying_import_pack_v2_no_host\video_segments\镜头15-02-洁净室死磕.mp4,external_original_only,2026-09-20T14:42:32+08:00,True
a35e41aa8b4cb14e,镜头16-02-国产替代产线,video,10_S老师IP资产,D_Evan_video,D:\Evan\video,D:\Evan\video\zhuyiming\jianying_import_pack_v2_no_host\video_segments\镜头16-02-国产替代产线.mp4,zhuyiming\jianying_import_pack_v2_no_host\video_segments\镜头16-02-国产替代产线.mp4,.mp4,1937774,2026-05-23T22:54:07,2026-05-30T10:20:16,pending,none,internal,D:\Evan\AI-KnowledgeHub\10_S老师IP资产\_imported\D_Evan_video\zhuyiming\jianying_import_pack_v2_no_host\video_segments\镜头16-02-国产替代产线.mp4,external_original_only,2026-09-20T14:42:32+08:00,True
ae41d49cadade7ca,长鑫-三巨头垄断-产业替代-剪映精修-v2-去主持人-参考,video,10_S老师IP资产,D_Evan_video,D:\Evan\video,D:\Evan\video\zhuyiming\jianying_import_pack_v2_no_host\长鑫-三巨头垄断-产业替代-剪映精修-v2-去主持人-参考.mp4,zhuyiming\jianying_import_pack_v2_no_host\长鑫-三巨头垄断-产业替代-剪映精修-v2-去主持人-参考.mp4,.mp4,37740477,2026-05-23T22:59:53,2026-05-30T10:20:16,pending,none,internal,D:\Evan\AI-KnowledgeHub\10_S老师IP资产\_imported\D_Evan_video\zhuyiming\jianying_import_pack_v2_no_host\长鑫-三巨头垄断-产业替代-剪映精修-v2-去主持人-参考.mp4,external_original_only,2026-09-20T14:42:32+08:00,True
8999bcacadc07f8c,reference_v6,video,10_S老师IP资产,D_Evan_video,D:\Evan\video,D:\Evan\video\zhuyiming\jianying_import_pack_v6_ip_transparent\reference_v6.mp4,zhuyiming\jianying_import_pack_v6_ip_transparent\reference_v6.mp4,.mp4,43371671,2026-05-25T21:08:16,2026-05-30T10:20:16,pending,none,internal,D:\Evan\AI-KnowledgeHub\10_S老师IP资产\_imported\D_Evan_video\zhuyiming\jianying_import_pack_v6_ip_transparent\reference_v6.mp4,external_original_only,2026-09-20T14:42:32+08:00,True
99e017998e084139,fine_seg_01,video,10_S老师IP资产,D_Evan_video,D:\Evan\video,D:\Evan\video\zhuyiming\output\fine_seg_01.mp4,zhuyiming\output\fine_seg_01.mp4,.mp4,1272836,2026-05-23T17:38:18,2026-05-30T10:20:16,pending,none,internal,D:\Evan\AI-KnowledgeHub\10_S老师IP资产\_imported\D_Evan_video\zhuyiming\output\fine_seg_01.mp4,external_original_only,2026-09-20T14:42:32+08:00,True
2ec258f27c79c3e1,fine_seg_02,video,10_S老师IP资产,D_Evan_video,D:\Evan\video,D:\Evan\video\zhuyiming\output\fine_seg_02.mp4,zhuyiming\output\fine_seg_02.mp4,.mp4,1231685,2026-05-23T17:38:19,2026-05-30T10:20:16,pending,none,internal,D:\Evan\AI-KnowledgeHub\10_S老师IP资产\_imported\D_Evan_video\zhuyiming\output\fine_seg_02.mp4,external_original_only,2026-09-20T14:42:32+08:00,True
fe682f479bb95937,fine_seg_03,video,10_S老师IP资产,D_Evan_video,D:\Evan\video,D:\Evan\video\zhuyiming\output\fine_seg_03.mp4,zhuyiming\output\fine_seg_03.mp4,.mp4,509122,2026-05-23T17:38:21,2026-05-30T10:20:16,pending,none,internal,D:\Evan\AI-KnowledgeHub\10_S老师IP资产\_imported\D_Evan_video\zhuyiming\output\fine_seg_03.mp4,external_original_only,2026-09-20T14:42:32+08:00,True
a16adf8c1a4c9045,fine_seg_04,video,10_S老师IP资产,D_Evan_video,D:\Evan\video,D:\Evan\video\zhuyiming\output\fine_seg_04.mp4,zhuyiming\output\fine_seg_04.mp4,.mp4,161786,2026-05-23T17:38:22,2026-05-30T10:20:16,pending,none,internal,D:\Evan\AI-KnowledgeHub\10_S老师IP资产\_imported\D_Evan_video\zhuyiming\output\fine_seg_04.mp4,external_original_only,2026-09-20T14:42:32+08:00,True
f43da03d2f65419f,fine_seg_05,video,10_S老师IP资产,D_Evan_video,D:\Evan\video,D:\Evan\video\zhuyiming\output\fine_seg_05.mp4,zhuyiming\output\fine_seg_05.mp4,.mp4,470658,2026-05-23T17:38:24,2026-05-30T10:20:16,pending,none,internal,D:\Evan\AI-KnowledgeHub\10_S老师IP资产\_imported\D_Evan_video\zhuyiming\output\fine_seg_05.mp4,external_original_only,2026-09-20T14:42:32+08:00,True
ff50af4032eb965f,fine_seg_06,video,10_S老师IP资产,D_Evan_video,D:\Evan\video,D:\Evan\video\zhuyiming\output\fine_seg_06.mp4,zhuyiming\output\fine_seg_06.mp4,.mp4,1474427,2026-05-23T17:38:26,2026-05-30T10:20:16,pending,none,internal,D:\Evan\AI-KnowledgeHub\10_S老师IP资产\_imported\D_Evan_video\zhuyiming\output\fine_seg_06.mp4,external_original_only,2026-09-20T14:42:32+08:00,True
5c9ba6b0195317c0,fine_seg_07,video,10_S老师IP资产,D_Evan_video,D:\Evan\video,D:\Evan\video\zhuyiming\output\fine_seg_07.mp4,zhuyiming\output\fine_seg_07.mp4,.mp4,3235997,2026-05-23T17:38:29,2026-05-30T10:20:16,pending,none,internal,D:\Evan\AI-KnowledgeHub\10_S老师IP资产\_imported\D_Evan_video\zhuyiming\output\fine_seg_07.mp4,external_original_only,2026-09-20T14:42:32+08:00,True
236d56876634d289,fine_seg_08,video,10_S老师IP资产,D_Evan_video,D:\Evan\video,D:\Evan\video\zhuyiming\output\fine_seg_08.mp4,zhuyiming\output\fine_seg_08.mp4,.mp4,3453812,2026-05-23T17:38:32,2026-05-30T10:20:16,pending,none,internal,D:\Evan\AI-KnowledgeHub\10_S老师IP资产\_imported\D_Evan_video\zhuyiming\output\fine_seg_08.mp4,external_original_only,2026-09-20T14:42:32+08:00,True
a21938aef25fddc1,fine_seg_09,video,10_S老师IP资产,D_Evan_video,D:\Evan\video,D:\Evan\video\zhuyiming\output\fine_seg_09.mp4,zhuyiming\output\fine_seg_09.mp4,.mp4,1073354,2026-05-23T17:38:35,2026-05-30T10:20:16,pending,none,internal,D:\Evan\AI-KnowledgeHub\10_S老师IP资产\_imported\D_Evan_video\zhuyiming\output\fine_seg_09.mp4,external_original_only,2026-09-20T14:42:32+08:00,True
4ad9a9afb05a413a,fine_seg_10,video,10_S老师IP资产,D_Evan_video,D:\Evan\video,D:\Evan\video\zhuyiming\output\fine_seg_10.mp4,zhuyiming\output\fine_seg_10.mp4,.mp4,781082,2026-05-23T17:38:36,2026-05-30T10:20:16,pending,none,internal,D:\Evan\AI-KnowledgeHub\10_S老师IP资产\_imported\D_Evan_video\zhuyiming\output\fine_seg_10.mp4,external_original_only,2026-09-20T14:42:32+08:00,True
d28f55af558ec5c4,fine_seg_11,video,10_S老师IP资产,D_Evan_video,D:\Evan\video,D:\Evan\video\zhuyiming\output\fine_seg_11.mp4,zhuyiming\output\fine_seg_11.mp4,.mp4,28057,2026-05-23T17:38:38,2026-05-30T10:20:16,pending,none,internal,D:\Evan\AI-KnowledgeHub\10_S老师IP资产\_imported\D_Evan_video\zhuyiming\output\fine_seg_11.mp4,external_original_only,2026-09-20T14:42:32+08:00,True
45f4b92ae9cf0787,fine_seg_12,video,10_S老师IP资产,D_Evan_video,D:\Evan\video,D:\Evan\video\zhuyiming\output\fine_seg_12.mp4,zhuyiming\output\fine_seg_12.mp4,.mp4,3364391,2026-05-23T17:38:41,2026-05-30T10:20:16,pending,none,internal,D:\Evan\AI-KnowledgeHub\10_S老师IP资产\_imported\D_Evan_video\zhuyiming\output\fine_seg_12.mp4,external_original_only,2026-09-20T14:42:32+08:00,True
a4b2a87c0d871462,fine_seg_13,video,10_S老师IP资产,D_Evan_video,D:\Evan\video,D:\Evan\video\zhuyiming\output\fine_seg_13.mp4,zhuyiming\output\fine_seg_13.mp4,.mp4,702581,2026-05-23T17:38:44,2026-05-30T10:20:16,pending,none,internal,D:\Evan\AI-KnowledgeHub\10_S老师IP资产\_imported\D_Evan_video\zhuyiming\output\fine_seg_13.mp4,external_original_only,2026-09-20T14:42:32+08:00,True
e561f3341dc3902a,fine_seg_14,video,10_S老师IP资产,D_Evan_video,D:\Evan\video,D:\Evan\video\zhuyiming\output\fine_seg_14.mp4,zhuyiming\output\fine_seg_14.mp4,.mp4,2430844,2026-05-23T17:38:46,2026-05-30T10:20:16,pending,none,internal,D:\Evan\AI-KnowledgeHub\10_S老师IP资产\_imported\D_Evan_video\zhuyiming\output\fine_seg_14.mp4,external_original_only,2026-09-20T14:42:32+08:00,True
ee86c6f12b347d67,fine_seg_15,video,10_S老师IP资产,D_Evan_video,D:\Evan\video,D:\Evan\video\zhuyiming\output\fine_seg_15.mp4,zhuyiming\output\fine_seg_15.mp4,.mp4,726659,2026-05-23T17:38:49,2026-05-30T10:20:16,pending,none,internal,D:\Evan\AI-KnowledgeHub\10_S老师IP资产\_imported\D_Evan_video\zhuyiming\output\fine_seg_15.mp4,external_original_only,2026-09-20T14:42:32+08:00,True
3ca734293998d5fc,fine_seg_16,video,10_S老师IP资产,D_Evan_video,D:\Evan\video,D:\Evan\video\zhuyiming\output\fine_seg_16.mp4,zhuyiming\output\fine_seg_16.mp4,.mp4,4494781,2026-05-23T17:38:53,2026-05-30T10:20:16,pending,none,internal,D:\Evan\AI-KnowledgeHub\10_S老师IP资产\_imported\D_Evan_video\zhuyiming\output\fine_seg_16.mp4,external_original_only,2026-09-20T14:42:32+08:00,True
80f7d76057671962,fine_v2_seg_01,video,10_S老师IP资产,D_Evan_video,D:\Evan\video,D:\Evan\video\zhuyiming\output\fine_v2_seg_01.mp4,zhuyiming\output\fine_v2_seg_01.mp4,.mp4,1826357,2026-05-23T18:38:25,2026-05-30T10:20:16,pending,none,internal,D:\Evan\AI-KnowledgeHub\10_S老师IP资产\_imported\D_Evan_video\zhuyiming\output\fine_v2_seg_01.mp4,external_original_only,2026-09-20T14:42:32+08:00,True
782baeb0e8d07976,fine_v2_seg_02,video,10_S老师IP资产,D_Evan_video,D:\Evan\video,D:\Evan\video\zhuyiming\output\fine_v2_seg_02.mp4,zhuyiming\output\fine_v2_seg_02.mp4,.mp4,532351,2026-05-23T18:38:26,2026-05-30T10:20:16,pending,none,internal,D:\Evan\AI-KnowledgeHub\10_S老师IP资产\_imported\D_Evan_video\zhuyiming\output\fine_v2_seg_02.mp4,external_original_only,2026-09-20T14:42:32+08:00,True
655d5c12e9eee01b,fine_v2_seg_03,video,10_S老师IP资产,D_Evan_video,D:\Evan\video,D:\Evan\video\zhuyiming\output\fine_v2_seg_03.mp4,zhuyiming\output\fine_v2_seg_03.mp4,.mp4,487125,2026-05-23T18:38:27,2026-05-30T10:20:16,pending,none,internal,D:\Evan\AI-KnowledgeHub\10_S老师IP资产\_imported\D_Evan_video\zhuyiming\output\fine_v2_seg_03.mp4,external_original_only,2026-09-20T14:42:32+08:00,True
75da500a7a710528,fine_v2_seg_04,video,10_S老师IP资产,D_Evan_video,D:\Evan\video,D:\Evan\video\zhuyiming\output\fine_v2_seg_04.mp4,zhuyiming\output\fine_v2_seg_04.mp4,.mp4,173149,2026-05-23T18:38:28,2026-05-30T10:20:16,pending,none,internal,D:\Evan\AI-KnowledgeHub\10_S老师IP资产\_imported\D_Evan_video\zhuyiming\output\fine_v2_seg_04.mp4,external_original_only,2026-09-20T14:42:32+08:00,True
04d672d865dbb994,fine_v2_seg_05,video,10_S老师IP资产,D_Evan_video,D:\Evan\video,D:\Evan\video\zhuyiming\output\fine_v2_seg_05.mp4,zhuyiming\output\fine_v2_seg_05.mp4,.mp4,1950964,2026-05-23T18:38:29,2026-05-30T10:20:16,pending,none,internal,D:\Evan\AI-KnowledgeHub\10_S老师IP资产\_imported\D_Evan_video\zhuyiming\output\fine_v2_seg_05.mp4,external_original_only,2026-09-20T14:42:32+08:00,True
5774776d236142df,fine_v2_seg_06,video,10_S老师IP资产,D_Evan_video,D:\Evan\video,D:\Evan\video\zhuyiming\output\fine_v2_seg_06.mp4,zhuyiming\output\fine_v2_seg_06.mp4,.mp4,1040047,2026-05-23T18:38:30,2026-05-30T10:20:16,pending,none,internal,D:\Evan\AI-KnowledgeHub\10_S老师IP资产\_imported\D_Evan_video\zhuyiming\output\fine_v2_seg_06.mp4,external_original_only,2026-09-20T14:42:32+08:00,True
fc332cf8fbba4751,fine_v2_seg_07,video,10_S老师IP资产,D_Evan_video,D:\Evan\video,D:\Evan\video\zhuyiming\output\fine_v2_seg_07.mp4,zhuyiming\output\fine_v2_seg_07.mp4,.mp4,2360083,2026-05-23T18:38:32,2026-05-30T10:20:16,pending,none,internal,D:\Evan\AI-KnowledgeHub\10_S老师IP资产\_imported\D_Evan_video\zhuyiming\output\fine_v2_seg_07.mp4,external_original_only,2026-09-20T14:42:32+08:00,True
1e595ff29cd893ef,fine_v2_seg_08,video,10_S老师IP资产,D_Evan_video,D:\Evan\video,D:\Evan\video\zhuyiming\output\fine_v2_seg_08.mp4,zhuyiming\output\fine_v2_seg_08.mp4,.mp4,1838386,2026-05-23T18:38:33,2026-05-30T10:20:16,pending,none,internal,D:\Evan\AI-KnowledgeHub\10_S老师IP资产\_imported\D_Evan_video\zhuyiming\output\fine_v2_seg_08.mp4,external_original_only,2026-09-20T14:42:32+08:00,True
d8162d184e7d50bd,fine_v2_seg_09,video,10_S老师IP资产,D_Evan_video,D:\Evan\video,D:\Evan\video\zhuyiming\output\fine_v2_seg_09.mp4,zhuyiming\output\fine_v2_seg_09.mp4,.mp4,995296,2026-05-23T18:38:34,2026-05-30T10:20:16,pending,none,internal,D:\Evan\AI-KnowledgeHub\10_S老师IP资产\_imported\D_Evan_video\zhuyiming\output\fine_v2_seg_09.mp4,external_original_only,2026-09-20T14:42:32+08:00,True
faf00468296fd70a,fine_v2_seg_10,video,10_S老师IP资产,D_Evan_video,D:\Evan\video,D:\Evan\video\zhuyiming\output\fine_v2_seg_10.mp4,zhuyiming\output\fine_v2_seg_10.mp4,.mp4,824864,2026-05-23T18:38:35,2026-05-30T10:20:16,pending,none,internal,D:\Evan\AI-KnowledgeHub\10_S老师IP资产\_imported\D_Evan_video\zhuyiming\output\fine_v2_seg_10.mp4,external_original_only,2026-09-20T14:42:32+08:00,True
de9aa6c2c7e84eeb,fine_v2_seg_11,video,10_S老师IP资产,D_Evan_video,D:\Evan\video,D:\Evan\video\zhuyiming\output\fine_v2_seg_11.mp4,zhuyiming\output\fine_v2_seg_11.mp4,.mp4,2713089,2026-05-23T18:38:36,2026-05-30T10:20:16,pending,none,internal,D:\Evan\AI-KnowledgeHub\10_S老师IP资产\_imported\D_Evan_video\zhuyiming\output\fine_v2_seg_11.mp4,external_original_only,2026-09-20T14:42:32+08:00,True
0db2b0d174eb02cb,fine_v2_seg_12,video,10_S老师IP资产,D_Evan_video,D:\Evan\video,D:\Evan\video\zhuyiming\output\fine_v2_seg_12.mp4,zhuyiming\output\fine_v2_seg_12.mp4,.mp4,1111289,2026-05-23T18:38:38,2026-05-30T10:20:16,pending,none,internal,D:\Evan\AI-KnowledgeHub\10_S老师IP资产\_imported\D_Evan_video\zhuyiming\output\fine_v2_seg_12.mp4,external_original_only,2026-09-20T14:42:32+08:00,True
2542a90fd98df3be,fine_v2_seg_13,video,10_S老师IP资产,D_Evan_video,D:\Evan\video,D:\Evan\video\zhuyiming\output\fine_v2_seg_13.mp4,zhuyiming\output\fine_v2_seg_13.mp4,.mp4,1727080,2026-05-23T18:38:39,2026-05-30T10:20:16,pending,none,internal,D:\Evan\AI-KnowledgeHub\10_S老师IP资产\_imported\D_Evan_video\zhuyiming\output\fine_v2_seg_13.mp4,external_original_only,2026-09-20T14:42:32+08:00,True
16bb7c4012797a68,fine_v2_seg_14,video,10_S老师IP资产,D_Evan_video,D:\Evan\video,D:\Evan\video\zhuyiming\output\fine_v2_seg_14.mp4,zhuyiming\output\fine_v2_seg_14.mp4,.mp4,3569940,2026-05-23T18:38:40,2026-05-30T10:20:16,pending,none,internal,D:\Evan\AI-KnowledgeHub\10_S老师IP资产\_imported\D_Evan_video\zhuyiming\output\fine_v2_seg_14.mp4,external_original_only,2026-09-20T14:42:32+08:00,True
fab3202c8edcb0e8,fine_v2_seg_15,video,10_S老师IP资产,D_Evan_video,D:\Evan\video,D:\Evan\video\zhuyiming\output\fine_v2_seg_15.mp4,zhuyiming\output\fine_v2_seg_15.mp4,.mp4,755164,2026-05-23T18:38:41,2026-05-30T10:20:16,pending,none,internal,D:\Evan\AI-KnowledgeHub\10_S老师IP资产\_imported\D_Evan_video\zhuyiming\output\fine_v2_seg_15.mp4,external_original_only,2026-09-20T14:42:32+08:00,True
460269dc909703d7,fine_v2_seg_16,video,10_S老师IP资产,D_Evan_video,D:\Evan\video,D:\Evan\video\zhuyiming\output\fine_v2_seg_16.mp4,zhuyiming\output\fine_v2_seg_16.mp4,.mp4,4205274,2026-05-23T18:38:43,2026-05-30T10:20:16,pending,none,internal,D:\Evan\AI-KnowledgeHub\10_S老师IP资产\_imported\D_Evan_video\zhuyiming\output\fine_v2_seg_16.mp4,external_original_only,2026-09-20T14:42:32+08:00,True
1caa3b66aab7fa94,fine_v2_video_only,video,10_S老师IP资产,D_Evan_video,D:\Evan\video,D:\Evan\video\zhuyiming\output\fine_v2_video_only.mp4,zhuyiming\output\fine_v2_video_only.mp4,.mp4,26097945,2026-05-23T18:38:44,2026-05-30T10:20:16,pending,none,internal,D:\Evan\AI-KnowledgeHub\10_S老师IP资产\_imported\D_Evan_video\zhuyiming\output\fine_v2_video_only.mp4,external_original_only,2026-09-20T14:42:32+08:00,True
336ec44cd785ac2d,ip_host_clean,video,10_S老师IP资产,D_Evan_video,D:\Evan\video,D:\Evan\video\zhuyiming\output\ip_v5_work\ip_host_clean.mp4,zhuyiming\output\ip_v5_work\ip_host_clean.mp4,.mp4,5780562,2026-05-25T17:53:00,2026-05-30T10:20:16,pending,none,internal,D:\Evan\AI-KnowledgeHub\10_S老师IP资产\_imported\D_Evan_video\zhuyiming\output\ip_v5_work\ip_host_clean.mp4,external_original_only,2026-09-20T14:42:32+08:00,True
c248bb719ff45261,ip_host_transparent_alpha,video,10_S老师IP资产,D_Evan_video,D:\Evan\video,D:\Evan\video\zhuyiming\output\ip_v6_work\ip_host_transparent_alpha.mov,zhuyiming\output\ip_v6_work\ip_host_transparent_alpha.mov,.mov,656859024,2026-05-25T20:40:00,2026-05-30T10:20:16,pending,none,internal,D:\Evan\AI-KnowledgeHub\10_S老师IP资产\_imported\D_Evan_video\zhuyiming\output\ip_v6_work\ip_host_transparent_alpha.mov,external_original_only,2026-09-20T14:42:32+08:00,True
61bac5ae43f5899a,ip_host_transparent_alpha_prores,video,10_S老师IP资产,D_Evan_video,D:\Evan\video,D:\Evan\video\zhuyiming\output\ip_v6_work\ip_host_transparent_alpha_prores.mov,zhuyiming\output\ip_v6_work\ip_host_transparent_alpha_prores.mov,.mov,443197269,2026-05-25T20:40:11,2026-05-30T10:20:16,pending,none,internal,D:\Evan\AI-KnowledgeHub\10_S老师IP资产\_imported\D_Evan_video\zhuyiming\output\ip_v6_work\ip_host_transparent_alpha_prores.mov,external_original_only,2026-09-20T14:42:32+08:00,True
b94e4b572cb13aaf,ip_host_transparent_shadow_prores,video,10_S老师IP资产,D_Evan_video,D:\Evan\video,D:\Evan\video\zhuyiming\output\ip_v6_work\ip_host_transparent_shadow_prores.mov,zhuyiming\output\ip_v6_work\ip_host_transparent_shadow_prores.mov,.mov,401053162,2026-05-25T21:33:00,2026-05-30T10:20:16,pending,none,internal,D:\Evan\AI-KnowledgeHub\10_S老师IP资产\_imported\D_Evan_video\zhuyiming\output\ip_v6_work\ip_host_transparent_shadow_prores.mov,external_original_only,2026-09-20T14:42:32+08:00,True
93acc24c0e158284,norm_01,video,10_S老师IP资产,D_Evan_video,D:\Evan\video,D:\Evan\video\zhuyiming\output\norm_01.mp4,zhuyiming\output\norm_01.mp4,.mp4,30320916,2026-05-23T16:54:16,2026-05-30T10:20:16,pending,none,internal,D:\Evan\AI-KnowledgeHub\10_S老师IP资产\_imported\D_Evan_video\zhuyiming\output\norm_01.mp4,external_original_only,2026-09-20T14:42:32+08:00,True
7f31a639aebd7bbc,norm_02,video,10_S老师IP资产,D_Evan_video,D:\Evan\video,D:\Evan\video\zhuyiming\output\norm_02.mp4,zhuyiming\output\norm_02.mp4,.mp4,9775378,2026-05-23T16:54:26,2026-05-30T10:20:16,pending,none,internal,D:\Evan\AI-KnowledgeHub\10_S老师IP资产\_imported\D_Evan_video\zhuyiming\output\norm_02.mp4,external_original_only,2026-09-20T14:42:32+08:00,True
ebc391c5bf356e9f,norm_03,video,10_S老师IP资产,D_Evan_video,D:\Evan\video,D:\Evan\video\zhuyiming\output\norm_03.mp4,zhuyiming\output\norm_03.mp4,.mp4,71031272,2026-05-23T16:57:06,2026-05-30T10:20:16,pending,none,internal,D:\Evan\AI-KnowledgeHub\10_S老师IP资产\_imported\D_Evan_video\zhuyiming\output\norm_03.mp4,external_original_only,2026-09-20T14:42:32+08:00,True
a5af1b09e1fc8fdc,norm_04,video,10_S老师IP资产,D_Evan_video,D:\Evan\video,D:\Evan\video\zhuyiming\output\norm_04.mp4,zhuyiming\output\norm_04.mp4,.mp4,19399754,2026-05-23T16:57:54,2026-05-30T10:20:16,pending,none,internal,D:\Evan\AI-KnowledgeHub\10_S老师IP资产\_imported\D_Evan_video\zhuyiming\output\norm_04.mp4,external_original_only,2026-09-20T14:42:32+08:00,True
9c3804ded8c57bd3,norm_05,video,10_S老师IP资产,D_Evan_video,D:\Evan\video,D:\Evan\video\zhuyiming\output\norm_05.mp4,zhuyiming\output\norm_05.mp4,.mp4,23725072,2026-05-23T16:59:10,2026-05-30T10:20:16,pending,none,internal,D:\Evan\AI-KnowledgeHub\10_S老师IP资产\_imported\D_Evan_video\zhuyiming\output\norm_05.mp4,external_original_only,2026-09-20T14:42:32+08:00,True
1891240266fbc0c6,norm_06,video,10_S老师IP资产,D_Evan_video,D:\Evan\video,D:\Evan\video\zhuyiming\output\norm_06.mp4,zhuyiming\output\norm_06.mp4,.mp4,2447749,2026-05-23T16:59:12,2026-05-30T10:20:16,pending,none,internal,D:\Evan\AI-KnowledgeHub\10_S老师IP资产\_imported\D_Evan_video\zhuyiming\output\norm_06.mp4,external_original_only,2026-09-20T14:42:32+08:00,True
925f8ad73161b32d,norm_07,video,10_S老师IP资产,D_Evan_video,D:\Evan\video,D:\Evan\video\zhuyiming\output\norm_07.mp4,zhuyiming\output\norm_07.mp4,.mp4,73010458,2026-05-23T16:59:48,2026-05-30T10:20:16,pending,none,internal,D:\Evan\AI-KnowledgeHub\10_S老师IP资产\_imported\D_Evan_video\zhuyiming\output\norm_07.mp4,external_original_only,2026-09-20T14:42:32+08:00,True
73fd6dd36e90217a,norm_08,video,10_S老师IP资产,D_Evan_video,D:\Evan\video,D:\Evan\video\zhuyiming\output\norm_08.mp4,zhuyiming\output\norm_08.mp4,.mp4,25109682,2026-05-23T17:00:21,2026-05-30T10:20:16,pending,none,internal,D:\Evan\AI-KnowledgeHub\10_S老师IP资产\_imported\D_Evan_video\zhuyiming\output\norm_08.mp4,external_original_only,2026-09-20T14:42:32+08:00,True
4da185a15bca6d5e,zhuyiming_segment_tts,audio,10_S老师IP资产,D_Evan_video,D:\Evan\video,D:\Evan\video\zhuyiming\output\zhuyiming_segment_tts.mp3,zhuyiming\output\zhuyiming_segment_tts.mp3,.mp3,271152,2026-05-23T16:53:58,2026-05-30T10:20:16,pending,none,internal,D:\Evan\AI-KnowledgeHub\10_S老师IP资产\_imported\D_Evan_video\zhuyiming\output\zhuyiming_segment_tts.mp3,external_original_only,2026-09-20T14:42:32+08:00,True
fbb244f2fca8827c,zhuyiming_segment_tts_fine,audio,10_S老师IP资产,D_Evan_video,D:\Evan\video,D:\Evan\video\zhuyiming\output\zhuyiming_segment_tts_fine.mp3,zhuyiming\output\zhuyiming_segment_tts_fine.mp3,.mp3,293328,2026-05-23T17:38:16,2026-05-30T10:20:16,pending,none,internal,D:\Evan\AI-KnowledgeHub\10_S老师IP资产\_imported\D_Evan_video\zhuyiming\output\zhuyiming_segment_tts_fine.mp3,external_original_only,2026-09-20T14:42:32+08:00,True
00f16f28e96c7cf2,zhuyiming_segment_tts_fine_v2,audio,10_S老师IP资产,D_Evan_video,D:\Evan\video,D:\Evan\video\zhuyiming\output\zhuyiming_segment_tts_fine_v2.mp3,zhuyiming\output\zhuyiming_segment_tts_fine_v2.mp3,.mp3,293328,2026-05-23T18:17:05,2026-05-30T10:20:16,pending,none,internal,D:\Evan\AI-KnowledgeHub\10_S老师IP资产\_imported\D_Evan_video\zhuyiming\output\zhuyiming_segment_tts_fine_v2.mp3,external_original_only,2026-09-20T14:42:32+08:00,True
4fdd7cb8102c4043,长鑫-三巨头垄断-产业替代-IP出镜动态精剪版-v5,video,10_S老师IP资产,D_Evan_video,D:\Evan\video,D:\Evan\video\zhuyiming\output\长鑫-三巨头垄断-产业替代-IP出镜动态精剪版-v5.mp4,zhuyiming\output\长鑫-三巨头垄断-产业替代-IP出镜动态精剪版-v5.mp4,.mp4,44239056,2026-05-25T18:15:30,2026-05-30T10:20:16,pending,none,internal,D:\Evan\AI-KnowledgeHub\10_S老师IP资产\_imported\D_Evan_video\zhuyiming\output\长鑫-三巨头垄断-产业替代-IP出镜动态精剪版-v5.mp4,external_original_only,2026-09-20T14:42:32+08:00,True
5848d1f644b4c67c,长鑫-三巨头垄断-产业替代-IP透明出镜精剪版-v6,video,10_S老师IP资产,D_Evan_video,D:\Evan\video,D:\Evan\video\zhuyiming\output\长鑫-三巨头垄断-产业替代-IP透明出镜精剪版-v6.mp4,zhuyiming\output\长鑫-三巨头垄断-产业替代-IP透明出镜精剪版-v6.mp4,.mp4,43371671,2026-05-25T21:08:16,2026-05-30T10:20:16,pending,none,internal,D:\Evan\AI-KnowledgeHub\10_S老师IP资产\_imported\D_Evan_video\zhuyiming\output\长鑫-三巨头垄断-产业替代-IP透明出镜精剪版-v6.mp4,external_original_only,2026-09-20T14:42:32+08:00,True
8138d0df9f8cecd4,长鑫-三巨头垄断-产业替代-剪映精修-v2-去主持人-video-only,video,10_S老师IP资产,D_Evan_video,D:\Evan\video,D:\Evan\video\zhuyiming\output\长鑫-三巨头垄断-产业替代-剪映精修-v2-去主持人-video-only.mp4,zhuyiming\output\长鑫-三巨头垄断-产业替代-剪映精修-v2-去主持人-video-only.mp4,.mp4,39637127,2026-05-23T22:59:37,2026-05-30T10:20:16,pending,none,internal,D:\Evan\AI-KnowledgeHub\10_S老师IP资产\_imported\D_Evan_video\zhuyiming\output\长鑫-三巨头垄断-产业替代-剪映精修-v2-去主持人-video-only.mp4,external_original_only,2026-09-20T14:42:32+08:00,True
21becf48a6c67d5c,长鑫-三巨头垄断-产业替代-剪映精修-v2-去主持人-参考,video,10_S老师IP资产,D_Evan_video,D:\Evan\video,D:\Evan\video\zhuyiming\output\长鑫-三巨头垄断-产业替代-剪映精修-v2-去主持人-参考.mp4,zhuyiming\output\长鑫-三巨头垄断-产业替代-剪映精修-v2-去主持人-参考.mp4,.mp4,37740477,2026-05-23T22:59:53,2026-05-30T10:20:16,pending,none,internal,D:\Evan\AI-KnowledgeHub\10_S老师IP资产\_imported\D_Evan_video\zhuyiming\output\长鑫-三巨头垄断-产业替代-剪映精修-v2-去主持人-参考.mp4,external_original_only,2026-09-20T14:42:32+08:00,True
e67b5342dc16af1b,长鑫-三巨头垄断-产业替代-粗剪版,video,10_S老师IP资产,D_Evan_video,D:\Evan\video,D:\Evan\video\zhuyiming\output\长鑫-三巨头垄断-产业替代-粗剪版.mp4,zhuyiming\output\长鑫-三巨头垄断-产业替代-粗剪版.mp4,.mp4,47001488,2026-05-23T17:13:03,2026-05-30T10:20:16,pending,none,internal,D:\Evan\AI-KnowledgeHub\10_S老师IP资产\_imported\D_Evan_video\zhuyiming\output\长鑫-三巨头垄断-产业替代-粗剪版.mp4,external_original_only,2026-09-20T14:42:32+08:00,True
2f9dea688f26234f,长鑫-三巨头垄断-产业替代-精剪版-v2,video,10_S老师IP资产,D_Evan_video,D:\Evan\video,D:\Evan\video\zhuyiming\output\长鑫-三巨头垄断-产业替代-精剪版-v2.mp4,zhuyiming\output\长鑫-三巨头垄断-产业替代-精剪版-v2.mp4,.mp4,24621568,2026-05-23T18:17:39,2026-05-30T10:20:16,pending,none,internal,D:\Evan\AI-KnowledgeHub\10_S老师IP资产\_imported\D_Evan_video\zhuyiming\output\长鑫-三巨头垄断-产业替代-精剪版-v2.mp4,external_original_only,2026-09-20T14:42:32+08:00,True
8278d49487c34002,长鑫-三巨头垄断-产业替代-精剪版-v3,video,10_S老师IP资产,D_Evan_video,D:\Evan\video,D:\Evan\video\zhuyiming\output\长鑫-三巨头垄断-产业替代-精剪版-v3.mp4,zhuyiming\output\长鑫-三巨头垄断-产业替代-精剪版-v3.mp4,.mp4,24626424,2026-05-23T18:34:44,2026-05-30T10:20:16,pending,none,internal,D:\Evan\AI-KnowledgeHub\10_S老师IP资产\_imported\D_Evan_video\zhuyiming\output\长鑫-三巨头垄断-产业替代-精剪版-v3.mp4,external_original_only,2026-09-20T14:42:32+08:00,True
30dc9cae619d214d,长鑫-三巨头垄断-产业替代-精剪版-v4,video,10_S老师IP资产,D_Evan_video,D:\Evan\video,D:\Evan\video\zhuyiming\output\长鑫-三巨头垄断-产业替代-精剪版-v4.mp4,zhuyiming\output\长鑫-三巨头垄断-产业替代-精剪版-v4.mp4,.mp4,25892346,2026-05-23T18:38:44,2026-05-30T10:20:16,pending,none,internal,D:\Evan\AI-KnowledgeHub\10_S老师IP资产\_imported\D_Evan_video\zhuyiming\output\长鑫-三巨头垄断-产业替代-精剪版-v4.mp4,external_original_only,2026-09-20T14:42:32+08:00,True
a29d980ece7a05bf,长鑫-三巨头垄断-产业替代-精剪版,video,10_S老师IP资产,D_Evan_video,D:\Evan\video,D:\Evan\video\zhuyiming\output\长鑫-三巨头垄断-产业替代-精剪版.mp4,zhuyiming\output\长鑫-三巨头垄断-产业替代-精剪版.mp4,.mp4,50067076,2026-05-23T17:58:48,2026-05-30T10:20:16,pending,none,internal,D:\Evan\AI-KnowledgeHub\10_S老师IP资产\_imported\D_Evan_video\zhuyiming\output\长鑫-三巨头垄断-产业替代-精剪版.mp4,external_original_only,2026-09-20T14:42:32+08:00,True
459198dcd8e3c507,长鑫-官方-厂区产线-企业宣传-01,video,10_S老师IP资产,D_Evan_video,D:\Evan\video,D:\Evan\video\zhuyiming\public_videos\01_cxmt_official\长鑫-官方-厂区产线-企业宣传-01.mp4,zhuyiming\public_videos\01_cxmt_official\长鑫-官方-厂区产线-企业宣传-01.mp4,.mp4,72627342,2026-05-22T14:14:27,2026-05-30T10:20:16,pending,none,internal,D:\Evan\AI-KnowledgeHub\10_S老师IP资产\_imported\D_Evan_video\zhuyiming\public_videos\01_cxmt_official\长鑫-官方-厂区产线-企业宣传-01.mp4,external_original_only,2026-09-20T14:42:32+08:00,True
ad6181ae3bf52c83,长鑫-官方-技术研发-产品应用-04,video,10_S老师IP资产,D_Evan_video,D:\Evan\video,D:\Evan\video\zhuyiming\public_videos\01_cxmt_official\长鑫-官方-技术研发-产品应用-04.mp4,zhuyiming\public_videos\01_cxmt_official\长鑫-官方-技术研发-产品应用-04.mp4,.mp4,2711856,2026-05-22T14:14:46,2026-05-30T10:20:16,pending,none,internal,D:\Evan\AI-KnowledgeHub\10_S老师IP资产\_imported\D_Evan_video\zhuyiming\public_videos\01_cxmt_official\长鑫-官方-技术研发-产品应用-04.mp4,external_original_only,2026-09-20T14:42:32+08:00,True
213d7ac7b5745056,长鑫-官网-首页视频-晶圆产线-05,video,10_S老师IP资产,D_Evan_video,D:\Evan\video,D:\Evan\video\zhuyiming\public_videos\01_cxmt_official\长鑫-官网-首页视频-晶圆产线-05.mp4,zhuyiming\public_videos\01_cxmt_official\长鑫-官网-首页视频-晶圆产线-05.mp4,.mp4,62283776,2026-05-22T14:02:46,2026-05-30T10:20:16,pending,none,internal,D:\Evan\AI-KnowledgeHub\10_S老师IP资产\_imported\D_Evan_video\zhuyiming\public_videos\01_cxmt_official\长鑫-官网-首页视频-晶圆产线-05.mp4,external_original_only,2026-09-20T14:42:32+08:00,True
660e48ac5d91dd09,AI-服务器-数据中心-需授权确认-01,video,10_S老师IP资产,D_Evan_video,D:\Evan\video,D:\Evan\video\zhuyiming\restricted_need_authorization\youtube_requires_permission\AI-服务器-数据中心-需授权确认-01.mp4,zhuyiming\restricted_need_authorization\youtube_requires_permission\AI-服务器-数据中心-需授权确认-01.mp4,.mp4,2563065,2026-05-22T14:30:24,2026-05-30T10:20:16,pending,none,internal,D:\Evan\AI-KnowledgeHub\10_S老师IP资产\_imported\D_Evan_video\zhuyiming\restricted_need_authorization\youtube_requires_permission\AI-服务器-数据中心-需授权确认-01.mp4,external_original_only,2026-09-20T14:42:32+08:00,True
6a054b34cb37ceb6,DRAM-内存原理-记忆中枢-需授权确认,video,10_S老师IP资产,D_Evan_video,D:\Evan\video,D:\Evan\video\zhuyiming\restricted_need_authorization\youtube_requires_permission\DRAM-内存原理-记忆中枢-需授权确认.mp4,zhuyiming\restricted_need_authorization\youtube_requires_permission\DRAM-内存原理-记忆中枢-需授权确认.mp4,.mp4,12062080,2026-05-23T16:05:18,2026-05-30T10:20:16,pending,none,internal,D:\Evan\AI-KnowledgeHub\10_S老师IP资产\_imported\D_Evan_video\zhuyiming\restricted_need_authorization\youtube_requires_permission\DRAM-内存原理-记忆中枢-需授权确认.mp4,external_original_only,2026-09-20T14:42:32+08:00,True
bab9d5b9fd9fad31,三巨头-DRAM份额-市场垄断-需授权确认,video,10_S老师IP资产,D_Evan_video,D:\Evan\video,D:\Evan\video\zhuyiming\restricted_need_authorization\youtube_requires_permission\三巨头-DRAM份额-市场垄断-需授权确认.mp4,zhuyiming\restricted_need_authorization\youtube_requires_permission\三巨头-DRAM份额-市场垄断-需授权确认.mp4,.mp4,8549864,2026-05-23T16:04:40,2026-05-30T10:20:16,pending,none,internal,D:\Evan\AI-KnowledgeHub\10_S老师IP资产\_imported\D_Evan_video\zhuyiming\restricted_need_authorization\youtube_requires_permission\三巨头-DRAM份额-市场垄断-需授权确认.mp4,external_original_only,2026-09-20T14:42:32+08:00,True
cdde013acecf2a7d,财经-上涨箭头-利润增长-需授权确认-02,video,10_S老师IP资产,D_Evan_video,D:\Evan\video,D:\Evan\video\zhuyiming\restricted_need_authorization\youtube_requires_permission\财经-上涨箭头-利润增长-需授权确认-02.mp4,zhuyiming\restricted_need_authorization\youtube_requires_permission\财经-上涨箭头-利润增长-需授权确认-02.mp4,.mp4,1550023,2026-05-22T14:30:39,2026-05-30T10:20:16,pending,none,internal,D:\Evan\AI-KnowledgeHub\10_S老师IP资产\_imported\D_Evan_video\zhuyiming\restricted_need_authorization\youtube_requires_permission\财经-上涨箭头-利润增长-需授权确认-02.mp4,external_original_only,2026-09-20T14:42:32+08:00,True
818f3a3a3f0f7fc8,财经-股市图表-数据动画-需授权确认-01,video,10_S老师IP资产,D_Evan_video,D:\Evan\video,D:\Evan\video\zhuyiming\restricted_need_authorization\youtube_requires_permission\财经-股市图表-数据动画-需授权确认-01.mp4,zhuyiming\restricted_need_authorization\youtube_requires_permission\财经-股市图表-数据动画-需授权确认-01.mp4,.mp4,4723782,2026-05-22T14:30:32,2026-05-30T10:20:16,pending,none,internal,D:\Evan\AI-KnowledgeHub\10_S老师IP资产\_imported\D_Evan_video\zhuyiming\restricted_need_authorization\youtube_requires_permission\财经-股市图表-数据动画-需授权确认-01.mp4,external_original_only,2026-09-20T14:42:32+08:00,True
59b62545f21a411d,长鑫-CXMT-中国DRAM-产业替代,video,10_S老师IP资产,D_Evan_video,D:\Evan\video,D:\Evan\video\zhuyiming\restricted_need_authorization\youtube_requires_permission\长鑫-CXMT-中国DRAM-产业替代.mp4,zhuyiming\restricted_need_authorization\youtube_requires_permission\长鑫-CXMT-中国DRAM-产业替代.mp4,.mp4,7811329,2026-05-23T16:07:04,2026-05-30T10:20:16,pending,none,internal,D:\Evan\AI-KnowledgeHub\10_S老师IP资产\_imported\D_Evan_video\zhuyiming\restricted_need_authorization\youtube_requires_permission\长鑫-CXMT-中国DRAM-产业替代.mp4,external_original_only,2026-09-20T14:42:32+08:00,True
3a1d7c9918559d64,黄金白银大崩盘，谁是幕后推手？,video,10_S老师IP资产,D_Evan_video,D:\Evan\video,D:\Evan\video\zhuyiming\黄金白银大崩盘，谁是幕后推手？.mp4,zhuyiming\黄金白银大崩盘，谁是幕后推手？.mp4,.mp4,46769448,2026-05-25T15:21:53,2026-05-30T10:20:16,pending,none,internal,D:\Evan\AI-KnowledgeHub\10_S老师IP资产\_imported\D_Evan_video\zhuyiming\黄金白银大崩盘，谁是幕后推手？.mp4,external_original_only,2026-09-20T14:42:32+08:00,True
90d652ed336e079b,美联储-换帅-加息警报-开场卡-公开自制,video,10_S老师IP资产,D_aigc,D:\aigc,D:\aigc\fed_rate_wolf_bak\01_cold_open_fed_chair_alarm\public\美联储-换帅-加息警报-开场卡-公开自制.mp4,fed_rate_wolf_bak\01_cold_open_fed_chair_alarm\public\美联储-换帅-加息警报-开场卡-公开自制.mp4,.mp4,66585,2026-05-26T13:30:06,2026-05-30T10:20:16,pending,none,internal,D:\Evan\AI-KnowledgeHub\10_S老师IP资产\_imported\D_aigc\fed_rate_wolf_bak\01_cold_open_fed_chair_alarm\public\美联储-换帅-加息警报-开场卡-公开自制.mp4,external_original_only,2026-09-20T14:42:32+08:00,True
d999eb316ee4d7f4,鲍威尔-美联储-发布会-加息--k5y_3F40DkM,video,10_S老师IP资产,D_aigc,D:\aigc,D:\aigc\fed_rate_wolf_bak\02_fed_2022_rate_hike_memory\restricted_need_authorization\鲍威尔-美联储-发布会-加息--k5y_3F40DkM.mp4,fed_rate_wolf_bak\02_fed_2022_rate_hike_memory\restricted_need_authorization\鲍威尔-美联储-发布会-加息--k5y_3F40DkM.mp4,.mp4,3306921,2026-05-26T13:03:37,2026-05-30T10:20:16,pending,none,internal,D:\Evan\AI-KnowledgeHub\10_S老师IP资产\_imported\D_aigc\fed_rate_wolf_bak\02_fed_2022_rate_hike_memory\restricted_need_authorization\鲍威尔-美联储-发布会-加息--k5y_3F40DkM.mp4,external_original_only,2026-09-20T14:42:32+08:00,True
8519ceb4d9c75c3b,恐慌-流动性-资产缩水-资金选择-公开自制,video,10_S老师IP资产,D_aigc,D:\aigc,D:\aigc\fed_rate_wolf_bak\03_fear_to_framework\public\恐慌-流动性-资产缩水-资金选择-公开自制.mp4,fed_rate_wolf_bak\03_fear_to_framework\public\恐慌-流动性-资产缩水-资金选择-公开自制.mp4,.mp4,67284,2026-05-26T12:56:11,2026-05-30T10:20:16,pending,none,internal,D:\Evan\AI-KnowledgeHub\10_S老师IP资产\_imported\D_aigc\fed_rate_wolf_bak\03_fear_to_framework\public\恐慌-流动性-资产缩水-资金选择-公开自制.mp4,external_original_only,2026-09-20T14:42:32+08:00,True
6a4ca965ca80ff99,长债-五点一三-马基诺防线-多米诺-公开自制,video,10_S老师IP资产,D_aigc,D:\aigc,D:\aigc\fed_rate_wolf_bak\05_thirty_year_yield_513\public\长债-五点一三-马基诺防线-多米诺-公开自制.mp4,fed_rate_wolf_bak\05_thirty_year_yield_513\public\长债-五点一三-马基诺防线-多米诺-公开自制.mp4,.mp4,84644,2026-05-26T12:56:19,2026-05-30T10:20:16,pending,none,internal,D:\Evan\AI-KnowledgeHub\10_S老师IP资产\_imported\D_aigc\fed_rate_wolf_bak\05_thirty_year_yield_513\public\长债-五点一三-马基诺防线-多米诺-公开自制.mp4,external_original_only,2026-09-20T14:42:32+08:00,True
6e229047a61018d0,AI-数据中心-GPU-科技股--N5AJJ0tAoxc,video,10_S老师IP资产,D_aigc,D:\aigc,D:\aigc\fed_rate_wolf_bak\06_ai_bull_market_foundation_shaken\restricted_need_authorization\AI-数据中心-GPU-科技股--N5AJJ0tAoxc.mp4,fed_rate_wolf_bak\06_ai_bull_market_foundation_shaken\restricted_need_authorization\AI-数据中心-GPU-科技股--N5AJJ0tAoxc.mp4,.mp4,5358894,2026-05-26T10:53:30,2026-05-30T10:20:16,pending,none,internal,D:\Evan\AI-KnowledgeHub\10_S老师IP资产\_imported\D_aigc\fed_rate_wolf_bak\06_ai_bull_market_foundation_shaken\restricted_need_authorization\AI-数据中心-GPU-科技股--N5AJJ0tAoxc.mp4,external_original_only,2026-09-20T14:42:32+08:00,True
779f0e8e02b64092,油轮-霍尔木兹-能源价格-通胀--OIfWxBVshao,video,10_S老师IP资产,D_aigc,D:\aigc,D:\aigc\fed_rate_wolf_bak\07_inflation_energy_hormuz\restricted_need_authorization\油轮-霍尔木兹-能源价格-通胀--OIfWxBVshao.mp4,fed_rate_wolf_bak\07_inflation_energy_hormuz\restricted_need_authorization\油轮-霍尔木兹-能源价格-通胀--OIfWxBVshao.mp4,.mp4,6303397,2026-05-26T13:04:01,2026-05-30T10:20:16,pending,none,internal,D:\Evan\AI-KnowledgeHub\10_S老师IP资产\_imported\D_aigc\fed_rate_wolf_bak\07_inflation_energy_hormuz\restricted_need_authorization\油轮-霍尔木兹-能源价格-通胀--OIfWxBVshao.mp4,external_original_only,2026-09-20T14:42:32+08:00,True
f0832025bf38b3c8,美债-债务黑洞-黄金-去美元化-公开自制,video,10_S老师IP资产,D_aigc,D:\aigc,D:\aigc\fed_rate_wolf_bak\08_us_debt_black_hole\public\美债-债务黑洞-黄金-去美元化-公开自制.mp4,fed_rate_wolf_bak\08_us_debt_black_hole\public\美债-债务黑洞-黄金-去美元化-公开自制.mp4,.mp4,85195,2026-05-26T12:56:23,2026-05-30T10:20:16,pending,none,internal,D:\Evan\AI-KnowledgeHub\10_S老师IP资产\_imported\D_aigc\fed_rate_wolf_bak\08_us_debt_black_hole\public\美债-债务黑洞-黄金-去美元化-公开自制.mp4,external_original_only,2026-09-20T14:42:32+08:00,True
1020ec6cda8e5253,美债-拍卖-供需-收益率--uNzY1REaI-M,video,10_S老师IP资产,D_aigc,D:\aigc,D:\aigc\fed_rate_wolf_bak\09_treasury_supply_demand_imbalance\restricted_need_authorization\美债-拍卖-供需-收益率--uNzY1REaI-M.mp4,fed_rate_wolf_bak\09_treasury_supply_demand_imbalance\restricted_need_authorization\美债-拍卖-供需-收益率--uNzY1REaI-M.mp4,.mp4,2155288,2026-05-26T10:54:41,2026-05-30T10:20:16,pending,none,internal,D:\Evan\AI-KnowledgeHub\10_S老师IP资产\_imported\D_aigc\fed_rate_wolf_bak\09_treasury_supply_demand_imbalance\restricted_need_authorization\美债-拍卖-供需-收益率--uNzY1REaI-M.mp4,external_original_only,2026-09-20T14:42:32+08:00,True
41f066f1189feaa2,沃什-听证会-开场陈述-美联储--Zj3ZCRXY1J0,video,10_S老师IP资产,D_aigc,D:\aigc,D:\aigc\fed_rate_wolf_bak\10_warsh_profile_qe_skeptic\restricted_need_authorization\沃什-听证会-开场陈述-美联储--Zj3ZCRXY1J0.mp4,fed_rate_wolf_bak\10_warsh_profile_qe_skeptic\restricted_need_authorization\沃什-听证会-开场陈述-美联储--Zj3ZCRXY1J0.mp4,.mp4,3670940,2026-05-26T13:04:21,2026-05-30T10:20:16,pending,none,internal,D:\Evan\AI-KnowledgeHub\10_S老师IP资产\_imported\D_aigc\fed_rate_wolf_bak\10_warsh_profile_qe_skeptic\restricted_need_authorization\沃什-听证会-开场陈述-美联储--Zj3ZCRXY1J0.mp4,external_original_only,2026-09-20T14:42:32+08:00,True
0851e351d28fdd1a,缩表-降息-政策天平-组合拳-公开自制,video,10_S老师IP资产,D_aigc,D:\aigc,D:\aigc\fed_rate_wolf_bak\11_qt_plus_rate_cut_patient_metaphor\public\缩表-降息-政策天平-组合拳-公开自制.mp4,fed_rate_wolf_bak\11_qt_plus_rate_cut_patient_metaphor\public\缩表-降息-政策天平-组合拳-公开自制.mp4,.mp4,133526,2026-05-26T12:56:26,2026-05-30T10:20:16,pending,none,internal,D:\Evan\AI-KnowledgeHub\10_S老师IP资产\_imported\D_aigc\fed_rate_wolf_bak\11_qt_plus_rate_cut_patient_metaphor\public\缩表-降息-政策天平-组合拳-公开自制.mp4,external_original_only,2026-09-20T14:42:32+08:00,True
62aed7452938f8b1,通胀-AI-政策两难-走钢丝-公开自制,video,10_S老师IP资产,D_aigc,D:\aigc,D:\aigc\fed_rate_wolf_bak\12_walk_tightrope_inflation_ai\public\通胀-AI-政策两难-走钢丝-公开自制.mp4,fed_rate_wolf_bak\12_walk_tightrope_inflation_ai\public\通胀-AI-政策两难-走钢丝-公开自制.mp4,.mp4,122202,2026-05-26T12:56:30,2026-05-30T10:20:16,pending,none,internal,D:\Evan\AI-KnowledgeHub\10_S老师IP资产\_imported\D_aigc\fed_rate_wolf_bak\12_walk_tightrope_inflation_ai\public\通胀-AI-政策两难-走钢丝-公开自制.mp4,external_original_only,2026-09-20T14:42:32+08:00,True
34aa827e78becf46,美股-港股-A股-对比--PnfBur89ZBo,video,10_S老师IP资产,D_aigc,D:\aigc,D:\aigc\fed_rate_wolf_bak\13_asset_impact_us_hk_a_share\restricted_need_authorization\美股-港股-A股-对比--PnfBur89ZBo.mp4,fed_rate_wolf_bak\13_asset_impact_us_hk_a_share\restricted_need_authorization\美股-港股-A股-对比--PnfBur89ZBo.mp4,.mp4,1207619,2026-05-26T10:56:12,2026-05-30T10:20:16,pending,none,internal,D:\Evan\AI-KnowledgeHub\10_S老师IP资产\_imported\D_aigc\fed_rate_wolf_bak\13_asset_impact_us_hk_a_share\restricted_need_authorization\美股-港股-A股-对比--PnfBur89ZBo.mp4,external_original_only,2026-09-20T14:42:32+08:00,True
2335ed5118b76665,港交所-交易大厅-港股-金融--Fhij906XtcU,video,10_S老师IP资产,D_aigc,D:\aigc,D:\aigc\fed_rate_wolf_bak\15_hongkong_bridge_southbound_flow\restricted_need_authorization\港交所-交易大厅-港股-金融--Fhij906XtcU.mp4,fed_rate_wolf_bak\15_hongkong_bridge_southbound_flow\restricted_need_authorization\港交所-交易大厅-港股-金融--Fhij906XtcU.mp4,.mp4,13562845,2026-05-26T13:04:41,2026-05-30T10:20:16,pending,none,internal,D:\Evan\AI-KnowledgeHub\10_S老师IP资产\_imported\D_aigc\fed_rate_wolf_bak\15_hongkong_bridge_southbound_flow\restricted_need_authorization\港交所-交易大厅-港股-金融--Fhij906XtcU.mp4,external_original_only,2026-09-20T14:42:32+08:00,True
73129891d7a9bee2,政策-流动性-国家队-托底-公开自制,video,10_S老师IP资产,D_aigc,D:\aigc,D:\aigc\fed_rate_wolf_bak\17_policy_support_liquidity_backstop\public\政策-流动性-国家队-托底-公开自制.mp4,fed_rate_wolf_bak\17_policy_support_liquidity_backstop\public\政策-流动性-国家队-托底-公开自制.mp4,.mp4,58645,2026-05-26T12:56:37,2026-05-30T10:20:16,pending,none,internal,D:\Evan\AI-KnowledgeHub\10_S老师IP资产\_imported\D_aigc\fed_rate_wolf_bak\17_policy_support_liquidity_backstop\public\政策-流动性-国家队-托底-公开自制.mp4,external_original_only,2026-09-20T14:42:32+08:00,True
1ee3809f1329c151,长期投资-产业趋势-研究--f0Shc2YFBIk,video,10_S老师IP资产,D_aigc,D:\aigc,D:\aigc\fed_rate_wolf_bak\19_personal_industry_investor\restricted_need_authorization\长期投资-产业趋势-研究--f0Shc2YFBIk.mp4,fed_rate_wolf_bak\19_personal_industry_investor\restricted_need_authorization\长期投资-产业趋势-研究--f0Shc2YFBIk.mp4,.mp4,1127071,2026-05-26T10:58:56,2026-05-30T10:20:16,pending,none,internal,D:\Evan\AI-KnowledgeHub\10_S老师IP资产\_imported\D_aigc\fed_rate_wolf_bak\19_personal_industry_investor\restricted_need_authorization\长期投资-产业趋势-研究--f0Shc2YFBIk.mp4,external_original_only,2026-09-20T14:42:32+08:00,True
bc58a57d1641cfcf,fed-rate-wolf-ip-v1-normalized,video,10_S老师IP资产,D_aigc,D:\aigc,D:\aigc\fed_rate_wolf_bak\98_digital_human\fed-rate-wolf-ip-v1-normalized.mp4,fed_rate_wolf_bak\98_digital_human\fed-rate-wolf-ip-v1-normalized.mp4,.mp4,60787014,2026-05-26T17:11:49,2026-05-30T10:20:16,pending,none,internal,D:\Evan\AI-KnowledgeHub\10_S老师IP资产\_imported\D_aigc\fed_rate_wolf_bak\98_digital_human\fed-rate-wolf-ip-v1-normalized.mp4,external_original_only,2026-09-20T14:42:32+08:00,True
c695fe0d57d63698,01_cold_open_fed_chair_alarm__public__美联储-换帅-加息警报-开场卡-公开自制,video,10_S老师IP资产,D_aigc,D:\aigc,D:\aigc\fed_rate_wolf_bak\99_output\all_materials\01_cold_open_fed_chair_alarm__public__美联储-换帅-加息警报-开场卡-公开自制.mp4,fed_rate_wolf_bak\99_output\all_materials\01_cold_open_fed_chair_alarm__public__美联储-换帅-加息警报-开场卡-公开自制.mp4,.mp4,66585,2026-05-26T13:30:06,2026-05-30T10:20:16,pending,none,internal,D:\Evan\AI-KnowledgeHub\10_S老师IP资产\_imported\D_aigc\fed_rate_wolf_bak\99_output\all_materials\01_cold_open_fed_chair_alarm__public__美联储-换帅-加息警报-开场卡-公开自制.mp4,external_original_only,2026-09-20T14:42:32+08:00,True
5037d0c9f34107b3,02_fed_2022_rate_hike_memory__restricted_need_authorization__鲍威尔-美联储-发布会-加息--k5y_3F40DkM,video,10_S老师IP资产,D_aigc,D:\aigc,D:\aigc\fed_rate_wolf_bak\99_output\all_materials\02_fed_2022_rate_hike_memory__restricted_need_authorization__鲍威尔-美联储-发布会-加息--k5y_3F40DkM.mp4,fed_rate_wolf_bak\99_output\all_materials\02_fed_2022_rate_hike_memory__restricted_need_authorization__鲍威尔-美联储-发布会-加息--k5y_3F40DkM.mp4,.mp4,3306921,2026-05-26T13:03:37,2026-05-30T10:20:16,pending,none,internal,D:\Evan\AI-KnowledgeHub\10_S老师IP资产\_imported\D_aigc\fed_rate_wolf_bak\99_output\all_materials\02_fed_2022_rate_hike_memory__restricted_need_authorization__鲍威尔-美联储-发布会-加息--k5y_3F40DkM.mp4,external_original_only,2026-09-20T14:42:32+08:00,True
9c377d83d20e341e,03_fear_to_framework__public__恐慌-流动性-资产缩水-资金选择-公开自制,video,10_S老师IP资产,D_aigc,D:\aigc,D:\aigc\fed_rate_wolf_bak\99_output\all_materials\03_fear_to_framework__public__恐慌-流动性-资产缩水-资金选择-公开自制.mp4,fed_rate_wolf_bak\99_output\all_materials\03_fear_to_framework__public__恐慌-流动性-资产缩水-资金选择-公开自制.mp4,.mp4,67284,2026-05-26T12:56:11,2026-05-30T10:20:16,pending,none,internal,D:\Evan\AI-KnowledgeHub\10_S老师IP资产\_imported\D_aigc\fed_rate_wolf_bak\99_output\all_materials\03_fear_to_framework__public__恐慌-流动性-资产缩水-资金选择-公开自制.mp4,external_original_only,2026-09-20T14:42:32+08:00,True
cb0d6d7f9d975de4,05_thirty_year_yield_513__public__长债-五点一三-马基诺防线-多米诺-公开自制,video,10_S老师IP资产,D_aigc,D:\aigc,D:\aigc\fed_rate_wolf_bak\99_output\all_materials\05_thirty_year_yield_513__public__长债-五点一三-马基诺防线-多米诺-公开自制.mp4,fed_rate_wolf_bak\99_output\all_materials\05_thirty_year_yield_513__public__长债-五点一三-马基诺防线-多米诺-公开自制.mp4,.mp4,84644,2026-05-26T12:56:19,2026-05-30T10:20:16,pending,none,internal,D:\Evan\AI-KnowledgeHub\10_S老师IP资产\_imported\D_aigc\fed_rate_wolf_bak\99_output\all_materials\05_thirty_year_yield_513__public__长债-五点一三-马基诺防线-多米诺-公开自制.mp4,external_original_only,2026-09-20T14:42:32+08:00,True
0cf5d36b83d657c8,06_ai_bull_market_foundation_shaken__restricted_need_authorization__AI-数据中心-GPU-科技股--N5AJJ0tAoxc,video,10_S老师IP资产,D_aigc,D:\aigc,D:\aigc\fed_rate_wolf_bak\99_output\all_materials\06_ai_bull_market_foundation_shaken__restricted_need_authorization__AI-数据中心-GPU-科技股--N5AJJ0tAoxc.mp4,fed_rate_wolf_bak\99_output\all_materials\06_ai_bull_market_foundation_shaken__restricted_need_authorization__AI-数据中心-GPU-科技股--N5AJJ0tAoxc.mp4,.mp4,5358894,2026-05-26T10:53:30,2026-05-30T10:20:16,pending,none,internal,D:\Evan\AI-KnowledgeHub\10_S老师IP资产\_imported\D_aigc\fed_rate_wolf_bak\99_output\all_materials\06_ai_bull_market_foundation_shaken__restricted_need_authorization__AI-数据中心-GPU-科技股--N5AJJ0tAoxc.mp4,external_original_only,2026-09-20T14:42:32+08:00,True
31bf3a46136ab018,07_inflation_energy_hormuz__restricted_need_authorization__油轮-霍尔木兹-能源价格-通胀--OIfWxBVshao,video,10_S老师IP资产,D_aigc,D:\aigc,D:\aigc\fed_rate_wolf_bak\99_output\all_materials\07_inflation_energy_hormuz__restricted_need_authorization__油轮-霍尔木兹-能源价格-通胀--OIfWxBVshao.mp4,fed_rate_wolf_bak\99_output\all_materials\07_inflation_energy_hormuz__restricted_need_authorization__油轮-霍尔木兹-能源价格-通胀--OIfWxBVshao.mp4,.mp4,6303397,2026-05-26T13:04:01,2026-05-30T10:20:16,pending,none,internal,D:\Evan\AI-KnowledgeHub\10_S老师IP资产\_imported\D_aigc\fed_rate_wolf_bak\99_output\all_materials\07_inflation_energy_hormuz__restricted_need_authorization__油轮-霍尔木兹-能源价格-通胀--OIfWxBVshao.mp4,external_original_only,2026-09-20T14:42:32+08:00,True
1d93aa3a77b12b9f,08_us_debt_black_hole__public__美债-债务黑洞-黄金-去美元化-公开自制,video,10_S老师IP资产,D_aigc,D:\aigc,D:\aigc\fed_rate_wolf_bak\99_output\all_materials\08_us_debt_black_hole__public__美债-债务黑洞-黄金-去美元化-公开自制.mp4,fed_rate_wolf_bak\99_output\all_materials\08_us_debt_black_hole__public__美债-债务黑洞-黄金-去美元化-公开自制.mp4,.mp4,85195,2026-05-26T12:56:23,2026-05-30T10:20:16,pending,none,internal,D:\Evan\AI-KnowledgeHub\10_S老师IP资产\_imported\D_aigc\fed_rate_wolf_bak\99_output\all_materials\08_us_debt_black_hole__public__美债-债务黑洞-黄金-去美元化-公开自制.mp4,external_original_only,2026-09-20T14:42:32+08:00,True
f341e95326b8feba,09_treasury_supply_demand_imbalance__restricted_need_authorization__美债-拍卖-供需-收益率--uNzY1REaI-M,video,10_S老师IP资产,D_aigc,D:\aigc,D:\aigc\fed_rate_wolf_bak\99_output\all_materials\09_treasury_supply_demand_imbalance__restricted_need_authorization__美债-拍卖-供需-收益率--uNzY1REaI-M.mp4,fed_rate_wolf_bak\99_output\all_materials\09_treasury_supply_demand_imbalance__restricted_need_authorization__美债-拍卖-供需-收益率--uNzY1REaI-M.mp4,.mp4,2155288,2026-05-26T10:54:41,2026-05-30T10:20:16,pending,none,internal,D:\Evan\AI-KnowledgeHub\10_S老师IP资产\_imported\D_aigc\fed_rate_wolf_bak\99_output\all_materials\09_treasury_supply_demand_imbalance__restricted_need_authorization__美债-拍卖-供需-收益率--uNzY1REaI-M.mp4,external_original_only,2026-09-20T14:42:32+08:00,True
02c68529bc7043b7,10_warsh_profile_qe_skeptic__restricted_need_authorization__沃什-听证会-开场陈述-美联储--Zj3ZCRXY1J0,video,10_S老师IP资产,D_aigc,D:\aigc,D:\aigc\fed_rate_wolf_bak\99_output\all_materials\10_warsh_profile_qe_skeptic__restricted_need_authorization__沃什-听证会-开场陈述-美联储--Zj3ZCRXY1J0.mp4,fed_rate_wolf_bak\99_output\all_materials\10_warsh_profile_qe_skeptic__restricted_need_authorization__沃什-听证会-开场陈述-美联储--Zj3ZCRXY1J0.mp4,.mp4,3670940,2026-05-26T13:04:21,2026-05-30T10:20:16,pending,none,internal,D:\Evan\AI-KnowledgeHub\10_S老师IP资产\_imported\D_aigc\fed_rate_wolf_bak\99_output\all_materials\10_warsh_profile_qe_skeptic__restricted_need_authorization__沃什-听证会-开场陈述-美联储--Zj3ZCRXY1J0.mp4,external_original_only,2026-09-20T14:42:32+08:00,True
03d51d4012eda61d,11_qt_plus_rate_cut_patient_metaphor__public__缩表-降息-政策天平-组合拳-公开自制,video,10_S老师IP资产,D_aigc,D:\aigc,D:\aigc\fed_rate_wolf_bak\99_output\all_materials\11_qt_plus_rate_cut_patient_metaphor__public__缩表-降息-政策天平-组合拳-公开自制.mp4,fed_rate_wolf_bak\99_output\all_materials\11_qt_plus_rate_cut_patient_metaphor__public__缩表-降息-政策天平-组合拳-公开自制.mp4,.mp4,133526,2026-05-26T12:56:26,2026-05-30T10:20:16,pending,none,internal,D:\Evan\AI-KnowledgeHub\10_S老师IP资产\_imported\D_aigc\fed_rate_wolf_bak\99_output\all_materials\11_qt_plus_rate_cut_patient_metaphor__public__缩表-降息-政策天平-组合拳-公开自制.mp4,external_original_only,2026-09-20T14:42:32+08:00,True
48d802e3c572c734,12_walk_tightrope_inflation_ai__public__通胀-AI-政策两难-走钢丝-公开自制,video,10_S老师IP资产,D_aigc,D:\aigc,D:\aigc\fed_rate_wolf_bak\99_output\all_materials\12_walk_tightrope_inflation_ai__public__通胀-AI-政策两难-走钢丝-公开自制.mp4,fed_rate_wolf_bak\99_output\all_materials\12_walk_tightrope_inflation_ai__public__通胀-AI-政策两难-走钢丝-公开自制.mp4,.mp4,122202,2026-05-26T12:56:30,2026-05-30T10:20:16,pending,none,internal,D:\Evan\AI-KnowledgeHub\10_S老师IP资产\_imported\D_aigc\fed_rate_wolf_bak\99_output\all_materials\12_walk_tightrope_inflation_ai__public__通胀-AI-政策两难-走钢丝-公开自制.mp4,external_original_only,2026-09-20T14:42:32+08:00,True
f78594a08d470e92,13_asset_impact_us_hk_a_share__restricted_need_authorization__美股-港股-A股-对比--PnfBur89ZBo,video,10_S老师IP资产,D_aigc,D:\aigc,D:\aigc\fed_rate_wolf_bak\99_output\all_materials\13_asset_impact_us_hk_a_share__restricted_need_authorization__美股-港股-A股-对比--PnfBur89ZBo.mp4,fed_rate_wolf_bak\99_output\all_materials\13_asset_impact_us_hk_a_share__restricted_need_authorization__美股-港股-A股-对比--PnfBur89ZBo.mp4,.mp4,1207619,2026-05-26T10:56:12,2026-05-30T10:20:16,pending,none,internal,D:\Evan\AI-KnowledgeHub\10_S老师IP资产\_imported\D_aigc\fed_rate_wolf_bak\99_output\all_materials\13_asset_impact_us_hk_a_share__restricted_need_authorization__美股-港股-A股-对比--PnfBur89ZBo.mp4,external_original_only,2026-09-20T14:42:32+08:00,True
e7c0f86ba6864755,15_hongkong_bridge_southbound_flow__restricted_need_authorization__港交所-交易大厅-港股-金融--Fhij906XtcU,video,10_S老师IP资产,D_aigc,D:\aigc,D:\aigc\fed_rate_wolf_bak\99_output\all_materials\15_hongkong_bridge_southbound_flow__restricted_need_authorization__港交所-交易大厅-港股-金融--Fhij906XtcU.mp4,fed_rate_wolf_bak\99_output\all_materials\15_hongkong_bridge_southbound_flow__restricted_need_authorization__港交所-交易大厅-港股-金融--Fhij906XtcU.mp4,.mp4,13562845,2026-05-26T13:04:41,2026-05-30T10:20:16,pending,none,internal,D:\Evan\AI-KnowledgeHub\10_S老师IP资产\_imported\D_aigc\fed_rate_wolf_bak\99_output\all_materials\15_hongkong_bridge_southbound_flow__restricted_need_authorization__港交所-交易大厅-港股-金融--Fhij906XtcU.mp4,external_original_only,2026-09-20T14:42:32+08:00,True
15335f8ed081555a,17_policy_support_liquidity_backstop__public__政策-流动性-国家队-托底-公开自制,video,10_S老师IP资产,D_aigc,D:\aigc,D:\aigc\fed_rate_wolf_bak\99_output\all_materials\17_policy_support_liquidity_backstop__public__政策-流动性-国家队-托底-公开自制.mp4,fed_rate_wolf_bak\99_output\all_materials\17_policy_support_liquidity_backstop__public__政策-流动性-国家队-托底-公开自制.mp4,.mp4,58645,2026-05-26T12:56:37,2026-05-30T10:20:16,pending,none,internal,D:\Evan\AI-KnowledgeHub\10_S老师IP资产\_imported\D_aigc\fed_rate_wolf_bak\99_output\all_materials\17_policy_support_liquidity_backstop__public__政策-流动性-国家队-托底-公开自制.mp4,external_original_only,2026-09-20T14:42:32+08:00,True
3ed823e1eb302337,19_personal_industry_investor__restricted_need_authorization__长期投资-产业趋势-研究--f0Shc2YFBIk,video,10_S老师IP资产,D_aigc,D:\aigc,D:\aigc\fed_rate_wolf_bak\99_output\all_materials\19_personal_industry_investor__restricted_need_authorization__长期投资-产业趋势-研究--f0Shc2YFBIk.mp4,fed_rate_wolf_bak\99_output\all_materials\19_personal_industry_investor__restricted_need_authorization__长期投资-产业趋势-研究--f0Shc2YFBIk.mp4,.mp4,1127071,2026-05-26T10:58:56,2026-05-30T10:20:16,pending,none,internal,D:\Evan\AI-KnowledgeHub\10_S老师IP资产\_imported\D_aigc\fed_rate_wolf_bak\99_output\all_materials\19_personal_industry_investor__restricted_need_authorization__长期投资-产业趋势-研究--f0Shc2YFBIk.mp4,external_original_only,2026-09-20T14:42:32+08:00,True
4816c669b5093e29,fed_rate_wolf_material_fixed-video-only,video,10_S老师IP资产,D_aigc,D:\aigc,D:\aigc\fed_rate_wolf_bak\99_output\material_fixed\fed_rate_wolf_material_fixed-video-only.mp4,fed_rate_wolf_bak\99_output\material_fixed\fed_rate_wolf_material_fixed-video-only.mp4,.mp4,136715470,2026-05-26T13:22:18,2026-05-30T10:20:16,pending,none,internal,D:\Evan\AI-KnowledgeHub\10_S老师IP资产\_imported\D_aigc\fed_rate_wolf_bak\99_output\material_fixed\fed_rate_wolf_material_fixed-video-only.mp4,external_original_only,2026-09-20T14:42:32+08:00,True
90e294a72542d115,fed_rate_wolf_material_fixed-参考,video,10_S老师IP资产,D_aigc,D:\aigc,D:\aigc\fed_rate_wolf_bak\99_output\material_fixed\fed_rate_wolf_material_fixed-参考.mp4,fed_rate_wolf_bak\99_output\material_fixed\fed_rate_wolf_material_fixed-参考.mp4,.mp4,139869283,2026-05-26T13:23:53,2026-05-30T10:20:16,pending,none,internal,D:\Evan\AI-KnowledgeHub\10_S老师IP资产\_imported\D_aigc\fed_rate_wolf_bak\99_output\material_fixed\fed_rate_wolf_material_fixed-参考.mp4,external_original_only,2026-09-20T14:42:32+08:00,True
de61e847f8dba51d,fed_rate_wolf_material_fixed_final-video-only,video,10_S老师IP资产,D_aigc,D:\aigc,D:\aigc\fed_rate_wolf_bak\99_output\material_fixed_final\fed_rate_wolf_material_fixed_final-video-only.mp4,fed_rate_wolf_bak\99_output\material_fixed_final\fed_rate_wolf_material_fixed_final-video-only.mp4,.mp4,120904642,2026-05-26T13:35:13,2026-05-30T10:20:16,pending,none,internal,D:\Evan\AI-KnowledgeHub\10_S老师IP资产\_imported\D_aigc\fed_rate_wolf_bak\99_output\material_fixed_final\fed_rate_wolf_material_fixed_final-video-only.mp4,external_original_only,2026-09-20T14:42:32+08:00,True
ca45a63292930039,fed_rate_wolf_material_fixed_final-参考,video,10_S老师IP资产,D_aigc,D:\aigc,D:\aigc\fed_rate_wolf_bak\99_output\material_fixed_final\fed_rate_wolf_material_fixed_final-参考.mp4,fed_rate_wolf_bak\99_output\material_fixed_final\fed_rate_wolf_material_fixed_final-参考.mp4,.mp4,124238960,2026-05-26T13:36:37,2026-05-30T10:20:16,pending,none,internal,D:\Evan\AI-KnowledgeHub\10_S老师IP资产\_imported\D_aigc\fed_rate_wolf_bak\99_output\material_fixed_final\fed_rate_wolf_material_fixed_final-参考.mp4,external_original_only,2026-09-20T14:42:32+08:00,True
f70ee56051f529e3,美联储加息狼-素材修正版-v3,video,10_S老师IP资产,D_aigc,D:\aigc,D:\aigc\fed_rate_wolf_bak\99_output\material_fixed_final\美联储加息狼-素材修正版-v3.mp4,fed_rate_wolf_bak\99_output\material_fixed_final\美联储加息狼-素材修正版-v3.mp4,.mp4,124238960,2026-05-26T13:36:37,2026-05-30T10:20:16,pending,none,internal,D:\Evan\AI-KnowledgeHub\10_S老师IP资产\_imported\D_aigc\fed_rate_wolf_bak\99_output\material_fixed_final\美联储加息狼-素材修正版-v3.mp4,external_original_only,2026-09-20T14:42:32+08:00,True
33e716a26b4d8612,01_broll,video,10_S老师IP资产,D_aigc,D:\aigc,D:\aigc\fed_rate_wolf_bak\99_output\normalized_segments\01_broll.mp4,fed_rate_wolf_bak\99_output\normalized_segments\01_broll.mp4,.mp4,5304227,2026-05-26T11:35:25,2026-05-30T10:20:16,pending,none,internal,D:\Evan\AI-KnowledgeHub\10_S老师IP资产\_imported\D_aigc\fed_rate_wolf_bak\99_output\normalized_segments\01_broll.mp4,external_original_only,2026-09-20T14:42:32+08:00,True
f0e010626c62e446,02_broll,video,10_S老师IP资产,D_aigc,D:\aigc,D:\aigc\fed_rate_wolf_bak\99_output\normalized_segments\02_broll.mp4,fed_rate_wolf_bak\99_output\normalized_segments\02_broll.mp4,.mp4,7616871,2026-05-26T11:35:30,2026-05-30T10:20:16,pending,none,internal,D:\Evan\AI-KnowledgeHub\10_S老师IP资产\_imported\D_aigc\fed_rate_wolf_bak\99_output\normalized_segments\02_broll.mp4,external_original_only,2026-09-20T14:42:32+08:00,True
a2a821da987c6e81,03_broll,video,10_S老师IP资产,D_aigc,D:\aigc,D:\aigc\fed_rate_wolf_bak\99_output\normalized_segments\03_broll.mp4,fed_rate_wolf_bak\99_output\normalized_segments\03_broll.mp4,.mp4,487184,2026-05-26T11:35:34,2026-05-30T10:20:16,pending,none,internal,D:\Evan\AI-KnowledgeHub\10_S老师IP资产\_imported\D_aigc\fed_rate_wolf_bak\99_output\normalized_segments\03_broll.mp4,external_original_only,2026-09-20T14:42:32+08:00,True
679dceb82b728aa9,04_broll,video,10_S老师IP资产,D_aigc,D:\aigc,D:\aigc\fed_rate_wolf_bak\99_output\normalized_segments\04_broll.mp4,fed_rate_wolf_bak\99_output\normalized_segments\04_broll.mp4,.mp4,4058587,2026-05-26T11:35:40,2026-05-30T10:20:16,pending,none,internal,D:\Evan\AI-KnowledgeHub\10_S老师IP资产\_imported\D_aigc\fed_rate_wolf_bak\99_output\normalized_segments\04_broll.mp4,external_original_only,2026-09-20T14:42:32+08:00,True
8972e4c3ac205d5e,05_broll,video,10_S老师IP资产,D_aigc,D:\aigc,D:\aigc\fed_rate_wolf_bak\99_output\normalized_segments\05_broll.mp4,fed_rate_wolf_bak\99_output\normalized_segments\05_broll.mp4,.mp4,4058587,2026-05-26T11:35:47,2026-05-30T10:20:16,pending,none,internal,D:\Evan\AI-KnowledgeHub\10_S老师IP资产\_imported\D_aigc\fed_rate_wolf_bak\99_output\normalized_segments\05_broll.mp4,external_original_only,2026-09-20T14:42:32+08:00,True
6dac6e58ebbf5e4d,06_broll,video,10_S老师IP资产,D_aigc,D:\aigc,D:\aigc\fed_rate_wolf_bak\99_output\normalized_segments\06_broll.mp4,fed_rate_wolf_bak\99_output\normalized_segments\06_broll.mp4,.mp4,14459418,2026-05-26T11:35:56,2026-05-30T10:20:16,pending,none,internal,D:\Evan\AI-KnowledgeHub\10_S老师IP资产\_imported\D_aigc\fed_rate_wolf_bak\99_output\normalized_segments\06_broll.mp4,external_original_only,2026-09-20T14:42:32+08:00,True
67bc7196b7b5c66e,07_broll,video,10_S老师IP资产,D_aigc,D:\aigc,D:\aigc\fed_rate_wolf_bak\99_output\normalized_segments\07_broll.mp4,fed_rate_wolf_bak\99_output\normalized_segments\07_broll.mp4,.mp4,15403759,2026-05-26T11:36:06,2026-05-30T10:20:16,pending,none,internal,D:\Evan\AI-KnowledgeHub\10_S老师IP资产\_imported\D_aigc\fed_rate_wolf_bak\99_output\normalized_segments\07_broll.mp4,external_original_only,2026-09-20T14:42:32+08:00,True
32a518e966cf10e3,08_broll,video,10_S老师IP资产,D_aigc,D:\aigc,D:\aigc\fed_rate_wolf_bak\99_output\normalized_segments\08_broll.mp4,fed_rate_wolf_bak\99_output\normalized_segments\08_broll.mp4,.mp4,7628404,2026-05-26T11:36:13,2026-05-30T10:20:16,pending,none,internal,D:\Evan\AI-KnowledgeHub\10_S老师IP资产\_imported\D_aigc\fed_rate_wolf_bak\99_output\normalized_segments\08_broll.mp4,external_original_only,2026-09-20T14:42:32+08:00,True
f72daa5c63883792,09_broll,video,10_S老师IP资产,D_aigc,D:\aigc,D:\aigc\fed_rate_wolf_bak\99_output\normalized_segments\09_broll.mp4,fed_rate_wolf_bak\99_output\normalized_segments\09_broll.mp4,.mp4,8875866,2026-05-26T11:36:19,2026-05-30T10:20:16,pending,none,internal,D:\Evan\AI-KnowledgeHub\10_S老师IP资产\_imported\D_aigc\fed_rate_wolf_bak\99_output\normalized_segments\09_broll.mp4,external_original_only,2026-09-20T14:42:32+08:00,True
fefaecefb780cd03,10_broll,video,10_S老师IP资产,D_aigc,D:\aigc,D:\aigc\fed_rate_wolf_bak\99_output\normalized_segments\10_broll.mp4,fed_rate_wolf_bak\99_output\normalized_segments\10_broll.mp4,.mp4,7421920,2026-05-26T11:36:25,2026-05-30T10:20:16,pending,none,internal,D:\Evan\AI-KnowledgeHub\10_S老师IP资产\_imported\D_aigc\fed_rate_wolf_bak\99_output\normalized_segments\10_broll.mp4,external_original_only,2026-09-20T14:42:32+08:00,True
b109dd1d4ad9176b,11_broll,video,10_S老师IP资产,D_aigc,D:\aigc,D:\aigc\fed_rate_wolf_bak\99_output\normalized_segments\11_broll.mp4,fed_rate_wolf_bak\99_output\normalized_segments\11_broll.mp4,.mp4,2485394,2026-05-26T11:36:29,2026-05-30T10:20:16,pending,none,internal,D:\Evan\AI-KnowledgeHub\10_S老师IP资产\_imported\D_aigc\fed_rate_wolf_bak\99_output\normalized_segments\11_broll.mp4,external_original_only,2026-09-20T14:42:32+08:00,True
661b6932ad5f4909,12_broll,video,10_S老师IP资产,D_aigc,D:\aigc,D:\aigc\fed_rate_wolf_bak\99_output\normalized_segments\12_broll.mp4,fed_rate_wolf_bak\99_output\normalized_segments\12_broll.mp4,.mp4,7694838,2026-05-26T11:36:34,2026-05-30T10:20:16,pending,none,internal,D:\Evan\AI-KnowledgeHub\10_S老师IP资产\_imported\D_aigc\fed_rate_wolf_bak\99_output\normalized_segments\12_broll.mp4,external_original_only,2026-09-20T14:42:32+08:00,True
791b2ada5a5d7934,13_broll,video,10_S老师IP资产,D_aigc,D:\aigc,D:\aigc\fed_rate_wolf_bak\99_output\normalized_segments\13_broll.mp4,fed_rate_wolf_bak\99_output\normalized_segments\13_broll.mp4,.mp4,7574645,2026-05-26T11:36:37,2026-05-30T10:20:16,pending,none,internal,D:\Evan\AI-KnowledgeHub\10_S老师IP资产\_imported\D_aigc\fed_rate_wolf_bak\99_output\normalized_segments\13_broll.mp4,external_original_only,2026-09-20T14:42:32+08:00,True
0bb2a65764901377,14_broll,video,10_S老师IP资产,D_aigc,D:\aigc,D:\aigc\fed_rate_wolf_bak\99_output\normalized_segments\14_broll.mp4,fed_rate_wolf_bak\99_output\normalized_segments\14_broll.mp4,.mp4,7119748,2026-05-26T11:36:44,2026-05-30T10:20:16,pending,none,internal,D:\Evan\AI-KnowledgeHub\10_S老师IP资产\_imported\D_aigc\fed_rate_wolf_bak\99_output\normalized_segments\14_broll.mp4,external_original_only,2026-09-20T14:42:32+08:00,True
5d5ae5e9d549ac31,15_broll,video,10_S老师IP资产,D_aigc,D:\aigc,D:\aigc\fed_rate_wolf_bak\99_output\normalized_segments\15_broll.mp4,fed_rate_wolf_bak\99_output\normalized_segments\15_broll.mp4,.mp4,6972366,2026-05-26T11:36:49,2026-05-30T10:20:16,pending,none,internal,D:\Evan\AI-KnowledgeHub\10_S老师IP资产\_imported\D_aigc\fed_rate_wolf_bak\99_output\normalized_segments\15_broll.mp4,external_original_only,2026-09-20T14:42:32+08:00,True
a1a58be7b8ab48db,16_broll,video,10_S老师IP资产,D_aigc,D:\aigc,D:\aigc\fed_rate_wolf_bak\99_output\normalized_segments\16_broll.mp4,fed_rate_wolf_bak\99_output\normalized_segments\16_broll.mp4,.mp4,2867574,2026-05-26T11:36:51,2026-05-30T10:20:16,pending,none,internal,D:\Evan\AI-KnowledgeHub\10_S老师IP资产\_imported\D_aigc\fed_rate_wolf_bak\99_output\normalized_segments\16_broll.mp4,external_original_only,2026-09-20T14:42:32+08:00,True
77f4182154637ddc,17_broll,video,10_S老师IP资产,D_aigc,D:\aigc,D:\aigc\fed_rate_wolf_bak\99_output\normalized_segments\17_broll.mp4,fed_rate_wolf_bak\99_output\normalized_segments\17_broll.mp4,.mp4,4330503,2026-05-26T11:36:58,2026-05-30T10:20:16,pending,none,internal,D:\Evan\AI-KnowledgeHub\10_S老师IP资产\_imported\D_aigc\fed_rate_wolf_bak\99_output\normalized_segments\17_broll.mp4,external_original_only,2026-09-20T14:42:32+08:00,True
fd107b085db403f2,18_broll,video,10_S老师IP资产,D_aigc,D:\aigc,D:\aigc\fed_rate_wolf_bak\99_output\normalized_segments\18_broll.mp4,fed_rate_wolf_bak\99_output\normalized_segments\18_broll.mp4,.mp4,7640000,2026-05-26T11:37:05,2026-05-30T10:20:16,pending,none,internal,D:\Evan\AI-KnowledgeHub\10_S老师IP资产\_imported\D_aigc\fed_rate_wolf_bak\99_output\normalized_segments\18_broll.mp4,external_original_only,2026-09-20T14:42:32+08:00,True
d73d3a1c2e31b786,19_broll,video,10_S老师IP资产,D_aigc,D:\aigc,D:\aigc\fed_rate_wolf_bak\99_output\normalized_segments\19_broll.mp4,fed_rate_wolf_bak\99_output\normalized_segments\19_broll.mp4,.mp4,2919976,2026-05-26T11:37:09,2026-05-30T10:20:16,pending,none,internal,D:\Evan\AI-KnowledgeHub\10_S老师IP资产\_imported\D_aigc\fed_rate_wolf_bak\99_output\normalized_segments\19_broll.mp4,external_original_only,2026-09-20T14:42:32+08:00,True
2b1b7a5a19a82042,20_broll,video,10_S老师IP资产,D_aigc,D:\aigc,D:\aigc\fed_rate_wolf_bak\99_output\normalized_segments\20_broll.mp4,fed_rate_wolf_bak\99_output\normalized_segments\20_broll.mp4,.mp4,67844,2026-05-26T11:40:38,2026-05-30T10:20:16,pending,none,internal,D:\Evan\AI-KnowledgeHub\10_S老师IP资产\_imported\D_aigc\fed_rate_wolf_bak\99_output\normalized_segments\20_broll.mp4,external_original_only,2026-09-20T14:42:32+08:00,True
60b6bdc4826098a1,沃什-美联储-上任-主席--MXSO88zV9UM,video,10_S老师IP资产,D_aigc,D:\aigc,D:\aigc\fed_rate_wolf_bak\99_output\rejected_materials\01\沃什-美联储-上任-主席--MXSO88zV9UM.mp4,fed_rate_wolf_bak\99_output\rejected_materials\01\沃什-美联储-上任-主席--MXSO88zV9UM.mp4,.mp4,5028766,2026-05-26T13:04:01,2026-05-30T10:20:16,pending,none,internal,D:\Evan\AI-KnowledgeHub\10_S老师IP资产\_imported\D_aigc\fed_rate_wolf_bak\99_output\rejected_materials\01\沃什-美联储-上任-主席--MXSO88zV9UM.mp4,external_original_only,2026-09-20T14:42:32+08:00,True
8c9280da4d625877,美联储-换帅-市场警报-华尔街--JV5VtyBDLDg,video,10_S老师IP资产,D_aigc,D:\aigc,D:\aigc\fed_rate_wolf_bak\99_output\rejected_materials\01\美联储-换帅-市场警报-华尔街--JV5VtyBDLDg.mp4,fed_rate_wolf_bak\99_output\rejected_materials\01\美联储-换帅-市场警报-华尔街--JV5VtyBDLDg.mp4,.mp4,2294510,2026-05-26T10:50:21,2026-05-30T10:20:16,pending,none,internal,D:\Evan\AI-KnowledgeHub\10_S老师IP资产\_imported\D_aigc\fed_rate_wolf_bak\99_output\rejected_materials\01\美联储-换帅-市场警报-华尔街--JV5VtyBDLDg.mp4,external_original_only,2026-09-20T14:42:32+08:00,True
ea14ebae152f27bc,加息-2022-市场下跌-回忆--8-wqXMrNGkA,video,10_S老师IP资产,D_aigc,D:\aigc,D:\aigc\fed_rate_wolf_bak\99_output\rejected_materials\02\加息-2022-市场下跌-回忆--8-wqXMrNGkA.mp4,fed_rate_wolf_bak\99_output\rejected_materials\02\加息-2022-市场下跌-回忆--8-wqXMrNGkA.mp4,.mp4,4371874,2026-05-26T10:50:45,2026-05-30T10:20:16,pending,none,internal,D:\Evan\AI-KnowledgeHub\10_S老师IP资产\_imported\D_aigc\fed_rate_wolf_bak\99_output\rejected_materials\02\加息-2022-市场下跌-回忆--8-wqXMrNGkA.mp4,external_original_only,2026-09-20T14:42:32+08:00,True
b22feb1823a6c52f,长债-五点一三-防线-多米诺--2gbSDWgZLQQ,video,10_S老师IP资产,D_aigc,D:\aigc,D:\aigc\fed_rate_wolf_bak\99_output\rejected_materials\05\长债-五点一三-防线-多米诺--2gbSDWgZLQQ.mp4,fed_rate_wolf_bak\99_output\rejected_materials\05\长债-五点一三-防线-多米诺--2gbSDWgZLQQ.mp4,.mp4,1830931,2026-05-26T10:52:43,2026-05-30T10:20:16,pending,none,internal,D:\Evan\AI-KnowledgeHub\10_S老师IP资产\_imported\D_aigc\fed_rate_wolf_bak\99_output\rejected_materials\05\长债-五点一三-防线-多米诺--2gbSDWgZLQQ.mp4,external_original_only,2026-09-20T14:42:32+08:00,True
e1f0fc720732360c,通胀-CPI-油价-能源--am7G0yu9qUE,video,10_S老师IP资产,D_aigc,D:\aigc,D:\aigc\fed_rate_wolf_bak\99_output\rejected_materials\07\通胀-CPI-油价-能源--am7G0yu9qUE.mp4,fed_rate_wolf_bak\99_output\rejected_materials\07\通胀-CPI-油价-能源--am7G0yu9qUE.mp4,.mp4,5922347,2026-05-26T10:54:07,2026-05-30T10:20:16,pending,none,internal,D:\Evan\AI-KnowledgeHub\10_S老师IP资产\_imported\D_aigc\fed_rate_wolf_bak\99_output\rejected_materials\07\通胀-CPI-油价-能源--am7G0yu9qUE.mp4,external_original_only,2026-09-20T14:42:32+08:00,True
e10ff5dd53b9a51d,美债-债务钟-黄金-财政--9pgD7rv-HpM,video,10_S老师IP资产,D_aigc,D:\aigc,D:\aigc\fed_rate_wolf_bak\99_output\rejected_materials\08\美债-债务钟-黄金-财政--9pgD7rv-HpM.mp4,fed_rate_wolf_bak\99_output\rejected_materials\08\美债-债务钟-黄金-财政--9pgD7rv-HpM.mp4,.mp4,3020622,2026-05-26T10:54:22,2026-05-30T10:20:16,pending,none,internal,D:\Evan\AI-KnowledgeHub\10_S老师IP资产\_imported\D_aigc\fed_rate_wolf_bak\99_output\rejected_materials\08\美债-债务钟-黄金-财政--9pgD7rv-HpM.mp4,external_original_only,2026-09-20T14:42:32+08:00,True
a6f232f48bfefad1,沃什-美联储-QE-金融危机--fCU2SCUhtT0,video,10_S老师IP资产,D_aigc,D:\aigc,D:\aigc\fed_rate_wolf_bak\99_output\rejected_materials\10\沃什-美联储-QE-金融危机--fCU2SCUhtT0.mp4,fed_rate_wolf_bak\99_output\rejected_materials\10\沃什-美联储-QE-金融危机--fCU2SCUhtT0.mp4,.mp4,2251578,2026-05-26T10:55:22,2026-05-30T10:20:16,pending,none,internal,D:\Evan\AI-KnowledgeHub\10_S老师IP资产\_imported\D_aigc\fed_rate_wolf_bak\99_output\rejected_materials\10\沃什-美联储-QE-金融危机--fCU2SCUhtT0.mp4,external_original_only,2026-09-20T14:42:32+08:00,True
5e0ed07bd0b1d928,缩表-降息-货币政策-天平--YJ_jW6T1yGQ,video,10_S老师IP资产,D_aigc,D:\aigc,D:\aigc\fed_rate_wolf_bak\99_output\rejected_materials\11\缩表-降息-货币政策-天平--YJ_jW6T1yGQ.mp4,fed_rate_wolf_bak\99_output\rejected_materials\11\缩表-降息-货币政策-天平--YJ_jW6T1yGQ.mp4,.mp4,892075,2026-05-26T10:55:37,2026-05-30T10:20:16,pending,none,internal,D:\Evan\AI-KnowledgeHub\10_S老师IP资产\_imported\D_aigc\fed_rate_wolf_bak\99_output\rejected_materials\11\缩表-降息-货币政策-天平--YJ_jW6T1yGQ.mp4,external_original_only,2026-09-20T14:42:32+08:00,True
1d2c4e2b4d502944,通胀-AI-政策两难-走钢丝--RlC9b3QWObQ,video,10_S老师IP资产,D_aigc,D:\aigc,D:\aigc\fed_rate_wolf_bak\99_output\rejected_materials\12\通胀-AI-政策两难-走钢丝--RlC9b3QWObQ.mp4,fed_rate_wolf_bak\99_output\rejected_materials\12\通胀-AI-政策两难-走钢丝--RlC9b3QWObQ.mp4,.mp4,8855960,2026-05-26T10:55:59,2026-05-30T10:20:16,pending,none,internal,D:\Evan\AI-KnowledgeHub\10_S老师IP资产\_imported\D_aigc\fed_rate_wolf_bak\99_output\rejected_materials\12\通胀-AI-政策两难-走钢丝--RlC9b3QWObQ.mp4,external_original_only,2026-09-20T14:42:32+08:00,True
969df36403776b67,纳指-科技股-波动-AI--m-HyIn0V0n4,video,10_S老师IP资产,D_aigc,D:\aigc,D:\aigc\fed_rate_wolf_bak\99_output\rejected_materials\14\纳指-科技股-波动-AI--m-HyIn0V0n4.mp4,fed_rate_wolf_bak\99_output\rejected_materials\14\纳指-科技股-波动-AI--m-HyIn0V0n4.mp4,.mp4,3426680,2026-05-26T10:56:38,2026-05-30T10:20:16,pending,none,internal,D:\Evan\AI-KnowledgeHub\10_S老师IP资产\_imported\D_aigc\fed_rate_wolf_bak\99_output\rejected_materials\14\纳指-科技股-波动-AI--m-HyIn0V0n4.mp4,external_original_only,2026-09-20T14:42:32+08:00,True
37f71441fd75fd76,港交所-港股-南向资金-金融--NLv5PswGBUM,video,10_S老师IP资产,D_aigc,D:\aigc,D:\aigc\fed_rate_wolf_bak\99_output\rejected_materials\15\港交所-港股-南向资金-金融--NLv5PswGBUM.mp4,fed_rate_wolf_bak\99_output\rejected_materials\15\港交所-港股-南向资金-金融--NLv5PswGBUM.mp4,.mp4,2019714,2026-05-26T10:56:51,2026-05-30T10:20:16,pending,none,internal,D:\Evan\AI-KnowledgeHub\10_S老师IP资产\_imported\D_aigc\fed_rate_wolf_bak\99_output\rejected_materials\15\港交所-港股-南向资金-金融--NLv5PswGBUM.mp4,external_original_only,2026-09-20T14:42:32+08:00,True
c9aea8f5d2789cb5,政策-流动性-国家队-托底--EoAuUR1gIW0,video,10_S老师IP资产,D_aigc,D:\aigc,D:\aigc\fed_rate_wolf_bak\99_output\rejected_materials\17\政策-流动性-国家队-托底--EoAuUR1gIW0.mp4,fed_rate_wolf_bak\99_output\rejected_materials\17\政策-流动性-国家队-托底--EoAuUR1gIW0.mp4,.mp4,2281785,2026-05-26T10:58:02,2026-05-30T10:20:16,pending,none,internal,D:\Evan\AI-KnowledgeHub\10_S老师IP资产\_imported\D_aigc\fed_rate_wolf_bak\99_output\rejected_materials\17\政策-流动性-国家队-托底--EoAuUR1gIW0.mp4,external_original_only,2026-09-20T14:42:32+08:00,True
9cacd9eabd3ea638,fed_rate_wolf_sentence_ip_v1-reference,video,10_S老师IP资产,D_aigc,D:\aigc,D:\aigc\fed_rate_wolf_bak\99_output\sentence_ip_v1\fed_rate_wolf_sentence_ip_v1-reference.mp4,fed_rate_wolf_bak\99_output\sentence_ip_v1\fed_rate_wolf_sentence_ip_v1-reference.mp4,.mp4,116793110,2026-05-26T15:38:28,2026-05-30T10:20:16,pending,none,internal,D:\Evan\AI-KnowledgeHub\10_S老师IP资产\_imported\D_aigc\fed_rate_wolf_bak\99_output\sentence_ip_v1\fed_rate_wolf_sentence_ip_v1-reference.mp4,external_original_only,2026-09-20T14:42:32+08:00,True
5c0e448307ad2588,fed_rate_wolf_sentence_ip_v1-video-only,video,10_S老师IP资产,D_aigc,D:\aigc,D:\aigc\fed_rate_wolf_bak\99_output\sentence_ip_v1\fed_rate_wolf_sentence_ip_v1-video-only.mp4,fed_rate_wolf_bak\99_output\sentence_ip_v1\fed_rate_wolf_sentence_ip_v1-video-only.mp4,.mp4,102423218,2026-05-26T15:36:03,2026-05-30T10:20:16,pending,none,internal,D:\Evan\AI-KnowledgeHub\10_S老师IP资产\_imported\D_aigc\fed_rate_wolf_bak\99_output\sentence_ip_v1\fed_rate_wolf_sentence_ip_v1-video-only.mp4,external_original_only,2026-09-20T14:42:32+08:00,True
f862a00e4484f5d1,fed_rate_wolf_sentence_ip_v2-reference,video,10_S老师IP资产,D_aigc,D:\aigc,D:\aigc\fed_rate_wolf_bak\99_output\sentence_ip_v2\fed_rate_wolf_sentence_ip_v2-reference.mp4,fed_rate_wolf_bak\99_output\sentence_ip_v2\fed_rate_wolf_sentence_ip_v2-reference.mp4,.mp4,116757953,2026-05-26T17:35:15,2026-05-30T10:20:16,pending,none,internal,D:\Evan\AI-KnowledgeHub\10_S老师IP资产\_imported\D_aigc\fed_rate_wolf_bak\99_output\sentence_ip_v2\fed_rate_wolf_sentence_ip_v2-reference.mp4,external_original_only,2026-09-20T14:42:32+08:00,True
c6c5fd0f0829fc1a,fed_rate_wolf_sentence_ip_v2-video-only,video,10_S老师IP资产,D_aigc,D:\aigc,D:\aigc\fed_rate_wolf_bak\99_output\sentence_ip_v2\fed_rate_wolf_sentence_ip_v2-video-only.mp4,fed_rate_wolf_bak\99_output\sentence_ip_v2\fed_rate_wolf_sentence_ip_v2-video-only.mp4,.mp4,92930124,2026-05-26T17:24:06,2026-05-30T10:20:16,pending,none,internal,D:\Evan\AI-KnowledgeHub\10_S老师IP资产\_imported\D_aigc\fed_rate_wolf_bak\99_output\sentence_ip_v2\fed_rate_wolf_sentence_ip_v2-video-only.mp4,external_original_only,2026-09-20T14:42:32+08:00,True
77fb5afef65267e5,fed_rate_wolf_sentence_ip_v2_ip_voice_final,video,10_S老师IP资产,D_aigc,D:\aigc,D:\aigc\fed_rate_wolf_bak\99_output\sentence_ip_v2\fed_rate_wolf_sentence_ip_v2_ip_voice_final.mp4,fed_rate_wolf_bak\99_output\sentence_ip_v2\fed_rate_wolf_sentence_ip_v2_ip_voice_final.mp4,.mp4,116757953,2026-05-26T17:35:15,2026-05-30T10:20:16,pending,none,internal,D:\Evan\AI-KnowledgeHub\10_S老师IP资产\_imported\D_aigc\fed_rate_wolf_bak\99_output\sentence_ip_v2\fed_rate_wolf_sentence_ip_v2_ip_voice_final.mp4,external_original_only,2026-09-20T14:42:32+08:00,True
5872a3e289b07a9d,美联储加息狼-句子级-IP出镜-IP原声-v2,video,10_S老师IP资产,D_aigc,D:\aigc,D:\aigc\fed_rate_wolf_bak\99_output\sentence_ip_v2\美联储加息狼-句子级-IP出镜-IP原声-v2.mp4,fed_rate_wolf_bak\99_output\sentence_ip_v2\美联储加息狼-句子级-IP出镜-IP原声-v2.mp4,.mp4,116757953,2026-05-26T17:35:15,2026-05-30T10:20:16,pending,none,internal,D:\Evan\AI-KnowledgeHub\10_S老师IP资产\_imported\D_aigc\fed_rate_wolf_bak\99_output\sentence_ip_v2\美联储加息狼-句子级-IP出镜-IP原声-v2.mp4,external_original_only,2026-09-20T14:42:32+08:00,True
3c097b0ef86267ca,voice_edge_tts_fallback,audio,10_S老师IP资产,D_aigc,D:\aigc,D:\aigc\fed_rate_wolf_bak\99_output\voice_edge_tts_fallback.mp3,fed_rate_wolf_bak\99_output\voice_edge_tts_fallback.mp3,.mp3,3628080,2026-05-26T11:36:01,2026-05-30T10:20:16,pending,none,internal,D:\Evan\AI-KnowledgeHub\10_S老师IP资产\_imported\D_aigc\fed_rate_wolf_bak\99_output\voice_edge_tts_fallback.mp3,external_original_only,2026-09-20T14:42:32+08:00,True
8798a4e3487e09ff,fed_rate_wolf_material_fixed-配音,audio,10_S老师IP资产,D_aigc,D:\aigc,D:\aigc\fed_rate_wolf_bak\jianying_import_pack_material_fixed\audio\fed_rate_wolf_material_fixed-配音.mp3,fed_rate_wolf_bak\jianying_import_pack_material_fixed\audio\fed_rate_wolf_material_fixed-配音.mp3,.mp3,3628080,2026-05-26T11:36:01,2026-05-30T10:20:16,pending,none,internal,D:\Evan\AI-KnowledgeHub\10_S老师IP资产\_imported\D_aigc\fed_rate_wolf_bak\jianying_import_pack_material_fixed\audio\fed_rate_wolf_material_fixed-配音.mp3,external_original_only,2026-09-20T14:42:32+08:00,True
22ac11ca812dcaf4,fed_rate_wolf_material_fixed-参考,video,10_S老师IP资产,D_aigc,D:\aigc,D:\aigc\fed_rate_wolf_bak\jianying_import_pack_material_fixed\fed_rate_wolf_material_fixed-参考.mp4,fed_rate_wolf_bak\jianying_import_pack_material_fixed\fed_rate_wolf_material_fixed-参考.mp4,.mp4,139869283,2026-05-26T13:23:53,2026-05-30T10:20:16,pending,none,internal,D:\Evan\AI-KnowledgeHub\10_S老师IP资产\_imported\D_aigc\fed_rate_wolf_bak\jianying_import_pack_material_fixed\fed_rate_wolf_material_fixed-参考.mp4,external_original_only,2026-09-20T14:42:32+08:00,True
dba4f970efd64300,镜头01-01-沃什-换帅-美联储-市场警报,video,10_S老师IP资产,D_aigc,D:\aigc,D:\aigc\fed_rate_wolf_bak\jianying_import_pack_material_fixed\video_segments\镜头01-01-沃什-换帅-美联储-市场警报.mp4,fed_rate_wolf_bak\jianying_import_pack_material_fixed\video_segments\镜头01-01-沃什-换帅-美联储-市场警报.mp4,.mp4,5655211,2026-05-26T13:20:47,2026-05-30T10:20:16,pending,none,internal,D:\Evan\AI-KnowledgeHub\10_S老师IP资产\_imported\D_aigc\fed_rate_wolf_bak\jianying_import_pack_material_fixed\video_segments\镜头01-01-沃什-换帅-美联储-市场警报.mp4,external_original_only,2026-09-20T14:42:32+08:00,True
f49f13a924557cf5,镜头02-01-鲍威尔-加息-美联储-2022,video,10_S老师IP资产,D_aigc,D:\aigc,D:\aigc\fed_rate_wolf_bak\jianying_import_pack_material_fixed\video_segments\镜头02-01-鲍威尔-加息-美联储-2022.mp4,fed_rate_wolf_bak\jianying_import_pack_material_fixed\video_segments\镜头02-01-鲍威尔-加息-美联储-2022.mp4,.mp4,11972422,2026-05-26T13:20:52,2026-05-30T10:20:16,pending,none,internal,D:\Evan\AI-KnowledgeHub\10_S老师IP资产\_imported\D_aigc\fed_rate_wolf_bak\jianying_import_pack_material_fixed\video_segments\镜头02-01-鲍威尔-加息-美联储-2022.mp4,external_original_only,2026-09-20T14:42:32+08:00,True
e68a5dabacad98f4,镜头03-01-恐慌-流动性-资产缩水-资金选择,video,10_S老师IP资产,D_aigc,D:\aigc,D:\aigc\fed_rate_wolf_bak\jianying_import_pack_material_fixed\video_segments\镜头03-01-恐慌-流动性-资产缩水-资金选择.mp4,fed_rate_wolf_bak\jianying_import_pack_material_fixed\video_segments\镜头03-01-恐慌-流动性-资产缩水-资金选择.mp4,.mp4,305688,2026-05-26T13:20:55,2026-05-30T10:20:16,pending,none,internal,D:\Evan\AI-KnowledgeHub\10_S老师IP资产\_imported\D_aigc\fed_rate_wolf_bak\jianying_import_pack_material_fixed\video_segments\镜头03-01-恐慌-流动性-资产缩水-资金选择.mp4,external_original_only,2026-09-20T14:42:32+08:00,True
5a07b1a3d4ecc692,镜头05-01-长债-五点一三-防线-多米诺,video,10_S老师IP资产,D_aigc,D:\aigc,D:\aigc\fed_rate_wolf_bak\jianying_import_pack_material_fixed\video_segments\镜头05-01-长债-五点一三-防线-多米诺.mp4,fed_rate_wolf_bak\jianying_import_pack_material_fixed\video_segments\镜头05-01-长债-五点一三-防线-多米诺.mp4,.mp4,437098,2026-05-26T13:21:00,2026-05-30T10:20:16,pending,none,internal,D:\Evan\AI-KnowledgeHub\10_S老师IP资产\_imported\D_aigc\fed_rate_wolf_bak\jianying_import_pack_material_fixed\video_segments\镜头05-01-长债-五点一三-防线-多米诺.mp4,external_original_only,2026-09-20T14:42:32+08:00,True
05193758faee4634,镜头06-01-AI-数据中心-GPU-科技股,video,10_S老师IP资产,D_aigc,D:\aigc,D:\aigc\fed_rate_wolf_bak\jianying_import_pack_material_fixed\video_segments\镜头06-01-AI-数据中心-GPU-科技股.mp4,fed_rate_wolf_bak\jianying_import_pack_material_fixed\video_segments\镜头06-01-AI-数据中心-GPU-科技股.mp4,.mp4,24349074,2026-05-26T13:21:10,2026-05-30T10:20:16,pending,none,internal,D:\Evan\AI-KnowledgeHub\10_S老师IP资产\_imported\D_aigc\fed_rate_wolf_bak\jianying_import_pack_material_fixed\video_segments\镜头06-01-AI-数据中心-GPU-科技股.mp4,external_original_only,2026-09-20T14:42:32+08:00,True
d360ed3af3231e5d,镜头07-01-油轮-霍尔木兹-能源价格-通胀,video,10_S老师IP资产,D_aigc,D:\aigc,D:\aigc\fed_rate_wolf_bak\jianying_import_pack_material_fixed\video_segments\镜头07-01-油轮-霍尔木兹-能源价格-通胀.mp4,fed_rate_wolf_bak\jianying_import_pack_material_fixed\video_segments\镜头07-01-油轮-霍尔木兹-能源价格-通胀.mp4,.mp4,10707900,2026-05-26T13:21:17,2026-05-30T10:20:16,pending,none,internal,D:\Evan\AI-KnowledgeHub\10_S老师IP资产\_imported\D_aigc\fed_rate_wolf_bak\jianying_import_pack_material_fixed\video_segments\镜头07-01-油轮-霍尔木兹-能源价格-通胀.mp4,external_original_only,2026-09-20T14:42:32+08:00,True
e569674e7d47ab3d,镜头08-01-美债-债务黑洞-黄金-去美元化,video,10_S老师IP资产,D_aigc,D:\aigc,D:\aigc\fed_rate_wolf_bak\jianying_import_pack_material_fixed\video_segments\镜头08-01-美债-债务黑洞-黄金-去美元化.mp4,fed_rate_wolf_bak\jianying_import_pack_material_fixed\video_segments\镜头08-01-美债-债务黑洞-黄金-去美元化.mp4,.mp4,394665,2026-05-26T13:21:20,2026-05-30T10:20:16,pending,none,internal,D:\Evan\AI-KnowledgeHub\10_S老师IP资产\_imported\D_aigc\fed_rate_wolf_bak\jianying_import_pack_material_fixed\video_segments\镜头08-01-美债-债务黑洞-黄金-去美元化.mp4,external_original_only,2026-09-20T14:42:32+08:00,True
4b81c7945ce2a257,镜头09-01-美债-拍卖-供需-收益率,video,10_S老师IP资产,D_aigc,D:\aigc,D:\aigc\fed_rate_wolf_bak\jianying_import_pack_material_fixed\video_segments\镜头09-01-美债-拍卖-供需-收益率.mp4,fed_rate_wolf_bak\jianying_import_pack_material_fixed\video_segments\镜头09-01-美债-拍卖-供需-收益率.mp4,.mp4,14650354,2026-05-26T13:21:27,2026-05-30T10:20:16,pending,none,internal,D:\Evan\AI-KnowledgeHub\10_S老师IP资产\_imported\D_aigc\fed_rate_wolf_bak\jianying_import_pack_material_fixed\video_segments\镜头09-01-美债-拍卖-供需-收益率.mp4,external_original_only,2026-09-20T14:42:32+08:00,True
d2f4b9b0603888fe,镜头10-01-沃什-听证会-QE-美联储,video,10_S老师IP资产,D_aigc,D:\aigc,D:\aigc\fed_rate_wolf_bak\jianying_import_pack_material_fixed\video_segments\镜头10-01-沃什-听证会-QE-美联储.mp4,fed_rate_wolf_bak\jianying_import_pack_material_fixed\video_segments\镜头10-01-沃什-听证会-QE-美联储.mp4,.mp4,5804601,2026-05-26T13:21:32,2026-05-30T10:20:16,pending,none,internal,D:\Evan\AI-KnowledgeHub\10_S老师IP资产\_imported\D_aigc\fed_rate_wolf_bak\jianying_import_pack_material_fixed\video_segments\镜头10-01-沃什-听证会-QE-美联储.mp4,external_original_only,2026-09-20T14:42:32+08:00,True
f7f0b50636e55f1b,镜头11-01-缩表-降息-货币政策-天平,video,10_S老师IP资产,D_aigc,D:\aigc,D:\aigc\fed_rate_wolf_bak\jianying_import_pack_material_fixed\video_segments\镜头11-01-缩表-降息-货币政策-天平.mp4,fed_rate_wolf_bak\jianying_import_pack_material_fixed\video_segments\镜头11-01-缩表-降息-货币政策-天平.mp4,.mp4,679950,2026-05-26T13:21:35,2026-05-30T10:20:16,pending,none,internal,D:\Evan\AI-KnowledgeHub\10_S老师IP资产\_imported\D_aigc\fed_rate_wolf_bak\jianying_import_pack_material_fixed\video_segments\镜头11-01-缩表-降息-货币政策-天平.mp4,external_original_only,2026-09-20T14:42:32+08:00,True
662e38ffc57790ea,镜头12-01-通胀-AI-政策两难-走钢丝,video,10_S老师IP资产,D_aigc,D:\aigc,D:\aigc\fed_rate_wolf_bak\jianying_import_pack_material_fixed\video_segments\镜头12-01-通胀-AI-政策两难-走钢丝.mp4,fed_rate_wolf_bak\jianying_import_pack_material_fixed\video_segments\镜头12-01-通胀-AI-政策两难-走钢丝.mp4,.mp4,562768,2026-05-26T13:21:38,2026-05-30T10:20:16,pending,none,internal,D:\Evan\AI-KnowledgeHub\10_S老师IP资产\_imported\D_aigc\fed_rate_wolf_bak\jianying_import_pack_material_fixed\video_segments\镜头12-01-通胀-AI-政策两难-走钢丝.mp4,external_original_only,2026-09-20T14:42:32+08:00,True
42b5dd9e89291d4d,镜头13-01-美股-港股-A股-资产对比,video,10_S老师IP资产,D_aigc,D:\aigc,D:\aigc\fed_rate_wolf_bak\jianying_import_pack_material_fixed\video_segments\镜头13-01-美股-港股-A股-资产对比.mp4,fed_rate_wolf_bak\jianying_import_pack_material_fixed\video_segments\镜头13-01-美股-港股-A股-资产对比.mp4,.mp4,12247807,2026-05-26T13:21:42,2026-05-30T10:20:16,pending,none,internal,D:\Evan\AI-KnowledgeHub\10_S老师IP资产\_imported\D_aigc\fed_rate_wolf_bak\jianying_import_pack_material_fixed\video_segments\镜头13-01-美股-港股-A股-资产对比.mp4,external_original_only,2026-09-20T14:42:32+08:00,True
f674a2150dbf24c7,镜头15-01-港交所-港股-南向资金-金融,video,10_S老师IP资产,D_aigc,D:\aigc,D:\aigc\fed_rate_wolf_bak\jianying_import_pack_material_fixed\video_segments\镜头15-01-港交所-港股-南向资金-金融.mp4,fed_rate_wolf_bak\jianying_import_pack_material_fixed\video_segments\镜头15-01-港交所-港股-南向资金-金融.mp4,.mp4,27131604,2026-05-26T13:21:54,2026-05-30T10:20:16,pending,none,internal,D:\Evan\AI-KnowledgeHub\10_S老师IP资产\_imported\D_aigc\fed_rate_wolf_bak\jianying_import_pack_material_fixed\video_segments\镜头15-01-港交所-港股-南向资金-金融.mp4,external_original_only,2026-09-20T14:42:32+08:00,True
9232f9399242d95f,镜头17-01-政策-流动性-国家队-托底,video,10_S老师IP资产,D_aigc,D:\aigc,D:\aigc\fed_rate_wolf_bak\jianying_import_pack_material_fixed\video_segments\镜头17-01-政策-流动性-国家队-托底.mp4,fed_rate_wolf_bak\jianying_import_pack_material_fixed\video_segments\镜头17-01-政策-流动性-国家队-托底.mp4,.mp4,273374,2026-05-26T13:22:01,2026-05-30T10:20:16,pending,none,internal,D:\Evan\AI-KnowledgeHub\10_S老师IP资产\_imported\D_aigc\fed_rate_wolf_bak\jianying_import_pack_material_fixed\video_segments\镜头17-01-政策-流动性-国家队-托底.mp4,external_original_only,2026-09-20T14:42:32+08:00,True
2aa583be7a3e5cdd,镜头19-01-长期投资-产业趋势-个人投资者,video,10_S老师IP资产,D_aigc,D:\aigc,D:\aigc\fed_rate_wolf_bak\jianying_import_pack_material_fixed\video_segments\镜头19-01-长期投资-产业趋势-个人投资者.mp4,fed_rate_wolf_bak\jianying_import_pack_material_fixed\video_segments\镜头19-01-长期投资-产业趋势-个人投资者.mp4,.mp4,4520548,2026-05-26T13:22:15,2026-05-30T10:20:16,pending,none,internal,D:\Evan\AI-KnowledgeHub\10_S老师IP资产\_imported\D_aigc\fed_rate_wolf_bak\jianying_import_pack_material_fixed\video_segments\镜头19-01-长期投资-产业趋势-个人投资者.mp4,external_original_only,2026-09-20T14:42:32+08:00,True
3684147552388b70,fed_rate_wolf_material_fixed_final-配音,audio,10_S老师IP资产,D_aigc,D:\aigc,D:\aigc\fed_rate_wolf_bak\jianying_import_pack_material_fixed_final\audio\fed_rate_wolf_material_fixed_final-配音.mp3,fed_rate_wolf_bak\jianying_import_pack_material_fixed_final\audio\fed_rate_wolf_material_fixed_final-配音.mp3,.mp3,3628080,2026-05-26T11:36:01,2026-05-30T10:20:16,pending,none,internal,D:\Evan\AI-KnowledgeHub\10_S老师IP资产\_imported\D_aigc\fed_rate_wolf_bak\jianying_import_pack_material_fixed_final\audio\fed_rate_wolf_material_fixed_final-配音.mp3,external_original_only,2026-09-20T14:42:32+08:00,True
150fe0c65aaadb10,fed_rate_wolf_material_fixed_final-参考,video,10_S老师IP资产,D_aigc,D:\aigc,D:\aigc\fed_rate_wolf_bak\jianying_import_pack_material_fixed_final\fed_rate_wolf_material_fixed_final-参考.mp4,fed_rate_wolf_bak\jianying_import_pack_material_fixed_final\fed_rate_wolf_material_fixed_final-参考.mp4,.mp4,124238960,2026-05-26T13:36:37,2026-05-30T10:20:16,pending,none,internal,D:\Evan\AI-KnowledgeHub\10_S老师IP资产\_imported\D_aigc\fed_rate_wolf_bak\jianying_import_pack_material_fixed_final\fed_rate_wolf_material_fixed_final-参考.mp4,external_original_only,2026-09-20T14:42:32+08:00,True
3c6a268d1bb04556,镜头01-01-美联储-换帅-加息警报-开场,video,10_S老师IP资产,D_aigc,D:\aigc,D:\aigc\fed_rate_wolf_bak\jianying_import_pack_material_fixed_final\video_segments\镜头01-01-美联储-换帅-加息警报-开场.mp4,fed_rate_wolf_bak\jianying_import_pack_material_fixed_final\video_segments\镜头01-01-美联储-换帅-加息警报-开场.mp4,.mp4,232663,2026-05-26T13:33:40,2026-05-30T10:20:16,pending,none,internal,D:\Evan\AI-KnowledgeHub\10_S老师IP资产\_imported\D_aigc\fed_rate_wolf_bak\jianying_import_pack_material_fixed_final\video_segments\镜头01-01-美联储-换帅-加息警报-开场.mp4,external_original_only,2026-09-20T14:42:32+08:00,True
27f13ecb2583d57c,镜头02-01-鲍威尔-加息-美联储-2022,video,10_S老师IP资产,D_aigc,D:\aigc,D:\aigc\fed_rate_wolf_bak\jianying_import_pack_material_fixed_final\video_segments\镜头02-01-鲍威尔-加息-美联储-2022.mp4,fed_rate_wolf_bak\jianying_import_pack_material_fixed_final\video_segments\镜头02-01-鲍威尔-加息-美联储-2022.mp4,.mp4,11972422,2026-05-26T13:33:46,2026-05-30T10:20:16,pending,none,internal,D:\Evan\AI-KnowledgeHub\10_S老师IP资产\_imported\D_aigc\fed_rate_wolf_bak\jianying_import_pack_material_fixed_final\video_segments\镜头02-01-鲍威尔-加息-美联储-2022.mp4,external_original_only,2026-09-20T14:42:32+08:00,True
2ee2a43f5c4aae12,镜头03-01-恐慌-流动性-资产缩水-资金选择,video,10_S老师IP资产,D_aigc,D:\aigc,D:\aigc\fed_rate_wolf_bak\jianying_import_pack_material_fixed_final\video_segments\镜头03-01-恐慌-流动性-资产缩水-资金选择.mp4,fed_rate_wolf_bak\jianying_import_pack_material_fixed_final\video_segments\镜头03-01-恐慌-流动性-资产缩水-资金选择.mp4,.mp4,305688,2026-05-26T13:33:49,2026-05-30T10:20:16,pending,none,internal,D:\Evan\AI-KnowledgeHub\10_S老师IP资产\_imported\D_aigc\fed_rate_wolf_bak\jianying_import_pack_material_fixed_final\video_segments\镜头03-01-恐慌-流动性-资产缩水-资金选择.mp4,external_original_only,2026-09-20T14:42:32+08:00,True
3e504687bd2e10b8,镜头05-01-长债-五点一三-防线-多米诺,video,10_S老师IP资产,D_aigc,D:\aigc,D:\aigc\fed_rate_wolf_bak\jianying_import_pack_material_fixed_final\video_segments\镜头05-01-长债-五点一三-防线-多米诺.mp4,fed_rate_wolf_bak\jianying_import_pack_material_fixed_final\video_segments\镜头05-01-长债-五点一三-防线-多米诺.mp4,.mp4,437098,2026-05-26T13:33:55,2026-05-30T10:20:16,pending,none,internal,D:\Evan\AI-KnowledgeHub\10_S老师IP资产\_imported\D_aigc\fed_rate_wolf_bak\jianying_import_pack_material_fixed_final\video_segments\镜头05-01-长债-五点一三-防线-多米诺.mp4,external_original_only,2026-09-20T14:42:32+08:00,True
a0878bee53434f15,镜头06-01-AI-数据中心-GPU-科技股,video,10_S老师IP资产,D_aigc,D:\aigc,D:\aigc\fed_rate_wolf_bak\jianying_import_pack_material_fixed_final\video_segments\镜头06-01-AI-数据中心-GPU-科技股.mp4,fed_rate_wolf_bak\jianying_import_pack_material_fixed_final\video_segments\镜头06-01-AI-数据中心-GPU-科技股.mp4,.mp4,24349074,2026-05-26T13:34:06,2026-05-30T10:20:16,pending,none,internal,D:\Evan\AI-KnowledgeHub\10_S老师IP资产\_imported\D_aigc\fed_rate_wolf_bak\jianying_import_pack_material_fixed_final\video_segments\镜头06-01-AI-数据中心-GPU-科技股.mp4,external_original_only,2026-09-20T14:42:32+08:00,True
5ad3738ecbcf23e4,镜头07-01-油轮-霍尔木兹-能源价格-通胀,video,10_S老师IP资产,D_aigc,D:\aigc,D:\aigc\fed_rate_wolf_bak\jianying_import_pack_material_fixed_final\video_segments\镜头07-01-油轮-霍尔木兹-能源价格-通胀.mp4,fed_rate_wolf_bak\jianying_import_pack_material_fixed_final\video_segments\镜头07-01-油轮-霍尔木兹-能源价格-通胀.mp4,.mp4,10707900,2026-05-26T13:34:14,2026-05-30T10:20:16,pending,none,internal,D:\Evan\AI-KnowledgeHub\10_S老师IP资产\_imported\D_aigc\fed_rate_wolf_bak\jianying_import_pack_material_fixed_final\video_segments\镜头07-01-油轮-霍尔木兹-能源价格-通胀.mp4,external_original_only,2026-09-20T14:42:32+08:00,True
f17e696223703b7f,镜头08-01-美债-债务黑洞-黄金-去美元化,video,10_S老师IP资产,D_aigc,D:\aigc,D:\aigc\fed_rate_wolf_bak\jianying_import_pack_material_fixed_final\video_segments\镜头08-01-美债-债务黑洞-黄金-去美元化.mp4,fed_rate_wolf_bak\jianying_import_pack_material_fixed_final\video_segments\镜头08-01-美债-债务黑洞-黄金-去美元化.mp4,.mp4,394665,2026-05-26T13:34:17,2026-05-30T10:20:16,pending,none,internal,D:\Evan\AI-KnowledgeHub\10_S老师IP资产\_imported\D_aigc\fed_rate_wolf_bak\jianying_import_pack_material_fixed_final\video_segments\镜头08-01-美债-债务黑洞-黄金-去美元化.mp4,external_original_only,2026-09-20T14:42:32+08:00,True
02d2b46ff70041a9,镜头09-01-美债-拍卖-供需-收益率,video,10_S老师IP资产,D_aigc,D:\aigc,D:\aigc\fed_rate_wolf_bak\jianying_import_pack_material_fixed_final\video_segments\镜头09-01-美债-拍卖-供需-收益率.mp4,fed_rate_wolf_bak\jianying_import_pack_material_fixed_final\video_segments\镜头09-01-美债-拍卖-供需-收益率.mp4,.mp4,14650354,2026-05-26T13:34:25,2026-05-30T10:20:16,pending,none,internal,D:\Evan\AI-KnowledgeHub\10_S老师IP资产\_imported\D_aigc\fed_rate_wolf_bak\jianying_import_pack_material_fixed_final\video_segments\镜头09-01-美债-拍卖-供需-收益率.mp4,external_original_only,2026-09-20T14:42:32+08:00,True
37d72a173a9b518c,镜头10-01-沃什-听证会-QE-美联储,video,10_S老师IP资产,D_aigc,D:\aigc,D:\aigc\fed_rate_wolf_bak\jianying_import_pack_material_fixed_final\video_segments\镜头10-01-沃什-听证会-QE-美联储.mp4,fed_rate_wolf_bak\jianying_import_pack_material_fixed_final\video_segments\镜头10-01-沃什-听证会-QE-美联储.mp4,.mp4,5804601,2026-05-26T13:34:31,2026-05-30T10:20:16,pending,none,internal,D:\Evan\AI-KnowledgeHub\10_S老师IP资产\_imported\D_aigc\fed_rate_wolf_bak\jianying_import_pack_material_fixed_final\video_segments\镜头10-01-沃什-听证会-QE-美联储.mp4,external_original_only,2026-09-20T14:42:32+08:00,True
1b51423e83ff1d1e,镜头11-01-缩表-降息-货币政策-天平,video,10_S老师IP资产,D_aigc,D:\aigc,D:\aigc\fed_rate_wolf_bak\jianying_import_pack_material_fixed_final\video_segments\镜头11-01-缩表-降息-货币政策-天平.mp4,fed_rate_wolf_bak\jianying_import_pack_material_fixed_final\video_segments\镜头11-01-缩表-降息-货币政策-天平.mp4,.mp4,679950,2026-05-26T13:34:34,2026-05-30T10:20:16,pending,none,internal,D:\Evan\AI-KnowledgeHub\10_S老师IP资产\_imported\D_aigc\fed_rate_wolf_bak\jianying_import_pack_material_fixed_final\video_segments\镜头11-01-缩表-降息-货币政策-天平.mp4,external_original_only,2026-09-20T14:42:32+08:00,True
0c6ca78db0201b2f,镜头12-01-通胀-AI-政策两难-走钢丝,video,10_S老师IP资产,D_aigc,D:\aigc,D:\aigc\fed_rate_wolf_bak\jianying_import_pack_material_fixed_final\video_segments\镜头12-01-通胀-AI-政策两难-走钢丝.mp4,fed_rate_wolf_bak\jianying_import_pack_material_fixed_final\video_segments\镜头12-01-通胀-AI-政策两难-走钢丝.mp4,.mp4,562768,2026-05-26T13:34:37,2026-05-30T10:20:16,pending,none,internal,D:\Evan\AI-KnowledgeHub\10_S老师IP资产\_imported\D_aigc\fed_rate_wolf_bak\jianying_import_pack_material_fixed_final\video_segments\镜头12-01-通胀-AI-政策两难-走钢丝.mp4,external_original_only,2026-09-20T14:42:32+08:00,True
5638ede492a56924,镜头13-01-美股-港股-A股-资产对比,video,10_S老师IP资产,D_aigc,D:\aigc,D:\aigc\fed_rate_wolf_bak\jianying_import_pack_material_fixed_final\video_segments\镜头13-01-美股-港股-A股-资产对比.mp4,fed_rate_wolf_bak\jianying_import_pack_material_fixed_final\video_segments\镜头13-01-美股-港股-A股-资产对比.mp4,.mp4,12247807,2026-05-26T13:34:42,2026-05-30T10:20:16,pending,none,internal,D:\Evan\AI-KnowledgeHub\10_S老师IP资产\_imported\D_aigc\fed_rate_wolf_bak\jianying_import_pack_material_fixed_final\video_segments\镜头13-01-美股-港股-A股-资产对比.mp4,external_original_only,2026-09-20T14:42:32+08:00,True
909f2ecc1d6ea1e2,镜头15-01-港交所-港股-南向资金-金融,video,10_S老师IP资产,D_aigc,D:\aigc,D:\aigc\fed_rate_wolf_bak\jianying_import_pack_material_fixed_final\video_segments\镜头15-01-港交所-港股-南向资金-金融.mp4,fed_rate_wolf_bak\jianying_import_pack_material_fixed_final\video_segments\镜头15-01-港交所-港股-南向资金-金融.mp4,.mp4,27131604,2026-05-26T13:34:54,2026-05-30T10:20:16,pending,none,internal,D:\Evan\AI-KnowledgeHub\10_S老师IP资产\_imported\D_aigc\fed_rate_wolf_bak\jianying_import_pack_material_fixed_final\video_segments\镜头15-01-港交所-港股-南向资金-金融.mp4,external_original_only,2026-09-20T14:42:32+08:00,True
fc3f784d764754b2,镜头17-01-政策-流动性-国家队-托底,video,10_S老师IP资产,D_aigc,D:\aigc,D:\aigc\fed_rate_wolf_bak\jianying_import_pack_material_fixed_final\video_segments\镜头17-01-政策-流动性-国家队-托底.mp4,fed_rate_wolf_bak\jianying_import_pack_material_fixed_final\video_segments\镜头17-01-政策-流动性-国家队-托底.mp4,.mp4,273374,2026-05-26T13:35:01,2026-05-30T10:20:16,pending,none,internal,D:\Evan\AI-KnowledgeHub\10_S老师IP资产\_imported\D_aigc\fed_rate_wolf_bak\jianying_import_pack_material_fixed_final\video_segments\镜头17-01-政策-流动性-国家队-托底.mp4,external_original_only,2026-09-20T14:42:32+08:00,True
f58596014d3133c9,镜头19-01-长期投资-产业趋势-个人投资者,video,10_S老师IP资产,D_aigc,D:\aigc,D:\aigc\fed_rate_wolf_bak\jianying_import_pack_material_fixed_final\video_segments\镜头19-01-长期投资-产业趋势-个人投资者.mp4,fed_rate_wolf_bak\jianying_import_pack_material_fixed_final\video_segments\镜头19-01-长期投资-产业趋势-个人投资者.mp4,.mp4,4520548,2026-05-26T13:35:10,2026-05-30T10:20:16,pending,none,internal,D:\Evan\AI-KnowledgeHub\10_S老师IP资产\_imported\D_aigc\fed_rate_wolf_bak\jianying_import_pack_material_fixed_final\video_segments\镜头19-01-长期投资-产业趋势-个人投资者.mp4,external_original_only,2026-09-20T14:42:32+08:00,True
2c40b1afad8a4afe,fed_rate_wolf_sentence_ip_v1-narration,audio,10_S老师IP资产,D_aigc,D:\aigc,D:\aigc\fed_rate_wolf_bak\jianying_import_pack_sentence_ip_v1\audio\fed_rate_wolf_sentence_ip_v1-narration.mp3,fed_rate_wolf_bak\jianying_import_pack_sentence_ip_v1\audio\fed_rate_wolf_sentence_ip_v1-narration.mp3,.mp3,3628080,2026-05-26T11:36:01,2026-05-30T10:20:16,pending,none,internal,D:\Evan\AI-KnowledgeHub\10_S老师IP资产\_imported\D_aigc\fed_rate_wolf_bak\jianying_import_pack_sentence_ip_v1\audio\fed_rate_wolf_sentence_ip_v1-narration.mp3,external_original_only,2026-09-20T14:42:32+08:00,True
cb68c57eb091fe02,fed_rate_wolf_sentence_ip_v1-reference,video,10_S老师IP资产,D_aigc,D:\aigc,D:\aigc\fed_rate_wolf_bak\jianying_import_pack_sentence_ip_v1\fed_rate_wolf_sentence_ip_v1-reference.mp4,fed_rate_wolf_bak\jianying_import_pack_sentence_ip_v1\fed_rate_wolf_sentence_ip_v1-reference.mp4,.mp4,116793110,2026-05-26T15:38:28,2026-05-30T10:20:16,pending,none,internal,D:\Evan\AI-KnowledgeHub\10_S老师IP资产\_imported\D_aigc\fed_rate_wolf_bak\jianying_import_pack_sentence_ip_v1\fed_rate_wolf_sentence_ip_v1-reference.mp4,external_original_only,2026-09-20T14:42:32+08:00,True
fc6037f216b58622,shot001-01-美联储新主席-加息的狼要来-上任-了吗-信息图卡,video,10_S老师IP资产,D_aigc,D:\aigc,D:\aigc\fed_rate_wolf_bak\jianying_import_pack_sentence_ip_v1\video_segments\shot001-01-美联储新主席-加息的狼要来-上任-了吗-信息图卡.mp4,fed_rate_wolf_bak\jianying_import_pack_sentence_ip_v1\video_segments\shot001-01-美联储新主席-加息的狼要来-上任-了吗-信息图卡.mp4,.mp4,66374,2026-05-26T15:33:02,2026-05-30T10:20:16,pending,none,internal,D:\Evan\AI-KnowledgeHub\10_S老师IP资产\_imported\D_aigc\fed_rate_wolf_bak\jianying_import_pack_sentence_ip_v1\video_segments\shot001-01-美联储新主席-加息的狼要来-上任-了吗-信息图卡.mp4,external_original_only,2026-09-20T14:42:32+08:00,True
91c7263ea1ecf195,shot002-01-美联储新主席-加息的狼要来-上任-了吗,video,10_S老师IP资产,D_aigc,D:\aigc,D:\aigc\fed_rate_wolf_bak\jianying_import_pack_sentence_ip_v1\video_segments\shot002-01-美联储新主席-加息的狼要来-上任-了吗.mp4,fed_rate_wolf_bak\jianying_import_pack_sentence_ip_v1\video_segments\shot002-01-美联储新主席-加息的狼要来-上任-了吗.mp4,.mp4,1925382,2026-05-26T15:33:03,2026-05-30T10:20:16,pending,none,internal,D:\Evan\AI-KnowledgeHub\10_S老师IP资产\_imported\D_aigc\fed_rate_wolf_bak\jianying_import_pack_sentence_ip_v1\video_segments\shot002-01-美联储新主席-加息的狼要来-上任-了吗.mp4,external_original_only,2026-09-20T14:42:32+08:00,True
1a84df22571081a2,shot003-01-最近这一个礼-全世界的投资-心里都在打鼓-信息图卡,video,10_S老师IP资产,D_aigc,D:\aigc,D:\aigc\fed_rate_wolf_bak\jianying_import_pack_sentence_ip_v1\video_segments\shot003-01-最近这一个礼-全世界的投资-心里都在打鼓-信息图卡.mp4,fed_rate_wolf_bak\jianying_import_pack_sentence_ip_v1\video_segments\shot003-01-最近这一个礼-全世界的投资-心里都在打鼓-信息图卡.mp4,.mp4,77181,2026-05-26T15:33:04,2026-05-30T10:20:16,pending,none,internal,D:\Evan\AI-KnowledgeHub\10_S老师IP资产\_imported\D_aigc\fed_rate_wolf_bak\jianying_import_pack_sentence_ip_v1\video_segments\shot003-01-最近这一个礼-全世界的投资-心里都在打鼓-信息图卡.mp4,external_original_only,2026-09-20T14:42:32+08:00,True
7ae0b162e97ac345,shot004-01-美联储换帅了-沃什正式上位-鲍威尔下线-凯文,video,10_S老师IP资产,D_aigc,D:\aigc,D:\aigc\fed_rate_wolf_bak\jianying_import_pack_sentence_ip_v1\video_segments\shot004-01-美联储换帅了-沃什正式上位-鲍威尔下线-凯文.mp4,fed_rate_wolf_bak\jianying_import_pack_sentence_ip_v1\video_segments\shot004-01-美联储换帅了-沃什正式上位-鲍威尔下线-凯文.mp4,.mp4,1814586,2026-05-26T15:33:05,2026-05-30T10:20:16,pending,none,internal,D:\Evan\AI-KnowledgeHub\10_S老师IP资产\_imported\D_aigc\fed_rate_wolf_bak\jianying_import_pack_sentence_ip_v1\video_segments\shot004-01-美联储换帅了-沃什正式上位-鲍威尔下线-凯文.mp4,external_original_only,2026-09-20T14:42:32+08:00,True
a405a27c220f0f24,shot005-01-而伴随他上任-不是什么鲜花-和掌声,video,10_S老师IP资产,D_aigc,D:\aigc,D:\aigc\fed_rate_wolf_bak\jianying_import_pack_sentence_ip_v1\video_segments\shot005-01-而伴随他上任-不是什么鲜花-和掌声.mp4,fed_rate_wolf_bak\jianying_import_pack_sentence_ip_v1\video_segments\shot005-01-而伴随他上任-不是什么鲜花-和掌声.mp4,.mp4,71826,2026-05-26T15:33:06,2026-05-30T10:20:16,pending,none,internal,D:\Evan\AI-KnowledgeHub\10_S老师IP资产\_imported\D_aigc\fed_rate_wolf_bak\jianying_import_pack_sentence_ip_v1\video_segments\shot005-01-而伴随他上任-不是什么鲜花-和掌声.mp4,external_original_only,2026-09-20T14:42:32+08:00,True
9066a48d1dad719f,shot006-01-反而是市场上-一个越来越响-亮的警报-信息图卡,video,10_S老师IP资产,D_aigc,D:\aigc,D:\aigc\fed_rate_wolf_bak\jianying_import_pack_sentence_ip_v1\video_segments\shot006-01-反而是市场上-一个越来越响-亮的警报-信息图卡.mp4,fed_rate_wolf_bak\jianying_import_pack_sentence_ip_v1\video_segments\shot006-01-反而是市场上-一个越来越响-亮的警报-信息图卡.mp4,.mp4,64616,2026-05-26T15:33:07,2026-05-30T10:20:16,pending,none,internal,D:\Evan\AI-KnowledgeHub\10_S老师IP资产\_imported\D_aigc\fed_rate_wolf_bak\jianying_import_pack_sentence_ip_v1\video_segments\shot006-01-反而是市场上-一个越来越响-亮的警报-信息图卡.mp4,external_original_only,2026-09-20T14:42:32+08:00,True
d581cd5205318ab8,shot007-01-可能真的要来-加息的狼,video,10_S老师IP资产,D_aigc,D:\aigc,D:\aigc\fed_rate_wolf_bak\jianying_import_pack_sentence_ip_v1\video_segments\shot007-01-可能真的要来-加息的狼.mp4,fed_rate_wolf_bak\jianying_import_pack_sentence_ip_v1\video_segments\shot007-01-可能真的要来-加息的狼.mp4,.mp4,922194,2026-05-26T15:33:07,2026-05-30T10:20:16,pending,none,internal,D:\Evan\AI-KnowledgeHub\10_S老师IP资产\_imported\D_aigc\fed_rate_wolf_bak\jianying_import_pack_sentence_ip_v1\video_segments\shot007-01-可能真的要来-加息的狼.mp4,external_original_only,2026-09-20T14:42:32+08:00,True
9db225ea7767c3be,shot008-01-你们现在心里-因为你们都还-可能很慌-记得,video,10_S老师IP资产,D_aigc,D:\aigc,D:\aigc\fed_rate_wolf_bak\jianying_import_pack_sentence_ip_v1\video_segments\shot008-01-你们现在心里-因为你们都还-可能很慌-记得.mp4,fed_rate_wolf_bak\jianying_import_pack_sentence_ip_v1\video_segments\shot008-01-你们现在心里-因为你们都还-可能很慌-记得.mp4,.mp4,2028287,2026-05-26T15:33:09,2026-05-30T10:20:16,pending,none,internal,D:\Evan\AI-KnowledgeHub\10_S老师IP资产\_imported\D_aigc\fed_rate_wolf_bak\jianying_import_pack_sentence_ip_v1\video_segments\shot008-01-你们现在心里-因为你们都还-可能很慌-记得.mp4,external_original_only,2026-09-20T14:42:32+08:00,True
8d944f3b860a0dcb,shot009-01-次的暴力加息-美联储连续-月份开始-信息图卡,video,10_S老师IP资产,D_aigc,D:\aigc,D:\aigc\fed_rate_wolf_bak\jianying_import_pack_sentence_ip_v1\video_segments\shot009-01-次的暴力加息-美联储连续-月份开始-信息图卡.mp4,fed_rate_wolf_bak\jianying_import_pack_sentence_ip_v1\video_segments\shot009-01-次的暴力加息-美联储连续-月份开始-信息图卡.mp4,.mp4,79423,2026-05-26T15:33:10,2026-05-30T10:20:16,pending,none,internal,D:\Evan\AI-KnowledgeHub\10_S老师IP资产\_imported\D_aigc\fed_rate_wolf_bak\jianying_import_pack_sentence_ip_v1\video_segments\shot009-01-次的暴力加息-美联储连续-月份开始-信息图卡.mp4,external_original_only,2026-09-20T14:42:32+08:00,True
94b2ffa11b81474f,shot010-01-直接从山顶抽-水抽到了谷底-把我们大,video,10_S老师IP资产,D_aigc,D:\aigc,D:\aigc\fed_rate_wolf_bak\jianying_import_pack_sentence_ip_v1\video_segments\shot010-01-直接从山顶抽-水抽到了谷底-把我们大.mp4,fed_rate_wolf_bak\jianying_import_pack_sentence_ip_v1\video_segments\shot010-01-直接从山顶抽-水抽到了谷底-把我们大.mp4,.mp4,78761,2026-05-26T15:33:11,2026-05-30T10:20:16,pending,none,internal,D:\Evan\AI-KnowledgeHub\10_S老师IP资产\_imported\D_aigc\fed_rate_wolf_bak\jianying_import_pack_sentence_ip_v1\video_segments\shot010-01-直接从山顶抽-水抽到了谷底-把我们大.mp4,external_original_only,2026-09-20T14:42:32+08:00,True
5917e110af98c1a6,shot011-01-那种长达两年-大家心有余悸-抽水熊-多的,video,10_S老师IP资产,D_aigc,D:\aigc,D:\aigc\fed_rate_wolf_bak\jianying_import_pack_sentence_ip_v1\video_segments\shot011-01-那种长达两年-大家心有余悸-抽水熊-多的.mp4,fed_rate_wolf_bak\jianying_import_pack_sentence_ip_v1\video_segments\shot011-01-那种长达两年-大家心有余悸-抽水熊-多的.mp4,.mp4,1745798,2026-05-26T15:33:12,2026-05-30T10:20:16,pending,none,internal,D:\Evan\AI-KnowledgeHub\10_S老师IP资产\_imported\D_aigc\fed_rate_wolf_bak\jianying_import_pack_sentence_ip_v1\video_segments\shot011-01-那种长达两年-大家心有余悸-抽水熊-多的.mp4,external_original_only,2026-09-20T14:42:32+08:00,True
084e4807f036159a,shot012-01-所以现在一听-汗毛都竖起来-两个字-加息-信息图卡,video,10_S老师IP资产,D_aigc,D:\aigc,D:\aigc\fed_rate_wolf_bak\jianying_import_pack_sentence_ip_v1\video_segments\shot012-01-所以现在一听-汗毛都竖起来-两个字-加息-信息图卡.mp4,fed_rate_wolf_bak\jianying_import_pack_sentence_ip_v1\video_segments\shot012-01-所以现在一听-汗毛都竖起来-两个字-加息-信息图卡.mp4,.mp4,78737,2026-05-26T15:33:13,2026-05-30T10:20:16,pending,none,internal,D:\Evan\AI-KnowledgeHub\10_S老师IP资产\_imported\D_aigc\fed_rate_wolf_bak\jianying_import_pack_sentence_ip_v1\video_segments\shot012-01-所以现在一听-汗毛都竖起来-两个字-加息-信息图卡.mp4,external_original_only,2026-09-20T14:42:32+08:00,True
096f0d4cb11c98b2,shot013-01-我想请大家先-放下这种恐慌-但今天,video,10_S老师IP资产,D_aigc,D:\aigc,D:\aigc\fed_rate_wolf_bak\jianying_import_pack_sentence_ip_v1\video_segments\shot013-01-我想请大家先-放下这种恐慌-但今天.mp4,fed_rate_wolf_bak\jianying_import_pack_sentence_ip_v1\video_segments\shot013-01-我想请大家先-放下这种恐慌-但今天.mp4,.mp4,165612,2026-05-26T15:33:14,2026-05-30T10:20:16,pending,none,internal,D:\Evan\AI-KnowledgeHub\10_S老师IP资产\_imported\D_aigc\fed_rate_wolf_bak\jianying_import_pack_sentence_ip_v1\video_segments\shot013-01-我想请大家先-放下这种恐慌-但今天.mp4,external_original_only,2026-09-20T14:42:32+08:00,True
bf97567891e99eb8,shot014-01-我会用三部分-干货,video,10_S老师IP资产,D_aigc,D:\aigc,D:\aigc\fed_rate_wolf_bak\jianying_import_pack_sentence_ip_v1\video_segments\shot014-01-我会用三部分-干货.mp4,fed_rate_wolf_bak\jianying_import_pack_sentence_ip_v1\video_segments\shot014-01-我会用三部分-干货.mp4,.mp4,86496,2026-05-26T15:33:14,2026-05-30T10:20:16,pending,none,internal,D:\Evan\AI-KnowledgeHub\10_S老师IP资产\_imported\D_aigc\fed_rate_wolf_bak\jianying_import_pack_sentence_ip_v1\video_segments\shot014-01-我会用三部分-干货.mp4,external_original_only,2026-09-20T14:42:32+08:00,True
988c43ea1fc56820,shot015-01-带你看懂美联-储这次葫芦里-到底卖的什么-信息图卡,video,10_S老师IP资产,D_aigc,D:\aigc,D:\aigc\fed_rate_wolf_bak\jianying_import_pack_sentence_ip_v1\video_segments\shot015-01-带你看懂美联-储这次葫芦里-到底卖的什么-信息图卡.mp4,fed_rate_wolf_bak\jianying_import_pack_sentence_ip_v1\video_segments\shot015-01-带你看懂美联-储这次葫芦里-到底卖的什么-信息图卡.mp4,.mp4,77294,2026-05-26T15:33:15,2026-05-30T10:20:16,pending,none,internal,D:\Evan\AI-KnowledgeHub\10_S老师IP资产\_imported\D_aigc\fed_rate_wolf_bak\jianying_import_pack_sentence_ip_v1\video_segments\shot015-01-带你看懂美联-储这次葫芦里-到底卖的什么-信息图卡.mp4,external_original_only,2026-09-20T14:42:32+08:00,True
40ec154bea170087,shot016-01-以及最关键的,video,10_S老师IP资产,D_aigc,D:\aigc,D:\aigc\fed_rate_wolf_bak\jianying_import_pack_sentence_ip_v1\video_segments\shot016-01-以及最关键的.mp4,fed_rate_wolf_bak\jianying_import_pack_sentence_ip_v1\video_segments\shot016-01-以及最关键的.mp4,.mp4,128265,2026-05-26T15:33:16,2026-05-30T10:20:16,pending,none,internal,D:\Evan\AI-KnowledgeHub\10_S老师IP资产\_imported\D_aigc\fed_rate_wolf_bak\jianying_import_pack_sentence_ip_v1\video_segments\shot016-01-以及最关键的.mp4,external_original_only,2026-09-20T14:42:32+08:00,True
f7c7e9c50579e7eb,shot017-01-在别人恐慌的-时候,video,10_S老师IP资产,D_aigc,D:\aigc,D:\aigc\fed_rate_wolf_bak\jianying_import_pack_sentence_ip_v1\video_segments\shot017-01-在别人恐慌的-时候.mp4,fed_rate_wolf_bak\jianying_import_pack_sentence_ip_v1\video_segments\shot017-01-在别人恐慌的-时候.mp4,.mp4,1731859,2026-05-26T15:33:17,2026-05-30T10:20:16,pending,none,internal,D:\Evan\AI-KnowledgeHub\10_S老师IP资产\_imported\D_aigc\fed_rate_wolf_bak\jianying_import_pack_sentence_ip_v1\video_segments\shot017-01-在别人恐慌的-时候.mp4,external_original_only,2026-09-20T14:42:32+08:00,True
fd0f8c27142a85dc,shot018-01-我们个人产业-应该如何从中-看到大机会-投资者-信息图卡,video,10_S老师IP资产,D_aigc,D:\aigc,D:\aigc\fed_rate_wolf_bak\jianying_import_pack_sentence_ip_v1\video_segments\shot018-01-我们个人产业-应该如何从中-看到大机会-投资者-信息图卡.mp4,fed_rate_wolf_bak\jianying_import_pack_sentence_ip_v1\video_segments\shot018-01-我们个人产业-应该如何从中-看到大机会-投资者-信息图卡.mp4,.mp4,78208,2026-05-26T15:33:18,2026-05-30T10:20:16,pending,none,internal,D:\Evan\AI-KnowledgeHub\10_S老师IP资产\_imported\D_aigc\fed_rate_wolf_bak\jianying_import_pack_sentence_ip_v1\video_segments\shot018-01-我们个人产业-应该如何从中-看到大机会-投资者-信息图卡.mp4,external_original_only,2026-09-20T14:42:32+08:00,True
3ba5bdcee8682f9e,shot019-01-大家先在公屏-上打出一个关-七星级-键词,video,10_S老师IP资产,D_aigc,D:\aigc,D:\aigc\fed_rate_wolf_bak\jianying_import_pack_sentence_ip_v1\video_segments\shot019-01-大家先在公屏-上打出一个关-七星级-键词.mp4,fed_rate_wolf_bak\jianying_import_pack_sentence_ip_v1\video_segments\shot019-01-大家先在公屏-上打出一个关-七星级-键词.mp4,.mp4,60521,2026-05-26T15:33:19,2026-05-30T10:20:16,pending,none,internal,D:\Evan\AI-KnowledgeHub\10_S老师IP资产\_imported\D_aigc\fed_rate_wolf_bak\jianying_import_pack_sentence_ip_v1\video_segments\shot019-01-大家先在公屏-上打出一个关-七星级-键词.mp4,external_original_only,2026-09-20T14:42:32+08:00,True
6c9bd25ac5ff3bb8,shot020-01-因为这条视频-是七星级的重-要程度,video,10_S老师IP资产,D_aigc,D:\aigc,D:\aigc\fed_rate_wolf_bak\jianying_import_pack_sentence_ip_v1\video_segments\shot020-01-因为这条视频-是七星级的重-要程度.mp4,fed_rate_wolf_bak\jianying_import_pack_sentence_ip_v1\video_segments\shot020-01-因为这条视频-是七星级的重-要程度.mp4,.mp4,87202,2026-05-26T15:33:19,2026-05-30T10:20:16,pending,none,internal,D:\Evan\AI-KnowledgeHub\10_S老师IP资产\_imported\D_aigc\fed_rate_wolf_bak\jianying_import_pack_sentence_ip_v1\video_segments\shot020-01-因为这条视频-是七星级的重-要程度.mp4,external_original_only,2026-09-20T14:42:32+08:00,True
545923929a90a23d,shot022-01-一旦你捅破那-它就是一只纸-层窗户纸-老虎,video,10_S老师IP资产,D_aigc,D:\aigc,D:\aigc\fed_rate_wolf_bak\jianying_import_pack_sentence_ip_v1\video_segments\shot022-01-一旦你捅破那-它就是一只纸-层窗户纸-老虎.mp4,fed_rate_wolf_bak\jianying_import_pack_sentence_ip_v1\video_segments\shot022-01-一旦你捅破那-它就是一只纸-层窗户纸-老虎.mp4,.mp4,739143,2026-05-26T15:33:21,2026-05-30T10:20:16,pending,none,internal,D:\Evan\AI-KnowledgeHub\10_S老师IP资产\_imported\D_aigc\fed_rate_wolf_bak\jianying_import_pack_sentence_ip_v1\video_segments\shot022-01-一旦你捅破那-它就是一只纸-层窗户纸-老虎.mp4,external_original_only,2026-09-20T14:42:32+08:00,True
86483c6898a18b5a,shot023-01-为什么一听到-加息就恐慌-先问你,video,10_S老师IP资产,D_aigc,D:\aigc,D:\aigc\fed_rate_wolf_bak\jianying_import_pack_sentence_ip_v1\video_segments\shot023-01-为什么一听到-加息就恐慌-先问你.mp4,fed_rate_wolf_bak\jianying_import_pack_sentence_ip_v1\video_segments\shot023-01-为什么一听到-加息就恐慌-先问你.mp4,.mp4,762856,2026-05-26T15:33:22,2026-05-30T10:20:16,pending,none,internal,D:\Evan\AI-KnowledgeHub\10_S老师IP资产\_imported\D_aigc\fed_rate_wolf_bak\jianying_import_pack_sentence_ip_v1\video_segments\shot023-01-为什么一听到-加息就恐慌-先问你.mp4,external_original_only,2026-09-20T14:42:32+08:00,True
a191ddebddd2ccaa,shot025-01-害怕你手里的-资产缩水,video,10_S老师IP资产,D_aigc,D:\aigc,D:\aigc\fed_rate_wolf_bak\jianying_import_pack_sentence_ip_v1\video_segments\shot025-01-害怕你手里的-资产缩水.mp4,fed_rate_wolf_bak\jianying_import_pack_sentence_ip_v1\video_segments\shot025-01-害怕你手里的-资产缩水.mp4,.mp4,879275,2026-05-26T15:33:24,2026-05-30T10:20:16,pending,none,internal,D:\Evan\AI-KnowledgeHub\10_S老师IP资产\_imported\D_aigc\fed_rate_wolf_bak\jianying_import_pack_sentence_ip_v1\video_segments\shot025-01-害怕你手里的-资产缩水.mp4,external_original_only,2026-09-20T14:42:32+08:00,True
11cd5a052c8f93a2,shot026-01-这个逻辑对不-信息图卡,video,10_S老师IP资产,D_aigc,D:\aigc,D:\aigc\fed_rate_wolf_bak\jianying_import_pack_sentence_ip_v1\video_segments\shot026-01-这个逻辑对不-信息图卡.mp4,fed_rate_wolf_bak\jianying_import_pack_sentence_ip_v1\video_segments\shot026-01-这个逻辑对不-信息图卡.mp4,.mp4,45215,2026-05-26T15:33:24,2026-05-30T10:20:16,pending,none,internal,D:\Evan\AI-KnowledgeHub\10_S老师IP资产\_imported\D_aigc\fed_rate_wolf_bak\jianying_import_pack_sentence_ip_v1\video_segments\shot026-01-这个逻辑对不-信息图卡.mp4,external_original_only,2026-09-20T14:42:32+08:00,True
161ed12a932a4afc,shot027-01-但很初级-信息图卡,video,10_S老师IP资产,D_aigc,D:\aigc,D:\aigc\fed_rate_wolf_bak\jianying_import_pack_sentence_ip_v1\video_segments\shot027-01-但很初级-信息图卡.mp4,fed_rate_wolf_bak\jianying_import_pack_sentence_ip_v1\video_segments\shot027-01-但很初级-信息图卡.mp4,.mp4,41070,2026-05-26T15:33:25,2026-05-30T10:20:16,pending,none,internal,D:\Evan\AI-KnowledgeHub\10_S老师IP资产\_imported\D_aigc\fed_rate_wolf_bak\jianying_import_pack_sentence_ip_v1\video_segments\shot027-01-但很初级-信息图卡.mp4,external_original_only,2026-09-20T14:42:32+08:00,True
e41781db58103c56,shot028-01-我们能不能再-深一层,video,10_S老师IP资产,D_aigc,D:\aigc,D:\aigc\fed_rate_wolf_bak\jianying_import_pack_sentence_ip_v1\video_segments\shot028-01-我们能不能再-深一层.mp4,fed_rate_wolf_bak\jianying_import_pack_sentence_ip_v1\video_segments\shot028-01-我们能不能再-深一层.mp4,.mp4,1062818,2026-05-26T15:33:25,2026-05-30T10:20:16,pending,none,internal,D:\Evan\AI-KnowledgeHub\10_S老师IP资产\_imported\D_aigc\fed_rate_wolf_bak\jianying_import_pack_sentence_ip_v1\video_segments\shot028-01-我们能不能再-深一层.mp4,external_original_only,2026-09-20T14:42:32+08:00,True
b98cdc6ab089fddc,shot029-01-是什么逼着美-联储可能要加-大家想一想-息的,video,10_S老师IP资产,D_aigc,D:\aigc,D:\aigc\fed_rate_wolf_bak\jianying_import_pack_sentence_ip_v1\video_segments\shot029-01-是什么逼着美-联储可能要加-大家想一想-息的.mp4,fed_rate_wolf_bak\jianying_import_pack_sentence_ip_v1\video_segments\shot029-01-是什么逼着美-联储可能要加-大家想一想-息的.mp4,.mp4,2066205,2026-05-26T15:33:27,2026-05-30T10:20:16,pending,none,internal,D:\Evan\AI-KnowledgeHub\10_S老师IP资产\_imported\D_aigc\fed_rate_wolf_bak\jianying_import_pack_sentence_ip_v1\video_segments\shot029-01-是什么逼着美-联储可能要加-大家想一想-息的.mp4,external_original_only,2026-09-20T14:42:32+08:00,True
bc8fe1d4b2235f23,shot030-01-那为什么会有-是通胀-通胀-信息图卡,video,10_S老师IP资产,D_aigc,D:\aigc,D:\aigc\fed_rate_wolf_bak\jianying_import_pack_sentence_ip_v1\video_segments\shot030-01-那为什么会有-是通胀-通胀-信息图卡.mp4,fed_rate_wolf_bak\jianying_import_pack_sentence_ip_v1\video_segments\shot030-01-那为什么会有-是通胀-通胀-信息图卡.mp4,.mp4,58170,2026-05-26T15:33:27,2026-05-30T10:20:16,pending,none,internal,D:\Evan\AI-KnowledgeHub\10_S老师IP资产\_imported\D_aigc\fed_rate_wolf_bak\jianying_import_pack_sentence_ip_v1\video_segments\shot030-01-那为什么会有-是通胀-通胀-信息图卡.mp4,external_original_only,2026-09-20T14:42:32+08:00,True
fe41921c4637b14d,shot031-01-我就问你一个-场景,video,10_S老师IP资产,D_aigc,D:\aigc,D:\aigc\fed_rate_wolf_bak\jianying_import_pack_sentence_ip_v1\video_segments\shot031-01-我就问你一个-场景.mp4,fed_rate_wolf_bak\jianying_import_pack_sentence_ip_v1\video_segments\shot031-01-我就问你一个-场景.mp4,.mp4,65278,2026-05-26T15:33:28,2026-05-30T10:20:16,pending,none,internal,D:\Evan\AI-KnowledgeHub\10_S老师IP资产\_imported\D_aigc\fed_rate_wolf_bak\jianying_import_pack_sentence_ip_v1\video_segments\shot031-01-我就问你一个-场景.mp4,external_original_only,2026-09-20T14:42:32+08:00,True
8908d4112901c473,shot032-01-假设你手里有-现在有两个选,video,10_S老师IP资产,D_aigc,D:\aigc,D:\aigc\fed_rate_wolf_bak\jianying_import_pack_sentence_ip_v1\video_segments\shot032-01-假设你手里有-现在有两个选.mp4,fed_rate_wolf_bak\jianying_import_pack_sentence_ip_v1\video_segments\shot032-01-假设你手里有-现在有两个选.mp4,.mp4,2993689,2026-05-26T15:33:29,2026-05-30T10:20:16,pending,none,internal,D:\Evan\AI-KnowledgeHub\10_S老师IP资产\_imported\D_aigc\fed_rate_wolf_bak\jianying_import_pack_sentence_ip_v1\video_segments\shot032-01-假设你手里有-现在有两个选.mp4,external_original_only,2026-09-20T14:42:32+08:00,True
11d7457f4c542f4f,shot033-01-投一个前景无-比宏大-第一-信息图卡,video,10_S老师IP资产,D_aigc,D:\aigc,D:\aigc\fed_rate_wolf_bak\jianying_import_pack_sentence_ip_v1\video_segments\shot033-01-投一个前景无-比宏大-第一-信息图卡.mp4,fed_rate_wolf_bak\jianying_import_pack_sentence_ip_v1\video_segments\shot033-01-投一个前景无-比宏大-第一-信息图卡.mp4,.mp4,53330,2026-05-26T15:33:30,2026-05-30T10:20:16,pending,none,internal,D:\Evan\AI-KnowledgeHub\10_S老师IP资产\_imported\D_aigc\fed_rate_wolf_bak\jianying_import_pack_sentence_ip_v1\video_segments\shot033-01-投一个前景无-比宏大-第一-信息图卡.mp4,external_original_only,2026-09-20T14:42:32+08:00,True
460f8b5acffccad1,shot034-01-但三五年内都-不知道能不能-科技公司-赚钱的,video,10_S老师IP资产,D_aigc,D:\aigc,D:\aigc\fed_rate_wolf_bak\jianying_import_pack_sentence_ip_v1\video_segments\shot034-01-但三五年内都-不知道能不能-科技公司-赚钱的.mp4,fed_rate_wolf_bak\jianying_import_pack_sentence_ip_v1\video_segments\shot034-01-但三五年内都-不知道能不能-科技公司-赚钱的.mp4,.mp4,2209351,2026-05-26T15:33:32,2026-05-30T10:20:16,pending,none,internal,D:\Evan\AI-KnowledgeHub\10_S老师IP资产\_imported\D_aigc\fed_rate_wolf_bak\jianying_import_pack_sentence_ip_v1\video_segments\shot034-01-但三五年内都-不知道能不能-科技公司-赚钱的.mp4,external_original_only,2026-09-20T14:42:32+08:00,True
799041fca139ce64,shot035-01-天天担惊受怕,video,10_S老师IP资产,D_aigc,D:\aigc,D:\aigc\fed_rate_wolf_bak\jianying_import_pack_sentence_ip_v1\video_segments\shot035-01-天天担惊受怕.mp4,fed_rate_wolf_bak\jianying_import_pack_sentence_ip_v1\video_segments\shot035-01-天天担惊受怕.mp4,.mp4,704764,2026-05-26T15:33:33,2026-05-30T10:20:16,pending,none,internal,D:\Evan\AI-KnowledgeHub\10_S老师IP资产\_imported\D_aigc\fed_rate_wolf_bak\jianying_import_pack_sentence_ip_v1\video_segments\shot035-01-天天担惊受怕.mp4,external_original_only,2026-09-20T14:42:32+08:00,True
8f85e714e1731160,shot036-01-买一个稳稳当-年期美国国债-第二-当的-信息图卡,video,10_S老师IP资产,D_aigc,D:\aigc,D:\aigc\fed_rate_wolf_bak\jianying_import_pack_sentence_ip_v1\video_segments\shot036-01-买一个稳稳当-年期美国国债-第二-当的-信息图卡.mp4,fed_rate_wolf_bak\jianying_import_pack_sentence_ip_v1\video_segments\shot036-01-买一个稳稳当-年期美国国债-第二-当的-信息图卡.mp4,.mp4,70398,2026-05-26T15:33:33,2026-05-30T10:20:16,pending,none,internal,D:\Evan\AI-KnowledgeHub\10_S老师IP资产\_imported\D_aigc\fed_rate_wolf_bak\jianying_import_pack_sentence_ip_v1\video_segments\shot036-01-买一个稳稳当-年期美国国债-第二-当的-信息图卡.mp4,external_original_only,2026-09-20T14:42:32+08:00,True
85b15c5baee27ba3,shot037-01-以上的无风险-每年给你-收益-信息图卡,video,10_S老师IP资产,D_aigc,D:\aigc,D:\aigc\fed_rate_wolf_bak\jianying_import_pack_sentence_ip_v1\video_segments\shot037-01-以上的无风险-每年给你-收益-信息图卡.mp4,fed_rate_wolf_bak\jianying_import_pack_sentence_ip_v1\video_segments\shot037-01-以上的无风险-每年给你-收益-信息图卡.mp4,.mp4,61571,2026-05-26T15:33:34,2026-05-30T10:20:16,pending,none,internal,D:\Evan\AI-KnowledgeHub\10_S老师IP资产\_imported\D_aigc\fed_rate_wolf_bak\jianying_import_pack_sentence_ip_v1\video_segments\shot037-01-以上的无风险-每年给你-收益-信息图卡.mp4,external_original_only,2026-09-20T14:42:32+08:00,True
6f5ce4009bf9b1eb,shot038-01-干货第一部分-你会怎么选,video,10_S老师IP资产,D_aigc,D:\aigc,D:\aigc\fed_rate_wolf_bak\jianying_import_pack_sentence_ip_v1\video_segments\shot038-01-干货第一部分-你会怎么选.mp4,fed_rate_wolf_bak\jianying_import_pack_sentence_ip_v1\video_segments\shot038-01-干货第一部分-你会怎么选.mp4,.mp4,173650,2026-05-26T15:33:35,2026-05-30T10:20:16,pending,none,internal,D:\Evan\AI-KnowledgeHub\10_S老师IP资产\_imported\D_aigc\fed_rate_wolf_bak\jianying_import_pack_sentence_ip_v1\video_segments\shot038-01-干货第一部分-你会怎么选.mp4,external_original_only,2026-09-20T14:42:32+08:00,True
8a492499e4c713b2,shot039-01-美股的脆弱-牛市的根基-谁在动摇-AI-信息图卡,video,10_S老师IP资产,D_aigc,D:\aigc,D:\aigc\fed_rate_wolf_bak\jianying_import_pack_sentence_ip_v1\video_segments\shot039-01-美股的脆弱-牛市的根基-谁在动摇-AI-信息图卡.mp4,fed_rate_wolf_bak\jianying_import_pack_sentence_ip_v1\video_segments\shot039-01-美股的脆弱-牛市的根基-谁在动摇-AI-信息图卡.mp4,.mp4,67659,2026-05-26T15:33:36,2026-05-30T10:20:16,pending,none,internal,D:\Evan\AI-KnowledgeHub\10_S老师IP资产\_imported\D_aigc\fed_rate_wolf_bak\jianying_import_pack_sentence_ip_v1\video_segments\shot039-01-美股的脆弱-牛市的根基-谁在动摇-AI-信息图卡.mp4,external_original_only,2026-09-20T14:42:32+08:00,True
c7a387d526938f63,shot040-01-资金永远有机-会成本-你看,video,10_S老师IP资产,D_aigc,D:\aigc,D:\aigc\fed_rate_wolf_bak\jianying_import_pack_sentence_ip_v1\video_segments\shot040-01-资金永远有机-会成本-你看.mp4,fed_rate_wolf_bak\jianying_import_pack_sentence_ip_v1\video_segments\shot040-01-资金永远有机-会成本-你看.mp4,.mp4,61094,2026-05-26T15:33:37,2026-05-30T10:20:16,pending,none,internal,D:\Evan\AI-KnowledgeHub\10_S老师IP资产\_imported\D_aigc\fed_rate_wolf_bak\jianying_import_pack_sentence_ip_v1\video_segments\shot040-01-资金永远有机-会成本-你看.mp4,external_original_only,2026-09-20T14:42:32+08:00,True
9fc603b719714d91,shot041-01-你可以舒舒服-的无风险回报-当你发现-服地躺着-信息图卡,video,10_S老师IP资产,D_aigc,D:\aigc,D:\aigc\fed_rate_wolf_bak\jianying_import_pack_sentence_ip_v1\video_segments\shot041-01-你可以舒舒服-的无风险回报-当你发现-服地躺着-信息图卡.mp4,fed_rate_wolf_bak\jianying_import_pack_sentence_ip_v1\video_segments\shot041-01-你可以舒舒服-的无风险回报-当你发现-服地躺着-信息图卡.mp4,.mp4,87623,2026-05-26T15:33:38,2026-05-30T10:20:16,pending,none,internal,D:\Evan\AI-KnowledgeHub\10_S老师IP资产\_imported\D_aigc\fed_rate_wolf_bak\jianying_import_pack_sentence_ip_v1\video_segments\shot041-01-你可以舒舒服-的无风险回报-当你发现-服地躺着-信息图卡.mp4,external_original_only,2026-09-20T14:42:32+08:00,True
3a8cc45e78392627,shot043-01-但目前还没实-现商业闭环的-科技股,video,10_S老师IP资产,D_aigc,D:\aigc,D:\aigc\fed_rate_wolf_bak\jianying_import_pack_sentence_ip_v1\video_segments\shot043-01-但目前还没实-现商业闭环的-科技股.mp4,fed_rate_wolf_bak\jianying_import_pack_sentence_ip_v1\video_segments\shot043-01-但目前还没实-现商业闭环的-科技股.mp4,.mp4,2887073,2026-05-26T15:33:40,2026-05-30T10:20:16,pending,none,internal,D:\Evan\AI-KnowledgeHub\10_S老师IP资产\_imported\D_aigc\fed_rate_wolf_bak\jianying_import_pack_sentence_ip_v1\video_segments\shot043-01-但目前还没实-现商业闭环的-科技股.mp4,external_original_only,2026-09-20T14:42:32+08:00,True
5821f2983f1965da,shot044-01-就会有一部分-资金抽身离开,video,10_S老师IP资产,D_aigc,D:\aigc,D:\aigc\fed_rate_wolf_bak\jianying_import_pack_sentence_ip_v1\video_segments\shot044-01-就会有一部分-资金抽身离开.mp4,fed_rate_wolf_bak\jianying_import_pack_sentence_ip_v1\video_segments\shot044-01-就会有一部分-资金抽身离开.mp4,.mp4,83034,2026-05-26T15:33:41,2026-05-30T10:20:16,pending,none,internal,D:\Evan\AI-KnowledgeHub\10_S老师IP资产\_imported\D_aigc\fed_rate_wolf_bak\jianying_import_pack_sentence_ip_v1\video_segments\shot044-01-就会有一部分-资金抽身离开.mp4,external_original_only,2026-09-20T14:42:32+08:00,True
63a58e585e63c36d,shot045-01-这就是我们今-天要讲的第一-个核心逻辑-信息图卡,video,10_S老师IP资产,D_aigc,D:\aigc,D:\aigc\fed_rate_wolf_bak\jianying_import_pack_sentence_ip_v1\video_segments\shot045-01-这就是我们今-天要讲的第一-个核心逻辑-信息图卡.mp4,fed_rate_wolf_bak\jianying_import_pack_sentence_ip_v1\video_segments\shot045-01-这就是我们今-天要讲的第一-个核心逻辑-信息图卡.mp4,.mp4,72249,2026-05-26T15:33:42,2026-05-30T10:20:16,pending,none,internal,D:\Evan\AI-KnowledgeHub\10_S老师IP资产\_imported\D_aigc\fed_rate_wolf_bak\jianying_import_pack_sentence_ip_v1\video_segments\shot045-01-这就是我们今-天要讲的第一-个核心逻辑-信息图卡.mp4,external_original_only,2026-09-20T14:42:32+08:00,True
6e703925d4d7ce5f,shot047-01-就在上个礼拜,video,10_S老师IP资产,D_aigc,D:\aigc,D:\aigc\fed_rate_wolf_bak\jianying_import_pack_sentence_ip_v1\video_segments\shot047-01-就在上个礼拜.mp4,fed_rate_wolf_bak\jianying_import_pack_sentence_ip_v1\video_segments\shot047-01-就在上个礼拜.mp4,.mp4,71487,2026-05-26T15:33:44,2026-05-30T10:20:16,pending,none,internal,D:\Evan\AI-KnowledgeHub\10_S老师IP资产\_imported\D_aigc\fed_rate_wolf_bak\jianying_import_pack_sentence_ip_v1\video_segments\shot047-01-就在上个礼拜.mp4,external_original_only,2026-09-20T14:42:32+08:00,True
828326319db70eb3,shot048-01-一个非常重要-的信号灯亮起-来了-信息图卡,video,10_S老师IP资产,D_aigc,D:\aigc,D:\aigc\fed_rate_wolf_bak\jianying_import_pack_sentence_ip_v1\video_segments\shot048-01-一个非常重要-的信号灯亮起-来了-信息图卡.mp4,fed_rate_wolf_bak\jianying_import_pack_sentence_ip_v1\video_segments\shot048-01-一个非常重要-的信号灯亮起-来了-信息图卡.mp4,.mp4,64592,2026-05-26T15:33:45,2026-05-30T10:20:16,pending,none,internal,D:\Evan\AI-KnowledgeHub\10_S老师IP资产\_imported\D_aigc\fed_rate_wolf_bak\jianying_import_pack_sentence_ip_v1\video_segments\shot048-01-一个非常重要-的信号灯亮起-来了-信息图卡.mp4,external_original_only,2026-09-20T14:42:32+08:00,True
8f910316ba0bb9ad,shot049-01-年期美债收益-摸高到了-信息图卡,video,10_S老师IP资产,D_aigc,D:\aigc,D:\aigc\fed_rate_wolf_bak\jianying_import_pack_sentence_ip_v1\video_segments\shot049-01-年期美债收益-摸高到了-信息图卡.mp4,fed_rate_wolf_bak\jianying_import_pack_sentence_ip_v1\video_segments\shot049-01-年期美债收益-摸高到了-信息图卡.mp4,.mp4,64202,2026-05-26T15:33:45,2026-05-30T10:20:16,pending,none,internal,D:\Evan\AI-KnowledgeHub\10_S老师IP资产\_imported\D_aigc\fed_rate_wolf_bak\jianying_import_pack_sentence_ip_v1\video_segments\shot049-01-年期美债收益-摸高到了-信息图卡.mp4,external_original_only,2026-09-20T14:42:32+08:00,True
1fbff0bd1fcaeecf,shot050-01-这是什么概念-信息图卡,video,10_S老师IP资产,D_aigc,D:\aigc,D:\aigc\fed_rate_wolf_bak\jianying_import_pack_sentence_ip_v1\video_segments\shot050-01-这是什么概念-信息图卡.mp4,fed_rate_wolf_bak\jianying_import_pack_sentence_ip_v1\video_segments\shot050-01-这是什么概念-信息图卡.mp4,.mp4,52718,2026-05-26T15:33:46,2026-05-30T10:20:16,pending,none,internal,D:\Evan\AI-KnowledgeHub\10_S老师IP资产\_imported\D_aigc\fed_rate_wolf_bak\jianying_import_pack_sentence_ip_v1\video_segments\shot050-01-这是什么概念-信息图卡.mp4,external_original_only,2026-09-20T14:42:32+08:00,True
c15c56713d45e026,shot051-01-在金融领域-马基诺防线-的收益率-我们把-信息图卡,video,10_S老师IP资产,D_aigc,D:\aigc,D:\aigc\fed_rate_wolf_bak\jianying_import_pack_sentence_ip_v1\video_segments\shot051-01-在金融领域-马基诺防线-的收益率-我们把-信息图卡.mp4,fed_rate_wolf_bak\jianying_import_pack_sentence_ip_v1\video_segments\shot051-01-在金融领域-马基诺防线-的收益率-我们把-信息图卡.mp4,.mp4,84195,2026-05-26T15:33:47,2026-05-30T10:20:16,pending,none,internal,D:\Evan\AI-KnowledgeHub\10_S老师IP资产\_imported\D_aigc\fed_rate_wolf_bak\jianying_import_pack_sentence_ip_v1\video_segments\shot051-01-在金融领域-马基诺防线-的收益率-我们把-信息图卡.mp4,external_original_only,2026-09-20T14:42:32+08:00,True
a869378061811fef,shot052-01-一旦突破了这-就会引发一系-列的多米诺骨-条防线,video,10_S老师IP资产,D_aigc,D:\aigc,D:\aigc\fed_rate_wolf_bak\jianying_import_pack_sentence_ip_v1\video_segments\shot052-01-一旦突破了这-就会引发一系-列的多米诺骨-条防线.mp4,fed_rate_wolf_bak\jianying_import_pack_sentence_ip_v1\video_segments\shot052-01-一旦突破了这-就会引发一系-列的多米诺骨-条防线.mp4,.mp4,1099623,2026-05-26T15:33:48,2026-05-30T10:20:16,pending,none,internal,D:\Evan\AI-KnowledgeHub\10_S老师IP资产\_imported\D_aigc\fed_rate_wolf_bak\jianying_import_pack_sentence_ip_v1\video_segments\shot052-01-一旦突破了这-就会引发一系-列的多米诺骨-条防线.mp4,external_original_only,2026-09-20T14:42:32+08:00,True
4962353d71ea900b,shot053-01-这一轮全球的-无论是美股还-大家想一想-牛市,video,10_S老师IP资产,D_aigc,D:\aigc,D:\aigc\fed_rate_wolf_bak\jianying_import_pack_sentence_ip_v1\video_segments\shot053-01-这一轮全球的-无论是美股还-大家想一想-牛市.mp4,fed_rate_wolf_bak\jianying_import_pack_sentence_ip_v1\video_segments\shot053-01-这一轮全球的-无论是美股还-大家想一想-牛市.mp4,.mp4,581438,2026-05-26T15:33:49,2026-05-30T10:20:16,pending,none,internal,D:\Evan\AI-KnowledgeHub\10_S老师IP资产\_imported\D_aigc\fed_rate_wolf_bak\jianying_import_pack_sentence_ip_v1\video_segments\shot053-01-这一轮全球的-无论是美股还-大家想一想-牛市.mp4,external_original_only,2026-09-20T14:42:32+08:00,True
44a4b561ce38a5c5,shot054-01-大主线是不是-AI-信息图卡,video,10_S老师IP资产,D_aigc,D:\aigc,D:\aigc\fed_rate_wolf_bak\jianying_import_pack_sentence_ip_v1\video_segments\shot054-01-大主线是不是-AI-信息图卡.mp4,fed_rate_wolf_bak\jianying_import_pack_sentence_ip_v1\video_segments\shot054-01-大主线是不是-AI-信息图卡.mp4,.mp4,48259,2026-05-26T15:33:50,2026-05-30T10:20:16,pending,none,internal,D:\Evan\AI-KnowledgeHub\10_S老师IP资产\_imported\D_aigc\fed_rate_wolf_bak\jianying_import_pack_sentence_ip_v1\video_segments\shot054-01-大主线是不是-AI-信息图卡.mp4,external_original_only,2026-09-20T14:42:32+08:00,True
95476e9a4ff109c1,shot055-01-这个宏大叙事-的基底是什么,video,10_S老师IP资产,D_aigc,D:\aigc,D:\aigc\fed_rate_wolf_bak\jianying_import_pack_sentence_ip_v1\video_segments\shot055-01-这个宏大叙事-的基底是什么.mp4,fed_rate_wolf_bak\jianying_import_pack_sentence_ip_v1\video_segments\shot055-01-这个宏大叙事-的基底是什么.mp4,.mp4,86430,2026-05-26T15:33:50,2026-05-30T10:20:16,pending,none,internal,D:\Evan\AI-KnowledgeHub\10_S老师IP资产\_imported\D_aigc\fed_rate_wolf_bak\jianying_import_pack_sentence_ip_v1\video_segments\shot055-01-这个宏大叙事-的基底是什么.mp4,external_original_only,2026-09-20T14:42:32+08:00,True
3d65b24df1780ad6,shot056-01-是低利率环境,video,10_S老师IP资产,D_aigc,D:\aigc,D:\aigc\fed_rate_wolf_bak\jianying_import_pack_sentence_ip_v1\video_segments\shot056-01-是低利率环境.mp4,fed_rate_wolf_bak\jianying_import_pack_sentence_ip_v1\video_segments\shot056-01-是低利率环境.mp4,.mp4,1174733,2026-05-26T15:33:52,2026-05-30T10:20:16,pending,none,internal,D:\Evan\AI-KnowledgeHub\10_S老师IP资产\_imported\D_aigc\fed_rate_wolf_bak\jianying_import_pack_sentence_ip_v1\video_segments\shot056-01-是低利率环境.mp4,external_original_only,2026-09-20T14:42:32+08:00,True
9e7c0cda309904e4,shot057-01-不计成本的资-金愿意去押注-有大量的-未来-信息图卡,video,10_S老师IP资产,D_aigc,D:\aigc,D:\aigc\fed_rate_wolf_bak\jianying_import_pack_sentence_ip_v1\video_segments\shot057-01-不计成本的资-金愿意去押注-有大量的-未来-信息图卡.mp4,fed_rate_wolf_bak\jianying_import_pack_sentence_ip_v1\video_segments\shot057-01-不计成本的资-金愿意去押注-有大量的-未来-信息图卡.mp4,.mp4,74069,2026-05-26T15:33:53,2026-05-30T10:20:16,pending,none,internal,D:\Evan\AI-KnowledgeHub\10_S老师IP资产\_imported\D_aigc\fed_rate_wolf_bak\jianying_import_pack_sentence_ip_v1\video_segments\shot057-01-不计成本的资-金愿意去押注-有大量的-未来-信息图卡.mp4,external_original_only,2026-09-20T14:42:32+08:00,True
4e18c6655ad43c6e,shot058-01-年期美债收益-但现在呢-率飙升到-信息图卡,video,10_S老师IP资产,D_aigc,D:\aigc,D:\aigc\fed_rate_wolf_bak\jianying_import_pack_sentence_ip_v1\video_segments\shot058-01-年期美债收益-但现在呢-率飙升到-信息图卡.mp4,fed_rate_wolf_bak\jianying_import_pack_sentence_ip_v1\video_segments\shot058-01-年期美债收益-但现在呢-率飙升到-信息图卡.mp4,.mp4,74704,2026-05-26T15:33:54,2026-05-30T10:20:16,pending,none,internal,D:\Evan\AI-KnowledgeHub\10_S老师IP资产\_imported\D_aigc\fed_rate_wolf_bak\jianying_import_pack_sentence_ip_v1\video_segments\shot058-01-年期美债收益-但现在呢-率飙升到-信息图卡.mp4,external_original_only,2026-09-20T14:42:32+08:00,True
46dce659225ff923,shot060-01-这个地基给动-摇了-信息图卡,video,10_S老师IP资产,D_aigc,D:\aigc,D:\aigc\fed_rate_wolf_bak\jianying_import_pack_sentence_ip_v1\video_segments\shot060-01-这个地基给动-摇了-信息图卡.mp4,fed_rate_wolf_bak\jianying_import_pack_sentence_ip_v1\video_segments\shot060-01-这个地基给动-摇了-信息图卡.mp4,.mp4,52569,2026-05-26T15:33:56,2026-05-30T10:20:16,pending,none,internal,D:\Evan\AI-KnowledgeHub\10_S老师IP资产\_imported\D_aigc\fed_rate_wolf_bak\jianying_import_pack_sentence_ip_v1\video_segments\shot060-01-这个地基给动-摇了-信息图卡.mp4,external_original_only,2026-09-20T14:42:32+08:00,True
7be65a7529b8fc31,shot061-01-牛市的不确定-正在急剧上升-美股-AI,video,10_S老师IP资产,D_aigc,D:\aigc,D:\aigc\fed_rate_wolf_bak\jianying_import_pack_sentence_ip_v1\video_segments\shot061-01-牛市的不确定-正在急剧上升-美股-AI.mp4,fed_rate_wolf_bak\jianying_import_pack_sentence_ip_v1\video_segments\shot061-01-牛市的不确定-正在急剧上升-美股-AI.mp4,.mp4,2410733,2026-05-26T15:33:58,2026-05-30T10:20:16,pending,none,internal,D:\Evan\AI-KnowledgeHub\10_S老师IP资产\_imported\D_aigc\fed_rate_wolf_bak\jianying_import_pack_sentence_ip_v1\video_segments\shot061-01-牛市的不确定-正在急剧上升-美股-AI.mp4,external_original_only,2026-09-20T14:42:32+08:00,True
14a5a40278831534,shot062-01-那为什么美国-的长债利率会-居高不下,video,10_S老师IP资产,D_aigc,D:\aigc,D:\aigc\fed_rate_wolf_bak\jianying_import_pack_sentence_ip_v1\video_segments\shot062-01-那为什么美国-的长债利率会-居高不下.mp4,fed_rate_wolf_bak\jianying_import_pack_sentence_ip_v1\video_segments\shot062-01-那为什么美国-的长债利率会-居高不下.mp4,.mp4,113006,2026-05-26T15:33:59,2026-05-30T10:20:16,pending,none,internal,D:\Evan\AI-KnowledgeHub\10_S老师IP资产\_imported\D_aigc\fed_rate_wolf_bak\jianying_import_pack_sentence_ip_v1\video_segments\shot062-01-那为什么美国-的长债利率会-居高不下.mp4,external_original_only,2026-09-20T14:42:32+08:00,True
11d875d09fe749da,shot063-01-我给大家总结-三个原因-信息图卡,video,10_S老师IP资产,D_aigc,D:\aigc,D:\aigc\fed_rate_wolf_bak\jianying_import_pack_sentence_ip_v1\video_segments\shot063-01-我给大家总结-三个原因-信息图卡.mp4,fed_rate_wolf_bak\jianying_import_pack_sentence_ip_v1\video_segments\shot063-01-我给大家总结-三个原因-信息图卡.mp4,.mp4,55191,2026-05-26T15:34:00,2026-05-30T10:20:16,pending,none,internal,D:\Evan\AI-KnowledgeHub\10_S老师IP资产\_imported\D_aigc\fed_rate_wolf_bak\jianying_import_pack_sentence_ip_v1\video_segments\shot063-01-我给大家总结-三个原因-信息图卡.mp4,external_original_only,2026-09-20T14:42:32+08:00,True
4a994a3f0f1cc887,shot064-01-通胀粘性太强-第一,video,10_S老师IP资产,D_aigc,D:\aigc,D:\aigc\fed_rate_wolf_bak\jianying_import_pack_sentence_ip_v1\video_segments\shot064-01-通胀粘性太强-第一.mp4,fed_rate_wolf_bak\jianying_import_pack_sentence_ip_v1\video_segments\shot064-01-通胀粘性太强-第一.mp4,.mp4,670634,2026-05-26T15:34:00,2026-05-30T10:20:16,pending,none,internal,D:\Evan\AI-KnowledgeHub\10_S老师IP资产\_imported\D_aigc\fed_rate_wolf_bak\jianying_import_pack_sentence_ip_v1\video_segments\shot064-01-通胀粘性太强-第一.mp4,external_original_only,2026-09-20T14:42:32+08:00,True
750f3b1f8d4e852b,shot065-01-已经涨到了-根本下不来-美国的-CPI-信息图卡,video,10_S老师IP资产,D_aigc,D:\aigc,D:\aigc\fed_rate_wolf_bak\jianying_import_pack_sentence_ip_v1\video_segments\shot065-01-已经涨到了-根本下不来-美国的-CPI-信息图卡.mp4,fed_rate_wolf_bak\jianying_import_pack_sentence_ip_v1\video_segments\shot065-01-已经涨到了-根本下不来-美国的-CPI-信息图卡.mp4,.mp4,68666,2026-05-26T15:34:02,2026-05-30T10:20:16,pending,none,internal,D:\Evan\AI-KnowledgeHub\10_S老师IP资产\_imported\D_aigc\fed_rate_wolf_bak\jianying_import_pack_sentence_ip_v1\video_segments\shot065-01-已经涨到了-根本下不来-美国的-CPI-信息图卡.mp4,external_original_only,2026-09-20T14:42:32+08:00,True
4da07ef5cf910360,shot066-01-因为今年一季-度美伊冲突-为啥-信息图卡,video,10_S老师IP资产,D_aigc,D:\aigc,D:\aigc\fed_rate_wolf_bak\jianying_import_pack_sentence_ip_v1\video_segments\shot066-01-因为今年一季-度美伊冲突-为啥-信息图卡.mp4,fed_rate_wolf_bak\jianying_import_pack_sentence_ip_v1\video_segments\shot066-01-因为今年一季-度美伊冲突-为啥-信息图卡.mp4,.mp4,59391,2026-05-26T15:34:02,2026-05-30T10:20:16,pending,none,internal,D:\Evan\AI-KnowledgeHub\10_S老师IP资产\_imported\D_aigc\fed_rate_wolf_bak\jianying_import_pack_sentence_ip_v1\video_segments\shot066-01-因为今年一季-度美伊冲突-为啥-信息图卡.mp4,external_original_only,2026-09-20T14:42:32+08:00,True
e15565dec8d43e78,shot067-01-霍尔木兹海峡-一封锁,video,10_S老师IP资产,D_aigc,D:\aigc,D:\aigc\fed_rate_wolf_bak\jianying_import_pack_sentence_ip_v1\video_segments\shot067-01-霍尔木兹海峡-一封锁.mp4,fed_rate_wolf_bak\jianying_import_pack_sentence_ip_v1\video_segments\shot067-01-霍尔木兹海峡-一封锁.mp4,.mp4,651094,2026-05-26T15:34:03,2026-05-30T10:20:16,pending,none,internal,D:\Evan\AI-KnowledgeHub\10_S老师IP资产\_imported\D_aigc\fed_rate_wolf_bak\jianying_import_pack_sentence_ip_v1\video_segments\shot067-01-霍尔木兹海峡-一封锁.mp4,external_original_only,2026-09-20T14:42:32+08:00,True
3bcb7f3896b18eac,shot068-01-全球能源价格-大宗商品价格-造成了输入型-都在涨,video,10_S老师IP资产,D_aigc,D:\aigc,D:\aigc\fed_rate_wolf_bak\jianying_import_pack_sentence_ip_v1\video_segments\shot068-01-全球能源价格-大宗商品价格-造成了输入型-都在涨.mp4,fed_rate_wolf_bak\jianying_import_pack_sentence_ip_v1\video_segments\shot068-01-全球能源价格-大宗商品价格-造成了输入型-都在涨.mp4,.mp4,1609383,2026-05-26T15:34:05,2026-05-30T10:20:16,pending,none,internal,D:\Evan\AI-KnowledgeHub\10_S老师IP资产\_imported\D_aigc\fed_rate_wolf_bak\jianying_import_pack_sentence_ip_v1\video_segments\shot068-01-全球能源价格-大宗商品价格-造成了输入型-都在涨.mp4,external_original_only,2026-09-20T14:42:32+08:00,True
99ae7af98aebe416,shot069-01-钱越来越不值-谁还愿意拿着-那点固定利息-的债券-信息图卡,video,10_S老师IP资产,D_aigc,D:\aigc,D:\aigc\fed_rate_wolf_bak\jianying_import_pack_sentence_ip_v1\video_segments\shot069-01-钱越来越不值-谁还愿意拿着-那点固定利息-的债券-信息图卡.mp4,fed_rate_wolf_bak\jianying_import_pack_sentence_ip_v1\video_segments\shot069-01-钱越来越不值-谁还愿意拿着-那点固定利息-的债券-信息图卡.mp4,.mp4,85209,2026-05-26T15:34:06,2026-05-30T10:20:16,pending,none,internal,D:\Evan\AI-KnowledgeHub\10_S老师IP资产\_imported\D_aigc\fed_rate_wolf_bak\jianying_import_pack_sentence_ip_v1\video_segments\shot069-01-钱越来越不值-谁还愿意拿着-那点固定利息-的债券-信息图卡.mp4,external_original_only,2026-09-20T14:42:32+08:00,True
585da91905235f59,shot070-01-必须要求更高-的收益率,video,10_S老师IP资产,D_aigc,D:\aigc,D:\aigc\fed_rate_wolf_bak\jianying_import_pack_sentence_ip_v1\video_segments\shot070-01-必须要求更高-的收益率.mp4,fed_rate_wolf_bak\jianying_import_pack_sentence_ip_v1\video_segments\shot070-01-必须要求更高-的收益率.mp4,.mp4,80074,2026-05-26T15:34:06,2026-05-30T10:20:16,pending,none,internal,D:\Evan\AI-KnowledgeHub\10_S老师IP资产\_imported\D_aigc\fed_rate_wolf_bak\jianying_import_pack_sentence_ip_v1\video_segments\shot070-01-必须要求更高-的收益率.mp4,external_original_only,2026-09-20T14:42:32+08:00,True
93c4c09dd7cefe4f,shot071-01-美债黑洞-第二,video,10_S老师IP资产,D_aigc,D:\aigc,D:\aigc\fed_rate_wolf_bak\jianying_import_pack_sentence_ip_v1\video_segments\shot071-01-美债黑洞-第二.mp4,fed_rate_wolf_bak\jianying_import_pack_sentence_ip_v1\video_segments\shot071-01-美债黑洞-第二.mp4,.mp4,84382,2026-05-26T15:34:07,2026-05-30T10:20:16,pending,none,internal,D:\Evan\AI-KnowledgeHub\10_S老师IP资产\_imported\D_aigc\fed_rate_wolf_bak\jianying_import_pack_sentence_ip_v1\video_segments\shot071-01-美债黑洞-第二.mp4,external_original_only,2026-09-20T14:42:32+08:00,True
f1a4d1b8dcc0b2b2,shot072-01-美国国债现在-已经超过了-万亿美金-信息图卡,video,10_S老师IP资产,D_aigc,D:\aigc,D:\aigc\fed_rate_wolf_bak\jianying_import_pack_sentence_ip_v1\video_segments\shot072-01-美国国债现在-已经超过了-万亿美金-信息图卡.mp4,fed_rate_wolf_bak\jianying_import_pack_sentence_ip_v1\video_segments\shot072-01-美国国债现在-已经超过了-万亿美金-信息图卡.mp4,.mp4,71561,2026-05-26T15:34:07,2026-05-30T10:20:16,pending,none,internal,D:\Evan\AI-KnowledgeHub\10_S老师IP资产\_imported\D_aigc\fed_rate_wolf_bak\jianying_import_pack_sentence_ip_v1\video_segments\shot072-01-美国国债现在-已经超过了-万亿美金-信息图卡.mp4,external_original_only,2026-09-20T14:42:32+08:00,True
0c0c2ed71eb02f11,shot073-01-只能借新还旧-而且是借新债-还旧债的利息-它怎么还,video,10_S老师IP资产,D_aigc,D:\aigc,D:\aigc\fed_rate_wolf_bak\jianying_import_pack_sentence_ip_v1\video_segments\shot073-01-只能借新还旧-而且是借新债-还旧债的利息-它怎么还.mp4,fed_rate_wolf_bak\jianying_import_pack_sentence_ip_v1\video_segments\shot073-01-只能借新还旧-而且是借新债-还旧债的利息-它怎么还.mp4,.mp4,243464,2026-05-26T15:34:09,2026-05-30T10:20:16,pending,none,internal,D:\Evan\AI-KnowledgeHub\10_S老师IP资产\_imported\D_aigc\fed_rate_wolf_bak\jianying_import_pack_sentence_ip_v1\video_segments\shot073-01-只能借新还旧-而且是借新债-还旧债的利息-它怎么还.mp4,external_original_only,2026-09-20T14:42:32+08:00,True
cdcc4f957bd4178d,shot074-01-雪球越滚越大-信用越来越弱,video,10_S老师IP资产,D_aigc,D:\aigc,D:\aigc\fed_rate_wolf_bak\jianying_import_pack_sentence_ip_v1\video_segments\shot074-01-雪球越滚越大-信用越来越弱.mp4,fed_rate_wolf_bak\jianying_import_pack_sentence_ip_v1\video_segments\shot074-01-雪球越滚越大-信用越来越弱.mp4,.mp4,230376,2026-05-26T15:34:10,2026-05-30T10:20:16,pending,none,internal,D:\Evan\AI-KnowledgeHub\10_S老师IP资产\_imported\D_aigc\fed_rate_wolf_bak\jianying_import_pack_sentence_ip_v1\video_segments\shot074-01-雪球越滚越大-信用越来越弱.mp4,external_original_only,2026-09-20T14:42:32+08:00,True
95f94392b1301b60,shot075-01-全球央行都在-都在买黄金-不买美债了-去美元化-信息图卡,video,10_S老师IP资产,D_aigc,D:\aigc,D:\aigc\fed_rate_wolf_bak\jianying_import_pack_sentence_ip_v1\video_segments\shot075-01-全球央行都在-都在买黄金-不买美债了-去美元化-信息图卡.mp4,fed_rate_wolf_bak\jianying_import_pack_sentence_ip_v1\video_segments\shot075-01-全球央行都在-都在买黄金-不买美债了-去美元化-信息图卡.mp4,.mp4,77108,2026-05-26T15:34:11,2026-05-30T10:20:16,pending,none,internal,D:\Evan\AI-KnowledgeHub\10_S老师IP资产\_imported\D_aigc\fed_rate_wolf_bak\jianying_import_pack_sentence_ip_v1\video_segments\shot075-01-全球央行都在-都在买黄金-不买美债了-去美元化-信息图卡.mp4,external_original_only,2026-09-20T14:42:32+08:00,True
b4caac924f7e1523,shot076-01-供给还在增加-你现在发债-需求少了,video,10_S老师IP资产,D_aigc,D:\aigc,D:\aigc\fed_rate_wolf_bak\jianying_import_pack_sentence_ip_v1\video_segments\shot076-01-供给还在增加-你现在发债-需求少了.mp4,fed_rate_wolf_bak\jianying_import_pack_sentence_ip_v1\video_segments\shot076-01-供给还在增加-你现在发债-需求少了.mp4,.mp4,1632396,2026-05-26T15:34:12,2026-05-30T10:20:16,pending,none,internal,D:\Evan\AI-KnowledgeHub\10_S老师IP资产\_imported\D_aigc\fed_rate_wolf_bak\jianying_import_pack_sentence_ip_v1\video_segments\shot076-01-供给还在增加-你现在发债-需求少了.mp4,external_original_only,2026-09-20T14:42:32+08:00,True
e7e14e7b77d9c514,shot077-01-为了把债卖出-你就必须承诺-更高的收益率,video,10_S老师IP资产,D_aigc,D:\aigc,D:\aigc\fed_rate_wolf_bak\jianying_import_pack_sentence_ip_v1\video_segments\shot077-01-为了把债卖出-你就必须承诺-更高的收益率.mp4,fed_rate_wolf_bak\jianying_import_pack_sentence_ip_v1\video_segments\shot077-01-为了把债卖出-你就必须承诺-更高的收益率.mp4,.mp4,174555,2026-05-26T15:34:12,2026-05-30T10:20:16,pending,none,internal,D:\Evan\AI-KnowledgeHub\10_S老师IP资产\_imported\D_aigc\fed_rate_wolf_bak\jianying_import_pack_sentence_ip_v1\video_segments\shot077-01-为了把债卖出-你就必须承诺-更高的收益率.mp4,external_original_only,2026-09-20T14:42:32+08:00,True
c72e453fe4627053,shot078-01-供需失衡-第三-信息图卡,video,10_S老师IP资产,D_aigc,D:\aigc,D:\aigc\fed_rate_wolf_bak\jianying_import_pack_sentence_ip_v1\video_segments\shot078-01-供需失衡-第三-信息图卡.mp4,fed_rate_wolf_bak\jianying_import_pack_sentence_ip_v1\video_segments\shot078-01-供需失衡-第三-信息图卡.mp4,.mp4,44386,2026-05-26T15:34:13,2026-05-30T10:20:16,pending,none,internal,D:\Evan\AI-KnowledgeHub\10_S老师IP资产\_imported\D_aigc\fed_rate_wolf_bak\jianying_import_pack_sentence_ip_v1\video_segments\shot078-01-供需失衡-第三-信息图卡.mp4,external_original_only,2026-09-20T14:42:32+08:00,True
22f9a8999c104152,shot079-01-美国财政部在-但全球的大买-疯狂发债,video,10_S老师IP资产,D_aigc,D:\aigc,D:\aigc\fed_rate_wolf_bak\jianying_import_pack_sentence_ip_v1\video_segments\shot079-01-美国财政部在-但全球的大买-疯狂发债.mp4,fed_rate_wolf_bak\jianying_import_pack_sentence_ip_v1\video_segments\shot079-01-美国财政部在-但全球的大买-疯狂发债.mp4,.mp4,1734412,2026-05-26T15:34:14,2026-05-30T10:20:16,pending,none,internal,D:\Evan\AI-KnowledgeHub\10_S老师IP资产\_imported\D_aigc\fed_rate_wolf_bak\jianying_import_pack_sentence_ip_v1\video_segments\shot079-01-美国财政部在-但全球的大买-疯狂发债.mp4,external_original_only,2026-09-20T14:42:32+08:00,True
ce9531fcfad59f44,shot080-01-甚至是中东一-像中国-些国家-日本,video,10_S老师IP资产,D_aigc,D:\aigc,D:\aigc\fed_rate_wolf_bak\jianying_import_pack_sentence_ip_v1\video_segments\shot080-01-甚至是中东一-像中国-些国家-日本.mp4,fed_rate_wolf_bak\jianying_import_pack_sentence_ip_v1\video_segments\shot080-01-甚至是中东一-像中国-些国家-日本.mp4,.mp4,2275011,2026-05-26T15:34:16,2026-05-30T10:20:16,pending,none,internal,D:\Evan\AI-KnowledgeHub\10_S老师IP资产\_imported\D_aigc\fed_rate_wolf_bak\jianying_import_pack_sentence_ip_v1\video_segments\shot080-01-甚至是中东一-像中国-些国家-日本.mp4,external_original_only,2026-09-20T14:42:32+08:00,True
ca6b4f7a86749c6f,shot081-01-都在减持或者-不增持-信息图卡,video,10_S老师IP资产,D_aigc,D:\aigc,D:\aigc\fed_rate_wolf_bak\jianying_import_pack_sentence_ip_v1\video_segments\shot081-01-都在减持或者-不增持-信息图卡.mp4,fed_rate_wolf_bak\jianying_import_pack_sentence_ip_v1\video_segments\shot081-01-都在减持或者-不增持-信息图卡.mp4,.mp4,52024,2026-05-26T15:34:16,2026-05-30T10:20:16,pending,none,internal,D:\Evan\AI-KnowledgeHub\10_S老师IP资产\_imported\D_aigc\fed_rate_wolf_bak\jianying_import_pack_sentence_ip_v1\video_segments\shot081-01-都在减持或者-不增持-信息图卡.mp4,external_original_only,2026-09-20T14:42:32+08:00,True
5ce6b492f890f385,shot082-01-收益率自然就-供大于求-价格下跌-上去了,video,10_S老师IP资产,D_aigc,D:\aigc,D:\aigc\fed_rate_wolf_bak\jianying_import_pack_sentence_ip_v1\video_segments\shot082-01-收益率自然就-供大于求-价格下跌-上去了.mp4,fed_rate_wolf_bak\jianying_import_pack_sentence_ip_v1\video_segments\shot082-01-收益率自然就-供大于求-价格下跌-上去了.mp4,.mp4,134194,2026-05-26T15:34:17,2026-05-30T10:20:16,pending,none,internal,D:\Evan\AI-KnowledgeHub\10_S老师IP资产\_imported\D_aigc\fed_rate_wolf_bak\jianying_import_pack_sentence_ip_v1\video_segments\shot082-01-收益率自然就-供大于求-价格下跌-上去了.mp4,external_original_only,2026-09-20T14:42:32+08:00,True
fbf068efab4b4175,shot083-01-这三点一讲-你看-信息图卡,video,10_S老师IP资产,D_aigc,D:\aigc,D:\aigc\fed_rate_wolf_bak\jianying_import_pack_sentence_ip_v1\video_segments\shot083-01-这三点一讲-你看-信息图卡.mp4,fed_rate_wolf_bak\jianying_import_pack_sentence_ip_v1\video_segments\shot083-01-这三点一讲-你看-信息图卡.mp4,.mp4,42083,2026-05-26T15:34:17,2026-05-30T10:20:16,pending,none,internal,D:\Evan\AI-KnowledgeHub\10_S老师IP资产\_imported\D_aigc\fed_rate_wolf_bak\jianying_import_pack_sentence_ip_v1\video_segments\shot083-01-这三点一讲-你看-信息图卡.mp4,external_original_only,2026-09-20T14:42:32+08:00,True
24146fb94777721b,shot084-01-你是不是就对-为什么加息的-狼要来了-这个事儿-信息图卡,video,10_S老师IP资产,D_aigc,D:\aigc,D:\aigc\fed_rate_wolf_bak\jianying_import_pack_sentence_ip_v1\video_segments\shot084-01-你是不是就对-为什么加息的-狼要来了-这个事儿-信息图卡.mp4,fed_rate_wolf_bak\jianying_import_pack_sentence_ip_v1\video_segments\shot084-01-你是不是就对-为什么加息的-狼要来了-这个事儿-信息图卡.mp4,.mp4,81595,2026-05-26T15:34:18,2026-05-30T10:20:16,pending,none,internal,D:\Evan\AI-KnowledgeHub\10_S老师IP资产\_imported\D_aigc\fed_rate_wolf_bak\jianying_import_pack_sentence_ip_v1\video_segments\shot084-01-你是不是就对-为什么加息的-狼要来了-这个事儿-信息图卡.mp4,external_original_only,2026-09-20T14:42:32+08:00,True
96eda8dd71d53c32,shot085-01-你已经超越了-心里有底了-的普通散户-恭喜你-信息图卡,video,10_S老师IP资产,D_aigc,D:\aigc,D:\aigc\fed_rate_wolf_bak\jianying_import_pack_sentence_ip_v1\video_segments\shot085-01-你已经超越了-心里有底了-的普通散户-恭喜你-信息图卡.mp4,fed_rate_wolf_bak\jianying_import_pack_sentence_ip_v1\video_segments\shot085-01-你已经超越了-心里有底了-的普通散户-恭喜你-信息图卡.mp4,.mp4,82153,2026-05-26T15:34:20,2026-05-30T10:20:16,pending,none,internal,D:\Evan\AI-KnowledgeHub\10_S老师IP资产\_imported\D_aigc\fed_rate_wolf_bak\jianying_import_pack_sentence_ip_v1\video_segments\shot085-01-你已经超越了-心里有底了-的普通散户-恭喜你-信息图卡.mp4,external_original_only,2026-09-20T14:42:32+08:00,True
4fd6255ce80caa5b,shot086-01-我们把视角收-回来,video,10_S老师IP资产,D_aigc,D:\aigc,D:\aigc\fed_rate_wolf_bak\jianying_import_pack_sentence_ip_v1\video_segments\shot086-01-我们把视角收-回来.mp4,fed_rate_wolf_bak\jianying_import_pack_sentence_ip_v1\video_segments\shot086-01-我们把视角收-回来.mp4,.mp4,95347,2026-05-26T15:34:20,2026-05-30T10:20:16,pending,none,internal,D:\Evan\AI-KnowledgeHub\10_S老师IP资产\_imported\D_aigc\fed_rate_wolf_bak\jianying_import_pack_sentence_ip_v1\video_segments\shot086-01-我们把视角收-回来.mp4,external_original_only,2026-09-20T14:42:32+08:00,True
fa0e0c9bd8e34602,shot087-01-新主席凯文-他上台了-沃什-信息图卡,video,10_S老师IP资产,D_aigc,D:\aigc,D:\aigc\fed_rate_wolf_bak\jianying_import_pack_sentence_ip_v1\video_segments\shot087-01-新主席凯文-他上台了-沃什-信息图卡.mp4,fed_rate_wolf_bak\jianying_import_pack_sentence_ip_v1\video_segments\shot087-01-新主席凯文-他上台了-沃什-信息图卡.mp4,.mp4,54244,2026-05-26T15:34:21,2026-05-30T10:20:16,pending,none,internal,D:\Evan\AI-KnowledgeHub\10_S老师IP资产\_imported\D_aigc\fed_rate_wolf_bak\jianying_import_pack_sentence_ip_v1\video_segments\shot087-01-新主席凯文-他上台了-沃什-信息图卡.mp4,external_original_only,2026-09-20T14:42:32+08:00,True
65a4a879934cd0a7,shot088-01-这人什么来头,video,10_S老师IP资产,D_aigc,D:\aigc,D:\aigc\fed_rate_wolf_bak\jianying_import_pack_sentence_ip_v1\video_segments\shot088-01-这人什么来头.mp4,fed_rate_wolf_bak\jianying_import_pack_sentence_ip_v1\video_segments\shot088-01-这人什么来头.mp4,.mp4,106566,2026-05-26T15:34:21,2026-05-30T10:20:16,pending,none,internal,D:\Evan\AI-KnowledgeHub\10_S老师IP资产\_imported\D_aigc\fed_rate_wolf_bak\jianying_import_pack_sentence_ip_v1\video_segments\shot088-01-这人什么来头.mp4,external_original_only,2026-09-20T14:42:32+08:00,True
e2df259a0427d769,shot089-01-他是一个-简单说-硬骨头,video,10_S老师IP资产,D_aigc,D:\aigc,D:\aigc\fed_rate_wolf_bak\jianying_import_pack_sentence_ip_v1\video_segments\shot089-01-他是一个-简单说-硬骨头.mp4,fed_rate_wolf_bak\jianying_import_pack_sentence_ip_v1\video_segments\shot089-01-他是一个-简单说-硬骨头.mp4,.mp4,2525822,2026-05-26T15:34:23,2026-05-30T10:20:16,pending,none,internal,D:\Evan\AI-KnowledgeHub\10_S老师IP资产\_imported\D_aigc\fed_rate_wolf_bak\jianying_import_pack_sentence_ip_v1\video_segments\shot089-01-他是一个-简单说-硬骨头.mp4,external_original_only,2026-09-20T14:42:32+08:00,True
c2264449bb872559,shot090-01-也是史上最富-的美联储主席-信息图卡,video,10_S老师IP资产,D_aigc,D:\aigc,D:\aigc\fed_rate_wolf_bak\jianying_import_pack_sentence_ip_v1\video_segments\shot090-01-也是史上最富-的美联储主席-信息图卡.mp4,fed_rate_wolf_bak\jianying_import_pack_sentence_ip_v1\video_segments\shot090-01-也是史上最富-的美联储主席-信息图卡.mp4,.mp4,55841,2026-05-26T15:34:24,2026-05-30T10:20:16,pending,none,internal,D:\Evan\AI-KnowledgeHub\10_S老师IP资产\_imported\D_aigc\fed_rate_wolf_bak\jianying_import_pack_sentence_ip_v1\video_segments\shot090-01-也是史上最富-的美联储主席-信息图卡.mp4,external_original_only,2026-09-20T14:42:32+08:00,True
6ec6971182dc6413,shot091-01-他亲眼目睹过-年金融海啸,video,10_S老师IP资产,D_aigc,D:\aigc,D:\aigc\fed_rate_wolf_bak\jianying_import_pack_sentence_ip_v1\video_segments\shot091-01-他亲眼目睹过-年金融海啸.mp4,fed_rate_wolf_bak\jianying_import_pack_sentence_ip_v1\video_segments\shot091-01-他亲眼目睹过-年金融海啸.mp4,.mp4,56435,2026-05-26T15:34:24,2026-05-30T10:20:16,pending,none,internal,D:\Evan\AI-KnowledgeHub\10_S老师IP资产\_imported\D_aigc\fed_rate_wolf_bak\jianying_import_pack_sentence_ip_v1\video_segments\shot091-01-他亲眼目睹过-年金融海啸.mp4,external_original_only,2026-09-20T14:42:32+08:00,True
0bb43948a6ca5442,shot092-01-他有一个根深-蒂固的观念-量化宽松-这种东西,video,10_S老师IP资产,D_aigc,D:\aigc,D:\aigc\fed_rate_wolf_bak\jianying_import_pack_sentence_ip_v1\video_segments\shot092-01-他有一个根深-蒂固的观念-量化宽松-这种东西.mp4,fed_rate_wolf_bak\jianying_import_pack_sentence_ip_v1\video_segments\shot092-01-他有一个根深-蒂固的观念-量化宽松-这种东西.mp4,.mp4,754561,2026-05-26T15:34:25,2026-05-30T10:20:16,pending,none,internal,D:\Evan\AI-KnowledgeHub\10_S老师IP资产\_imported\D_aigc\fed_rate_wolf_bak\jianying_import_pack_sentence_ip_v1\video_segments\shot092-01-他有一个根深-蒂固的观念-量化宽松-这种东西.mp4,external_original_only,2026-09-20T14:42:32+08:00,True
243f7b2fc401f3da,shot093-01-就像是给一个-快死的人强心-信息图卡,video,10_S老师IP资产,D_aigc,D:\aigc,D:\aigc\fed_rate_wolf_bak\jianying_import_pack_sentence_ip_v1\video_segments\shot093-01-就像是给一个-快死的人强心-信息图卡.mp4,fed_rate_wolf_bak\jianying_import_pack_sentence_ip_v1\video_segments\shot093-01-就像是给一个-快死的人强心-信息图卡.mp4,.mp4,59284,2026-05-26T15:34:26,2026-05-30T10:20:16,pending,none,internal,D:\Evan\AI-KnowledgeHub\10_S老师IP资产\_imported\D_aigc\fed_rate_wolf_bak\jianying_import_pack_sentence_ip_v1\video_segments\shot093-01-就像是给一个-快死的人强心-信息图卡.mp4,external_original_only,2026-09-20T14:42:32+08:00,True
22eeec4adc6cb5a4,shot094-01-是用来救急的-不能当饭吃-输液,video,10_S老师IP资产,D_aigc,D:\aigc,D:\aigc\fed_rate_wolf_bak\jianying_import_pack_sentence_ip_v1\video_segments\shot094-01-是用来救急的-不能当饭吃-输液.mp4,fed_rate_wolf_bak\jianying_import_pack_sentence_ip_v1\video_segments\shot094-01-是用来救急的-不能当饭吃-输液.mp4,.mp4,547813,2026-05-26T15:34:27,2026-05-30T10:20:16,pending,none,internal,D:\Evan\AI-KnowledgeHub\10_S老师IP资产\_imported\D_aigc\fed_rate_wolf_bak\jianying_import_pack_sentence_ip_v1\video_segments\shot094-01-是用来救急的-不能当饭吃-输液.mp4,external_original_only,2026-09-20T14:42:32+08:00,True
990e478f3dbf5ae3,shot095-01-不能成为市场-的长期兴奋剂,video,10_S老师IP资产,D_aigc,D:\aigc,D:\aigc\fed_rate_wolf_bak\jianying_import_pack_sentence_ip_v1\video_segments\shot095-01-不能成为市场-的长期兴奋剂.mp4,fed_rate_wolf_bak\jianying_import_pack_sentence_ip_v1\video_segments\shot095-01-不能成为市场-的长期兴奋剂.mp4,.mp4,75371,2026-05-26T15:34:28,2026-05-30T10:20:16,pending,none,internal,D:\Evan\AI-KnowledgeHub\10_S老师IP资产\_imported\D_aigc\fed_rate_wolf_bak\jianying_import_pack_sentence_ip_v1\video_segments\shot095-01-不能成为市场-的长期兴奋剂.mp4,external_original_only,2026-09-20T14:42:32+08:00,True
699da677403f5234,shot096-01-他一上来就提-出了一个让大-家很迷惑的组-合拳-信息图卡,video,10_S老师IP资产,D_aigc,D:\aigc,D:\aigc\fed_rate_wolf_bak\jianying_import_pack_sentence_ip_v1\video_segments\shot096-01-他一上来就提-出了一个让大-家很迷惑的组-合拳-信息图卡.mp4,fed_rate_wolf_bak\jianying_import_pack_sentence_ip_v1\video_segments\shot096-01-他一上来就提-出了一个让大-家很迷惑的组-合拳-信息图卡.mp4,.mp4,80809,2026-05-26T15:34:29,2026-05-30T10:20:16,pending,none,internal,D:\Evan\AI-KnowledgeHub\10_S老师IP资产\_imported\D_aigc\fed_rate_wolf_bak\jianying_import_pack_sentence_ip_v1\video_segments\shot096-01-他一上来就提-出了一个让大-家很迷惑的组-合拳-信息图卡.mp4,external_original_only,2026-09-20T14:42:32+08:00,True
fd068ac7abd85104,shot097-01-这俩不是矛盾-什么意思-很多人说-缩表,video,10_S老师IP资产,D_aigc,D:\aigc,D:\aigc\fed_rate_wolf_bak\jianying_import_pack_sentence_ip_v1\video_segments\shot097-01-这俩不是矛盾-什么意思-很多人说-缩表.mp4,fed_rate_wolf_bak\jianying_import_pack_sentence_ip_v1\video_segments\shot097-01-这俩不是矛盾-什么意思-很多人说-缩表.mp4,.mp4,246906,2026-05-26T15:34:31,2026-05-30T10:20:16,pending,none,internal,D:\Evan\AI-KnowledgeHub\10_S老师IP资产\_imported\D_aigc\fed_rate_wolf_bak\jianying_import_pack_sentence_ip_v1\video_segments\shot097-01-这俩不是矛盾-什么意思-很多人说-缩表.mp4,external_original_only,2026-09-20T14:42:32+08:00,True
1c03993d5f988500,shot098-01-一个收紧-一个放松,video,10_S老师IP资产,D_aigc,D:\aigc,D:\aigc\fed_rate_wolf_bak\jianying_import_pack_sentence_ip_v1\video_segments\shot098-01-一个收紧-一个放松.mp4,fed_rate_wolf_bak\jianying_import_pack_sentence_ip_v1\video_segments\shot098-01-一个收紧-一个放松.mp4,.mp4,225903,2026-05-26T15:34:31,2026-05-30T10:20:16,pending,none,internal,D:\Evan\AI-KnowledgeHub\10_S老师IP资产\_imported\D_aigc\fed_rate_wolf_bak\jianying_import_pack_sentence_ip_v1\video_segments\shot098-01-一个收紧-一个放松.mp4,external_original_only,2026-09-20T14:42:32+08:00,True
4a3125cd57f8260b,shot099-01-我给你们用场-景还原一下-信息图卡,video,10_S老师IP资产,D_aigc,D:\aigc,D:\aigc\fed_rate_wolf_bak\jianying_import_pack_sentence_ip_v1\video_segments\shot099-01-我给你们用场-景还原一下-信息图卡.mp4,fed_rate_wolf_bak\jianying_import_pack_sentence_ip_v1\video_segments\shot099-01-我给你们用场-景还原一下-信息图卡.mp4,.mp4,56723,2026-05-26T15:34:32,2026-05-30T10:20:16,pending,none,internal,D:\Evan\AI-KnowledgeHub\10_S老师IP资产\_imported\D_aigc\fed_rate_wolf_bak\jianying_import_pack_sentence_ip_v1\video_segments\shot099-01-我给你们用场-景还原一下-信息图卡.mp4,external_original_only,2026-09-20T14:42:32+08:00,True
72f805af06c33794,shot100-01-这就好比一个-之前病危的时-候天天输液-病人,video,10_S老师IP资产,D_aigc,D:\aigc,D:\aigc\fed_rate_wolf_bak\jianying_import_pack_sentence_ip_v1\video_segments\shot100-01-这就好比一个-之前病危的时-候天天输液-病人.mp4,fed_rate_wolf_bak\jianying_import_pack_sentence_ip_v1\video_segments\shot100-01-这就好比一个-之前病危的时-候天天输液-病人.mp4,.mp4,1353632,2026-05-26T15:34:33,2026-05-30T10:20:16,pending,none,internal,D:\Evan\AI-KnowledgeHub\10_S老师IP资产\_imported\D_aigc\fed_rate_wolf_bak\jianying_import_pack_sentence_ip_v1\video_segments\shot100-01-这就好比一个-之前病危的时-候天天输液-病人.mp4,external_original_only,2026-09-20T14:42:32+08:00,True
5b3cf1ca302c5a6b,shot101-01-释放流动性,video,10_S老师IP资产,D_aigc,D:\aigc,D:\aigc\fed_rate_wolf_bak\jianying_import_pack_sentence_ip_v1\video_segments\shot101-01-释放流动性.mp4,fed_rate_wolf_bak\jianying_import_pack_sentence_ip_v1\video_segments\shot101-01-释放流动性.mp4,.mp4,51229,2026-05-26T15:34:34,2026-05-30T10:20:16,pending,none,internal,D:\Evan\AI-KnowledgeHub\10_S老师IP资产\_imported\D_aigc\fed_rate_wolf_bak\jianying_import_pack_sentence_ip_v1\video_segments\shot101-01-释放流动性.mp4,external_original_only,2026-09-20T14:42:32+08:00,True
eb5f45389454a431,shot102-01-现在人救过来-沃什认为-信息图卡,video,10_S老师IP资产,D_aigc,D:\aigc,D:\aigc\fed_rate_wolf_bak\jianying_import_pack_sentence_ip_v1\video_segments\shot102-01-现在人救过来-沃什认为-信息图卡.mp4,fed_rate_wolf_bak\jianying_import_pack_sentence_ip_v1\video_segments\shot102-01-现在人救过来-沃什认为-信息图卡.mp4,.mp4,54442,2026-05-26T15:34:34,2026-05-30T10:20:16,pending,none,internal,D:\Evan\AI-KnowledgeHub\10_S老师IP资产\_imported\D_aigc\fed_rate_wolf_bak\jianying_import_pack_sentence_ip_v1\video_segments\shot102-01-现在人救过来-沃什认为-信息图卡.mp4,external_original_only,2026-09-20T14:42:32+08:00,True
deb20a23fbb32177,shot103-01-应该慢慢把输-液停掉-缩表,video,10_S老师IP资产,D_aigc,D:\aigc,D:\aigc\fed_rate_wolf_bak\jianying_import_pack_sentence_ip_v1\video_segments\shot103-01-应该慢慢把输-液停掉-缩表.mp4,fed_rate_wolf_bak\jianying_import_pack_sentence_ip_v1\video_segments\shot103-01-应该慢慢把输-液停掉-缩表.mp4,.mp4,90086,2026-05-26T15:34:35,2026-05-30T10:20:16,pending,none,internal,D:\Evan\AI-KnowledgeHub\10_S老师IP资产\_imported\D_aigc\fed_rate_wolf_bak\jianying_import_pack_sentence_ip_v1\video_segments\shot103-01-应该慢慢把输-液停掉-缩表.mp4,external_original_only,2026-09-20T14:42:32+08:00,True
991b0ed5dbe98771,shot104-01-让你靠自身的-免疫力去恢复,video,10_S老师IP资产,D_aigc,D:\aigc,D:\aigc\fed_rate_wolf_bak\jianying_import_pack_sentence_ip_v1\video_segments\shot104-01-让你靠自身的-免疫力去恢复.mp4,fed_rate_wolf_bak\jianying_import_pack_sentence_ip_v1\video_segments\shot104-01-让你靠自身的-免疫力去恢复.mp4,.mp4,2500095,2026-05-26T15:34:37,2026-05-30T10:20:16,pending,none,internal,D:\Evan\AI-KnowledgeHub\10_S老师IP资产\_imported\D_aigc\fed_rate_wolf_bak\jianying_import_pack_sentence_ip_v1\video_segments\shot104-01-让你靠自身的-免疫力去恢复.mp4,external_original_only,2026-09-20T14:42:32+08:00,True
3bb0936229677bec,shot105-01-在恢复的过程-身子还有点虚-但是呢-怎么办-信息图卡,video,10_S老师IP资产,D_aigc,D:\aigc,D:\aigc\fed_rate_wolf_bak\jianying_import_pack_sentence_ip_v1\video_segments\shot105-01-在恢复的过程-身子还有点虚-但是呢-怎么办-信息图卡.mp4,fed_rate_wolf_bak\jianying_import_pack_sentence_ip_v1\video_segments\shot105-01-在恢复的过程-身子还有点虚-但是呢-怎么办-信息图卡.mp4,.mp4,73123,2026-05-26T15:34:38,2026-05-30T10:20:16,pending,none,internal,D:\Evan\AI-KnowledgeHub\10_S老师IP资产\_imported\D_aigc\fed_rate_wolf_bak\jianying_import_pack_sentence_ip_v1\video_segments\shot105-01-在恢复的过程-身子还有点虚-但是呢-怎么办-信息图卡.mp4,external_original_only,2026-09-20T14:42:32+08:00,True
f5b151b3be80b72b,shot106-01-给你吃点营养-降低你的融资-降息-成本,video,10_S老师IP资产,D_aigc,D:\aigc,D:\aigc\fed_rate_wolf_bak\jianying_import_pack_sentence_ip_v1\video_segments\shot106-01-给你吃点营养-降低你的融资-降息-成本.mp4,fed_rate_wolf_bak\jianying_import_pack_sentence_ip_v1\video_segments\shot106-01-给你吃点营养-降低你的融资-降息-成本.mp4,.mp4,82583,2026-05-26T15:34:39,2026-05-30T10:20:16,pending,none,internal,D:\Evan\AI-KnowledgeHub\10_S老师IP资产\_imported\D_aigc\fed_rate_wolf_bak\jianying_import_pack_sentence_ip_v1\video_segments\shot106-01-给你吃点营养-降低你的融资-降息-成本.mp4,external_original_only,2026-09-20T14:42:32+08:00,True
53e167a10102c79c,shot107-01-刺激一下经济,video,10_S老师IP资产,D_aigc,D:\aigc,D:\aigc\fed_rate_wolf_bak\jianying_import_pack_sentence_ip_v1\video_segments\shot107-01-刺激一下经济.mp4,fed_rate_wolf_bak\jianying_import_pack_sentence_ip_v1\video_segments\shot107-01-刺激一下经济.mp4,.mp4,804219,2026-05-26T15:34:39,2026-05-30T10:20:16,pending,none,internal,D:\Evan\AI-KnowledgeHub\10_S老师IP资产\_imported\D_aigc\fed_rate_wolf_bak\jianying_import_pack_sentence_ip_v1\video_segments\shot107-01-刺激一下经济.mp4,external_original_only,2026-09-20T14:42:32+08:00,True
3c541e9d4227e240,shot108-01-就是把美联储-手里的资产卖-缩表-出去-信息图卡,video,10_S老师IP资产,D_aigc,D:\aigc,D:\aigc\fed_rate_wolf_bak\jianying_import_pack_sentence_ip_v1\video_segments\shot108-01-就是把美联储-手里的资产卖-缩表-出去-信息图卡.mp4,fed_rate_wolf_bak\jianying_import_pack_sentence_ip_v1\video_segments\shot108-01-就是把美联储-手里的资产卖-缩表-出去-信息图卡.mp4,.mp4,75041,2026-05-26T15:34:40,2026-05-30T10:20:16,pending,none,internal,D:\Evan\AI-KnowledgeHub\10_S老师IP资产\_imported\D_aigc\fed_rate_wolf_bak\jianying_import_pack_sentence_ip_v1\video_segments\shot108-01-就是把美联储-手里的资产卖-缩表-出去-信息图卡.mp4,external_original_only,2026-09-20T14:42:32+08:00,True
563a88d1e1f9d09d,shot109-01-从市场收回流-动性,video,10_S老师IP资产,D_aigc,D:\aigc,D:\aigc\fed_rate_wolf_bak\jianying_import_pack_sentence_ip_v1\video_segments\shot109-01-从市场收回流-动性.mp4,fed_rate_wolf_bak\jianying_import_pack_sentence_ip_v1\video_segments\shot109-01-从市场收回流-动性.mp4,.mp4,52570,2026-05-26T15:34:41,2026-05-30T10:20:16,pending,none,internal,D:\Evan\AI-KnowledgeHub\10_S老师IP资产\_imported\D_aigc\fed_rate_wolf_bak\jianying_import_pack_sentence_ip_v1\video_segments\shot109-01-从市场收回流-动性.mp4,external_original_only,2026-09-20T14:42:32+08:00,True
d231147a7570f428,shot110-01-说明他准备对-收一收市场上-这一招-抗通胀,video,10_S老师IP资产,D_aigc,D:\aigc,D:\aigc\fed_rate_wolf_bak\jianying_import_pack_sentence_ip_v1\video_segments\shot110-01-说明他准备对-收一收市场上-这一招-抗通胀.mp4,fed_rate_wolf_bak\jianying_import_pack_sentence_ip_v1\video_segments\shot110-01-说明他准备对-收一收市场上-这一招-抗通胀.mp4,.mp4,1467275,2026-05-26T15:34:42,2026-05-30T10:20:16,pending,none,internal,D:\Evan\AI-KnowledgeHub\10_S老师IP资产\_imported\D_aigc\fed_rate_wolf_bak\jianying_import_pack_sentence_ip_v1\video_segments\shot110-01-说明他准备对-收一收市场上-这一招-抗通胀.mp4,external_original_only,2026-09-20T14:42:32+08:00,True
4c8f04a642569090,shot112-01-则是降低资金-鼓励企业投资-鼓励经济发展-降息,video,10_S老师IP资产,D_aigc,D:\aigc,D:\aigc\fed_rate_wolf_bak\jianying_import_pack_sentence_ip_v1\video_segments\shot112-01-则是降低资金-鼓励企业投资-鼓励经济发展-降息.mp4,fed_rate_wolf_bak\jianying_import_pack_sentence_ip_v1\video_segments\shot112-01-则是降低资金-鼓励企业投资-鼓励经济发展-降息.mp4,.mp4,248341,2026-05-26T15:34:44,2026-05-30T10:20:16,pending,none,internal,D:\Evan\AI-KnowledgeHub\10_S老师IP资产\_imported\D_aigc\fed_rate_wolf_bak\jianying_import_pack_sentence_ip_v1\video_segments\shot112-01-则是降低资金-鼓励企业投资-鼓励经济发展-降息.mp4,external_original_only,2026-09-20T14:42:32+08:00,True
a31f106ecbea5f4e,shot113-01-美国经济离不-这是他明白-开科技,video,10_S老师IP资产,D_aigc,D:\aigc,D:\aigc\fed_rate_wolf_bak\jianying_import_pack_sentence_ip_v1\video_segments\shot113-01-美国经济离不-这是他明白-开科技.mp4,fed_rate_wolf_bak\jianying_import_pack_sentence_ip_v1\video_segments\shot113-01-美国经济离不-这是他明白-开科技.mp4,.mp4,2715916,2026-05-26T15:34:46,2026-05-30T10:20:16,pending,none,internal,D:\Evan\AI-KnowledgeHub\10_S老师IP资产\_imported\D_aigc\fed_rate_wolf_bak\jianying_import_pack_sentence_ip_v1\video_segments\shot113-01-美国经济离不-这是他明白-开科技.mp4,external_original_only,2026-09-20T14:42:32+08:00,True
3bb6a49655c16c22,shot114-01-离不开宽松的-货币环境-信息图卡,video,10_S老师IP资产,D_aigc,D:\aigc,D:\aigc\fed_rate_wolf_bak\jianying_import_pack_sentence_ip_v1\video_segments\shot114-01-离不开宽松的-货币环境-信息图卡.mp4,fed_rate_wolf_bak\jianying_import_pack_sentence_ip_v1\video_segments\shot114-01-离不开宽松的-货币环境-信息图卡.mp4,.mp4,53146,2026-05-26T15:34:46,2026-05-30T10:20:16,pending,none,internal,D:\Evan\AI-KnowledgeHub\10_S老师IP资产\_imported\D_aigc\fed_rate_wolf_bak\jianying_import_pack_sentence_ip_v1\video_segments\shot114-01-离不开宽松的-货币环境-信息图卡.mp4,external_original_only,2026-09-20T14:42:32+08:00,True
b30ef80ef0894594,shot115-01-你千万别以为-他会无脑暴力-加息,video,10_S老师IP资产,D_aigc,D:\aigc,D:\aigc\fed_rate_wolf_bak\jianying_import_pack_sentence_ip_v1\video_segments\shot115-01-你千万别以为-他会无脑暴力-加息.mp4,fed_rate_wolf_bak\jianying_import_pack_sentence_ip_v1\video_segments\shot115-01-你千万别以为-他会无脑暴力-加息.mp4,.mp4,757311,2026-05-26T15:34:47,2026-05-30T10:20:16,pending,none,internal,D:\Evan\AI-KnowledgeHub\10_S老师IP资产\_imported\D_aigc\fed_rate_wolf_bak\jianying_import_pack_sentence_ip_v1\video_segments\shot115-01-你千万别以为-他会无脑暴力-加息.mp4,external_original_only,2026-09-20T14:42:32+08:00,True
b8897c55b0a82c9d,shot116-01-当下的美国-承受不起-年那样的-次暴击,video,10_S老师IP资产,D_aigc,D:\aigc,D:\aigc\fed_rate_wolf_bak\jianying_import_pack_sentence_ip_v1\video_segments\shot116-01-当下的美国-承受不起-年那样的-次暴击.mp4,fed_rate_wolf_bak\jianying_import_pack_sentence_ip_v1\video_segments\shot116-01-当下的美国-承受不起-年那样的-次暴击.mp4,.mp4,966970,2026-05-26T15:34:48,2026-05-30T10:20:16,pending,none,internal,D:\Evan\AI-KnowledgeHub\10_S老师IP资产\_imported\D_aigc\fed_rate_wolf_bak\jianying_import_pack_sentence_ip_v1\video_segments\shot116-01-当下的美国-承受不起-年那样的-次暴击.mp4,external_original_only,2026-09-20T14:42:32+08:00,True
54550c11ab281493,shot117-01-也只可能是虚-即便是加息-短暂的-弱的-信息图卡,video,10_S老师IP资产,D_aigc,D:\aigc,D:\aigc\fed_rate_wolf_bak\jianying_import_pack_sentence_ip_v1\video_segments\shot117-01-也只可能是虚-即便是加息-短暂的-弱的-信息图卡.mp4,fed_rate_wolf_bak\jianying_import_pack_sentence_ip_v1\video_segments\shot117-01-也只可能是虚-即便是加息-短暂的-弱的-信息图卡.mp4,.mp4,66369,2026-05-26T15:34:49,2026-05-30T10:20:16,pending,none,internal,D:\Evan\AI-KnowledgeHub\10_S老师IP资产\_imported\D_aigc\fed_rate_wolf_bak\jianying_import_pack_sentence_ip_v1\video_segments\shot117-01-也只可能是虚-即便是加息-短暂的-弱的-信息图卡.mp4,external_original_only,2026-09-20T14:42:32+08:00,True
76f5d1ce031ffa78,shot118-01-他是在走钢丝-一边要按住通-胀这只老虎,video,10_S老师IP资产,D_aigc,D:\aigc,D:\aigc\fed_rate_wolf_bak\jianying_import_pack_sentence_ip_v1\video_segments\shot118-01-他是在走钢丝-一边要按住通-胀这只老虎.mp4,fed_rate_wolf_bak\jianying_import_pack_sentence_ip_v1\video_segments\shot118-01-他是在走钢丝-一边要按住通-胀这只老虎.mp4,.mp4,1230295,2026-05-26T15:34:51,2026-05-30T10:20:16,pending,none,internal,D:\Evan\AI-KnowledgeHub\10_S老师IP资产\_imported\D_aigc\fed_rate_wolf_bak\jianying_import_pack_sentence_ip_v1\video_segments\shot118-01-他是在走钢丝-一边要按住通-胀这只老虎.mp4,external_original_only,2026-09-20T14:42:32+08:00,True
5615910f99ce3f61,shot119-01-一边还不能把-这个经济发展-的新引擎给掐-AI,video,10_S老师IP资产,D_aigc,D:\aigc,D:\aigc\fed_rate_wolf_bak\jianying_import_pack_sentence_ip_v1\video_segments\shot119-01-一边还不能把-这个经济发展-的新引擎给掐-AI.mp4,fed_rate_wolf_bak\jianying_import_pack_sentence_ip_v1\video_segments\shot119-01-一边还不能把-这个经济发展-的新引擎给掐-AI.mp4,.mp4,3163831,2026-05-26T15:34:53,2026-05-30T10:20:16,pending,none,internal,D:\Evan\AI-KnowledgeHub\10_S老师IP资产\_imported\D_aigc\fed_rate_wolf_bak\jianying_import_pack_sentence_ip_v1\video_segments\shot119-01-一边还不能把-这个经济发展-的新引擎给掐-AI.mp4,external_original_only,2026-09-20T14:42:32+08:00,True
6536bcb49230af86,shot120-01-理解了这一点-你就拿到了理-信息图卡,video,10_S老师IP资产,D_aigc,D:\aigc,D:\aigc\fed_rate_wolf_bak\jianying_import_pack_sentence_ip_v1\video_segments\shot120-01-理解了这一点-你就拿到了理-信息图卡.mp4,fed_rate_wolf_bak\jianying_import_pack_sentence_ip_v1\video_segments\shot120-01-理解了这一点-你就拿到了理-信息图卡.mp4,.mp4,63981,2026-05-26T15:34:54,2026-05-30T10:20:16,pending,none,internal,D:\Evan\AI-KnowledgeHub\10_S老师IP资产\_imported\D_aigc\fed_rate_wolf_bak\jianying_import_pack_sentence_ip_v1\video_segments\shot120-01-理解了这一点-你就拿到了理-信息图卡.mp4,external_original_only,2026-09-20T14:42:32+08:00,True
733dd41f5579ae5f,shot121-01-下半年全球资-本市场波动的-钥匙,video,10_S老师IP资产,D_aigc,D:\aigc,D:\aigc\fed_rate_wolf_bak\jianying_import_pack_sentence_ip_v1\video_segments\shot121-01-下半年全球资-本市场波动的-钥匙.mp4,fed_rate_wolf_bak\jianying_import_pack_sentence_ip_v1\video_segments\shot121-01-下半年全球资-本市场波动的-钥匙.mp4,.mp4,232016,2026-05-26T15:34:55,2026-05-30T10:20:16,pending,none,internal,D:\Evan\AI-KnowledgeHub\10_S老师IP资产\_imported\D_aigc\fed_rate_wolf_bak\jianying_import_pack_sentence_ip_v1\video_segments\shot121-01-下半年全球资-本市场波动的-钥匙.mp4,external_original_only,2026-09-20T14:42:32+08:00,True
55546a7b478db848,shot122-01-最核心的来了,video,10_S老师IP资产,D_aigc,D:\aigc,D:\aigc\fed_rate_wolf_bak\jianying_import_pack_sentence_ip_v1\video_segments\shot122-01-最核心的来了.mp4,fed_rate_wolf_bak\jianying_import_pack_sentence_ip_v1\video_segments\shot122-01-最核心的来了.mp4,.mp4,224754,2026-05-26T15:34:56,2026-05-30T10:20:16,pending,none,internal,D:\Evan\AI-KnowledgeHub\10_S老师IP资产\_imported\D_aigc\fed_rate_wolf_bak\jianying_import_pack_sentence_ip_v1\video_segments\shot122-01-最核心的来了.mp4,external_original_only,2026-09-20T14:42:32+08:00,True
b07a2cad4fe1349e,shot123-01-这套组合拳打-出来-信息图卡,video,10_S老师IP资产,D_aigc,D:\aigc,D:\aigc\fed_rate_wolf_bak\jianying_import_pack_sentence_ip_v1\video_segments\shot123-01-这套组合拳打-出来-信息图卡.mp4,fed_rate_wolf_bak\jianying_import_pack_sentence_ip_v1\video_segments\shot123-01-这套组合拳打-出来-信息图卡.mp4,.mp4,47342,2026-05-26T15:34:56,2026-05-30T10:20:16,pending,none,internal,D:\Evan\AI-KnowledgeHub\10_S老师IP资产\_imported\D_aigc\fed_rate_wolf_bak\jianying_import_pack_sentence_ip_v1\video_segments\shot123-01-这套组合拳打-出来-信息图卡.mp4,external_original_only,2026-09-20T14:42:32+08:00,True
07d83a07bf80d8e3,shot124-01-对我们的美股-到底有什么影-尤其是大-港股,video,10_S老师IP资产,D_aigc,D:\aigc,D:\aigc\fed_rate_wolf_bak\jianying_import_pack_sentence_ip_v1\video_segments\shot124-01-对我们的美股-到底有什么影-尤其是大-港股.mp4,fed_rate_wolf_bak\jianying_import_pack_sentence_ip_v1\video_segments\shot124-01-对我们的美股-到底有什么影-尤其是大-港股.mp4,.mp4,2065778,2026-05-26T15:34:57,2026-05-30T10:20:16,pending,none,internal,D:\Evan\AI-KnowledgeHub\10_S老师IP资产\_imported\D_aigc\fed_rate_wolf_bak\jianying_import_pack_sentence_ip_v1\video_segments\shot124-01-对我们的美股-到底有什么影-尤其是大-港股.mp4,external_original_only,2026-09-20T14:42:32+08:00,True
ae3d6c113d187c99,shot125-01-我先把我的判-你可以截图保-断放在这里-各位-信息图卡,video,10_S老师IP资产,D_aigc,D:\aigc,D:\aigc\fed_rate_wolf_bak\jianying_import_pack_sentence_ip_v1\video_segments\shot125-01-我先把我的判-你可以截图保-断放在这里-各位-信息图卡.mp4,fed_rate_wolf_bak\jianying_import_pack_sentence_ip_v1\video_segments\shot125-01-我先把我的判-你可以截图保-断放在这里-各位-信息图卡.mp4,.mp4,81161,2026-05-26T15:34:58,2026-05-30T10:20:16,pending,none,internal,D:\Evan\AI-KnowledgeHub\10_S老师IP资产\_imported\D_aigc\fed_rate_wolf_bak\jianying_import_pack_sentence_ip_v1\video_segments\shot125-01-我先把我的判-你可以截图保-断放在这里-各位-信息图卡.mp4,external_original_only,2026-09-20T14:42:32+08:00,True
f44777eb8afda55d,shot126-01-美股不确定性-增强-信息图卡,video,10_S老师IP资产,D_aigc,D:\aigc,D:\aigc\fed_rate_wolf_bak\jianying_import_pack_sentence_ip_v1\video_segments\shot126-01-美股不确定性-增强-信息图卡.mp4,fed_rate_wolf_bak\jianying_import_pack_sentence_ip_v1\video_segments\shot126-01-美股不确定性-增强-信息图卡.mp4,.mp4,48778,2026-05-26T15:34:59,2026-05-30T10:20:16,pending,none,internal,D:\Evan\AI-KnowledgeHub\10_S老师IP资产\_imported\D_aigc\fed_rate_wolf_bak\jianying_import_pack_sentence_ip_v1\video_segments\shot126-01-美股不确定性-增强-信息图卡.mp4,external_original_only,2026-09-20T14:42:32+08:00,True
1386f29f84f1e501,shot127-01-港股弹性变弱-将走出独立的-结构性科技慢-而大,video,10_S老师IP资产,D_aigc,D:\aigc,D:\aigc\fed_rate_wolf_bak\jianying_import_pack_sentence_ip_v1\video_segments\shot127-01-港股弹性变弱-将走出独立的-结构性科技慢-而大.mp4,fed_rate_wolf_bak\jianying_import_pack_sentence_ip_v1\video_segments\shot127-01-港股弹性变弱-将走出独立的-结构性科技慢-而大.mp4,.mp4,576581,2026-05-26T15:35:00,2026-05-30T10:20:16,pending,none,internal,D:\Evan\AI-KnowledgeHub\10_S老师IP资产\_imported\D_aigc\fed_rate_wolf_bak\jianying_import_pack_sentence_ip_v1\video_segments\shot127-01-港股弹性变弱-将走出独立的-结构性科技慢-而大.mp4,external_original_only,2026-09-20T14:42:32+08:00,True
65eeb8c3a325a4e9,shot129-01-只要长端利率-下不来-信息图卡,video,10_S老师IP资产,D_aigc,D:\aigc,D:\aigc\fed_rate_wolf_bak\jianying_import_pack_sentence_ip_v1\video_segments\shot129-01-只要长端利率-下不来-信息图卡.mp4,fed_rate_wolf_bak\jianying_import_pack_sentence_ip_v1\video_segments\shot129-01-只要长端利率-下不来-信息图卡.mp4,.mp4,53291,2026-05-26T15:35:02,2026-05-30T10:20:16,pending,none,internal,D:\Evan\AI-KnowledgeHub\10_S老师IP资产\_imported\D_aigc\fed_rate_wolf_bak\jianying_import_pack_sentence_ip_v1\video_segments\shot129-01-只要长端利率-下不来-信息图卡.mp4,external_original_only,2026-09-20T14:42:32+08:00,True
f654cfcae7b7e598,shot131-01-它是开放市场-受海外流动性-肯定会有波动-再看港股,video,10_S老师IP资产,D_aigc,D:\aigc,D:\aigc\fed_rate_wolf_bak\jianying_import_pack_sentence_ip_v1\video_segments\shot131-01-它是开放市场-受海外流动性-肯定会有波动-再看港股.mp4,fed_rate_wolf_bak\jianying_import_pack_sentence_ip_v1\video_segments\shot131-01-它是开放市场-受海外流动性-肯定会有波动-再看港股.mp4,.mp4,2475009,2026-05-26T15:35:11,2026-05-30T10:20:16,pending,none,internal,D:\Evan\AI-KnowledgeHub\10_S老师IP资产\_imported\D_aigc\fed_rate_wolf_bak\jianying_import_pack_sentence_ip_v1\video_segments\shot131-01-它是开放市场-受海外流动性-肯定会有波动-再看港股.mp4,external_original_only,2026-09-20T14:42:32+08:00,True
11dacf14dbc3c362,shot132-01-年那么惨了-不会像-但是-信息图卡,video,10_S老师IP资产,D_aigc,D:\aigc,D:\aigc\fed_rate_wolf_bak\jianying_import_pack_sentence_ip_v1\video_segments\shot132-01-年那么惨了-不会像-但是-信息图卡.mp4,fed_rate_wolf_bak\jianying_import_pack_sentence_ip_v1\video_segments\shot132-01-年那么惨了-不会像-但是-信息图卡.mp4,.mp4,62596,2026-05-26T15:35:12,2026-05-30T10:20:16,pending,none,internal,D:\Evan\AI-KnowledgeHub\10_S老师IP资产\_imported\D_aigc\fed_rate_wolf_bak\jianying_import_pack_sentence_ip_v1\video_segments\shot132-01-年那么惨了-不会像-但是-信息图卡.mp4,external_original_only,2026-09-20T14:42:32+08:00,True
64114525aafbf943,shot133-01-因为它的定位-变了,video,10_S老师IP资产,D_aigc,D:\aigc,D:\aigc\fed_rate_wolf_bak\jianying_import_pack_sentence_ip_v1\video_segments\shot133-01-因为它的定位-变了.mp4,fed_rate_wolf_bak\jianying_import_pack_sentence_ip_v1\video_segments\shot133-01-因为它的定位-变了.mp4,.mp4,89055,2026-05-26T15:35:12,2026-05-30T10:20:16,pending,none,internal,D:\Evan\AI-KnowledgeHub\10_S老师IP资产\_imported\D_aigc\fed_rate_wolf_bak\jianying_import_pack_sentence_ip_v1\video_segments\shot133-01-因为它的定位-变了.mp4,external_original_only,2026-09-20T14:42:32+08:00,True
75c28531dfdea6e4,shot134-01-它现在是中国-国家队在保驾-有南向资金-的桥头堡,video,10_S老师IP资产,D_aigc,D:\aigc,D:\aigc\fed_rate_wolf_bak\jianying_import_pack_sentence_ip_v1\video_segments\shot134-01-它现在是中国-国家队在保驾-有南向资金-的桥头堡.mp4,fed_rate_wolf_bak\jianying_import_pack_sentence_ip_v1\video_segments\shot134-01-它现在是中国-国家队在保驾-有南向资金-的桥头堡.mp4,.mp4,63116,2026-05-26T15:35:14,2026-05-30T10:20:16,pending,none,internal,D:\Evan\AI-KnowledgeHub\10_S老师IP资产\_imported\D_aigc\fed_rate_wolf_bak\jianying_import_pack_sentence_ip_v1\video_segments\shot134-01-它现在是中国-国家队在保驾-有南向资金-的桥头堡.mp4,external_original_only,2026-09-20T14:42:32+08:00,True
04ff0bc4e444a275,shot135-01-已经不是没人-管的野孩子了-信息图卡,video,10_S老师IP资产,D_aigc,D:\aigc,D:\aigc\fed_rate_wolf_bak\jianying_import_pack_sentence_ip_v1\video_segments\shot135-01-已经不是没人-管的野孩子了-信息图卡.mp4,fed_rate_wolf_bak\jianying_import_pack_sentence_ip_v1\video_segments\shot135-01-已经不是没人-管的野孩子了-信息图卡.mp4,.mp4,57425,2026-05-26T15:35:14,2026-05-30T10:20:16,pending,none,internal,D:\Evan\AI-KnowledgeHub\10_S老师IP资产\_imported\D_aigc\fed_rate_wolf_bak\jianying_import_pack_sentence_ip_v1\video_segments\shot135-01-已经不是没人-管的野孩子了-信息图卡.mp4,external_original_only,2026-09-20T14:42:32+08:00,True
1a93074718c887f3,shot136-01-重点看我们的-最后,video,10_S老师IP资产,D_aigc,D:\aigc,D:\aigc\fed_rate_wolf_bak\jianying_import_pack_sentence_ip_v1\video_segments\shot136-01-重点看我们的-最后.mp4,fed_rate_wolf_bak\jianying_import_pack_sentence_ip_v1\video_segments\shot136-01-重点看我们的-最后.mp4,.mp4,96575,2026-05-26T15:35:15,2026-05-30T10:20:16,pending,none,internal,D:\Evan\AI-KnowledgeHub\10_S老师IP资产\_imported\D_aigc\fed_rate_wolf_bak\jianying_import_pack_sentence_ip_v1\video_segments\shot136-01-重点看我们的-最后.mp4,external_original_only,2026-09-20T14:42:32+08:00,True
e6344a42dcb42899,shot137-01-为什么我敢说-独立行情,video,10_S老师IP资产,D_aigc,D:\aigc,D:\aigc\fed_rate_wolf_bak\jianying_import_pack_sentence_ip_v1\video_segments\shot137-01-为什么我敢说-独立行情.mp4,fed_rate_wolf_bak\jianying_import_pack_sentence_ip_v1\video_segments\shot137-01-为什么我敢说-独立行情.mp4,.mp4,1811636,2026-05-26T15:35:16,2026-05-30T10:20:16,pending,none,internal,D:\Evan\AI-KnowledgeHub\10_S老师IP资产\_imported\D_aigc\fed_rate_wolf_bak\jianying_import_pack_sentence_ip_v1\video_segments\shot137-01-为什么我敢说-独立行情.mp4,external_original_only,2026-09-20T14:42:32+08:00,True
571e6197fe9c26c1,shot138-01-底层逻辑是什-信息图卡,video,10_S老师IP资产,D_aigc,D:\aigc,D:\aigc\fed_rate_wolf_bak\jianying_import_pack_sentence_ip_v1\video_segments\shot138-01-底层逻辑是什-信息图卡.mp4,fed_rate_wolf_bak\jianying_import_pack_sentence_ip_v1\video_segments\shot138-01-底层逻辑是什-信息图卡.mp4,.mp4,45554,2026-05-26T15:35:17,2026-05-30T10:20:16,pending,none,internal,D:\Evan\AI-KnowledgeHub\10_S老师IP资产\_imported\D_aigc\fed_rate_wolf_bak\jianying_import_pack_sentence_ip_v1\video_segments\shot138-01-底层逻辑是什-信息图卡.mp4,external_original_only,2026-09-20T14:42:32+08:00,True
cf496aa658e75e9d,shot139-01-记住我这句话-这也是我今天-最想送给你的-一句金句-信息图卡,video,10_S老师IP资产,D_aigc,D:\aigc,D:\aigc\fed_rate_wolf_bak\jianying_import_pack_sentence_ip_v1\video_segments\shot139-01-记住我这句话-这也是我今天-最想送给你的-一句金句-信息图卡.mp4,fed_rate_wolf_bak\jianying_import_pack_sentence_ip_v1\video_segments\shot139-01-记住我这句话-这也是我今天-最想送给你的-一句金句-信息图卡.mp4,.mp4,82287,2026-05-26T15:35:18,2026-05-30T10:20:16,pending,none,internal,D:\Evan\AI-KnowledgeHub\10_S老师IP资产\_imported\D_aigc\fed_rate_wolf_bak\jianying_import_pack_sentence_ip_v1\video_segments\shot139-01-记住我这句话-这也是我今天-最想送给你的-一句金句-信息图卡.mp4,external_original_only,2026-09-20T14:42:32+08:00,True
fa39d454f5239769,shot140-01-在国家已经为-你扎好了篱笆-的院子里,video,10_S老师IP资产,D_aigc,D:\aigc,D:\aigc\fed_rate_wolf_bak\jianying_import_pack_sentence_ip_v1\video_segments\shot140-01-在国家已经为-你扎好了篱笆-的院子里.mp4,fed_rate_wolf_bak\jianying_import_pack_sentence_ip_v1\video_segments\shot140-01-在国家已经为-你扎好了篱笆-的院子里.mp4,.mp4,57507,2026-05-26T15:35:18,2026-05-30T10:20:16,pending,none,internal,D:\Evan\AI-KnowledgeHub\10_S老师IP资产\_imported\D_aigc\fed_rate_wolf_bak\jianying_import_pack_sentence_ip_v1\video_segments\shot140-01-在国家已经为-你扎好了篱笆-的院子里.mp4,external_original_only,2026-09-20T14:42:32+08:00,True
5319ae98e87d5940,shot141-01-你要担心的不-是外面的狼-信息图卡,video,10_S老师IP资产,D_aigc,D:\aigc,D:\aigc\fed_rate_wolf_bak\jianying_import_pack_sentence_ip_v1\video_segments\shot141-01-你要担心的不-是外面的狼-信息图卡.mp4,fed_rate_wolf_bak\jianying_import_pack_sentence_ip_v1\video_segments\shot141-01-你要担心的不-是外面的狼-信息图卡.mp4,.mp4,52886,2026-05-26T15:35:19,2026-05-30T10:20:16,pending,none,internal,D:\Evan\AI-KnowledgeHub\10_S老师IP资产\_imported\D_aigc\fed_rate_wolf_bak\jianying_import_pack_sentence_ip_v1\video_segments\shot141-01-你要担心的不-是外面的狼-信息图卡.mp4,external_original_only,2026-09-20T14:42:32+08:00,True
f2783f94fbde3cfd,shot142-01-而是你有没有-能力去捡院子-里掉落的最肥-的肉,video,10_S老师IP资产,D_aigc,D:\aigc,D:\aigc\fed_rate_wolf_bak\jianying_import_pack_sentence_ip_v1\video_segments\shot142-01-而是你有没有-能力去捡院子-里掉落的最肥-的肉.mp4,fed_rate_wolf_bak\jianying_import_pack_sentence_ip_v1\video_segments\shot142-01-而是你有没有-能力去捡院子-里掉落的最肥-的肉.mp4,.mp4,533791,2026-05-26T15:35:21,2026-05-30T10:20:16,pending,none,internal,D:\Evan\AI-KnowledgeHub\10_S老师IP资产\_imported\D_aigc\fed_rate_wolf_bak\jianying_import_pack_sentence_ip_v1\video_segments\shot142-01-而是你有没有-能力去捡院子-里掉落的最肥-的肉.mp4,external_original_only,2026-09-20T14:42:32+08:00,True
8c59eb4fe9a99916,shot143-01-扎好篱笆-什么叫,video,10_S老师IP资产,D_aigc,D:\aigc,D:\aigc\fed_rate_wolf_bak\jianying_import_pack_sentence_ip_v1\video_segments\shot143-01-扎好篱笆-什么叫.mp4,fed_rate_wolf_bak\jianying_import_pack_sentence_ip_v1\video_segments\shot143-01-扎好篱笆-什么叫.mp4,.mp4,52952,2026-05-26T15:35:21,2026-05-30T10:20:16,pending,none,internal,D:\Evan\AI-KnowledgeHub\10_S老师IP资产\_imported\D_aigc\fed_rate_wolf_bak\jianying_import_pack_sentence_ip_v1\video_segments\shot143-01-扎好篱笆-什么叫.mp4,external_original_only,2026-09-20T14:42:32+08:00,True
22532b8d05e3971f,shot144-01-你看最近的新-八大部门联手-信息图卡,video,10_S老师IP资产,D_aigc,D:\aigc,D:\aigc\fed_rate_wolf_bak\jianying_import_pack_sentence_ip_v1\video_segments\shot144-01-你看最近的新-八大部门联手-信息图卡.mp4,fed_rate_wolf_bak\jianying_import_pack_sentence_ip_v1\video_segments\shot144-01-你看最近的新-八大部门联手-信息图卡.mp4,.mp4,65660,2026-05-26T15:35:22,2026-05-30T10:20:16,pending,none,internal,D:\Evan\AI-KnowledgeHub\10_S老师IP资产\_imported\D_aigc\fed_rate_wolf_bak\jianying_import_pack_sentence_ip_v1\video_segments\shot144-01-你看最近的新-八大部门联手-信息图卡.mp4,external_original_only,2026-09-20T14:42:32+08:00,True
2f9d27e00dccd2a0,shot145-01-整治那些非法-没收违法所得-重拳出击-跨境券商,video,10_S老师IP资产,D_aigc,D:\aigc,D:\aigc\fed_rate_wolf_bak\jianying_import_pack_sentence_ip_v1\video_segments\shot145-01-整治那些非法-没收违法所得-重拳出击-跨境券商.mp4,fed_rate_wolf_bak\jianying_import_pack_sentence_ip_v1\video_segments\shot145-01-整治那些非法-没收违法所得-重拳出击-跨境券商.mp4,.mp4,241272,2026-05-26T15:35:24,2026-05-30T10:20:16,pending,none,internal,D:\Evan\AI-KnowledgeHub\10_S老师IP资产\_imported\D_aigc\fed_rate_wolf_bak\jianying_import_pack_sentence_ip_v1\video_segments\shot145-01-整治那些非法-没收违法所得-重拳出击-跨境券商.mp4,external_original_only,2026-09-20T14:42:32+08:00,True
f9086b332a5313aa,shot146-01-把创始人榜上-留名,video,10_S老师IP资产,D_aigc,D:\aigc,D:\aigc\fed_rate_wolf_bak\jianying_import_pack_sentence_ip_v1\video_segments\shot146-01-把创始人榜上-留名.mp4,fed_rate_wolf_bak\jianying_import_pack_sentence_ip_v1\video_segments\shot146-01-把创始人榜上-留名.mp4,.mp4,224754,2026-05-26T15:35:24,2026-05-30T10:20:16,pending,none,internal,D:\Evan\AI-KnowledgeHub\10_S老师IP资产\_imported\D_aigc\fed_rate_wolf_bak\jianying_import_pack_sentence_ip_v1\video_segments\shot146-01-把创始人榜上-留名.mp4,external_original_only,2026-09-20T14:42:32+08:00,True
6c91ff1ba57998e0,shot147-01-你以为这只是-简单的处罚吗-信息图卡,video,10_S老师IP资产,D_aigc,D:\aigc,D:\aigc\fed_rate_wolf_bak\jianying_import_pack_sentence_ip_v1\video_segments\shot147-01-你以为这只是-简单的处罚吗-信息图卡.mp4,fed_rate_wolf_bak\jianying_import_pack_sentence_ip_v1\video_segments\shot147-01-你以为这只是-简单的处罚吗-信息图卡.mp4,.mp4,58906,2026-05-26T15:35:25,2026-05-30T10:20:16,pending,none,internal,D:\Evan\AI-KnowledgeHub\10_S老师IP资产\_imported\D_aigc\fed_rate_wolf_bak\jianying_import_pack_sentence_ip_v1\video_segments\shot147-01-你以为这只是-简单的处罚吗-信息图卡.mp4,external_original_only,2026-09-20T14:42:32+08:00,True
9e291f7c7eee8940,shot148-01-这背后是一个-再清晰不过的-巨大信号,video,10_S老师IP资产,D_aigc,D:\aigc,D:\aigc\fed_rate_wolf_bak\jianying_import_pack_sentence_ip_v1\video_segments\shot148-01-这背后是一个-再清晰不过的-巨大信号.mp4,fed_rate_wolf_bak\jianying_import_pack_sentence_ip_v1\video_segments\shot148-01-这背后是一个-再清晰不过的-巨大信号.mp4,.mp4,1543227,2026-05-26T15:35:26,2026-05-30T10:20:16,pending,none,internal,D:\Evan\AI-KnowledgeHub\10_S老师IP资产\_imported\D_aigc\fed_rate_wolf_bak\jianying_import_pack_sentence_ip_v1\video_segments\shot148-01-这背后是一个-再清晰不过的-巨大信号.mp4,external_original_only,2026-09-20T14:42:32+08:00,True
741156eb575d69d5,shot149-01-国家正在想尽-把流动性锁死-一切办法-在国内,video,10_S老师IP资产,D_aigc,D:\aigc,D:\aigc\fed_rate_wolf_bak\jianying_import_pack_sentence_ip_v1\video_segments\shot149-01-国家正在想尽-把流动性锁死-一切办法-在国内.mp4,fed_rate_wolf_bak\jianying_import_pack_sentence_ip_v1\video_segments\shot149-01-国家正在想尽-把流动性锁死-一切办法-在国内.mp4,.mp4,59749,2026-05-26T15:35:27,2026-05-30T10:20:16,pending,none,internal,D:\Evan\AI-KnowledgeHub\10_S老师IP资产\_imported\D_aigc\fed_rate_wolf_bak\jianying_import_pack_sentence_ip_v1\video_segments\shot149-01-国家正在想尽-把流动性锁死-一切办法-在国内.mp4,external_original_only,2026-09-20T14:42:32+08:00,True
3569a39c45b8892e,shot150-01-去灌溉我们自-己的科技产业-信息图卡,video,10_S老师IP资产,D_aigc,D:\aigc,D:\aigc\fed_rate_wolf_bak\jianying_import_pack_sentence_ip_v1\video_segments\shot150-01-去灌溉我们自-己的科技产业-信息图卡.mp4,fed_rate_wolf_bak\jianying_import_pack_sentence_ip_v1\video_segments\shot150-01-去灌溉我们自-己的科技产业-信息图卡.mp4,.mp4,61254,2026-05-26T15:35:27,2026-05-30T10:20:16,pending,none,internal,D:\Evan\AI-KnowledgeHub\10_S老师IP资产\_imported\D_aigc\fed_rate_wolf_bak\jianying_import_pack_sentence_ip_v1\video_segments\shot150-01-去灌溉我们自-己的科技产业-信息图卡.mp4,external_original_only,2026-09-20T14:42:32+08:00,True
9a0bd1e0d3a12f5a,shot151-01-是必须要打赢-这是战略-的仗,video,10_S老师IP资产,D_aigc,D:\aigc,D:\aigc\fed_rate_wolf_bak\jianying_import_pack_sentence_ip_v1\video_segments\shot151-01-是必须要打赢-这是战略-的仗.mp4,fed_rate_wolf_bak\jianying_import_pack_sentence_ip_v1\video_segments\shot151-01-是必须要打赢-这是战略-的仗.mp4,.mp4,94630,2026-05-26T15:35:28,2026-05-30T10:20:16,pending,none,internal,D:\Evan\AI-KnowledgeHub\10_S老师IP资产\_imported\D_aigc\fed_rate_wolf_bak\jianying_import_pack_sentence_ip_v1\video_segments\shot151-01-是必须要打赢-这是战略-的仗.mp4,external_original_only,2026-09-20T14:42:32+08:00,True
4cd5ffb7cb2da6ee,shot152-01-这就是我反复-强调的,video,10_S老师IP资产,D_aigc,D:\aigc,D:\aigc\fed_rate_wolf_bak\jianying_import_pack_sentence_ip_v1\video_segments\shot152-01-这就是我反复-强调的.mp4,fed_rate_wolf_bak\jianying_import_pack_sentence_ip_v1\video_segments\shot152-01-这就是我反复-强调的.mp4,.mp4,649243,2026-05-26T15:35:29,2026-05-30T10:20:16,pending,none,internal,D:\Evan\AI-KnowledgeHub\10_S老师IP资产\_imported\D_aigc\fed_rate_wolf_bak\jianying_import_pack_sentence_ip_v1\video_segments\shot152-01-这就是我反复-强调的.mp4,external_original_only,2026-09-20T14:42:32+08:00,True
cea964bf1bf03c69,shot153-01-由北京顶层设-战略使命牛-计决定的-信息图卡,video,10_S老师IP资产,D_aigc,D:\aigc,D:\aigc\fed_rate_wolf_bak\jianying_import_pack_sentence_ip_v1\video_segments\shot153-01-由北京顶层设-战略使命牛-计决定的-信息图卡.mp4,fed_rate_wolf_bak\jianying_import_pack_sentence_ip_v1\video_segments\shot153-01-由北京顶层设-战略使命牛-计决定的-信息图卡.mp4,.mp4,63165,2026-05-26T15:35:30,2026-05-30T10:20:16,pending,none,internal,D:\Evan\AI-KnowledgeHub\10_S老师IP资产\_imported\D_aigc\fed_rate_wolf_bak\jianying_import_pack_sentence_ip_v1\video_segments\shot153-01-由北京顶层设-战略使命牛-计决定的-信息图卡.mp4,external_original_only,2026-09-20T14:42:32+08:00,True
6284eed733fa115a,shot154-01-国家正在下一-盘大棋,video,10_S老师IP资产,D_aigc,D:\aigc,D:\aigc\fed_rate_wolf_bak\jianying_import_pack_sentence_ip_v1\video_segments\shot154-01-国家正在下一-盘大棋.mp4,fed_rate_wolf_bak\jianying_import_pack_sentence_ip_v1\video_segments\shot154-01-国家正在下一-盘大棋.mp4,.mp4,66080,2026-05-26T15:35:30,2026-05-30T10:20:16,pending,none,internal,D:\Evan\AI-KnowledgeHub\10_S老师IP资产\_imported\D_aigc\fed_rate_wolf_bak\jianying_import_pack_sentence_ip_v1\video_segments\shot154-01-国家正在下一-盘大棋.mp4,external_original_only,2026-09-20T14:42:32+08:00,True
b3a2596b38ec9ff9,shot155-01-国家队通过互-准平准基金这-些金融核弹为-市场托底,video,10_S老师IP资产,D_aigc,D:\aigc,D:\aigc\fed_rate_wolf_bak\jianying_import_pack_sentence_ip_v1\video_segments\shot155-01-国家队通过互-准平准基金这-些金融核弹为-市场托底.mp4,fed_rate_wolf_bak\jianying_import_pack_sentence_ip_v1\video_segments\shot155-01-国家队通过互-准平准基金这-些金融核弹为-市场托底.mp4,.mp4,64621,2026-05-26T15:35:31,2026-05-30T10:20:16,pending,none,internal,D:\Evan\AI-KnowledgeHub\10_S老师IP资产\_imported\D_aigc\fed_rate_wolf_bak\jianying_import_pack_sentence_ip_v1\video_segments\shot155-01-国家队通过互-准平准基金这-些金融核弹为-市场托底.mp4,external_original_only,2026-09-20T14:42:32+08:00,True
21012710d1c5ff06,shot156-01-提供无限的流-动性信心-信息图卡,video,10_S老师IP资产,D_aigc,D:\aigc,D:\aigc\fed_rate_wolf_bak\jianying_import_pack_sentence_ip_v1\video_segments\shot156-01-提供无限的流-动性信心-信息图卡.mp4,fed_rate_wolf_bak\jianying_import_pack_sentence_ip_v1\video_segments\shot156-01-提供无限的流-动性信心-信息图卡.mp4,.mp4,59058,2026-05-26T15:35:32,2026-05-30T10:20:16,pending,none,internal,D:\Evan\AI-KnowledgeHub\10_S老师IP资产\_imported\D_aigc\fed_rate_wolf_bak\jianying_import_pack_sentence_ip_v1\video_segments\shot156-01-提供无限的流-动性信心-信息图卡.mp4,external_original_only,2026-09-20T14:42:32+08:00,True
1be8c0f030b7cebf,shot157-01-在实体经济层-我们的科技类-另一方面-公司,video,10_S老师IP资产,D_aigc,D:\aigc,D:\aigc\fed_rate_wolf_bak\jianying_import_pack_sentence_ip_v1\video_segments\shot157-01-在实体经济层-我们的科技类-另一方面-公司.mp4,fed_rate_wolf_bak\jianying_import_pack_sentence_ip_v1\video_segments\shot157-01-在实体经济层-我们的科技类-另一方面-公司.mp4,.mp4,169978,2026-05-26T15:35:33,2026-05-30T10:20:16,pending,none,internal,D:\Evan\AI-KnowledgeHub\10_S老师IP资产\_imported\D_aigc\fed_rate_wolf_bak\jianying_import_pack_sentence_ip_v1\video_segments\shot157-01-在实体经济层-我们的科技类-另一方面-公司.mp4,external_original_only,2026-09-20T14:42:32+08:00,True
3d8568d5680990ea,shot159-01-营收利润翻倍-产业升级的真-实拐点已经出-增长-信息图卡,video,10_S老师IP资产,D_aigc,D:\aigc,D:\aigc\fed_rate_wolf_bak\jianying_import_pack_sentence_ip_v1\video_segments\shot159-01-营收利润翻倍-产业升级的真-实拐点已经出-增长-信息图卡.mp4,fed_rate_wolf_bak\jianying_import_pack_sentence_ip_v1\video_segments\shot159-01-营收利润翻倍-产业升级的真-实拐点已经出-增长-信息图卡.mp4,.mp4,80018,2026-05-26T15:35:36,2026-05-30T10:20:16,pending,none,internal,D:\Evan\AI-KnowledgeHub\10_S老师IP资产\_imported\D_aigc\fed_rate_wolf_bak\jianying_import_pack_sentence_ip_v1\video_segments\shot159-01-营收利润翻倍-产业升级的真-实拐点已经出-增长-信息图卡.mp4,external_original_only,2026-09-20T14:42:32+08:00,True
9539b796167cda49,shot160-01-防止资金外流-扎好篱笆-再加上,video,10_S老师IP资产,D_aigc,D:\aigc,D:\aigc\fed_rate_wolf_bak\jianying_import_pack_sentence_ip_v1\video_segments\shot160-01-防止资金外流-扎好篱笆-再加上.mp4,fed_rate_wolf_bak\jianying_import_pack_sentence_ip_v1\video_segments\shot160-01-防止资金外流-扎好篱笆-再加上.mp4,.mp4,56344,2026-05-26T15:35:37,2026-05-30T10:20:16,pending,none,internal,D:\Evan\AI-KnowledgeHub\10_S老师IP资产\_imported\D_aigc\fed_rate_wolf_bak\jianying_import_pack_sentence_ip_v1\video_segments\shot160-01-防止资金外流-扎好篱笆-再加上.mp4,external_original_only,2026-09-20T14:42:32+08:00,True
e445b7c0c1585b10,shot161-01-这三大逻辑闭-信息图卡,video,10_S老师IP资产,D_aigc,D:\aigc,D:\aigc\fed_rate_wolf_bak\jianying_import_pack_sentence_ip_v1\video_segments\shot161-01-这三大逻辑闭-信息图卡.mp4,fed_rate_wolf_bak\jianying_import_pack_sentence_ip_v1\video_segments\shot161-01-这三大逻辑闭-信息图卡.mp4,.mp4,41298,2026-05-26T15:35:37,2026-05-30T10:20:16,pending,none,internal,D:\Evan\AI-KnowledgeHub\10_S老师IP资产\_imported\D_aigc\fed_rate_wolf_bak\jianying_import_pack_sentence_ip_v1\video_segments\shot161-01-这三大逻辑闭-信息图卡.mp4,external_original_only,2026-09-20T14:42:32+08:00,True
ec13f4d58ca2fce5,shot162-01-构成了我们大-走出独立行情-的坚实底座-信息图卡,video,10_S老师IP资产,D_aigc,D:\aigc,D:\aigc\fed_rate_wolf_bak\jianying_import_pack_sentence_ip_v1\video_segments\shot162-01-构成了我们大-走出独立行情-的坚实底座-信息图卡.mp4,fed_rate_wolf_bak\jianying_import_pack_sentence_ip_v1\video_segments\shot162-01-构成了我们大-走出独立行情-的坚实底座-信息图卡.mp4,.mp4,70961,2026-05-26T15:35:38,2026-05-30T10:20:16,pending,none,internal,D:\Evan\AI-KnowledgeHub\10_S老师IP资产\_imported\D_aigc\fed_rate_wolf_bak\jianying_import_pack_sentence_ip_v1\video_segments\shot162-01-构成了我们大-走出独立行情-的坚实底座-信息图卡.mp4,external_original_only,2026-09-20T14:42:32+08:00,True
8910b6f5ec115e0d,shot163-01-当别人都在恐-加息的狼来了-的时候,video,10_S老师IP资产,D_aigc,D:\aigc,D:\aigc\fed_rate_wolf_bak\jianying_import_pack_sentence_ip_v1\video_segments\shot163-01-当别人都在恐-加息的狼来了-的时候.mp4,fed_rate_wolf_bak\jianying_import_pack_sentence_ip_v1\video_segments\shot163-01-当别人都在恐-加息的狼来了-的时候.mp4,.mp4,1587832,2026-05-26T15:35:39,2026-05-30T10:20:16,pending,none,internal,D:\Evan\AI-KnowledgeHub\10_S老师IP资产\_imported\D_aigc\fed_rate_wolf_bak\jianying_import_pack_sentence_ip_v1\video_segments\shot163-01-当别人都在恐-加息的狼来了-的时候.mp4,external_original_only,2026-09-20T14:42:32+08:00,True
195794aad63423b1,shot164-01-我们应该做什,video,10_S老师IP资产,D_aigc,D:\aigc,D:\aigc\fed_rate_wolf_bak\jianying_import_pack_sentence_ip_v1\video_segments\shot164-01-我们应该做什.mp4,fed_rate_wolf_bak\jianying_import_pack_sentence_ip_v1\video_segments\shot164-01-我们应该做什.mp4,.mp4,69351,2026-05-26T15:35:40,2026-05-30T10:20:16,pending,none,internal,D:\Evan\AI-KnowledgeHub\10_S老师IP资产\_imported\D_aigc\fed_rate_wolf_bak\jianying_import_pack_sentence_ip_v1\video_segments\shot164-01-我们应该做什.mp4,external_original_only,2026-09-20T14:42:32+08:00,True
00051bb511b8b373,shot165-01-我们应该像猎-去寻找猎物-擦亮眼睛-磨好猎枪-信息图卡,video,10_S老师IP资产,D_aigc,D:\aigc,D:\aigc\fed_rate_wolf_bak\jianying_import_pack_sentence_ip_v1\video_segments\shot165-01-我们应该像猎-去寻找猎物-擦亮眼睛-磨好猎枪-信息图卡.mp4,fed_rate_wolf_bak\jianying_import_pack_sentence_ip_v1\video_segments\shot165-01-我们应该像猎-去寻找猎物-擦亮眼睛-磨好猎枪-信息图卡.mp4,.mp4,82174,2026-05-26T15:35:41,2026-05-30T10:20:16,pending,none,internal,D:\Evan\AI-KnowledgeHub\10_S老师IP资产\_imported\D_aigc\fed_rate_wolf_bak\jianying_import_pack_sentence_ip_v1\video_segments\shot165-01-我们应该像猎-去寻找猎物-擦亮眼睛-磨好猎枪-信息图卡.mp4,external_original_only,2026-09-20T14:42:32+08:00,True
a9b0eb0ce62705d9,shot166-01-资本市场里从-来不缺一年赚-三倍的故事-朋友们,video,10_S老师IP资产,D_aigc,D:\aigc,D:\aigc\fed_rate_wolf_bak\jianying_import_pack_sentence_ip_v1\video_segments\shot166-01-资本市场里从-来不缺一年赚-三倍的故事-朋友们.mp4,fed_rate_wolf_bak\jianying_import_pack_sentence_ip_v1\video_segments\shot166-01-资本市场里从-来不缺一年赚-三倍的故事-朋友们.mp4,.mp4,780683,2026-05-26T15:35:42,2026-05-30T10:20:16,pending,none,internal,D:\Evan\AI-KnowledgeHub\10_S老师IP资产\_imported\D_aigc\fed_rate_wolf_bak\jianying_import_pack_sentence_ip_v1\video_segments\shot166-01-资本市场里从-来不缺一年赚-三倍的故事-朋友们.mp4,external_original_only,2026-09-20T14:42:32+08:00,True
493b364722a9bce9,shot167-01-但缺的是三年-赚一倍的常胜-将军,video,10_S老师IP资产,D_aigc,D:\aigc,D:\aigc\fed_rate_wolf_bak\jianying_import_pack_sentence_ip_v1\video_segments\shot167-01-但缺的是三年-赚一倍的常胜-将军.mp4,fed_rate_wolf_bak\jianying_import_pack_sentence_ip_v1\video_segments\shot167-01-但缺的是三年-赚一倍的常胜-将军.mp4,.mp4,79068,2026-05-26T15:35:43,2026-05-30T10:20:16,pending,none,internal,D:\Evan\AI-KnowledgeHub\10_S老师IP资产\_imported\D_aigc\fed_rate_wolf_bak\jianying_import_pack_sentence_ip_v1\video_segments\shot167-01-但缺的是三年-赚一倍的常胜-将军.mp4,external_original_only,2026-09-20T14:42:32+08:00,True
878129560f7244be,shot168-01-你想赚快钱-跟着消息跑-板块轮动-信息图卡,video,10_S老师IP资产,D_aigc,D:\aigc,D:\aigc\fed_rate_wolf_bak\jianying_import_pack_sentence_ip_v1\video_segments\shot168-01-你想赚快钱-跟着消息跑-板块轮动-信息图卡.mp4,fed_rate_wolf_bak\jianying_import_pack_sentence_ip_v1\video_segments\shot168-01-你想赚快钱-跟着消息跑-板块轮动-信息图卡.mp4,.mp4,74992,2026-05-26T15:35:43,2026-05-30T10:20:16,pending,none,internal,D:\Evan\AI-KnowledgeHub\10_S老师IP资产\_imported\D_aigc\fed_rate_wolf_bak\jianying_import_pack_sentence_ip_v1\video_segments\shot168-01-你想赚快钱-跟着消息跑-板块轮动-信息图卡.mp4,external_original_only,2026-09-20T14:42:32+08:00,True
36641365fe265480,shot169-01-最终只会成为-被收割的韭菜,video,10_S老师IP资产,D_aigc,D:\aigc,D:\aigc\fed_rate_wolf_bak\jianying_import_pack_sentence_ip_v1\video_segments\shot169-01-最终只会成为-被收割的韭菜.mp4,fed_rate_wolf_bak\jianying_import_pack_sentence_ip_v1\video_segments\shot169-01-最终只会成为-被收割的韭菜.mp4,.mp4,229796,2026-05-26T15:35:44,2026-05-30T10:20:16,pending,none,internal,D:\Evan\AI-KnowledgeHub\10_S老师IP资产\_imported\D_aigc\fed_rate_wolf_bak\jianying_import_pack_sentence_ip_v1\video_segments\shot169-01-最终只会成为-被收割的韭菜.mp4,external_original_only,2026-09-20T14:42:32+08:00,True
2a58e974f9ee879c,shot170-01-而真正的财富-是什么,video,10_S老师IP资产,D_aigc,D:\aigc,D:\aigc\fed_rate_wolf_bak\jianying_import_pack_sentence_ip_v1\video_segments\shot170-01-而真正的财富-是什么.mp4,fed_rate_wolf_bak\jianying_import_pack_sentence_ip_v1\video_segments\shot170-01-而真正的财富-是什么.mp4,.mp4,225903,2026-05-26T15:35:45,2026-05-30T10:20:16,pending,none,internal,D:\Evan\AI-KnowledgeHub\10_S老师IP资产\_imported\D_aigc\fed_rate_wolf_bak\jianying_import_pack_sentence_ip_v1\video_segments\shot170-01-而真正的财富-是什么.mp4,external_original_only,2026-09-20T14:42:32+08:00,True
dcb5d34095f1919c,shot171-01-是像我一直以-在产业还处于-渗透率个位数-来做的-信息图卡,video,10_S老师IP资产,D_aigc,D:\aigc,D:\aigc\fed_rate_wolf_bak\jianying_import_pack_sentence_ip_v1\video_segments\shot171-01-是像我一直以-在产业还处于-渗透率个位数-来做的-信息图卡.mp4,fed_rate_wolf_bak\jianying_import_pack_sentence_ip_v1\video_segments\shot171-01-是像我一直以-在产业还处于-渗透率个位数-来做的-信息图卡.mp4,.mp4,82778,2026-05-26T15:35:46,2026-05-30T10:20:16,pending,none,internal,D:\Evan\AI-KnowledgeHub\10_S老师IP资产\_imported\D_aigc\fed_rate_wolf_bak\jianying_import_pack_sentence_ip_v1\video_segments\shot171-01-是像我一直以-在产业还处于-渗透率个位数-来做的-信息图卡.mp4,external_original_only,2026-09-20T14:42:32+08:00,True
bbaa9c3c0f6e25dc,shot172-01-就看到它未来-百分之几十甚-至成为全球市-场的巨大空间,video,10_S老师IP资产,D_aigc,D:\aigc,D:\aigc\fed_rate_wolf_bak\jianying_import_pack_sentence_ip_v1\video_segments\shot172-01-就看到它未来-百分之几十甚-至成为全球市-场的巨大空间.mp4,fed_rate_wolf_bak\jianying_import_pack_sentence_ip_v1\video_segments\shot172-01-就看到它未来-百分之几十甚-至成为全球市-场的巨大空间.mp4,.mp4,2440596,2026-05-26T15:35:47,2026-05-30T10:20:16,pending,none,internal,D:\Evan\AI-KnowledgeHub\10_S老师IP资产\_imported\D_aigc\fed_rate_wolf_bak\jianying_import_pack_sentence_ip_v1\video_segments\shot172-01-就看到它未来-百分之几十甚-至成为全球市-场的巨大空间.mp4,external_original_only,2026-09-20T14:42:32+08:00,True
fcf49043640bec5d,shot174-01-十年百倍的人-投的是什么-工智能-信息图卡,video,10_S老师IP资产,D_aigc,D:\aigc,D:\aigc\fed_rate_wolf_bak\jianying_import_pack_sentence_ip_v1\video_segments\shot174-01-十年百倍的人-投的是什么-工智能-信息图卡.mp4,fed_rate_wolf_bak\jianying_import_pack_sentence_ip_v1\video_segments\shot174-01-十年百倍的人-投的是什么-工智能-信息图卡.mp4,.mp4,60490,2026-05-26T15:35:49,2026-05-30T10:20:16,pending,none,internal,D:\Evan\AI-KnowledgeHub\10_S老师IP资产\_imported\D_aigc\fed_rate_wolf_bak\jianying_import_pack_sentence_ip_v1\video_segments\shot174-01-十年百倍的人-投的是什么-工智能-信息图卡.mp4,external_original_only,2026-09-20T14:42:32+08:00,True
2104b86d4a308ad2,shot175-01-投的是这个产-业蛋糕从小到-从无到有的时-代大趋势,video,10_S老师IP资产,D_aigc,D:\aigc,D:\aigc\fed_rate_wolf_bak\jianying_import_pack_sentence_ip_v1\video_segments\shot175-01-投的是这个产-业蛋糕从小到-从无到有的时-代大趋势.mp4,fed_rate_wolf_bak\jianying_import_pack_sentence_ip_v1\video_segments\shot175-01-投的是这个产-业蛋糕从小到-从无到有的时-代大趋势.mp4,.mp4,108442,2026-05-26T15:35:50,2026-05-30T10:20:16,pending,none,internal,D:\Evan\AI-KnowledgeHub\10_S老师IP资产\_imported\D_aigc\fed_rate_wolf_bak\jianying_import_pack_sentence_ip_v1\video_segments\shot175-01-投的是这个产-业蛋糕从小到-从无到有的时-代大趋势.mp4,external_original_only,2026-09-20T14:42:32+08:00,True
02dddb5cd2709e0d,shot176-01-中国会有越来-越多的新物种-我一直讲,video,10_S老师IP资产,D_aigc,D:\aigc,D:\aigc\fed_rate_wolf_bak\jianying_import_pack_sentence_ip_v1\video_segments\shot176-01-中国会有越来-越多的新物种-我一直讲.mp4,fed_rate_wolf_bak\jianying_import_pack_sentence_ip_v1\video_segments\shot176-01-中国会有越来-越多的新物种-我一直讲.mp4,.mp4,3662538,2026-05-26T15:35:52,2026-05-30T10:20:16,pending,none,internal,D:\Evan\AI-KnowledgeHub\10_S老师IP资产\_imported\D_aigc\fed_rate_wolf_bak\jianying_import_pack_sentence_ip_v1\video_segments\shot176-01-中国会有越来-越多的新物种-我一直讲.mp4,external_original_only,2026-09-20T14:42:32+08:00,True
2f8d21df694f211e,shot177-01-名叫个人产业-投资者-信息图卡,video,10_S老师IP资产,D_aigc,D:\aigc,D:\aigc\fed_rate_wolf_bak\jianying_import_pack_sentence_ip_v1\video_segments\shot177-01-名叫个人产业-投资者-信息图卡.mp4,fed_rate_wolf_bak\jianying_import_pack_sentence_ip_v1\video_segments\shot177-01-名叫个人产业-投资者-信息图卡.mp4,.mp4,48409,2026-05-26T15:35:53,2026-05-30T10:20:16,pending,none,internal,D:\Evan\AI-KnowledgeHub\10_S老师IP资产\_imported\D_aigc\fed_rate_wolf_bak\jianying_import_pack_sentence_ip_v1\video_segments\shot177-01-名叫个人产业-投资者-信息图卡.mp4,external_original_only,2026-09-20T14:42:32+08:00,True
203719e7c1cde31c,shot178-01-这不仅仅是一-这是我们这代-人的使命和机-句口号,video,10_S老师IP资产,D_aigc,D:\aigc,D:\aigc\fed_rate_wolf_bak\jianying_import_pack_sentence_ip_v1\video_segments\shot178-01-这不仅仅是一-这是我们这代-人的使命和机-句口号.mp4,fed_rate_wolf_bak\jianying_import_pack_sentence_ip_v1\video_segments\shot178-01-这不仅仅是一-这是我们这代-人的使命和机-句口号.mp4,.mp4,89137,2026-05-26T15:35:54,2026-05-30T10:20:16,pending,none,internal,D:\Evan\AI-KnowledgeHub\10_S老师IP资产\_imported\D_aigc\fed_rate_wolf_bak\jianying_import_pack_sentence_ip_v1\video_segments\shot178-01-这不仅仅是一-这是我们这代-人的使命和机-句口号.mp4,external_original_only,2026-09-20T14:42:32+08:00,True
b0c8d2672a25d69b,shot179-01-在这个大国博-产业升级的历-史关口,video,10_S老师IP资产,D_aigc,D:\aigc,D:\aigc\fed_rate_wolf_bak\jianying_import_pack_sentence_ip_v1\video_segments\shot179-01-在这个大国博-产业升级的历-史关口.mp4,fed_rate_wolf_bak\jianying_import_pack_sentence_ip_v1\video_segments\shot179-01-在这个大国博-产业升级的历-史关口.mp4,.mp4,94073,2026-05-26T15:35:55,2026-05-30T10:20:16,pending,none,internal,D:\Evan\AI-KnowledgeHub\10_S老师IP资产\_imported\D_aigc\fed_rate_wolf_bak\jianying_import_pack_sentence_ip_v1\video_segments\shot179-01-在这个大国博-产业升级的历-史关口.mp4,external_original_only,2026-09-20T14:42:32+08:00,True
174024d377c3a4a3,shot181-01-你能不能抓住-这一轮几十倍-甚至上百倍的-产业机会,video,10_S老师IP资产,D_aigc,D:\aigc,D:\aigc\fed_rate_wolf_bak\jianying_import_pack_sentence_ip_v1\video_segments\shot181-01-你能不能抓住-这一轮几十倍-甚至上百倍的-产业机会.mp4,fed_rate_wolf_bak\jianying_import_pack_sentence_ip_v1\video_segments\shot181-01-你能不能抓住-这一轮几十倍-甚至上百倍的-产业机会.mp4,.mp4,101379,2026-05-26T15:35:56,2026-05-30T10:20:16,pending,none,internal,D:\Evan\AI-KnowledgeHub\10_S老师IP资产\_imported\D_aigc\fed_rate_wolf_bak\jianying_import_pack_sentence_ip_v1\video_segments\shot181-01-你能不能抓住-这一轮几十倍-甚至上百倍的-产业机会.mp4,external_original_only,2026-09-20T14:42:32+08:00,True
83a0d6b7621cfa57,shot182-01-不取决于美联-不取决于市场-短期是涨是跌-储加不加息,video,10_S老师IP资产,D_aigc,D:\aigc,D:\aigc\fed_rate_wolf_bak\jianying_import_pack_sentence_ip_v1\video_segments\shot182-01-不取决于美联-不取决于市场-短期是涨是跌-储加不加息.mp4,fed_rate_wolf_bak\jianying_import_pack_sentence_ip_v1\video_segments\shot182-01-不取决于美联-不取决于市场-短期是涨是跌-储加不加息.mp4,.mp4,954020,2026-05-26T15:35:57,2026-05-30T10:20:16,pending,none,internal,D:\Evan\AI-KnowledgeHub\10_S老师IP资产\_imported\D_aigc\fed_rate_wolf_bak\jianying_import_pack_sentence_ip_v1\video_segments\shot182-01-不取决于美联-不取决于市场-短期是涨是跌-储加不加息.mp4,external_original_only,2026-09-20T14:42:32+08:00,True
c02eddee3328f262,shot183-01-只取决于一件-信息图卡,video,10_S老师IP资产,D_aigc,D:\aigc,D:\aigc\fed_rate_wolf_bak\jianying_import_pack_sentence_ip_v1\video_segments\shot183-01-只取决于一件-信息图卡.mp4,fed_rate_wolf_bak\jianying_import_pack_sentence_ip_v1\video_segments\shot183-01-只取决于一件-信息图卡.mp4,.mp4,42336,2026-05-26T15:35:58,2026-05-30T10:20:16,pending,none,internal,D:\Evan\AI-KnowledgeHub\10_S老师IP资产\_imported\D_aigc\fed_rate_wolf_bak\jianying_import_pack_sentence_ip_v1\video_segments\shot183-01-只取决于一件-信息图卡.mp4,external_original_only,2026-09-20T14:42:32+08:00,True
1496b61194214201,shot185-01-的投资人,video,10_S老师IP资产,D_aigc,D:\aigc,D:\aigc\fed_rate_wolf_bak\jianying_import_pack_sentence_ip_v1\video_segments\shot185-01-的投资人.mp4,fed_rate_wolf_bak\jianying_import_pack_sentence_ip_v1\video_segments\shot185-01-的投资人.mp4,.mp4,1077899,2026-05-26T15:35:59,2026-05-30T10:20:16,pending,none,internal,D:\Evan\AI-KnowledgeHub\10_S老师IP资产\_imported\D_aigc\fed_rate_wolf_bak\jianying_import_pack_sentence_ip_v1\video_segments\shot185-01-的投资人.mp4,external_original_only,2026-09-20T14:42:32+08:00,True
63ace5e58d406e33,shot186-01-在这个牛市里-最需要系统去-就是这种能力-构建的-信息图卡,video,10_S老师IP资产,D_aigc,D:\aigc,D:\aigc\fed_rate_wolf_bak\jianying_import_pack_sentence_ip_v1\video_segments\shot186-01-在这个牛市里-最需要系统去-就是这种能力-构建的-信息图卡.mp4,fed_rate_wolf_bak\jianying_import_pack_sentence_ip_v1\video_segments\shot186-01-在这个牛市里-最需要系统去-就是这种能力-构建的-信息图卡.mp4,.mp4,83902,2026-05-26T15:36:00,2026-05-30T10:20:16,pending,none,internal,D:\Evan\AI-KnowledgeHub\10_S老师IP资产\_imported\D_aigc\fed_rate_wolf_bak\jianying_import_pack_sentence_ip_v1\video_segments\shot186-01-在这个牛市里-最需要系统去-就是这种能力-构建的-信息图卡.mp4,external_original_only,2026-09-20T14:42:32+08:00,True
65fc986977398699,fed_rate_wolf_sentence_ip_v2-reference,video,10_S老师IP资产,D_aigc,D:\aigc,D:\aigc\fed_rate_wolf_bak\jianying_import_pack_sentence_ip_v2\fed_rate_wolf_sentence_ip_v2-reference.mp4,fed_rate_wolf_bak\jianying_import_pack_sentence_ip_v2\fed_rate_wolf_sentence_ip_v2-reference.mp4,.mp4,116757953,2026-05-26T17:35:15,2026-05-30T10:20:16,pending,none,internal,D:\Evan\AI-KnowledgeHub\10_S老师IP资产\_imported\D_aigc\fed_rate_wolf_bak\jianying_import_pack_sentence_ip_v2\fed_rate_wolf_sentence_ip_v2-reference.mp4,external_original_only,2026-09-20T14:42:32+08:00,True
2ebd9e25d61857d7,shot001-01-美联储新主席-加息的狼要来-上任-了吗-信息图卡,video,10_S老师IP资产,D_aigc,D:\aigc,D:\aigc\fed_rate_wolf_bak\jianying_import_pack_sentence_ip_v2\video_segments\shot001-01-美联储新主席-加息的狼要来-上任-了吗-信息图卡.mp4,fed_rate_wolf_bak\jianying_import_pack_sentence_ip_v2\video_segments\shot001-01-美联储新主席-加息的狼要来-上任-了吗-信息图卡.mp4,.mp4,66875,2026-05-26T17:20:32,2026-05-30T10:20:16,pending,none,internal,D:\Evan\AI-KnowledgeHub\10_S老师IP资产\_imported\D_aigc\fed_rate_wolf_bak\jianying_import_pack_sentence_ip_v2\video_segments\shot001-01-美联储新主席-加息的狼要来-上任-了吗-信息图卡.mp4,external_original_only,2026-09-20T14:42:32+08:00,True
d9d79c735a0c2524,shot002-01-美联储新主席-加息的狼要来-上任-了吗,video,10_S老师IP资产,D_aigc,D:\aigc,D:\aigc\fed_rate_wolf_bak\jianying_import_pack_sentence_ip_v2\video_segments\shot002-01-美联储新主席-加息的狼要来-上任-了吗.mp4,fed_rate_wolf_bak\jianying_import_pack_sentence_ip_v2\video_segments\shot002-01-美联储新主席-加息的狼要来-上任-了吗.mp4,.mp4,2000647,2026-05-26T17:20:34,2026-05-30T10:20:16,pending,none,internal,D:\Evan\AI-KnowledgeHub\10_S老师IP资产\_imported\D_aigc\fed_rate_wolf_bak\jianying_import_pack_sentence_ip_v2\video_segments\shot002-01-美联储新主席-加息的狼要来-上任-了吗.mp4,external_original_only,2026-09-20T14:42:32+08:00,True
2f6cea3f5dec3fc1,shot003-01-最近这一个礼-全世界的投资-心里都在打鼓-信息图卡,video,10_S老师IP资产,D_aigc,D:\aigc,D:\aigc\fed_rate_wolf_bak\jianying_import_pack_sentence_ip_v2\video_segments\shot003-01-最近这一个礼-全世界的投资-心里都在打鼓-信息图卡.mp4,fed_rate_wolf_bak\jianying_import_pack_sentence_ip_v2\video_segments\shot003-01-最近这一个礼-全世界的投资-心里都在打鼓-信息图卡.mp4,.mp4,77937,2026-05-26T17:20:35,2026-05-30T10:20:16,pending,none,internal,D:\Evan\AI-KnowledgeHub\10_S老师IP资产\_imported\D_aigc\fed_rate_wolf_bak\jianying_import_pack_sentence_ip_v2\video_segments\shot003-01-最近这一个礼-全世界的投资-心里都在打鼓-信息图卡.mp4,external_original_only,2026-09-20T14:42:32+08:00,True
a9ff557325158dec,shot004-01-美联储换帅了-沃什正式上位-鲍威尔下线-凯文,video,10_S老师IP资产,D_aigc,D:\aigc,D:\aigc\fed_rate_wolf_bak\jianying_import_pack_sentence_ip_v2\video_segments\shot004-01-美联储换帅了-沃什正式上位-鲍威尔下线-凯文.mp4,fed_rate_wolf_bak\jianying_import_pack_sentence_ip_v2\video_segments\shot004-01-美联储换帅了-沃什正式上位-鲍威尔下线-凯文.mp4,.mp4,1910111,2026-05-26T17:20:36,2026-05-30T10:20:16,pending,none,internal,D:\Evan\AI-KnowledgeHub\10_S老师IP资产\_imported\D_aigc\fed_rate_wolf_bak\jianying_import_pack_sentence_ip_v2\video_segments\shot004-01-美联储换帅了-沃什正式上位-鲍威尔下线-凯文.mp4,external_original_only,2026-09-20T14:42:32+08:00,True
602abf8dbec4d779,shot005-01-而伴随他上任-不是什么鲜花-和掌声,video,10_S老师IP资产,D_aigc,D:\aigc,D:\aigc\fed_rate_wolf_bak\jianying_import_pack_sentence_ip_v2\video_segments\shot005-01-而伴随他上任-不是什么鲜花-和掌声.mp4,fed_rate_wolf_bak\jianying_import_pack_sentence_ip_v2\video_segments\shot005-01-而伴随他上任-不是什么鲜花-和掌声.mp4,.mp4,1435721,2026-05-26T17:20:38,2026-05-30T10:20:16,pending,none,internal,D:\Evan\AI-KnowledgeHub\10_S老师IP资产\_imported\D_aigc\fed_rate_wolf_bak\jianying_import_pack_sentence_ip_v2\video_segments\shot005-01-而伴随他上任-不是什么鲜花-和掌声.mp4,external_original_only,2026-09-20T14:42:32+08:00,True
5ec9b1cf2e7e1dc8,shot006-01-反而是市场上-一个越来越响-亮的警报-信息图卡,video,10_S老师IP资产,D_aigc,D:\aigc,D:\aigc\fed_rate_wolf_bak\jianying_import_pack_sentence_ip_v2\video_segments\shot006-01-反而是市场上-一个越来越响-亮的警报-信息图卡.mp4,fed_rate_wolf_bak\jianying_import_pack_sentence_ip_v2\video_segments\shot006-01-反而是市场上-一个越来越响-亮的警报-信息图卡.mp4,.mp4,65038,2026-05-26T17:20:39,2026-05-30T10:20:16,pending,none,internal,D:\Evan\AI-KnowledgeHub\10_S老师IP资产\_imported\D_aigc\fed_rate_wolf_bak\jianying_import_pack_sentence_ip_v2\video_segments\shot006-01-反而是市场上-一个越来越响-亮的警报-信息图卡.mp4,external_original_only,2026-09-20T14:42:32+08:00,True
54b6e67d0a9b1b83,shot007-01-可能真的要来-加息的狼,video,10_S老师IP资产,D_aigc,D:\aigc,D:\aigc\fed_rate_wolf_bak\jianying_import_pack_sentence_ip_v2\video_segments\shot007-01-可能真的要来-加息的狼.mp4,fed_rate_wolf_bak\jianying_import_pack_sentence_ip_v2\video_segments\shot007-01-可能真的要来-加息的狼.mp4,.mp4,964758,2026-05-26T17:20:40,2026-05-30T10:20:16,pending,none,internal,D:\Evan\AI-KnowledgeHub\10_S老师IP资产\_imported\D_aigc\fed_rate_wolf_bak\jianying_import_pack_sentence_ip_v2\video_segments\shot007-01-可能真的要来-加息的狼.mp4,external_original_only,2026-09-20T14:42:32+08:00,True
7c54dfaf63b0ff8b,shot008-01-你们现在心里-因为你们都还-可能很慌-记得,video,10_S老师IP资产,D_aigc,D:\aigc,D:\aigc\fed_rate_wolf_bak\jianying_import_pack_sentence_ip_v2\video_segments\shot008-01-你们现在心里-因为你们都还-可能很慌-记得.mp4,fed_rate_wolf_bak\jianying_import_pack_sentence_ip_v2\video_segments\shot008-01-你们现在心里-因为你们都还-可能很慌-记得.mp4,.mp4,93977,2026-05-26T17:20:41,2026-05-30T10:20:16,pending,none,internal,D:\Evan\AI-KnowledgeHub\10_S老师IP资产\_imported\D_aigc\fed_rate_wolf_bak\jianying_import_pack_sentence_ip_v2\video_segments\shot008-01-你们现在心里-因为你们都还-可能很慌-记得.mp4,external_original_only,2026-09-20T14:42:32+08:00,True
4537bd37568203b8,shot009-01-次的暴力加息-美联储连续-月份开始-信息图卡,video,10_S老师IP资产,D_aigc,D:\aigc,D:\aigc\fed_rate_wolf_bak\jianying_import_pack_sentence_ip_v2\video_segments\shot009-01-次的暴力加息-美联储连续-月份开始-信息图卡.mp4,fed_rate_wolf_bak\jianying_import_pack_sentence_ip_v2\video_segments\shot009-01-次的暴力加息-美联储连续-月份开始-信息图卡.mp4,.mp4,80161,2026-05-26T17:20:42,2026-05-30T10:20:16,pending,none,internal,D:\Evan\AI-KnowledgeHub\10_S老师IP资产\_imported\D_aigc\fed_rate_wolf_bak\jianying_import_pack_sentence_ip_v2\video_segments\shot009-01-次的暴力加息-美联储连续-月份开始-信息图卡.mp4,external_original_only,2026-09-20T14:42:32+08:00,True
df90095b56330ab3,shot010-01-直接从山顶抽-水抽到了谷底-把我们大,video,10_S老师IP资产,D_aigc,D:\aigc,D:\aigc\fed_rate_wolf_bak\jianying_import_pack_sentence_ip_v2\video_segments\shot010-01-直接从山顶抽-水抽到了谷底-把我们大.mp4,fed_rate_wolf_bak\jianying_import_pack_sentence_ip_v2\video_segments\shot010-01-直接从山顶抽-水抽到了谷底-把我们大.mp4,.mp4,1245987,2026-05-26T17:20:44,2026-05-30T10:20:16,pending,none,internal,D:\Evan\AI-KnowledgeHub\10_S老师IP资产\_imported\D_aigc\fed_rate_wolf_bak\jianying_import_pack_sentence_ip_v2\video_segments\shot010-01-直接从山顶抽-水抽到了谷底-把我们大.mp4,external_original_only,2026-09-20T14:42:32+08:00,True
a33b0041a253823b,shot011-01-那种长达两年-大家心有余悸-抽水熊-多的,video,10_S老师IP资产,D_aigc,D:\aigc,D:\aigc\fed_rate_wolf_bak\jianying_import_pack_sentence_ip_v2\video_segments\shot011-01-那种长达两年-大家心有余悸-抽水熊-多的.mp4,fed_rate_wolf_bak\jianying_import_pack_sentence_ip_v2\video_segments\shot011-01-那种长达两年-大家心有余悸-抽水熊-多的.mp4,.mp4,84343,2026-05-26T17:20:45,2026-05-30T10:20:16,pending,none,internal,D:\Evan\AI-KnowledgeHub\10_S老师IP资产\_imported\D_aigc\fed_rate_wolf_bak\jianying_import_pack_sentence_ip_v2\video_segments\shot011-01-那种长达两年-大家心有余悸-抽水熊-多的.mp4,external_original_only,2026-09-20T14:42:32+08:00,True
4395fcb1b375beae,shot012-01-所以现在一听-汗毛都竖起来-两个字-加息-信息图卡,video,10_S老师IP资产,D_aigc,D:\aigc,D:\aigc\fed_rate_wolf_bak\jianying_import_pack_sentence_ip_v2\video_segments\shot012-01-所以现在一听-汗毛都竖起来-两个字-加息-信息图卡.mp4,fed_rate_wolf_bak\jianying_import_pack_sentence_ip_v2\video_segments\shot012-01-所以现在一听-汗毛都竖起来-两个字-加息-信息图卡.mp4,.mp4,79559,2026-05-26T17:20:46,2026-05-30T10:20:16,pending,none,internal,D:\Evan\AI-KnowledgeHub\10_S老师IP资产\_imported\D_aigc\fed_rate_wolf_bak\jianying_import_pack_sentence_ip_v2\video_segments\shot012-01-所以现在一听-汗毛都竖起来-两个字-加息-信息图卡.mp4,external_original_only,2026-09-20T14:42:32+08:00,True
d27e7056f93f659b,shot013-01-我想请大家先-放下这种恐慌-但今天,video,10_S老师IP资产,D_aigc,D:\aigc,D:\aigc\fed_rate_wolf_bak\jianying_import_pack_sentence_ip_v2\video_segments\shot013-01-我想请大家先-放下这种恐慌-但今天.mp4,fed_rate_wolf_bak\jianying_import_pack_sentence_ip_v2\video_segments\shot013-01-我想请大家先-放下这种恐慌-但今天.mp4,.mp4,636100,2026-05-26T17:20:48,2026-05-30T10:20:16,pending,none,internal,D:\Evan\AI-KnowledgeHub\10_S老师IP资产\_imported\D_aigc\fed_rate_wolf_bak\jianying_import_pack_sentence_ip_v2\video_segments\shot013-01-我想请大家先-放下这种恐慌-但今天.mp4,external_original_only,2026-09-20T14:42:32+08:00,True
b002232d70946c2d,shot014-01-我会用三部分-干货,video,10_S老师IP资产,D_aigc,D:\aigc,D:\aigc\fed_rate_wolf_bak\jianying_import_pack_sentence_ip_v2\video_segments\shot014-01-我会用三部分-干货.mp4,fed_rate_wolf_bak\jianying_import_pack_sentence_ip_v2\video_segments\shot014-01-我会用三部分-干货.mp4,.mp4,101217,2026-05-26T17:20:48,2026-05-30T10:20:16,pending,none,internal,D:\Evan\AI-KnowledgeHub\10_S老师IP资产\_imported\D_aigc\fed_rate_wolf_bak\jianying_import_pack_sentence_ip_v2\video_segments\shot014-01-我会用三部分-干货.mp4,external_original_only,2026-09-20T14:42:32+08:00,True
baaeba33e944a579,shot015-01-带你看懂美联-储这次葫芦里-到底卖的什么-信息图卡,video,10_S老师IP资产,D_aigc,D:\aigc,D:\aigc\fed_rate_wolf_bak\jianying_import_pack_sentence_ip_v2\video_segments\shot015-01-带你看懂美联-储这次葫芦里-到底卖的什么-信息图卡.mp4,fed_rate_wolf_bak\jianying_import_pack_sentence_ip_v2\video_segments\shot015-01-带你看懂美联-储这次葫芦里-到底卖的什么-信息图卡.mp4,.mp4,77747,2026-05-26T17:20:49,2026-05-30T10:20:16,pending,none,internal,D:\Evan\AI-KnowledgeHub\10_S老师IP资产\_imported\D_aigc\fed_rate_wolf_bak\jianying_import_pack_sentence_ip_v2\video_segments\shot015-01-带你看懂美联-储这次葫芦里-到底卖的什么-信息图卡.mp4,external_original_only,2026-09-20T14:42:32+08:00,True
ab2c38e32f104924,shot016-01-以及最关键的,video,10_S老师IP资产,D_aigc,D:\aigc,D:\aigc\fed_rate_wolf_bak\jianying_import_pack_sentence_ip_v2\video_segments\shot016-01-以及最关键的.mp4,fed_rate_wolf_bak\jianying_import_pack_sentence_ip_v2\video_segments\shot016-01-以及最关键的.mp4,.mp4,642487,2026-05-26T17:20:50,2026-05-30T10:20:16,pending,none,internal,D:\Evan\AI-KnowledgeHub\10_S老师IP资产\_imported\D_aigc\fed_rate_wolf_bak\jianying_import_pack_sentence_ip_v2\video_segments\shot016-01-以及最关键的.mp4,external_original_only,2026-09-20T14:42:32+08:00,True
8bca46c78dde8b9b,shot017-01-在别人恐慌的-时候,video,10_S老师IP资产,D_aigc,D:\aigc,D:\aigc\fed_rate_wolf_bak\jianying_import_pack_sentence_ip_v2\video_segments\shot017-01-在别人恐慌的-时候.mp4,fed_rate_wolf_bak\jianying_import_pack_sentence_ip_v2\video_segments\shot017-01-在别人恐慌的-时候.mp4,.mp4,136651,2026-05-26T17:20:51,2026-05-30T10:20:16,pending,none,internal,D:\Evan\AI-KnowledgeHub\10_S老师IP资产\_imported\D_aigc\fed_rate_wolf_bak\jianying_import_pack_sentence_ip_v2\video_segments\shot017-01-在别人恐慌的-时候.mp4,external_original_only,2026-09-20T14:42:32+08:00,True
676adfe7139be85b,shot018-01-我们个人产业-应该如何从中-看到大机会-投资者-信息图卡,video,10_S老师IP资产,D_aigc,D:\aigc,D:\aigc\fed_rate_wolf_bak\jianying_import_pack_sentence_ip_v2\video_segments\shot018-01-我们个人产业-应该如何从中-看到大机会-投资者-信息图卡.mp4,fed_rate_wolf_bak\jianying_import_pack_sentence_ip_v2\video_segments\shot018-01-我们个人产业-应该如何从中-看到大机会-投资者-信息图卡.mp4,.mp4,78939,2026-05-26T17:20:52,2026-05-30T10:20:16,pending,none,internal,D:\Evan\AI-KnowledgeHub\10_S老师IP资产\_imported\D_aigc\fed_rate_wolf_bak\jianying_import_pack_sentence_ip_v2\video_segments\shot018-01-我们个人产业-应该如何从中-看到大机会-投资者-信息图卡.mp4,external_original_only,2026-09-20T14:42:32+08:00,True
b16ebf4dbe45e9ef,shot019-01-大家先在公屏-上打出一个关-七星级-键词,video,10_S老师IP资产,D_aigc,D:\aigc,D:\aigc\fed_rate_wolf_bak\jianying_import_pack_sentence_ip_v2\video_segments\shot019-01-大家先在公屏-上打出一个关-七星级-键词.mp4,fed_rate_wolf_bak\jianying_import_pack_sentence_ip_v2\video_segments\shot019-01-大家先在公屏-上打出一个关-七星级-键词.mp4,.mp4,596940,2026-05-26T17:20:53,2026-05-30T10:20:16,pending,none,internal,D:\Evan\AI-KnowledgeHub\10_S老师IP资产\_imported\D_aigc\fed_rate_wolf_bak\jianying_import_pack_sentence_ip_v2\video_segments\shot019-01-大家先在公屏-上打出一个关-七星级-键词.mp4,external_original_only,2026-09-20T14:42:32+08:00,True
a8f1d9053ab531f0,shot020-01-因为这条视频-是七星级的重-要程度,video,10_S老师IP资产,D_aigc,D:\aigc,D:\aigc\fed_rate_wolf_bak\jianying_import_pack_sentence_ip_v2\video_segments\shot020-01-因为这条视频-是七星级的重-要程度.mp4,fed_rate_wolf_bak\jianying_import_pack_sentence_ip_v2\video_segments\shot020-01-因为这条视频-是七星级的重-要程度.mp4,.mp4,57475,2026-05-26T17:20:54,2026-05-30T10:20:16,pending,none,internal,D:\Evan\AI-KnowledgeHub\10_S老师IP资产\_imported\D_aigc\fed_rate_wolf_bak\jianying_import_pack_sentence_ip_v2\video_segments\shot020-01-因为这条视频-是七星级的重-要程度.mp4,external_original_only,2026-09-20T14:42:32+08:00,True
393fdbf671bb7d9a,shot022-01-一旦你捅破那-它就是一只纸-层窗户纸-老虎,video,10_S老师IP资产,D_aigc,D:\aigc,D:\aigc\fed_rate_wolf_bak\jianying_import_pack_sentence_ip_v2\video_segments\shot022-01-一旦你捅破那-它就是一只纸-层窗户纸-老虎.mp4,fed_rate_wolf_bak\jianying_import_pack_sentence_ip_v2\video_segments\shot022-01-一旦你捅破那-它就是一只纸-层窗户纸-老虎.mp4,.mp4,1527840,2026-05-26T17:20:57,2026-05-30T10:20:16,pending,none,internal,D:\Evan\AI-KnowledgeHub\10_S老师IP资产\_imported\D_aigc\fed_rate_wolf_bak\jianying_import_pack_sentence_ip_v2\video_segments\shot022-01-一旦你捅破那-它就是一只纸-层窗户纸-老虎.mp4,external_original_only,2026-09-20T14:42:32+08:00,True
4c49dc7f9d80ac16,shot023-01-为什么一听到-加息就恐慌-先问你,video,10_S老师IP资产,D_aigc,D:\aigc,D:\aigc\fed_rate_wolf_bak\jianying_import_pack_sentence_ip_v2\video_segments\shot023-01-为什么一听到-加息就恐慌-先问你.mp4,fed_rate_wolf_bak\jianying_import_pack_sentence_ip_v2\video_segments\shot023-01-为什么一听到-加息就恐慌-先问你.mp4,.mp4,790915,2026-05-26T17:20:58,2026-05-30T10:20:16,pending,none,internal,D:\Evan\AI-KnowledgeHub\10_S老师IP资产\_imported\D_aigc\fed_rate_wolf_bak\jianying_import_pack_sentence_ip_v2\video_segments\shot023-01-为什么一听到-加息就恐慌-先问你.mp4,external_original_only,2026-09-20T14:42:32+08:00,True
2db14b273ac9edaa,shot025-01-害怕你手里的-资产缩水,video,10_S老师IP资产,D_aigc,D:\aigc,D:\aigc\fed_rate_wolf_bak\jianying_import_pack_sentence_ip_v2\video_segments\shot025-01-害怕你手里的-资产缩水.mp4,fed_rate_wolf_bak\jianying_import_pack_sentence_ip_v2\video_segments\shot025-01-害怕你手里的-资产缩水.mp4,.mp4,904493,2026-05-26T17:21:00,2026-05-30T10:20:16,pending,none,internal,D:\Evan\AI-KnowledgeHub\10_S老师IP资产\_imported\D_aigc\fed_rate_wolf_bak\jianying_import_pack_sentence_ip_v2\video_segments\shot025-01-害怕你手里的-资产缩水.mp4,external_original_only,2026-09-20T14:42:32+08:00,True
9506761fc9bb3823,shot026-01-这个逻辑对不-信息图卡,video,10_S老师IP资产,D_aigc,D:\aigc,D:\aigc\fed_rate_wolf_bak\jianying_import_pack_sentence_ip_v2\video_segments\shot026-01-这个逻辑对不-信息图卡.mp4,fed_rate_wolf_bak\jianying_import_pack_sentence_ip_v2\video_segments\shot026-01-这个逻辑对不-信息图卡.mp4,.mp4,45375,2026-05-26T17:21:01,2026-05-30T10:20:16,pending,none,internal,D:\Evan\AI-KnowledgeHub\10_S老师IP资产\_imported\D_aigc\fed_rate_wolf_bak\jianying_import_pack_sentence_ip_v2\video_segments\shot026-01-这个逻辑对不-信息图卡.mp4,external_original_only,2026-09-20T14:42:32+08:00,True
6aa981221c24ba6a,shot027-01-但很初级-信息图卡,video,10_S老师IP资产,D_aigc,D:\aigc,D:\aigc\fed_rate_wolf_bak\jianying_import_pack_sentence_ip_v2\video_segments\shot027-01-但很初级-信息图卡.mp4,fed_rate_wolf_bak\jianying_import_pack_sentence_ip_v2\video_segments\shot027-01-但很初级-信息图卡.mp4,.mp4,41207,2026-05-26T17:21:01,2026-05-30T10:20:16,pending,none,internal,D:\Evan\AI-KnowledgeHub\10_S老师IP资产\_imported\D_aigc\fed_rate_wolf_bak\jianying_import_pack_sentence_ip_v2\video_segments\shot027-01-但很初级-信息图卡.mp4,external_original_only,2026-09-20T14:42:32+08:00,True
8ab66859470fa6c8,shot028-01-我们能不能再-深一层,video,10_S老师IP资产,D_aigc,D:\aigc,D:\aigc\fed_rate_wolf_bak\jianying_import_pack_sentence_ip_v2\video_segments\shot028-01-我们能不能再-深一层.mp4,fed_rate_wolf_bak\jianying_import_pack_sentence_ip_v2\video_segments\shot028-01-我们能不能再-深一层.mp4,.mp4,61476,2026-05-26T17:21:02,2026-05-30T10:20:16,pending,none,internal,D:\Evan\AI-KnowledgeHub\10_S老师IP资产\_imported\D_aigc\fed_rate_wolf_bak\jianying_import_pack_sentence_ip_v2\video_segments\shot028-01-我们能不能再-深一层.mp4,external_original_only,2026-09-20T14:42:32+08:00,True
99409ea0b8af15c8,shot029-01-是什么逼着美-联储可能要加-大家想一想-息的,video,10_S老师IP资产,D_aigc,D:\aigc,D:\aigc\fed_rate_wolf_bak\jianying_import_pack_sentence_ip_v2\video_segments\shot029-01-是什么逼着美-联储可能要加-大家想一想-息的.mp4,fed_rate_wolf_bak\jianying_import_pack_sentence_ip_v2\video_segments\shot029-01-是什么逼着美-联储可能要加-大家想一想-息的.mp4,.mp4,2142520,2026-05-26T17:21:04,2026-05-30T10:20:16,pending,none,internal,D:\Evan\AI-KnowledgeHub\10_S老师IP资产\_imported\D_aigc\fed_rate_wolf_bak\jianying_import_pack_sentence_ip_v2\video_segments\shot029-01-是什么逼着美-联储可能要加-大家想一想-息的.mp4,external_original_only,2026-09-20T14:42:32+08:00,True
d0f0598967b4e639,shot030-01-那为什么会有-是通胀-通胀-信息图卡,video,10_S老师IP资产,D_aigc,D:\aigc,D:\aigc\fed_rate_wolf_bak\jianying_import_pack_sentence_ip_v2\video_segments\shot030-01-那为什么会有-是通胀-通胀-信息图卡.mp4,fed_rate_wolf_bak\jianying_import_pack_sentence_ip_v2\video_segments\shot030-01-那为什么会有-是通胀-通胀-信息图卡.mp4,.mp4,58601,2026-05-26T17:21:05,2026-05-30T10:20:16,pending,none,internal,D:\Evan\AI-KnowledgeHub\10_S老师IP资产\_imported\D_aigc\fed_rate_wolf_bak\jianying_import_pack_sentence_ip_v2\video_segments\shot030-01-那为什么会有-是通胀-通胀-信息图卡.mp4,external_original_only,2026-09-20T14:42:32+08:00,True
712d0f9494c68635,shot031-01-我就问你一个-场景,video,10_S老师IP资产,D_aigc,D:\aigc,D:\aigc\fed_rate_wolf_bak\jianying_import_pack_sentence_ip_v2\video_segments\shot031-01-我就问你一个-场景.mp4,fed_rate_wolf_bak\jianying_import_pack_sentence_ip_v2\video_segments\shot031-01-我就问你一个-场景.mp4,.mp4,54953,2026-05-26T17:21:06,2026-05-30T10:20:16,pending,none,internal,D:\Evan\AI-KnowledgeHub\10_S老师IP资产\_imported\D_aigc\fed_rate_wolf_bak\jianying_import_pack_sentence_ip_v2\video_segments\shot031-01-我就问你一个-场景.mp4,external_original_only,2026-09-20T14:42:32+08:00,True
efe5890dffc05a27,shot032-01-假设你手里有-现在有两个选,video,10_S老师IP资产,D_aigc,D:\aigc,D:\aigc\fed_rate_wolf_bak\jianying_import_pack_sentence_ip_v2\video_segments\shot032-01-假设你手里有-现在有两个选.mp4,fed_rate_wolf_bak\jianying_import_pack_sentence_ip_v2\video_segments\shot032-01-假设你手里有-现在有两个选.mp4,.mp4,1379858,2026-05-26T17:21:08,2026-05-30T10:20:16,pending,none,internal,D:\Evan\AI-KnowledgeHub\10_S老师IP资产\_imported\D_aigc\fed_rate_wolf_bak\jianying_import_pack_sentence_ip_v2\video_segments\shot032-01-假设你手里有-现在有两个选.mp4,external_original_only,2026-09-20T14:42:32+08:00,True
aee86a40aefb61ad,shot033-01-投一个前景无-比宏大-第一-信息图卡,video,10_S老师IP资产,D_aigc,D:\aigc,D:\aigc\fed_rate_wolf_bak\jianying_import_pack_sentence_ip_v2\video_segments\shot033-01-投一个前景无-比宏大-第一-信息图卡.mp4,fed_rate_wolf_bak\jianying_import_pack_sentence_ip_v2\video_segments\shot033-01-投一个前景无-比宏大-第一-信息图卡.mp4,.mp4,53663,2026-05-26T17:21:09,2026-05-30T10:20:16,pending,none,internal,D:\Evan\AI-KnowledgeHub\10_S老师IP资产\_imported\D_aigc\fed_rate_wolf_bak\jianying_import_pack_sentence_ip_v2\video_segments\shot033-01-投一个前景无-比宏大-第一-信息图卡.mp4,external_original_only,2026-09-20T14:42:32+08:00,True
21db7561bbc57949,shot034-01-但三五年内都-不知道能不能-科技公司-赚钱的,video,10_S老师IP资产,D_aigc,D:\aigc,D:\aigc\fed_rate_wolf_bak\jianying_import_pack_sentence_ip_v2\video_segments\shot034-01-但三五年内都-不知道能不能-科技公司-赚钱的.mp4,fed_rate_wolf_bak\jianying_import_pack_sentence_ip_v2\video_segments\shot034-01-但三五年内都-不知道能不能-科技公司-赚钱的.mp4,.mp4,2299078,2026-05-26T17:21:13,2026-05-30T10:20:16,pending,none,internal,D:\Evan\AI-KnowledgeHub\10_S老师IP资产\_imported\D_aigc\fed_rate_wolf_bak\jianying_import_pack_sentence_ip_v2\video_segments\shot034-01-但三五年内都-不知道能不能-科技公司-赚钱的.mp4,external_original_only,2026-09-20T14:42:32+08:00,True
87605d914678541c,shot035-01-天天担惊受怕,video,10_S老师IP资产,D_aigc,D:\aigc,D:\aigc\fed_rate_wolf_bak\jianying_import_pack_sentence_ip_v2\video_segments\shot035-01-天天担惊受怕.mp4,fed_rate_wolf_bak\jianying_import_pack_sentence_ip_v2\video_segments\shot035-01-天天担惊受怕.mp4,.mp4,59262,2026-05-26T17:21:14,2026-05-30T10:20:16,pending,none,internal,D:\Evan\AI-KnowledgeHub\10_S老师IP资产\_imported\D_aigc\fed_rate_wolf_bak\jianying_import_pack_sentence_ip_v2\video_segments\shot035-01-天天担惊受怕.mp4,external_original_only,2026-09-20T14:42:32+08:00,True
389579e1a1894243,shot036-01-买一个稳稳当-年期美国国债-第二-当的-信息图卡,video,10_S老师IP资产,D_aigc,D:\aigc,D:\aigc\fed_rate_wolf_bak\jianying_import_pack_sentence_ip_v2\video_segments\shot036-01-买一个稳稳当-年期美国国债-第二-当的-信息图卡.mp4,fed_rate_wolf_bak\jianying_import_pack_sentence_ip_v2\video_segments\shot036-01-买一个稳稳当-年期美国国债-第二-当的-信息图卡.mp4,.mp4,70900,2026-05-26T17:21:15,2026-05-30T10:20:16,pending,none,internal,D:\Evan\AI-KnowledgeHub\10_S老师IP资产\_imported\D_aigc\fed_rate_wolf_bak\jianying_import_pack_sentence_ip_v2\video_segments\shot036-01-买一个稳稳当-年期美国国债-第二-当的-信息图卡.mp4,external_original_only,2026-09-20T14:42:32+08:00,True
40dc3a8065f5617a,shot037-01-以上的无风险-每年给你-收益-信息图卡,video,10_S老师IP资产,D_aigc,D:\aigc,D:\aigc\fed_rate_wolf_bak\jianying_import_pack_sentence_ip_v2\video_segments\shot037-01-以上的无风险-每年给你-收益-信息图卡.mp4,fed_rate_wolf_bak\jianying_import_pack_sentence_ip_v2\video_segments\shot037-01-以上的无风险-每年给你-收益-信息图卡.mp4,.mp4,62079,2026-05-26T17:21:16,2026-05-30T10:20:16,pending,none,internal,D:\Evan\AI-KnowledgeHub\10_S老师IP资产\_imported\D_aigc\fed_rate_wolf_bak\jianying_import_pack_sentence_ip_v2\video_segments\shot037-01-以上的无风险-每年给你-收益-信息图卡.mp4,external_original_only,2026-09-20T14:42:32+08:00,True
0e81867a7a138f02,shot038-01-干货第一部分-你会怎么选,video,10_S老师IP资产,D_aigc,D:\aigc,D:\aigc\fed_rate_wolf_bak\jianying_import_pack_sentence_ip_v2\video_segments\shot038-01-干货第一部分-你会怎么选.mp4,fed_rate_wolf_bak\jianying_import_pack_sentence_ip_v2\video_segments\shot038-01-干货第一部分-你会怎么选.mp4,.mp4,283165,2026-05-26T17:21:18,2026-05-30T10:20:16,pending,none,internal,D:\Evan\AI-KnowledgeHub\10_S老师IP资产\_imported\D_aigc\fed_rate_wolf_bak\jianying_import_pack_sentence_ip_v2\video_segments\shot038-01-干货第一部分-你会怎么选.mp4,external_original_only,2026-09-20T14:42:32+08:00,True
389a6deff36d0172,shot039-01-美股的脆弱-牛市的根基-谁在动摇-AI-信息图卡,video,10_S老师IP资产,D_aigc,D:\aigc,D:\aigc\fed_rate_wolf_bak\jianying_import_pack_sentence_ip_v2\video_segments\shot039-01-美股的脆弱-牛市的根基-谁在动摇-AI-信息图卡.mp4,fed_rate_wolf_bak\jianying_import_pack_sentence_ip_v2\video_segments\shot039-01-美股的脆弱-牛市的根基-谁在动摇-AI-信息图卡.mp4,.mp4,68150,2026-05-26T17:21:19,2026-05-30T10:20:16,pending,none,internal,D:\Evan\AI-KnowledgeHub\10_S老师IP资产\_imported\D_aigc\fed_rate_wolf_bak\jianying_import_pack_sentence_ip_v2\video_segments\shot039-01-美股的脆弱-牛市的根基-谁在动摇-AI-信息图卡.mp4,external_original_only,2026-09-20T14:42:32+08:00,True
e2eafbdd12cbf48f,shot040-01-资金永远有机-会成本-你看,video,10_S老师IP资产,D_aigc,D:\aigc,D:\aigc\fed_rate_wolf_bak\jianying_import_pack_sentence_ip_v2\video_segments\shot040-01-资金永远有机-会成本-你看.mp4,fed_rate_wolf_bak\jianying_import_pack_sentence_ip_v2\video_segments\shot040-01-资金永远有机-会成本-你看.mp4,.mp4,69501,2026-05-26T17:21:20,2026-05-30T10:20:16,pending,none,internal,D:\Evan\AI-KnowledgeHub\10_S老师IP资产\_imported\D_aigc\fed_rate_wolf_bak\jianying_import_pack_sentence_ip_v2\video_segments\shot040-01-资金永远有机-会成本-你看.mp4,external_original_only,2026-09-20T14:42:32+08:00,True
3180f20f1ac0fabf,shot041-01-你可以舒舒服-当你发现-服地躺着,video,10_S老师IP资产,D_aigc,D:\aigc,D:\aigc\fed_rate_wolf_bak\jianying_import_pack_sentence_ip_v2\video_segments\shot041-01-你可以舒舒服-当你发现-服地躺着.mp4,fed_rate_wolf_bak\jianying_import_pack_sentence_ip_v2\video_segments\shot041-01-你可以舒舒服-当你发现-服地躺着.mp4,.mp4,230969,2026-05-26T17:21:21,2026-05-30T10:20:16,pending,none,internal,D:\Evan\AI-KnowledgeHub\10_S老师IP资产\_imported\D_aigc\fed_rate_wolf_bak\jianying_import_pack_sentence_ip_v2\video_segments\shot041-01-你可以舒舒服-当你发现-服地躺着.mp4,external_original_only,2026-09-20T14:42:32+08:00,True
38719bff42ec13cd,shot042-01-的无风险回报-每年拿到-信息图卡,video,10_S老师IP资产,D_aigc,D:\aigc,D:\aigc\fed_rate_wolf_bak\jianying_import_pack_sentence_ip_v2\video_segments\shot042-01-的无风险回报-每年拿到-信息图卡.mp4,fed_rate_wolf_bak\jianying_import_pack_sentence_ip_v2\video_segments\shot042-01-的无风险回报-每年拿到-信息图卡.mp4,.mp4,57583,2026-05-26T17:21:22,2026-05-30T10:20:16,pending,none,internal,D:\Evan\AI-KnowledgeHub\10_S老师IP资产\_imported\D_aigc\fed_rate_wolf_bak\jianying_import_pack_sentence_ip_v2\video_segments\shot042-01-的无风险回报-每年拿到-信息图卡.mp4,external_original_only,2026-09-20T14:42:32+08:00,True
271aabb99e118724,shot044-01-但目前还没实-现商业闭环的-科技股,video,10_S老师IP资产,D_aigc,D:\aigc,D:\aigc\fed_rate_wolf_bak\jianying_import_pack_sentence_ip_v2\video_segments\shot044-01-但目前还没实-现商业闭环的-科技股.mp4,fed_rate_wolf_bak\jianying_import_pack_sentence_ip_v2\video_segments\shot044-01-但目前还没实-现商业闭环的-科技股.mp4,.mp4,3728320,2026-05-26T17:21:25,2026-05-30T10:20:16,pending,none,internal,D:\Evan\AI-KnowledgeHub\10_S老师IP资产\_imported\D_aigc\fed_rate_wolf_bak\jianying_import_pack_sentence_ip_v2\video_segments\shot044-01-但目前还没实-现商业闭环的-科技股.mp4,external_original_only,2026-09-20T14:42:32+08:00,True
31c3269c6d39e84c,shot045-01-就会有一部分-资金抽身离开-信息图卡,video,10_S老师IP资产,D_aigc,D:\aigc,D:\aigc\fed_rate_wolf_bak\jianying_import_pack_sentence_ip_v2\video_segments\shot045-01-就会有一部分-资金抽身离开-信息图卡.mp4,fed_rate_wolf_bak\jianying_import_pack_sentence_ip_v2\video_segments\shot045-01-就会有一部分-资金抽身离开-信息图卡.mp4,.mp4,57488,2026-05-26T17:21:26,2026-05-30T10:20:16,pending,none,internal,D:\Evan\AI-KnowledgeHub\10_S老师IP资产\_imported\D_aigc\fed_rate_wolf_bak\jianying_import_pack_sentence_ip_v2\video_segments\shot045-01-就会有一部分-资金抽身离开-信息图卡.mp4,external_original_only,2026-09-20T14:42:32+08:00,True
f0868890410ba5bf,shot046-01-这就是我们今-天要讲的第一-个核心逻辑-信息图卡,video,10_S老师IP资产,D_aigc,D:\aigc,D:\aigc\fed_rate_wolf_bak\jianying_import_pack_sentence_ip_v2\video_segments\shot046-01-这就是我们今-天要讲的第一-个核心逻辑-信息图卡.mp4,fed_rate_wolf_bak\jianying_import_pack_sentence_ip_v2\video_segments\shot046-01-这就是我们今-天要讲的第一-个核心逻辑-信息图卡.mp4,.mp4,70597,2026-05-26T17:21:27,2026-05-30T10:20:16,pending,none,internal,D:\Evan\AI-KnowledgeHub\10_S老师IP资产\_imported\D_aigc\fed_rate_wolf_bak\jianying_import_pack_sentence_ip_v2\video_segments\shot046-01-这就是我们今-天要讲的第一-个核心逻辑-信息图卡.mp4,external_original_only,2026-09-20T14:42:32+08:00,True
39ad2091842c728e,shot048-01-就在上个礼拜-信息图卡,video,10_S老师IP资产,D_aigc,D:\aigc,D:\aigc\fed_rate_wolf_bak\jianying_import_pack_sentence_ip_v2\video_segments\shot048-01-就在上个礼拜-信息图卡.mp4,fed_rate_wolf_bak\jianying_import_pack_sentence_ip_v2\video_segments\shot048-01-就在上个礼拜-信息图卡.mp4,.mp4,45580,2026-05-26T17:21:29,2026-05-30T10:20:16,pending,none,internal,D:\Evan\AI-KnowledgeHub\10_S老师IP资产\_imported\D_aigc\fed_rate_wolf_bak\jianying_import_pack_sentence_ip_v2\video_segments\shot048-01-就在上个礼拜-信息图卡.mp4,external_original_only,2026-09-20T14:42:32+08:00,True
d10b43355c5bc639,shot049-01-一个非常重要-的信号灯亮起-来了,video,10_S老师IP资产,D_aigc,D:\aigc,D:\aigc\fed_rate_wolf_bak\jianying_import_pack_sentence_ip_v2\video_segments\shot049-01-一个非常重要-的信号灯亮起-来了.mp4,fed_rate_wolf_bak\jianying_import_pack_sentence_ip_v2\video_segments\shot049-01-一个非常重要-的信号灯亮起-来了.mp4,.mp4,75145,2026-05-26T17:21:30,2026-05-30T10:20:16,pending,none,internal,D:\Evan\AI-KnowledgeHub\10_S老师IP资产\_imported\D_aigc\fed_rate_wolf_bak\jianying_import_pack_sentence_ip_v2\video_segments\shot049-01-一个非常重要-的信号灯亮起-来了.mp4,external_original_only,2026-09-20T14:42:32+08:00,True
cddd2ae426c510d3,shot050-01-年期美债收益-摸高到了-信息图卡,video,10_S老师IP资产,D_aigc,D:\aigc,D:\aigc\fed_rate_wolf_bak\jianying_import_pack_sentence_ip_v2\video_segments\shot050-01-年期美债收益-摸高到了-信息图卡.mp4,fed_rate_wolf_bak\jianying_import_pack_sentence_ip_v2\video_segments\shot050-01-年期美债收益-摸高到了-信息图卡.mp4,.mp4,68633,2026-05-26T17:21:31,2026-05-30T10:20:16,pending,none,internal,D:\Evan\AI-KnowledgeHub\10_S老师IP资产\_imported\D_aigc\fed_rate_wolf_bak\jianying_import_pack_sentence_ip_v2\video_segments\shot050-01-年期美债收益-摸高到了-信息图卡.mp4,external_original_only,2026-09-20T14:42:32+08:00,True
5fa8f8887a8c8c80,shot051-01-这是什么概念-信息图卡,video,10_S老师IP资产,D_aigc,D:\aigc,D:\aigc\fed_rate_wolf_bak\jianying_import_pack_sentence_ip_v2\video_segments\shot051-01-这是什么概念-信息图卡.mp4,fed_rate_wolf_bak\jianying_import_pack_sentence_ip_v2\video_segments\shot051-01-这是什么概念-信息图卡.mp4,.mp4,50989,2026-05-26T17:21:31,2026-05-30T10:20:16,pending,none,internal,D:\Evan\AI-KnowledgeHub\10_S老师IP资产\_imported\D_aigc\fed_rate_wolf_bak\jianying_import_pack_sentence_ip_v2\video_segments\shot051-01-这是什么概念-信息图卡.mp4,external_original_only,2026-09-20T14:42:32+08:00,True
3b1da31a9917c369,shot052-01-在金融领域-的收益率-我们把-信息图卡,video,10_S老师IP资产,D_aigc,D:\aigc,D:\aigc\fed_rate_wolf_bak\jianying_import_pack_sentence_ip_v2\video_segments\shot052-01-在金融领域-的收益率-我们把-信息图卡.mp4,fed_rate_wolf_bak\jianying_import_pack_sentence_ip_v2\video_segments\shot052-01-在金融领域-的收益率-我们把-信息图卡.mp4,.mp4,70005,2026-05-26T17:21:32,2026-05-30T10:20:16,pending,none,internal,D:\Evan\AI-KnowledgeHub\10_S老师IP资产\_imported\D_aigc\fed_rate_wolf_bak\jianying_import_pack_sentence_ip_v2\video_segments\shot052-01-在金融领域-的收益率-我们把-信息图卡.mp4,external_original_only,2026-09-20T14:42:32+08:00,True
44c1bdb1049d3bbd,shot053-01-马基诺防线-称作,video,10_S老师IP资产,D_aigc,D:\aigc,D:\aigc\fed_rate_wolf_bak\jianying_import_pack_sentence_ip_v2\video_segments\shot053-01-马基诺防线-称作.mp4,fed_rate_wolf_bak\jianying_import_pack_sentence_ip_v2\video_segments\shot053-01-马基诺防线-称作.mp4,.mp4,1109715,2026-05-26T17:21:33,2026-05-30T10:20:16,pending,none,internal,D:\Evan\AI-KnowledgeHub\10_S老师IP资产\_imported\D_aigc\fed_rate_wolf_bak\jianying_import_pack_sentence_ip_v2\video_segments\shot053-01-马基诺防线-称作.mp4,external_original_only,2026-09-20T14:42:32+08:00,True
f401381f0f6499bd,shot054-01-一旦突破了这-条防线-信息图卡,video,10_S老师IP资产,D_aigc,D:\aigc,D:\aigc\fed_rate_wolf_bak\jianying_import_pack_sentence_ip_v2\video_segments\shot054-01-一旦突破了这-条防线-信息图卡.mp4,fed_rate_wolf_bak\jianying_import_pack_sentence_ip_v2\video_segments\shot054-01-一旦突破了这-条防线-信息图卡.mp4,.mp4,52304,2026-05-26T17:21:34,2026-05-30T10:20:16,pending,none,internal,D:\Evan\AI-KnowledgeHub\10_S老师IP资产\_imported\D_aigc\fed_rate_wolf_bak\jianying_import_pack_sentence_ip_v2\video_segments\shot054-01-一旦突破了这-条防线-信息图卡.mp4,external_original_only,2026-09-20T14:42:32+08:00,True
83f1e42c3f7ef4b7,shot055-01-就会引发一系-列的多米诺骨-牌效应,video,10_S老师IP资产,D_aigc,D:\aigc,D:\aigc\fed_rate_wolf_bak\jianying_import_pack_sentence_ip_v2\video_segments\shot055-01-就会引发一系-列的多米诺骨-牌效应.mp4,fed_rate_wolf_bak\jianying_import_pack_sentence_ip_v2\video_segments\shot055-01-就会引发一系-列的多米诺骨-牌效应.mp4,.mp4,54940,2026-05-26T17:21:34,2026-05-30T10:20:16,pending,none,internal,D:\Evan\AI-KnowledgeHub\10_S老师IP资产\_imported\D_aigc\fed_rate_wolf_bak\jianying_import_pack_sentence_ip_v2\video_segments\shot055-01-就会引发一系-列的多米诺骨-牌效应.mp4,external_original_only,2026-09-20T14:42:32+08:00,True
60945d0fc6b7efcf,shot056-01-这一轮全球的-无论是美股还-大家想一想-牛市,video,10_S老师IP资产,D_aigc,D:\aigc,D:\aigc\fed_rate_wolf_bak\jianying_import_pack_sentence_ip_v2\video_segments\shot056-01-这一轮全球的-无论是美股还-大家想一想-牛市.mp4,fed_rate_wolf_bak\jianying_import_pack_sentence_ip_v2\video_segments\shot056-01-这一轮全球的-无论是美股还-大家想一想-牛市.mp4,.mp4,604854,2026-05-26T17:21:35,2026-05-30T10:20:16,pending,none,internal,D:\Evan\AI-KnowledgeHub\10_S老师IP资产\_imported\D_aigc\fed_rate_wolf_bak\jianying_import_pack_sentence_ip_v2\video_segments\shot056-01-这一轮全球的-无论是美股还-大家想一想-牛市.mp4,external_original_only,2026-09-20T14:42:32+08:00,True
6d6777fc5b09a385,shot057-01-大主线是不是-AI-信息图卡,video,10_S老师IP资产,D_aigc,D:\aigc,D:\aigc\fed_rate_wolf_bak\jianying_import_pack_sentence_ip_v2\video_segments\shot057-01-大主线是不是-AI-信息图卡.mp4,fed_rate_wolf_bak\jianying_import_pack_sentence_ip_v2\video_segments\shot057-01-大主线是不是-AI-信息图卡.mp4,.mp4,45974,2026-05-26T17:21:36,2026-05-30T10:20:16,pending,none,internal,D:\Evan\AI-KnowledgeHub\10_S老师IP资产\_imported\D_aigc\fed_rate_wolf_bak\jianying_import_pack_sentence_ip_v2\video_segments\shot057-01-大主线是不是-AI-信息图卡.mp4,external_original_only,2026-09-20T14:42:32+08:00,True
0d2bba730b8ba819,shot058-01-这个宏大叙事-的基底是什么,video,10_S老师IP资产,D_aigc,D:\aigc,D:\aigc\fed_rate_wolf_bak\jianying_import_pack_sentence_ip_v2\video_segments\shot058-01-这个宏大叙事-的基底是什么.mp4,fed_rate_wolf_bak\jianying_import_pack_sentence_ip_v2\video_segments\shot058-01-这个宏大叙事-的基底是什么.mp4,.mp4,44695,2026-05-26T17:21:37,2026-05-30T10:20:16,pending,none,internal,D:\Evan\AI-KnowledgeHub\10_S老师IP资产\_imported\D_aigc\fed_rate_wolf_bak\jianying_import_pack_sentence_ip_v2\video_segments\shot058-01-这个宏大叙事-的基底是什么.mp4,external_original_only,2026-09-20T14:42:32+08:00,True
3f9c712abbb62bb7,shot059-01-是低利率环境,video,10_S老师IP资产,D_aigc,D:\aigc,D:\aigc\fed_rate_wolf_bak\jianying_import_pack_sentence_ip_v2\video_segments\shot059-01-是低利率环境.mp4,fed_rate_wolf_bak\jianying_import_pack_sentence_ip_v2\video_segments\shot059-01-是低利率环境.mp4,.mp4,917130,2026-05-26T17:21:38,2026-05-30T10:20:16,pending,none,internal,D:\Evan\AI-KnowledgeHub\10_S老师IP资产\_imported\D_aigc\fed_rate_wolf_bak\jianying_import_pack_sentence_ip_v2\video_segments\shot059-01-是低利率环境.mp4,external_original_only,2026-09-20T14:42:32+08:00,True
bef9d50b6a49e49c,shot060-01-不计成本的资-金愿意去押注-有大量的-未来-信息图卡,video,10_S老师IP资产,D_aigc,D:\aigc,D:\aigc\fed_rate_wolf_bak\jianying_import_pack_sentence_ip_v2\video_segments\shot060-01-不计成本的资-金愿意去押注-有大量的-未来-信息图卡.mp4,fed_rate_wolf_bak\jianying_import_pack_sentence_ip_v2\video_segments\shot060-01-不计成本的资-金愿意去押注-有大量的-未来-信息图卡.mp4,.mp4,80613,2026-05-26T17:21:39,2026-05-30T10:20:16,pending,none,internal,D:\Evan\AI-KnowledgeHub\10_S老师IP资产\_imported\D_aigc\fed_rate_wolf_bak\jianying_import_pack_sentence_ip_v2\video_segments\shot060-01-不计成本的资-金愿意去押注-有大量的-未来-信息图卡.mp4,external_original_only,2026-09-20T14:42:32+08:00,True
d03a637ae6b4e5cf,shot061-01-年期美债收益-但现在呢-率飙升到-信息图卡,video,10_S老师IP资产,D_aigc,D:\aigc,D:\aigc\fed_rate_wolf_bak\jianying_import_pack_sentence_ip_v2\video_segments\shot061-01-年期美债收益-但现在呢-率飙升到-信息图卡.mp4,fed_rate_wolf_bak\jianying_import_pack_sentence_ip_v2\video_segments\shot061-01-年期美债收益-但现在呢-率飙升到-信息图卡.mp4,.mp4,74484,2026-05-26T17:21:40,2026-05-30T10:20:16,pending,none,internal,D:\Evan\AI-KnowledgeHub\10_S老师IP资产\_imported\D_aigc\fed_rate_wolf_bak\jianying_import_pack_sentence_ip_v2\video_segments\shot061-01-年期美债收益-但现在呢-率飙升到-信息图卡.mp4,external_original_only,2026-09-20T14:42:32+08:00,True
70e2a9d55bee05c1,shot063-01-这个地基给动-摇了-信息图卡,video,10_S老师IP资产,D_aigc,D:\aigc,D:\aigc\fed_rate_wolf_bak\jianying_import_pack_sentence_ip_v2\video_segments\shot063-01-这个地基给动-摇了-信息图卡.mp4,fed_rate_wolf_bak\jianying_import_pack_sentence_ip_v2\video_segments\shot063-01-这个地基给动-摇了-信息图卡.mp4,.mp4,51184,2026-05-26T17:21:42,2026-05-30T10:20:16,pending,none,internal,D:\Evan\AI-KnowledgeHub\10_S老师IP资产\_imported\D_aigc\fed_rate_wolf_bak\jianying_import_pack_sentence_ip_v2\video_segments\shot063-01-这个地基给动-摇了-信息图卡.mp4,external_original_only,2026-09-20T14:42:32+08:00,True
e98e01a33e524135,shot064-01-牛市的不确定-正在急剧上升-美股-AI,video,10_S老师IP资产,D_aigc,D:\aigc,D:\aigc\fed_rate_wolf_bak\jianying_import_pack_sentence_ip_v2\video_segments\shot064-01-牛市的不确定-正在急剧上升-美股-AI.mp4,fed_rate_wolf_bak\jianying_import_pack_sentence_ip_v2\video_segments\shot064-01-牛市的不确定-正在急剧上升-美股-AI.mp4,.mp4,3534914,2026-05-26T17:21:47,2026-05-30T10:20:16,pending,none,internal,D:\Evan\AI-KnowledgeHub\10_S老师IP资产\_imported\D_aigc\fed_rate_wolf_bak\jianying_import_pack_sentence_ip_v2\video_segments\shot064-01-牛市的不确定-正在急剧上升-美股-AI.mp4,external_original_only,2026-09-20T14:42:32+08:00,True
aa1663a4b837a594,shot065-01-那为什么美国-的长债利率会-居高不下,video,10_S老师IP资产,D_aigc,D:\aigc,D:\aigc\fed_rate_wolf_bak\jianying_import_pack_sentence_ip_v2\video_segments\shot065-01-那为什么美国-的长债利率会-居高不下.mp4,fed_rate_wolf_bak\jianying_import_pack_sentence_ip_v2\video_segments\shot065-01-那为什么美国-的长债利率会-居高不下.mp4,.mp4,145263,2026-05-26T17:21:48,2026-05-30T10:20:16,pending,none,internal,D:\Evan\AI-KnowledgeHub\10_S老师IP资产\_imported\D_aigc\fed_rate_wolf_bak\jianying_import_pack_sentence_ip_v2\video_segments\shot065-01-那为什么美国-的长债利率会-居高不下.mp4,external_original_only,2026-09-20T14:42:32+08:00,True
28a76aa2f960466c,shot066-01-我给大家总结-三个原因-信息图卡,video,10_S老师IP资产,D_aigc,D:\aigc,D:\aigc\fed_rate_wolf_bak\jianying_import_pack_sentence_ip_v2\video_segments\shot066-01-我给大家总结-三个原因-信息图卡.mp4,fed_rate_wolf_bak\jianying_import_pack_sentence_ip_v2\video_segments\shot066-01-我给大家总结-三个原因-信息图卡.mp4,.mp4,52263,2026-05-26T17:21:49,2026-05-30T10:20:16,pending,none,internal,D:\Evan\AI-KnowledgeHub\10_S老师IP资产\_imported\D_aigc\fed_rate_wolf_bak\jianying_import_pack_sentence_ip_v2\video_segments\shot066-01-我给大家总结-三个原因-信息图卡.mp4,external_original_only,2026-09-20T14:42:32+08:00,True
ec72e82b263133c7,shot067-01-通胀粘性太强-第一,video,10_S老师IP资产,D_aigc,D:\aigc,D:\aigc\fed_rate_wolf_bak\jianying_import_pack_sentence_ip_v2\video_segments\shot067-01-通胀粘性太强-第一.mp4,fed_rate_wolf_bak\jianying_import_pack_sentence_ip_v2\video_segments\shot067-01-通胀粘性太强-第一.mp4,.mp4,680467,2026-05-26T17:21:50,2026-05-30T10:20:16,pending,none,internal,D:\Evan\AI-KnowledgeHub\10_S老师IP资产\_imported\D_aigc\fed_rate_wolf_bak\jianying_import_pack_sentence_ip_v2\video_segments\shot067-01-通胀粘性太强-第一.mp4,external_original_only,2026-09-20T14:42:32+08:00,True
6cf6e1732cd0672e,shot068-01-已经涨到了-根本下不来-美国的-CPI-信息图卡,video,10_S老师IP资产,D_aigc,D:\aigc,D:\aigc\fed_rate_wolf_bak\jianying_import_pack_sentence_ip_v2\video_segments\shot068-01-已经涨到了-根本下不来-美国的-CPI-信息图卡.mp4,fed_rate_wolf_bak\jianying_import_pack_sentence_ip_v2\video_segments\shot068-01-已经涨到了-根本下不来-美国的-CPI-信息图卡.mp4,.mp4,80177,2026-05-26T17:21:51,2026-05-30T10:20:16,pending,none,internal,D:\Evan\AI-KnowledgeHub\10_S老师IP资产\_imported\D_aigc\fed_rate_wolf_bak\jianying_import_pack_sentence_ip_v2\video_segments\shot068-01-已经涨到了-根本下不来-美国的-CPI-信息图卡.mp4,external_original_only,2026-09-20T14:42:32+08:00,True
b739c80a86eb7dc9,shot069-01-因为今年一季-度美伊冲突-为啥-信息图卡,video,10_S老师IP资产,D_aigc,D:\aigc,D:\aigc\fed_rate_wolf_bak\jianying_import_pack_sentence_ip_v2\video_segments\shot069-01-因为今年一季-度美伊冲突-为啥-信息图卡.mp4,fed_rate_wolf_bak\jianying_import_pack_sentence_ip_v2\video_segments\shot069-01-因为今年一季-度美伊冲突-为啥-信息图卡.mp4,.mp4,59825,2026-05-26T17:21:51,2026-05-30T10:20:16,pending,none,internal,D:\Evan\AI-KnowledgeHub\10_S老师IP资产\_imported\D_aigc\fed_rate_wolf_bak\jianying_import_pack_sentence_ip_v2\video_segments\shot069-01-因为今年一季-度美伊冲突-为啥-信息图卡.mp4,external_original_only,2026-09-20T14:42:32+08:00,True
6e8959e700ddc741,shot070-01-霍尔木兹海峡-一封锁,video,10_S老师IP资产,D_aigc,D:\aigc,D:\aigc\fed_rate_wolf_bak\jianying_import_pack_sentence_ip_v2\video_segments\shot070-01-霍尔木兹海峡-一封锁.mp4,fed_rate_wolf_bak\jianying_import_pack_sentence_ip_v2\video_segments\shot070-01-霍尔木兹海峡-一封锁.mp4,.mp4,669906,2026-05-26T17:21:53,2026-05-30T10:20:16,pending,none,internal,D:\Evan\AI-KnowledgeHub\10_S老师IP资产\_imported\D_aigc\fed_rate_wolf_bak\jianying_import_pack_sentence_ip_v2\video_segments\shot070-01-霍尔木兹海峡-一封锁.mp4,external_original_only,2026-09-20T14:42:32+08:00,True
035c4effa3400949,shot071-01-全球能源价格-大宗商品价格-都在涨,video,10_S老师IP资产,D_aigc,D:\aigc,D:\aigc\fed_rate_wolf_bak\jianying_import_pack_sentence_ip_v2\video_segments\shot071-01-全球能源价格-大宗商品价格-都在涨.mp4,fed_rate_wolf_bak\jianying_import_pack_sentence_ip_v2\video_segments\shot071-01-全球能源价格-大宗商品价格-都在涨.mp4,.mp4,1136597,2026-05-26T17:21:54,2026-05-30T10:20:16,pending,none,internal,D:\Evan\AI-KnowledgeHub\10_S老师IP资产\_imported\D_aigc\fed_rate_wolf_bak\jianying_import_pack_sentence_ip_v2\video_segments\shot071-01-全球能源价格-大宗商品价格-都在涨.mp4,external_original_only,2026-09-20T14:42:32+08:00,True
b1b3bbf95d44ea98,shot072-01-造成了输入型-通胀-信息图卡,video,10_S老师IP资产,D_aigc,D:\aigc,D:\aigc\fed_rate_wolf_bak\jianying_import_pack_sentence_ip_v2\video_segments\shot072-01-造成了输入型-通胀-信息图卡.mp4,fed_rate_wolf_bak\jianying_import_pack_sentence_ip_v2\video_segments\shot072-01-造成了输入型-通胀-信息图卡.mp4,.mp4,52435,2026-05-26T17:21:55,2026-05-30T10:20:16,pending,none,internal,D:\Evan\AI-KnowledgeHub\10_S老师IP资产\_imported\D_aigc\fed_rate_wolf_bak\jianying_import_pack_sentence_ip_v2\video_segments\shot072-01-造成了输入型-通胀-信息图卡.mp4,external_original_only,2026-09-20T14:42:32+08:00,True
4280bf824257a499,shot073-01-钱越来越不值-谁还愿意拿着-那点固定利息-的债券,video,10_S老师IP资产,D_aigc,D:\aigc,D:\aigc\fed_rate_wolf_bak\jianying_import_pack_sentence_ip_v2\video_segments\shot073-01-钱越来越不值-谁还愿意拿着-那点固定利息-的债券.mp4,fed_rate_wolf_bak\jianying_import_pack_sentence_ip_v2\video_segments\shot073-01-钱越来越不值-谁还愿意拿着-那点固定利息-的债券.mp4,.mp4,67556,2026-05-26T17:21:56,2026-05-30T10:20:16,pending,none,internal,D:\Evan\AI-KnowledgeHub\10_S老师IP资产\_imported\D_aigc\fed_rate_wolf_bak\jianying_import_pack_sentence_ip_v2\video_segments\shot073-01-钱越来越不值-谁还愿意拿着-那点固定利息-的债券.mp4,external_original_only,2026-09-20T14:42:32+08:00,True
16186414849532b7,shot074-01-必须要求更高-的收益率,video,10_S老师IP资产,D_aigc,D:\aigc,D:\aigc\fed_rate_wolf_bak\jianying_import_pack_sentence_ip_v2\video_segments\shot074-01-必须要求更高-的收益率.mp4,fed_rate_wolf_bak\jianying_import_pack_sentence_ip_v2\video_segments\shot074-01-必须要求更高-的收益率.mp4,.mp4,102981,2026-05-26T17:21:57,2026-05-30T10:20:16,pending,none,internal,D:\Evan\AI-KnowledgeHub\10_S老师IP资产\_imported\D_aigc\fed_rate_wolf_bak\jianying_import_pack_sentence_ip_v2\video_segments\shot074-01-必须要求更高-的收益率.mp4,external_original_only,2026-09-20T14:42:32+08:00,True
822c2fe6b37597e2,shot075-01-美债黑洞-第二-信息图卡,video,10_S老师IP资产,D_aigc,D:\aigc,D:\aigc\fed_rate_wolf_bak\jianying_import_pack_sentence_ip_v2\video_segments\shot075-01-美债黑洞-第二-信息图卡.mp4,fed_rate_wolf_bak\jianying_import_pack_sentence_ip_v2\video_segments\shot075-01-美债黑洞-第二-信息图卡.mp4,.mp4,43683,2026-05-26T17:21:57,2026-05-30T10:20:16,pending,none,internal,D:\Evan\AI-KnowledgeHub\10_S老师IP资产\_imported\D_aigc\fed_rate_wolf_bak\jianying_import_pack_sentence_ip_v2\video_segments\shot075-01-美债黑洞-第二-信息图卡.mp4,external_original_only,2026-09-20T14:42:32+08:00,True
02d36697cffef3d5,shot076-01-美国国债现在-已经超过了-万亿美金-信息图卡,video,10_S老师IP资产,D_aigc,D:\aigc,D:\aigc\fed_rate_wolf_bak\jianying_import_pack_sentence_ip_v2\video_segments\shot076-01-美国国债现在-已经超过了-万亿美金-信息图卡.mp4,fed_rate_wolf_bak\jianying_import_pack_sentence_ip_v2\video_segments\shot076-01-美国国债现在-已经超过了-万亿美金-信息图卡.mp4,.mp4,71674,2026-05-26T17:21:58,2026-05-30T10:20:16,pending,none,internal,D:\Evan\AI-KnowledgeHub\10_S老师IP资产\_imported\D_aigc\fed_rate_wolf_bak\jianying_import_pack_sentence_ip_v2\video_segments\shot076-01-美国国债现在-已经超过了-万亿美金-信息图卡.mp4,external_original_only,2026-09-20T14:42:32+08:00,True
7f8cd08bc2356f11,shot077-01-只能借新还旧-而且是借新债-还旧债的利息-它怎么还,video,10_S老师IP资产,D_aigc,D:\aigc,D:\aigc\fed_rate_wolf_bak\jianying_import_pack_sentence_ip_v2\video_segments\shot077-01-只能借新还旧-而且是借新债-还旧债的利息-它怎么还.mp4,fed_rate_wolf_bak\jianying_import_pack_sentence_ip_v2\video_segments\shot077-01-只能借新还旧-而且是借新债-还旧债的利息-它怎么还.mp4,.mp4,1106986,2026-05-26T17:22:00,2026-05-30T10:20:16,pending,none,internal,D:\Evan\AI-KnowledgeHub\10_S老师IP资产\_imported\D_aigc\fed_rate_wolf_bak\jianying_import_pack_sentence_ip_v2\video_segments\shot077-01-只能借新还旧-而且是借新债-还旧债的利息-它怎么还.mp4,external_original_only,2026-09-20T14:42:32+08:00,True
6b28262f0a309182,shot078-01-雪球越滚越大-信用越来越弱-信息图卡,video,10_S老师IP资产,D_aigc,D:\aigc,D:\aigc\fed_rate_wolf_bak\jianying_import_pack_sentence_ip_v2\video_segments\shot078-01-雪球越滚越大-信用越来越弱-信息图卡.mp4,fed_rate_wolf_bak\jianying_import_pack_sentence_ip_v2\video_segments\shot078-01-雪球越滚越大-信用越来越弱-信息图卡.mp4,.mp4,62609,2026-05-26T17:22:01,2026-05-30T10:20:16,pending,none,internal,D:\Evan\AI-KnowledgeHub\10_S老师IP资产\_imported\D_aigc\fed_rate_wolf_bak\jianying_import_pack_sentence_ip_v2\video_segments\shot078-01-雪球越滚越大-信用越来越弱-信息图卡.mp4,external_original_only,2026-09-20T14:42:32+08:00,True
544d71ff06ce51a1,shot079-01-全球央行都在-都在买黄金-不买美债了-去美元化,video,10_S老师IP资产,D_aigc,D:\aigc,D:\aigc\fed_rate_wolf_bak\jianying_import_pack_sentence_ip_v2\video_segments\shot079-01-全球央行都在-都在买黄金-不买美债了-去美元化.mp4,fed_rate_wolf_bak\jianying_import_pack_sentence_ip_v2\video_segments\shot079-01-全球央行都在-都在买黄金-不买美债了-去美元化.mp4,.mp4,86701,2026-05-26T17:22:02,2026-05-30T10:20:16,pending,none,internal,D:\Evan\AI-KnowledgeHub\10_S老师IP资产\_imported\D_aigc\fed_rate_wolf_bak\jianying_import_pack_sentence_ip_v2\video_segments\shot079-01-全球央行都在-都在买黄金-不买美债了-去美元化.mp4,external_original_only,2026-09-20T14:42:32+08:00,True
adee1fb55a7a70b8,shot080-01-供给还在增加-你现在发债-需求少了,video,10_S老师IP资产,D_aigc,D:\aigc,D:\aigc\fed_rate_wolf_bak\jianying_import_pack_sentence_ip_v2\video_segments\shot080-01-供给还在增加-你现在发债-需求少了.mp4,fed_rate_wolf_bak\jianying_import_pack_sentence_ip_v2\video_segments\shot080-01-供给还在增加-你现在发债-需求少了.mp4,.mp4,2062325,2026-05-26T17:22:03,2026-05-30T10:20:16,pending,none,internal,D:\Evan\AI-KnowledgeHub\10_S老师IP资产\_imported\D_aigc\fed_rate_wolf_bak\jianying_import_pack_sentence_ip_v2\video_segments\shot080-01-供给还在增加-你现在发债-需求少了.mp4,external_original_only,2026-09-20T14:42:32+08:00,True
d4b50e88f37ab4f8,shot081-01-为了把债卖出-你就必须承诺-更高的收益率-信息图卡,video,10_S老师IP资产,D_aigc,D:\aigc,D:\aigc\fed_rate_wolf_bak\jianying_import_pack_sentence_ip_v2\video_segments\shot081-01-为了把债卖出-你就必须承诺-更高的收益率-信息图卡.mp4,fed_rate_wolf_bak\jianying_import_pack_sentence_ip_v2\video_segments\shot081-01-为了把债卖出-你就必须承诺-更高的收益率-信息图卡.mp4,.mp4,80876,2026-05-26T17:22:04,2026-05-30T10:20:16,pending,none,internal,D:\Evan\AI-KnowledgeHub\10_S老师IP资产\_imported\D_aigc\fed_rate_wolf_bak\jianying_import_pack_sentence_ip_v2\video_segments\shot081-01-为了把债卖出-你就必须承诺-更高的收益率-信息图卡.mp4,external_original_only,2026-09-20T14:42:32+08:00,True
794c09a0aa1be424,shot082-01-供需失衡-第三,video,10_S老师IP资产,D_aigc,D:\aigc,D:\aigc\fed_rate_wolf_bak\jianying_import_pack_sentence_ip_v2\video_segments\shot082-01-供需失衡-第三.mp4,fed_rate_wolf_bak\jianying_import_pack_sentence_ip_v2\video_segments\shot082-01-供需失衡-第三.mp4,.mp4,672270,2026-05-26T17:22:05,2026-05-30T10:20:16,pending,none,internal,D:\Evan\AI-KnowledgeHub\10_S老师IP资产\_imported\D_aigc\fed_rate_wolf_bak\jianying_import_pack_sentence_ip_v2\video_segments\shot082-01-供需失衡-第三.mp4,external_original_only,2026-09-20T14:42:32+08:00,True
1124787145a80594,shot083-01-美国财政部在-但全球的大买-疯狂发债,video,10_S老师IP资产,D_aigc,D:\aigc,D:\aigc\fed_rate_wolf_bak\jianying_import_pack_sentence_ip_v2\video_segments\shot083-01-美国财政部在-但全球的大买-疯狂发债.mp4,fed_rate_wolf_bak\jianying_import_pack_sentence_ip_v2\video_segments\shot083-01-美国财政部在-但全球的大买-疯狂发债.mp4,.mp4,1722318,2026-05-26T17:22:06,2026-05-30T10:20:16,pending,none,internal,D:\Evan\AI-KnowledgeHub\10_S老师IP资产\_imported\D_aigc\fed_rate_wolf_bak\jianying_import_pack_sentence_ip_v2\video_segments\shot083-01-美国财政部在-但全球的大买-疯狂发债.mp4,external_original_only,2026-09-20T14:42:32+08:00,True
3b551e85a8d53664,shot084-01-甚至是中东一-像中国-些国家-日本-信息图卡,video,10_S老师IP资产,D_aigc,D:\aigc,D:\aigc\fed_rate_wolf_bak\jianying_import_pack_sentence_ip_v2\video_segments\shot084-01-甚至是中东一-像中国-些国家-日本-信息图卡.mp4,fed_rate_wolf_bak\jianying_import_pack_sentence_ip_v2\video_segments\shot084-01-甚至是中东一-像中国-些国家-日本-信息图卡.mp4,.mp4,62987,2026-05-26T17:22:07,2026-05-30T10:20:16,pending,none,internal,D:\Evan\AI-KnowledgeHub\10_S老师IP资产\_imported\D_aigc\fed_rate_wolf_bak\jianying_import_pack_sentence_ip_v2\video_segments\shot084-01-甚至是中东一-像中国-些国家-日本-信息图卡.mp4,external_original_only,2026-09-20T14:42:32+08:00,True
78c0f959b1f5e4db,shot085-01-都在减持或者-不增持,video,10_S老师IP资产,D_aigc,D:\aigc,D:\aigc\fed_rate_wolf_bak\jianying_import_pack_sentence_ip_v2\video_segments\shot085-01-都在减持或者-不增持.mp4,fed_rate_wolf_bak\jianying_import_pack_sentence_ip_v2\video_segments\shot085-01-都在减持或者-不增持.mp4,.mp4,43899,2026-05-26T17:22:08,2026-05-30T10:20:16,pending,none,internal,D:\Evan\AI-KnowledgeHub\10_S老师IP资产\_imported\D_aigc\fed_rate_wolf_bak\jianying_import_pack_sentence_ip_v2\video_segments\shot085-01-都在减持或者-不增持.mp4,external_original_only,2026-09-20T14:42:32+08:00,True
6b3df71f0ba3b649,shot086-01-收益率自然就-供大于求-价格下跌-上去了,video,10_S老师IP资产,D_aigc,D:\aigc,D:\aigc\fed_rate_wolf_bak\jianying_import_pack_sentence_ip_v2\video_segments\shot086-01-收益率自然就-供大于求-价格下跌-上去了.mp4,fed_rate_wolf_bak\jianying_import_pack_sentence_ip_v2\video_segments\shot086-01-收益率自然就-供大于求-价格下跌-上去了.mp4,.mp4,155489,2026-05-26T17:22:09,2026-05-30T10:20:16,pending,none,internal,D:\Evan\AI-KnowledgeHub\10_S老师IP资产\_imported\D_aigc\fed_rate_wolf_bak\jianying_import_pack_sentence_ip_v2\video_segments\shot086-01-收益率自然就-供大于求-价格下跌-上去了.mp4,external_original_only,2026-09-20T14:42:32+08:00,True
0c893ddc65d8cb54,shot087-01-这三点一讲-你看-信息图卡,video,10_S老师IP资产,D_aigc,D:\aigc,D:\aigc\fed_rate_wolf_bak\jianying_import_pack_sentence_ip_v2\video_segments\shot087-01-这三点一讲-你看-信息图卡.mp4,fed_rate_wolf_bak\jianying_import_pack_sentence_ip_v2\video_segments\shot087-01-这三点一讲-你看-信息图卡.mp4,.mp4,43203,2026-05-26T17:22:09,2026-05-30T10:20:16,pending,none,internal,D:\Evan\AI-KnowledgeHub\10_S老师IP资产\_imported\D_aigc\fed_rate_wolf_bak\jianying_import_pack_sentence_ip_v2\video_segments\shot087-01-这三点一讲-你看-信息图卡.mp4,external_original_only,2026-09-20T14:42:32+08:00,True
6e84a51b24213bc0,shot088-01-你是不是就对-为什么加息的-狼要来了-这个事儿,video,10_S老师IP资产,D_aigc,D:\aigc,D:\aigc\fed_rate_wolf_bak\jianying_import_pack_sentence_ip_v2\video_segments\shot088-01-你是不是就对-为什么加息的-狼要来了-这个事儿.mp4,fed_rate_wolf_bak\jianying_import_pack_sentence_ip_v2\video_segments\shot088-01-你是不是就对-为什么加息的-狼要来了-这个事儿.mp4,.mp4,1112673,2026-05-26T17:22:11,2026-05-30T10:20:16,pending,none,internal,D:\Evan\AI-KnowledgeHub\10_S老师IP资产\_imported\D_aigc\fed_rate_wolf_bak\jianying_import_pack_sentence_ip_v2\video_segments\shot088-01-你是不是就对-为什么加息的-狼要来了-这个事儿.mp4,external_original_only,2026-09-20T14:42:32+08:00,True
557fae95bdb5d040,shot089-01-你已经超越了-心里有底了-的普通散户-恭喜你-信息图卡,video,10_S老师IP资产,D_aigc,D:\aigc,D:\aigc\fed_rate_wolf_bak\jianying_import_pack_sentence_ip_v2\video_segments\shot089-01-你已经超越了-心里有底了-的普通散户-恭喜你-信息图卡.mp4,fed_rate_wolf_bak\jianying_import_pack_sentence_ip_v2\video_segments\shot089-01-你已经超越了-心里有底了-的普通散户-恭喜你-信息图卡.mp4,.mp4,83668,2026-05-26T17:22:12,2026-05-30T10:20:16,pending,none,internal,D:\Evan\AI-KnowledgeHub\10_S老师IP资产\_imported\D_aigc\fed_rate_wolf_bak\jianying_import_pack_sentence_ip_v2\video_segments\shot089-01-你已经超越了-心里有底了-的普通散户-恭喜你-信息图卡.mp4,external_original_only,2026-09-20T14:42:32+08:00,True
5ad451fead1a1105,shot090-01-我们把视角收-回来-信息图卡,video,10_S老师IP资产,D_aigc,D:\aigc,D:\aigc\fed_rate_wolf_bak\jianying_import_pack_sentence_ip_v2\video_segments\shot090-01-我们把视角收-回来-信息图卡.mp4,fed_rate_wolf_bak\jianying_import_pack_sentence_ip_v2\video_segments\shot090-01-我们把视角收-回来-信息图卡.mp4,.mp4,50092,2026-05-26T17:22:13,2026-05-30T10:20:16,pending,none,internal,D:\Evan\AI-KnowledgeHub\10_S老师IP资产\_imported\D_aigc\fed_rate_wolf_bak\jianying_import_pack_sentence_ip_v2\video_segments\shot090-01-我们把视角收-回来-信息图卡.mp4,external_original_only,2026-09-20T14:42:32+08:00,True
dfb6cab08786f92c,shot091-01-新主席凯文-他上台了-沃什,video,10_S老师IP资产,D_aigc,D:\aigc,D:\aigc\fed_rate_wolf_bak\jianying_import_pack_sentence_ip_v2\video_segments\shot091-01-新主席凯文-他上台了-沃什.mp4,fed_rate_wolf_bak\jianying_import_pack_sentence_ip_v2\video_segments\shot091-01-新主席凯文-他上台了-沃什.mp4,.mp4,537884,2026-05-26T17:22:14,2026-05-30T10:20:16,pending,none,internal,D:\Evan\AI-KnowledgeHub\10_S老师IP资产\_imported\D_aigc\fed_rate_wolf_bak\jianying_import_pack_sentence_ip_v2\video_segments\shot091-01-新主席凯文-他上台了-沃什.mp4,external_original_only,2026-09-20T14:42:32+08:00,True
e12cd284583a6fe4,shot092-01-这人什么来头,video,10_S老师IP资产,D_aigc,D:\aigc,D:\aigc\fed_rate_wolf_bak\jianying_import_pack_sentence_ip_v2\video_segments\shot092-01-这人什么来头.mp4,fed_rate_wolf_bak\jianying_import_pack_sentence_ip_v2\video_segments\shot092-01-这人什么来头.mp4,.mp4,423112,2026-05-26T17:22:14,2026-05-30T10:20:16,pending,none,internal,D:\Evan\AI-KnowledgeHub\10_S老师IP资产\_imported\D_aigc\fed_rate_wolf_bak\jianying_import_pack_sentence_ip_v2\video_segments\shot092-01-这人什么来头.mp4,external_original_only,2026-09-20T14:42:32+08:00,True
d6ffcbb3ccc6222f,shot093-01-他是一个-简单说-硬骨头-信息图卡,video,10_S老师IP资产,D_aigc,D:\aigc,D:\aigc\fed_rate_wolf_bak\jianying_import_pack_sentence_ip_v2\video_segments\shot093-01-他是一个-简单说-硬骨头-信息图卡.mp4,fed_rate_wolf_bak\jianying_import_pack_sentence_ip_v2\video_segments\shot093-01-他是一个-简单说-硬骨头-信息图卡.mp4,.mp4,53708,2026-05-26T17:22:15,2026-05-30T10:20:16,pending,none,internal,D:\Evan\AI-KnowledgeHub\10_S老师IP资产\_imported\D_aigc\fed_rate_wolf_bak\jianying_import_pack_sentence_ip_v2\video_segments\shot093-01-他是一个-简单说-硬骨头-信息图卡.mp4,external_original_only,2026-09-20T14:42:32+08:00,True
2cb1b6f5ac022669,shot094-01-也是史上最富-的美联储主席,video,10_S老师IP资产,D_aigc,D:\aigc,D:\aigc\fed_rate_wolf_bak\jianying_import_pack_sentence_ip_v2\video_segments\shot094-01-也是史上最富-的美联储主席.mp4,fed_rate_wolf_bak\jianying_import_pack_sentence_ip_v2\video_segments\shot094-01-也是史上最富-的美联储主席.mp4,.mp4,69636,2026-05-26T17:22:16,2026-05-30T10:20:16,pending,none,internal,D:\Evan\AI-KnowledgeHub\10_S老师IP资产\_imported\D_aigc\fed_rate_wolf_bak\jianying_import_pack_sentence_ip_v2\video_segments\shot094-01-也是史上最富-的美联储主席.mp4,external_original_only,2026-09-20T14:42:32+08:00,True
efe8738cd51a197c,shot095-01-他亲眼目睹过-年金融海啸,video,10_S老师IP资产,D_aigc,D:\aigc,D:\aigc\fed_rate_wolf_bak\jianying_import_pack_sentence_ip_v2\video_segments\shot095-01-他亲眼目睹过-年金融海啸.mp4,fed_rate_wolf_bak\jianying_import_pack_sentence_ip_v2\video_segments\shot095-01-他亲眼目睹过-年金融海啸.mp4,.mp4,99194,2026-05-26T17:22:16,2026-05-30T10:20:16,pending,none,internal,D:\Evan\AI-KnowledgeHub\10_S老师IP资产\_imported\D_aigc\fed_rate_wolf_bak\jianying_import_pack_sentence_ip_v2\video_segments\shot095-01-他亲眼目睹过-年金融海啸.mp4,external_original_only,2026-09-20T14:42:32+08:00,True
41305497a7dda9ea,shot096-01-他有一个根深-蒂固的观念-信息图卡,video,10_S老师IP资产,D_aigc,D:\aigc,D:\aigc\fed_rate_wolf_bak\jianying_import_pack_sentence_ip_v2\video_segments\shot096-01-他有一个根深-蒂固的观念-信息图卡.mp4,fed_rate_wolf_bak\jianying_import_pack_sentence_ip_v2\video_segments\shot096-01-他有一个根深-蒂固的观念-信息图卡.mp4,.mp4,59358,2026-05-26T17:22:17,2026-05-30T10:20:16,pending,none,internal,D:\Evan\AI-KnowledgeHub\10_S老师IP资产\_imported\D_aigc\fed_rate_wolf_bak\jianying_import_pack_sentence_ip_v2\video_segments\shot096-01-他有一个根深-蒂固的观念-信息图卡.mp4,external_original_only,2026-09-20T14:42:32+08:00,True
8a0273a0cebd37f2,shot097-01-量化宽松-这种东西-QE,video,10_S老师IP资产,D_aigc,D:\aigc,D:\aigc\fed_rate_wolf_bak\jianying_import_pack_sentence_ip_v2\video_segments\shot097-01-量化宽松-这种东西-QE.mp4,fed_rate_wolf_bak\jianying_import_pack_sentence_ip_v2\video_segments\shot097-01-量化宽松-这种东西-QE.mp4,.mp4,448969,2026-05-26T17:22:18,2026-05-30T10:20:16,pending,none,internal,D:\Evan\AI-KnowledgeHub\10_S老师IP资产\_imported\D_aigc\fed_rate_wolf_bak\jianying_import_pack_sentence_ip_v2\video_segments\shot097-01-量化宽松-这种东西-QE.mp4,external_original_only,2026-09-20T14:42:32+08:00,True
61c47e4c48890595,shot098-01-就像是给一个-快死的人强心,video,10_S老师IP资产,D_aigc,D:\aigc,D:\aigc\fed_rate_wolf_bak\jianying_import_pack_sentence_ip_v2\video_segments\shot098-01-就像是给一个-快死的人强心.mp4,fed_rate_wolf_bak\jianying_import_pack_sentence_ip_v2\video_segments\shot098-01-就像是给一个-快死的人强心.mp4,.mp4,194181,2026-05-26T17:22:19,2026-05-30T10:20:16,pending,none,internal,D:\Evan\AI-KnowledgeHub\10_S老师IP资产\_imported\D_aigc\fed_rate_wolf_bak\jianying_import_pack_sentence_ip_v2\video_segments\shot098-01-就像是给一个-快死的人强心.mp4,external_original_only,2026-09-20T14:42:32+08:00,True
ec9b85b6068f1873,shot099-01-是用来救急的-不能当饭吃-输液-信息图卡,video,10_S老师IP资产,D_aigc,D:\aigc,D:\aigc\fed_rate_wolf_bak\jianying_import_pack_sentence_ip_v2\video_segments\shot099-01-是用来救急的-不能当饭吃-输液-信息图卡.mp4,fed_rate_wolf_bak\jianying_import_pack_sentence_ip_v2\video_segments\shot099-01-是用来救急的-不能当饭吃-输液-信息图卡.mp4,.mp4,64705,2026-05-26T17:22:20,2026-05-30T10:20:16,pending,none,internal,D:\Evan\AI-KnowledgeHub\10_S老师IP资产\_imported\D_aigc\fed_rate_wolf_bak\jianying_import_pack_sentence_ip_v2\video_segments\shot099-01-是用来救急的-不能当饭吃-输液-信息图卡.mp4,external_original_only,2026-09-20T14:42:32+08:00,True
8db8b1455e8d1474,shot100-01-不能成为市场-的长期兴奋剂,video,10_S老师IP资产,D_aigc,D:\aigc,D:\aigc\fed_rate_wolf_bak\jianying_import_pack_sentence_ip_v2\video_segments\shot100-01-不能成为市场-的长期兴奋剂.mp4,fed_rate_wolf_bak\jianying_import_pack_sentence_ip_v2\video_segments\shot100-01-不能成为市场-的长期兴奋剂.mp4,.mp4,65280,2026-05-26T17:22:21,2026-05-30T10:20:16,pending,none,internal,D:\Evan\AI-KnowledgeHub\10_S老师IP资产\_imported\D_aigc\fed_rate_wolf_bak\jianying_import_pack_sentence_ip_v2\video_segments\shot100-01-不能成为市场-的长期兴奋剂.mp4,external_original_only,2026-09-20T14:42:32+08:00,True
5d89daacd260db4d,shot101-01-他一上来就提-出了一个让大-家很迷惑的组-合拳,video,10_S老师IP资产,D_aigc,D:\aigc,D:\aigc\fed_rate_wolf_bak\jianying_import_pack_sentence_ip_v2\video_segments\shot101-01-他一上来就提-出了一个让大-家很迷惑的组-合拳.mp4,fed_rate_wolf_bak\jianying_import_pack_sentence_ip_v2\video_segments\shot101-01-他一上来就提-出了一个让大-家很迷惑的组-合拳.mp4,.mp4,2080327,2026-05-26T17:22:23,2026-05-30T10:20:16,pending,none,internal,D:\Evan\AI-KnowledgeHub\10_S老师IP资产\_imported\D_aigc\fed_rate_wolf_bak\jianying_import_pack_sentence_ip_v2\video_segments\shot101-01-他一上来就提-出了一个让大-家很迷惑的组-合拳.mp4,external_original_only,2026-09-20T14:42:32+08:00,True
9ed0c4df257faff5,shot102-01-这俩不是矛盾-什么意思-很多人说-缩表-信息图卡,video,10_S老师IP资产,D_aigc,D:\aigc,D:\aigc\fed_rate_wolf_bak\jianying_import_pack_sentence_ip_v2\video_segments\shot102-01-这俩不是矛盾-什么意思-很多人说-缩表-信息图卡.mp4,fed_rate_wolf_bak\jianying_import_pack_sentence_ip_v2\video_segments\shot102-01-这俩不是矛盾-什么意思-很多人说-缩表-信息图卡.mp4,.mp4,82070,2026-05-26T17:22:24,2026-05-30T10:20:16,pending,none,internal,D:\Evan\AI-KnowledgeHub\10_S老师IP资产\_imported\D_aigc\fed_rate_wolf_bak\jianying_import_pack_sentence_ip_v2\video_segments\shot102-01-这俩不是矛盾-什么意思-很多人说-缩表-信息图卡.mp4,external_original_only,2026-09-20T14:42:32+08:00,True
3cded8e0d92e47f2,shot103-01-一个收紧-一个放松,video,10_S老师IP资产,D_aigc,D:\aigc,D:\aigc\fed_rate_wolf_bak\jianying_import_pack_sentence_ip_v2\video_segments\shot103-01-一个收紧-一个放松.mp4,fed_rate_wolf_bak\jianying_import_pack_sentence_ip_v2\video_segments\shot103-01-一个收紧-一个放松.mp4,.mp4,37353,2026-05-26T17:22:25,2026-05-30T10:20:16,pending,none,internal,D:\Evan\AI-KnowledgeHub\10_S老师IP资产\_imported\D_aigc\fed_rate_wolf_bak\jianying_import_pack_sentence_ip_v2\video_segments\shot103-01-一个收紧-一个放松.mp4,external_original_only,2026-09-20T14:42:32+08:00,True
6f9002eb049f6f3b,shot104-01-我给你们用场-景还原一下,video,10_S老师IP资产,D_aigc,D:\aigc,D:\aigc\fed_rate_wolf_bak\jianying_import_pack_sentence_ip_v2\video_segments\shot104-01-我给你们用场-景还原一下.mp4,fed_rate_wolf_bak\jianying_import_pack_sentence_ip_v2\video_segments\shot104-01-我给你们用场-景还原一下.mp4,.mp4,1456148,2026-05-26T17:22:27,2026-05-30T10:20:16,pending,none,internal,D:\Evan\AI-KnowledgeHub\10_S老师IP资产\_imported\D_aigc\fed_rate_wolf_bak\jianying_import_pack_sentence_ip_v2\video_segments\shot104-01-我给你们用场-景还原一下.mp4,external_original_only,2026-09-20T14:42:32+08:00,True
871fee8cf70ff870,shot105-01-这就好比一个-之前病危的时-候天天输液-病人-信息图卡,video,10_S老师IP资产,D_aigc,D:\aigc,D:\aigc\fed_rate_wolf_bak\jianying_import_pack_sentence_ip_v2\video_segments\shot105-01-这就好比一个-之前病危的时-候天天输液-病人-信息图卡.mp4,fed_rate_wolf_bak\jianying_import_pack_sentence_ip_v2\video_segments\shot105-01-这就好比一个-之前病危的时-候天天输液-病人-信息图卡.mp4,.mp4,80564,2026-05-26T17:22:28,2026-05-30T10:20:16,pending,none,internal,D:\Evan\AI-KnowledgeHub\10_S老师IP资产\_imported\D_aigc\fed_rate_wolf_bak\jianying_import_pack_sentence_ip_v2\video_segments\shot105-01-这就好比一个-之前病危的时-候天天输液-病人-信息图卡.mp4,external_original_only,2026-09-20T14:42:32+08:00,True
9c576b8f3e312369,shot106-01-释放流动性,video,10_S老师IP资产,D_aigc,D:\aigc,D:\aigc\fed_rate_wolf_bak\jianying_import_pack_sentence_ip_v2\video_segments\shot106-01-释放流动性.mp4,fed_rate_wolf_bak\jianying_import_pack_sentence_ip_v2\video_segments\shot106-01-释放流动性.mp4,.mp4,51340,2026-05-26T17:22:28,2026-05-30T10:20:16,pending,none,internal,D:\Evan\AI-KnowledgeHub\10_S老师IP资产\_imported\D_aigc\fed_rate_wolf_bak\jianying_import_pack_sentence_ip_v2\video_segments\shot106-01-释放流动性.mp4,external_original_only,2026-09-20T14:42:32+08:00,True
5a054faf67f6b357,shot107-01-现在人救过来-沃什认为,video,10_S老师IP资产,D_aigc,D:\aigc,D:\aigc\fed_rate_wolf_bak\jianying_import_pack_sentence_ip_v2\video_segments\shot107-01-现在人救过来-沃什认为.mp4,fed_rate_wolf_bak\jianying_import_pack_sentence_ip_v2\video_segments\shot107-01-现在人救过来-沃什认为.mp4,.mp4,440898,2026-05-26T17:22:29,2026-05-30T10:20:16,pending,none,internal,D:\Evan\AI-KnowledgeHub\10_S老师IP资产\_imported\D_aigc\fed_rate_wolf_bak\jianying_import_pack_sentence_ip_v2\video_segments\shot107-01-现在人救过来-沃什认为.mp4,external_original_only,2026-09-20T14:42:32+08:00,True
bd9dc236ca2c1088,shot108-01-应该慢慢把输-液停掉-缩表-信息图卡,video,10_S老师IP资产,D_aigc,D:\aigc,D:\aigc\fed_rate_wolf_bak\jianying_import_pack_sentence_ip_v2\video_segments\shot108-01-应该慢慢把输-液停掉-缩表-信息图卡.mp4,fed_rate_wolf_bak\jianying_import_pack_sentence_ip_v2\video_segments\shot108-01-应该慢慢把输-液停掉-缩表-信息图卡.mp4,.mp4,67542,2026-05-26T17:22:30,2026-05-30T10:20:16,pending,none,internal,D:\Evan\AI-KnowledgeHub\10_S老师IP资产\_imported\D_aigc\fed_rate_wolf_bak\jianying_import_pack_sentence_ip_v2\video_segments\shot108-01-应该慢慢把输-液停掉-缩表-信息图卡.mp4,external_original_only,2026-09-20T14:42:32+08:00,True
d65e68e7774c186e,shot109-01-让你靠自身的-免疫力去恢复,video,10_S老师IP资产,D_aigc,D:\aigc,D:\aigc\fed_rate_wolf_bak\jianying_import_pack_sentence_ip_v2\video_segments\shot109-01-让你靠自身的-免疫力去恢复.mp4,fed_rate_wolf_bak\jianying_import_pack_sentence_ip_v2\video_segments\shot109-01-让你靠自身的-免疫力去恢复.mp4,.mp4,69059,2026-05-26T17:22:31,2026-05-30T10:20:16,pending,none,internal,D:\Evan\AI-KnowledgeHub\10_S老师IP资产\_imported\D_aigc\fed_rate_wolf_bak\jianying_import_pack_sentence_ip_v2\video_segments\shot109-01-让你靠自身的-免疫力去恢复.mp4,external_original_only,2026-09-20T14:42:32+08:00,True
be203985f9c0d5b7,shot110-01-在恢复的过程-身子还有点虚-但是呢-怎么办,video,10_S老师IP资产,D_aigc,D:\aigc,D:\aigc\fed_rate_wolf_bak\jianying_import_pack_sentence_ip_v2\video_segments\shot110-01-在恢复的过程-身子还有点虚-但是呢-怎么办.mp4,fed_rate_wolf_bak\jianying_import_pack_sentence_ip_v2\video_segments\shot110-01-在恢复的过程-身子还有点虚-但是呢-怎么办.mp4,.mp4,73033,2026-05-26T17:22:32,2026-05-30T10:20:16,pending,none,internal,D:\Evan\AI-KnowledgeHub\10_S老师IP资产\_imported\D_aigc\fed_rate_wolf_bak\jianying_import_pack_sentence_ip_v2\video_segments\shot110-01-在恢复的过程-身子还有点虚-但是呢-怎么办.mp4,external_original_only,2026-09-20T14:42:32+08:00,True
ab539835e343a03b,shot111-01-给你吃点营养-降低你的融资-降息-成本-信息图卡,video,10_S老师IP资产,D_aigc,D:\aigc,D:\aigc\fed_rate_wolf_bak\jianying_import_pack_sentence_ip_v2\video_segments\shot111-01-给你吃点营养-降低你的融资-降息-成本-信息图卡.mp4,fed_rate_wolf_bak\jianying_import_pack_sentence_ip_v2\video_segments\shot111-01-给你吃点营养-降低你的融资-降息-成本-信息图卡.mp4,.mp4,76195,2026-05-26T17:22:33,2026-05-30T10:20:16,pending,none,internal,D:\Evan\AI-KnowledgeHub\10_S老师IP资产\_imported\D_aigc\fed_rate_wolf_bak\jianying_import_pack_sentence_ip_v2\video_segments\shot111-01-给你吃点营养-降低你的融资-降息-成本-信息图卡.mp4,external_original_only,2026-09-20T14:42:32+08:00,True
16175800dda2ef7d,shot112-01-刺激一下经济,video,10_S老师IP资产,D_aigc,D:\aigc,D:\aigc\fed_rate_wolf_bak\jianying_import_pack_sentence_ip_v2\video_segments\shot112-01-刺激一下经济.mp4,fed_rate_wolf_bak\jianying_import_pack_sentence_ip_v2\video_segments\shot112-01-刺激一下经济.mp4,.mp4,42447,2026-05-26T17:22:34,2026-05-30T10:20:16,pending,none,internal,D:\Evan\AI-KnowledgeHub\10_S老师IP资产\_imported\D_aigc\fed_rate_wolf_bak\jianying_import_pack_sentence_ip_v2\video_segments\shot112-01-刺激一下经济.mp4,external_original_only,2026-09-20T14:42:32+08:00,True
591af154a0c59203,shot113-01-就是把美联储-手里的资产卖-缩表-出去,video,10_S老师IP资产,D_aigc,D:\aigc,D:\aigc\fed_rate_wolf_bak\jianying_import_pack_sentence_ip_v2\video_segments\shot113-01-就是把美联储-手里的资产卖-缩表-出去.mp4,fed_rate_wolf_bak\jianying_import_pack_sentence_ip_v2\video_segments\shot113-01-就是把美联储-手里的资产卖-缩表-出去.mp4,.mp4,1531210,2026-05-26T17:22:34,2026-05-30T10:20:16,pending,none,internal,D:\Evan\AI-KnowledgeHub\10_S老师IP资产\_imported\D_aigc\fed_rate_wolf_bak\jianying_import_pack_sentence_ip_v2\video_segments\shot113-01-就是把美联储-手里的资产卖-缩表-出去.mp4,external_original_only,2026-09-20T14:42:32+08:00,True
4d2cd66e97a34031,shot114-01-从市场收回流-动性-信息图卡,video,10_S老师IP资产,D_aigc,D:\aigc,D:\aigc\fed_rate_wolf_bak\jianying_import_pack_sentence_ip_v2\video_segments\shot114-01-从市场收回流-动性-信息图卡.mp4,fed_rate_wolf_bak\jianying_import_pack_sentence_ip_v2\video_segments\shot114-01-从市场收回流-动性-信息图卡.mp4,.mp4,47731,2026-05-26T17:22:35,2026-05-30T10:20:16,pending,none,internal,D:\Evan\AI-KnowledgeHub\10_S老师IP资产\_imported\D_aigc\fed_rate_wolf_bak\jianying_import_pack_sentence_ip_v2\video_segments\shot114-01-从市场收回流-动性-信息图卡.mp4,external_original_only,2026-09-20T14:42:32+08:00,True
22f910605ac262b7,shot115-01-说明他准备对-收一收市场上-这一招-抗通胀,video,10_S老师IP资产,D_aigc,D:\aigc,D:\aigc\fed_rate_wolf_bak\jianying_import_pack_sentence_ip_v2\video_segments\shot115-01-说明他准备对-收一收市场上-这一招-抗通胀.mp4,fed_rate_wolf_bak\jianying_import_pack_sentence_ip_v2\video_segments\shot115-01-说明他准备对-收一收市场上-这一招-抗通胀.mp4,.mp4,1577385,2026-05-26T17:22:37,2026-05-30T10:20:16,pending,none,internal,D:\Evan\AI-KnowledgeHub\10_S老师IP资产\_imported\D_aigc\fed_rate_wolf_bak\jianying_import_pack_sentence_ip_v2\video_segments\shot115-01-说明他准备对-收一收市场上-这一招-抗通胀.mp4,external_original_only,2026-09-20T14:42:32+08:00,True
23dfe138b63ff286,shot117-01-则是降低资金-鼓励企业投资-地基-降息-信息图卡,video,10_S老师IP资产,D_aigc,D:\aigc,D:\aigc\fed_rate_wolf_bak\jianying_import_pack_sentence_ip_v2\video_segments\shot117-01-则是降低资金-鼓励企业投资-地基-降息-信息图卡.mp4,fed_rate_wolf_bak\jianying_import_pack_sentence_ip_v2\video_segments\shot117-01-则是降低资金-鼓励企业投资-地基-降息-信息图卡.mp4,.mp4,76748,2026-05-26T17:22:39,2026-05-30T10:20:16,pending,none,internal,D:\Evan\AI-KnowledgeHub\10_S老师IP资产\_imported\D_aigc\fed_rate_wolf_bak\jianying_import_pack_sentence_ip_v2\video_segments\shot117-01-则是降低资金-鼓励企业投资-地基-降息-信息图卡.mp4,external_original_only,2026-09-20T14:42:32+08:00,True
178d267f6c86856a,shot118-01-鼓励经济发展,video,10_S老师IP资产,D_aigc,D:\aigc,D:\aigc\fed_rate_wolf_bak\jianying_import_pack_sentence_ip_v2\video_segments\shot118-01-鼓励经济发展.mp4,fed_rate_wolf_bak\jianying_import_pack_sentence_ip_v2\video_segments\shot118-01-鼓励经济发展.mp4,.mp4,47511,2026-05-26T17:22:40,2026-05-30T10:20:16,pending,none,internal,D:\Evan\AI-KnowledgeHub\10_S老师IP资产\_imported\D_aigc\fed_rate_wolf_bak\jianying_import_pack_sentence_ip_v2\video_segments\shot118-01-鼓励经济发展.mp4,external_original_only,2026-09-20T14:42:32+08:00,True
14bd4cb20cd95905,shot119-01-美国经济离不-这是他明白-开科技,video,10_S老师IP资产,D_aigc,D:\aigc,D:\aigc\fed_rate_wolf_bak\jianying_import_pack_sentence_ip_v2\video_segments\shot119-01-美国经济离不-这是他明白-开科技.mp4,fed_rate_wolf_bak\jianying_import_pack_sentence_ip_v2\video_segments\shot119-01-美国经济离不-这是他明白-开科技.mp4,.mp4,605217,2026-05-26T17:22:41,2026-05-30T10:20:16,pending,none,internal,D:\Evan\AI-KnowledgeHub\10_S老师IP资产\_imported\D_aigc\fed_rate_wolf_bak\jianying_import_pack_sentence_ip_v2\video_segments\shot119-01-美国经济离不-这是他明白-开科技.mp4,external_original_only,2026-09-20T14:42:32+08:00,True
82ce6a12bd29fa00,shot120-01-离不开宽松的-货币环境-信息图卡,video,10_S老师IP资产,D_aigc,D:\aigc,D:\aigc\fed_rate_wolf_bak\jianying_import_pack_sentence_ip_v2\video_segments\shot120-01-离不开宽松的-货币环境-信息图卡.mp4,fed_rate_wolf_bak\jianying_import_pack_sentence_ip_v2\video_segments\shot120-01-离不开宽松的-货币环境-信息图卡.mp4,.mp4,57833,2026-05-26T17:22:42,2026-05-30T10:20:16,pending,none,internal,D:\Evan\AI-KnowledgeHub\10_S老师IP资产\_imported\D_aigc\fed_rate_wolf_bak\jianying_import_pack_sentence_ip_v2\video_segments\shot120-01-离不开宽松的-货币环境-信息图卡.mp4,external_original_only,2026-09-20T14:42:32+08:00,True
3d8256f57cdd6583,shot121-01-你千万别以为-他会无脑暴力-加息,video,10_S老师IP资产,D_aigc,D:\aigc,D:\aigc\fed_rate_wolf_bak\jianying_import_pack_sentence_ip_v2\video_segments\shot121-01-你千万别以为-他会无脑暴力-加息.mp4,fed_rate_wolf_bak\jianying_import_pack_sentence_ip_v2\video_segments\shot121-01-你千万别以为-他会无脑暴力-加息.mp4,.mp4,1852748,2026-05-26T17:22:43,2026-05-30T10:20:16,pending,none,internal,D:\Evan\AI-KnowledgeHub\10_S老师IP资产\_imported\D_aigc\fed_rate_wolf_bak\jianying_import_pack_sentence_ip_v2\video_segments\shot121-01-你千万别以为-他会无脑暴力-加息.mp4,external_original_only,2026-09-20T14:42:32+08:00,True
209e4a6c32dd8863,shot122-01-当下的美国-承受不起-年那样的-次暴击,video,10_S老师IP资产,D_aigc,D:\aigc,D:\aigc\fed_rate_wolf_bak\jianying_import_pack_sentence_ip_v2\video_segments\shot122-01-当下的美国-承受不起-年那样的-次暴击.mp4,fed_rate_wolf_bak\jianying_import_pack_sentence_ip_v2\video_segments\shot122-01-当下的美国-承受不起-年那样的-次暴击.mp4,.mp4,2054308,2026-05-26T17:22:45,2026-05-30T10:20:16,pending,none,internal,D:\Evan\AI-KnowledgeHub\10_S老师IP资产\_imported\D_aigc\fed_rate_wolf_bak\jianying_import_pack_sentence_ip_v2\video_segments\shot122-01-当下的美国-承受不起-年那样的-次暴击.mp4,external_original_only,2026-09-20T14:42:32+08:00,True
2a3ebc5035c279a0,shot123-01-也只可能是虚-即便是加息-短暂的-弱的-信息图卡,video,10_S老师IP资产,D_aigc,D:\aigc,D:\aigc\fed_rate_wolf_bak\jianying_import_pack_sentence_ip_v2\video_segments\shot123-01-也只可能是虚-即便是加息-短暂的-弱的-信息图卡.mp4,fed_rate_wolf_bak\jianying_import_pack_sentence_ip_v2\video_segments\shot123-01-也只可能是虚-即便是加息-短暂的-弱的-信息图卡.mp4,.mp4,68473,2026-05-26T17:22:46,2026-05-30T10:20:16,pending,none,internal,D:\Evan\AI-KnowledgeHub\10_S老师IP资产\_imported\D_aigc\fed_rate_wolf_bak\jianying_import_pack_sentence_ip_v2\video_segments\shot123-01-也只可能是虚-即便是加息-短暂的-弱的-信息图卡.mp4,external_original_only,2026-09-20T14:42:32+08:00,True
6d9b132b99b628f8,shot124-01-他是在走钢丝-一边要按住通-胀这只老虎,video,10_S老师IP资产,D_aigc,D:\aigc,D:\aigc\fed_rate_wolf_bak\jianying_import_pack_sentence_ip_v2\video_segments\shot124-01-他是在走钢丝-一边要按住通-胀这只老虎.mp4,fed_rate_wolf_bak\jianying_import_pack_sentence_ip_v2\video_segments\shot124-01-他是在走钢丝-一边要按住通-胀这只老虎.mp4,.mp4,1264276,2026-05-26T17:22:47,2026-05-30T10:20:16,pending,none,internal,D:\Evan\AI-KnowledgeHub\10_S老师IP资产\_imported\D_aigc\fed_rate_wolf_bak\jianying_import_pack_sentence_ip_v2\video_segments\shot124-01-他是在走钢丝-一边要按住通-胀这只老虎.mp4,external_original_only,2026-09-20T14:42:32+08:00,True
94874b36b7c3da0c,shot125-01-一边还不能把-这个经济发展-的新引擎给掐-AI,video,10_S老师IP资产,D_aigc,D:\aigc,D:\aigc\fed_rate_wolf_bak\jianying_import_pack_sentence_ip_v2\video_segments\shot125-01-一边还不能把-这个经济发展-的新引擎给掐-AI.mp4,fed_rate_wolf_bak\jianying_import_pack_sentence_ip_v2\video_segments\shot125-01-一边还不能把-这个经济发展-的新引擎给掐-AI.mp4,.mp4,2670131,2026-05-26T17:22:50,2026-05-30T10:20:16,pending,none,internal,D:\Evan\AI-KnowledgeHub\10_S老师IP资产\_imported\D_aigc\fed_rate_wolf_bak\jianying_import_pack_sentence_ip_v2\video_segments\shot125-01-一边还不能把-这个经济发展-的新引擎给掐-AI.mp4,external_original_only,2026-09-20T14:42:32+08:00,True
04112e8c8019fac8,shot126-01-理解了这一点-你就拿到了理-信息图卡,video,10_S老师IP资产,D_aigc,D:\aigc,D:\aigc\fed_rate_wolf_bak\jianying_import_pack_sentence_ip_v2\video_segments\shot126-01-理解了这一点-你就拿到了理-信息图卡.mp4,fed_rate_wolf_bak\jianying_import_pack_sentence_ip_v2\video_segments\shot126-01-理解了这一点-你就拿到了理-信息图卡.mp4,.mp4,60722,2026-05-26T17:22:51,2026-05-30T10:20:16,pending,none,internal,D:\Evan\AI-KnowledgeHub\10_S老师IP资产\_imported\D_aigc\fed_rate_wolf_bak\jianying_import_pack_sentence_ip_v2\video_segments\shot126-01-理解了这一点-你就拿到了理-信息图卡.mp4,external_original_only,2026-09-20T14:42:32+08:00,True
b88579bf1801cd25,shot127-01-下半年全球资-本市场波动的-钥匙,video,10_S老师IP资产,D_aigc,D:\aigc,D:\aigc\fed_rate_wolf_bak\jianying_import_pack_sentence_ip_v2\video_segments\shot127-01-下半年全球资-本市场波动的-钥匙.mp4,fed_rate_wolf_bak\jianying_import_pack_sentence_ip_v2\video_segments\shot127-01-下半年全球资-本市场波动的-钥匙.mp4,.mp4,50849,2026-05-26T17:22:52,2026-05-30T10:20:16,pending,none,internal,D:\Evan\AI-KnowledgeHub\10_S老师IP资产\_imported\D_aigc\fed_rate_wolf_bak\jianying_import_pack_sentence_ip_v2\video_segments\shot127-01-下半年全球资-本市场波动的-钥匙.mp4,external_original_only,2026-09-20T14:42:32+08:00,True
f0065c922c7791a8,shot128-01-最核心的来了,video,10_S老师IP资产,D_aigc,D:\aigc,D:\aigc\fed_rate_wolf_bak\jianying_import_pack_sentence_ip_v2\video_segments\shot128-01-最核心的来了.mp4,fed_rate_wolf_bak\jianying_import_pack_sentence_ip_v2\video_segments\shot128-01-最核心的来了.mp4,.mp4,76005,2026-05-26T17:22:53,2026-05-30T10:20:16,pending,none,internal,D:\Evan\AI-KnowledgeHub\10_S老师IP资产\_imported\D_aigc\fed_rate_wolf_bak\jianying_import_pack_sentence_ip_v2\video_segments\shot128-01-最核心的来了.mp4,external_original_only,2026-09-20T14:42:32+08:00,True
21ffd533b002bc6b,shot129-01-这套组合拳打-出来-信息图卡,video,10_S老师IP资产,D_aigc,D:\aigc,D:\aigc\fed_rate_wolf_bak\jianying_import_pack_sentence_ip_v2\video_segments\shot129-01-这套组合拳打-出来-信息图卡.mp4,fed_rate_wolf_bak\jianying_import_pack_sentence_ip_v2\video_segments\shot129-01-这套组合拳打-出来-信息图卡.mp4,.mp4,46543,2026-05-26T17:22:53,2026-05-30T10:20:16,pending,none,internal,D:\Evan\AI-KnowledgeHub\10_S老师IP资产\_imported\D_aigc\fed_rate_wolf_bak\jianying_import_pack_sentence_ip_v2\video_segments\shot129-01-这套组合拳打-出来-信息图卡.mp4,external_original_only,2026-09-20T14:42:32+08:00,True
0b7c8a2b4dc2330a,shot130-01-对我们的美股-到底有什么影-尤其是大-港股,video,10_S老师IP资产,D_aigc,D:\aigc,D:\aigc\fed_rate_wolf_bak\jianying_import_pack_sentence_ip_v2\video_segments\shot130-01-对我们的美股-到底有什么影-尤其是大-港股.mp4,fed_rate_wolf_bak\jianying_import_pack_sentence_ip_v2\video_segments\shot130-01-对我们的美股-到底有什么影-尤其是大-港股.mp4,.mp4,2186809,2026-05-26T17:22:54,2026-05-30T10:20:16,pending,none,internal,D:\Evan\AI-KnowledgeHub\10_S老师IP资产\_imported\D_aigc\fed_rate_wolf_bak\jianying_import_pack_sentence_ip_v2\video_segments\shot130-01-对我们的美股-到底有什么影-尤其是大-港股.mp4,external_original_only,2026-09-20T14:42:32+08:00,True
723c943c969943b6,shot131-01-我先把我的判-你可以截图保-断放在这里-各位-信息图卡,video,10_S老师IP资产,D_aigc,D:\aigc,D:\aigc\fed_rate_wolf_bak\jianying_import_pack_sentence_ip_v2\video_segments\shot131-01-我先把我的判-你可以截图保-断放在这里-各位-信息图卡.mp4,fed_rate_wolf_bak\jianying_import_pack_sentence_ip_v2\video_segments\shot131-01-我先把我的判-你可以截图保-断放在这里-各位-信息图卡.mp4,.mp4,82557,2026-05-26T17:22:56,2026-05-30T10:20:16,pending,none,internal,D:\Evan\AI-KnowledgeHub\10_S老师IP资产\_imported\D_aigc\fed_rate_wolf_bak\jianying_import_pack_sentence_ip_v2\video_segments\shot131-01-我先把我的判-你可以截图保-断放在这里-各位-信息图卡.mp4,external_original_only,2026-09-20T14:42:32+08:00,True
e2491d6513358379,shot132-01-美股不确定性-增强-信息图卡,video,10_S老师IP资产,D_aigc,D:\aigc,D:\aigc\fed_rate_wolf_bak\jianying_import_pack_sentence_ip_v2\video_segments\shot132-01-美股不确定性-增强-信息图卡.mp4,fed_rate_wolf_bak\jianying_import_pack_sentence_ip_v2\video_segments\shot132-01-美股不确定性-增强-信息图卡.mp4,.mp4,52508,2026-05-26T17:22:56,2026-05-30T10:20:16,pending,none,internal,D:\Evan\AI-KnowledgeHub\10_S老师IP资产\_imported\D_aigc\fed_rate_wolf_bak\jianying_import_pack_sentence_ip_v2\video_segments\shot132-01-美股不确定性-增强-信息图卡.mp4,external_original_only,2026-09-20T14:42:32+08:00,True
3a37c25288e9602c,shot133-01-港股弹性变弱-将走出独立的-结构性科技慢-而大,video,10_S老师IP资产,D_aigc,D:\aigc,D:\aigc\fed_rate_wolf_bak\jianying_import_pack_sentence_ip_v2\video_segments\shot133-01-港股弹性变弱-将走出独立的-结构性科技慢-而大.mp4,fed_rate_wolf_bak\jianying_import_pack_sentence_ip_v2\video_segments\shot133-01-港股弹性变弱-将走出独立的-结构性科技慢-而大.mp4,.mp4,608955,2026-05-26T17:22:57,2026-05-30T10:20:16,pending,none,internal,D:\Evan\AI-KnowledgeHub\10_S老师IP资产\_imported\D_aigc\fed_rate_wolf_bak\jianying_import_pack_sentence_ip_v2\video_segments\shot133-01-港股弹性变弱-将走出独立的-结构性科技慢-而大.mp4,external_original_only,2026-09-20T14:42:32+08:00,True
87b4df742d958f9d,shot135-01-只要长端利率-下不来-信息图卡,video,10_S老师IP资产,D_aigc,D:\aigc,D:\aigc\fed_rate_wolf_bak\jianying_import_pack_sentence_ip_v2\video_segments\shot135-01-只要长端利率-下不来-信息图卡.mp4,fed_rate_wolf_bak\jianying_import_pack_sentence_ip_v2\video_segments\shot135-01-只要长端利率-下不来-信息图卡.mp4,.mp4,54085,2026-05-26T17:23:01,2026-05-30T10:20:16,pending,none,internal,D:\Evan\AI-KnowledgeHub\10_S老师IP资产\_imported\D_aigc\fed_rate_wolf_bak\jianying_import_pack_sentence_ip_v2\video_segments\shot135-01-只要长端利率-下不来-信息图卡.mp4,external_original_only,2026-09-20T14:42:32+08:00,True
8f8daac073656205,shot137-01-波动会加剧-再看港股,video,10_S老师IP资产,D_aigc,D:\aigc,D:\aigc\fed_rate_wolf_bak\jianying_import_pack_sentence_ip_v2\video_segments\shot137-01-波动会加剧-再看港股.mp4,fed_rate_wolf_bak\jianying_import_pack_sentence_ip_v2\video_segments\shot137-01-波动会加剧-再看港股.mp4,.mp4,976383,2026-05-26T17:23:04,2026-05-30T10:20:16,pending,none,internal,D:\Evan\AI-KnowledgeHub\10_S老师IP资产\_imported\D_aigc\fed_rate_wolf_bak\jianying_import_pack_sentence_ip_v2\video_segments\shot137-01-波动会加剧-再看港股.mp4,external_original_only,2026-09-20T14:42:32+08:00,True
c39b93ab66aa7032,shot138-01-它是开放市场-受海外流动性-肯定会有波动-影响大-信息图卡,video,10_S老师IP资产,D_aigc,D:\aigc,D:\aigc\fed_rate_wolf_bak\jianying_import_pack_sentence_ip_v2\video_segments\shot138-01-它是开放市场-受海外流动性-肯定会有波动-影响大-信息图卡.mp4,fed_rate_wolf_bak\jianying_import_pack_sentence_ip_v2\video_segments\shot138-01-它是开放市场-受海外流动性-肯定会有波动-影响大-信息图卡.mp4,.mp4,85430,2026-05-26T17:23:06,2026-05-30T10:20:16,pending,none,internal,D:\Evan\AI-KnowledgeHub\10_S老师IP资产\_imported\D_aigc\fed_rate_wolf_bak\jianying_import_pack_sentence_ip_v2\video_segments\shot138-01-它是开放市场-受海外流动性-肯定会有波动-影响大-信息图卡.mp4,external_original_only,2026-09-20T14:42:32+08:00,True
7c2a6bd0b89b9512,shot139-01-年那么惨了-不会像-但是,video,10_S老师IP资产,D_aigc,D:\aigc,D:\aigc\fed_rate_wolf_bak\jianying_import_pack_sentence_ip_v2\video_segments\shot139-01-年那么惨了-不会像-但是.mp4,fed_rate_wolf_bak\jianying_import_pack_sentence_ip_v2\video_segments\shot139-01-年那么惨了-不会像-但是.mp4,.mp4,1123297,2026-05-26T17:23:07,2026-05-30T10:20:16,pending,none,internal,D:\Evan\AI-KnowledgeHub\10_S老师IP资产\_imported\D_aigc\fed_rate_wolf_bak\jianying_import_pack_sentence_ip_v2\video_segments\shot139-01-年那么惨了-不会像-但是.mp4,external_original_only,2026-09-20T14:42:32+08:00,True
0cfb311647bf503e,shot140-01-因为它的定位-变了,video,10_S老师IP资产,D_aigc,D:\aigc,D:\aigc\fed_rate_wolf_bak\jianying_import_pack_sentence_ip_v2\video_segments\shot140-01-因为它的定位-变了.mp4,fed_rate_wolf_bak\jianying_import_pack_sentence_ip_v2\video_segments\shot140-01-因为它的定位-变了.mp4,.mp4,580604,2026-05-26T17:23:08,2026-05-30T10:20:16,pending,none,internal,D:\Evan\AI-KnowledgeHub\10_S老师IP资产\_imported\D_aigc\fed_rate_wolf_bak\jianying_import_pack_sentence_ip_v2\video_segments\shot140-01-因为它的定位-变了.mp4,external_original_only,2026-09-20T14:42:32+08:00,True
30870cde6b94221e,shot141-01-它现在是中国-的桥头堡-信息图卡,video,10_S老师IP资产,D_aigc,D:\aigc,D:\aigc\fed_rate_wolf_bak\jianying_import_pack_sentence_ip_v2\video_segments\shot141-01-它现在是中国-的桥头堡-信息图卡.mp4,fed_rate_wolf_bak\jianying_import_pack_sentence_ip_v2\video_segments\shot141-01-它现在是中国-的桥头堡-信息图卡.mp4,.mp4,49564,2026-05-26T17:23:09,2026-05-30T10:20:16,pending,none,internal,D:\Evan\AI-KnowledgeHub\10_S老师IP资产\_imported\D_aigc\fed_rate_wolf_bak\jianying_import_pack_sentence_ip_v2\video_segments\shot141-01-它现在是中国-的桥头堡-信息图卡.mp4,external_original_only,2026-09-20T14:42:32+08:00,True
41d45a32e3ced925,shot142-01-国家队在保驾-有南向资金-护航,video,10_S老师IP资产,D_aigc,D:\aigc,D:\aigc\fed_rate_wolf_bak\jianying_import_pack_sentence_ip_v2\video_segments\shot142-01-国家队在保驾-有南向资金-护航.mp4,fed_rate_wolf_bak\jianying_import_pack_sentence_ip_v2\video_segments\shot142-01-国家队在保驾-有南向资金-护航.mp4,.mp4,56292,2026-05-26T17:23:10,2026-05-30T10:20:16,pending,none,internal,D:\Evan\AI-KnowledgeHub\10_S老师IP资产\_imported\D_aigc\fed_rate_wolf_bak\jianying_import_pack_sentence_ip_v2\video_segments\shot142-01-国家队在保驾-有南向资金-护航.mp4,external_original_only,2026-09-20T14:42:32+08:00,True
cb2288cd9405877a,shot143-01-已经不是没人-管的野孩子了,video,10_S老师IP资产,D_aigc,D:\aigc,D:\aigc\fed_rate_wolf_bak\jianying_import_pack_sentence_ip_v2\video_segments\shot143-01-已经不是没人-管的野孩子了.mp4,fed_rate_wolf_bak\jianying_import_pack_sentence_ip_v2\video_segments\shot143-01-已经不是没人-管的野孩子了.mp4,.mp4,759573,2026-05-26T17:23:11,2026-05-30T10:20:16,pending,none,internal,D:\Evan\AI-KnowledgeHub\10_S老师IP资产\_imported\D_aigc\fed_rate_wolf_bak\jianying_import_pack_sentence_ip_v2\video_segments\shot143-01-已经不是没人-管的野孩子了.mp4,external_original_only,2026-09-20T14:42:32+08:00,True
ebd16eb25f131570,shot144-01-重点看我们的-最后-信息图卡,video,10_S老师IP资产,D_aigc,D:\aigc,D:\aigc\fed_rate_wolf_bak\jianying_import_pack_sentence_ip_v2\video_segments\shot144-01-重点看我们的-最后-信息图卡.mp4,fed_rate_wolf_bak\jianying_import_pack_sentence_ip_v2\video_segments\shot144-01-重点看我们的-最后-信息图卡.mp4,.mp4,55032,2026-05-26T17:23:12,2026-05-30T10:20:16,pending,none,internal,D:\Evan\AI-KnowledgeHub\10_S老师IP资产\_imported\D_aigc\fed_rate_wolf_bak\jianying_import_pack_sentence_ip_v2\video_segments\shot144-01-重点看我们的-最后-信息图卡.mp4,external_original_only,2026-09-20T14:42:32+08:00,True
822ed9727401f2e8,shot145-01-为什么我敢说-独立行情,video,10_S老师IP资产,D_aigc,D:\aigc,D:\aigc\fed_rate_wolf_bak\jianying_import_pack_sentence_ip_v2\video_segments\shot145-01-为什么我敢说-独立行情.mp4,fed_rate_wolf_bak\jianying_import_pack_sentence_ip_v2\video_segments\shot145-01-为什么我敢说-独立行情.mp4,.mp4,56386,2026-05-26T17:23:13,2026-05-30T10:20:16,pending,none,internal,D:\Evan\AI-KnowledgeHub\10_S老师IP资产\_imported\D_aigc\fed_rate_wolf_bak\jianying_import_pack_sentence_ip_v2\video_segments\shot145-01-为什么我敢说-独立行情.mp4,external_original_only,2026-09-20T14:42:32+08:00,True
92782850a05f6c1f,shot146-01-底层逻辑是什-信息图卡,video,10_S老师IP资产,D_aigc,D:\aigc,D:\aigc\fed_rate_wolf_bak\jianying_import_pack_sentence_ip_v2\video_segments\shot146-01-底层逻辑是什-信息图卡.mp4,fed_rate_wolf_bak\jianying_import_pack_sentence_ip_v2\video_segments\shot146-01-底层逻辑是什-信息图卡.mp4,.mp4,41589,2026-05-26T17:23:13,2026-05-30T10:20:16,pending,none,internal,D:\Evan\AI-KnowledgeHub\10_S老师IP资产\_imported\D_aigc\fed_rate_wolf_bak\jianying_import_pack_sentence_ip_v2\video_segments\shot146-01-底层逻辑是什-信息图卡.mp4,external_original_only,2026-09-20T14:42:32+08:00,True
1a0c21a08cadfbd2,shot147-01-记住我这句话-这也是我今天-最想送给你的-一句金句-信息图卡,video,10_S老师IP资产,D_aigc,D:\aigc,D:\aigc\fed_rate_wolf_bak\jianying_import_pack_sentence_ip_v2\video_segments\shot147-01-记住我这句话-这也是我今天-最想送给你的-一句金句-信息图卡.mp4,fed_rate_wolf_bak\jianying_import_pack_sentence_ip_v2\video_segments\shot147-01-记住我这句话-这也是我今天-最想送给你的-一句金句-信息图卡.mp4,.mp4,82718,2026-05-26T17:23:14,2026-05-30T10:20:16,pending,none,internal,D:\Evan\AI-KnowledgeHub\10_S老师IP资产\_imported\D_aigc\fed_rate_wolf_bak\jianying_import_pack_sentence_ip_v2\video_segments\shot147-01-记住我这句话-这也是我今天-最想送给你的-一句金句-信息图卡.mp4,external_original_only,2026-09-20T14:42:32+08:00,True
f14a09c345201f1c,shot148-01-在国家已经为-你扎好了篱笆-的院子里,video,10_S老师IP资产,D_aigc,D:\aigc,D:\aigc\fed_rate_wolf_bak\jianying_import_pack_sentence_ip_v2\video_segments\shot148-01-在国家已经为-你扎好了篱笆-的院子里.mp4,fed_rate_wolf_bak\jianying_import_pack_sentence_ip_v2\video_segments\shot148-01-在国家已经为-你扎好了篱笆-的院子里.mp4,.mp4,58074,2026-05-26T17:23:15,2026-05-30T10:20:16,pending,none,internal,D:\Evan\AI-KnowledgeHub\10_S老师IP资产\_imported\D_aigc\fed_rate_wolf_bak\jianying_import_pack_sentence_ip_v2\video_segments\shot148-01-在国家已经为-你扎好了篱笆-的院子里.mp4,external_original_only,2026-09-20T14:42:32+08:00,True
2b8753da377459c4,shot149-01-你要担心的不-是外面的狼,video,10_S老师IP资产,D_aigc,D:\aigc,D:\aigc\fed_rate_wolf_bak\jianying_import_pack_sentence_ip_v2\video_segments\shot149-01-你要担心的不-是外面的狼.mp4,fed_rate_wolf_bak\jianying_import_pack_sentence_ip_v2\video_segments\shot149-01-你要担心的不-是外面的狼.mp4,.mp4,1271397,2026-05-26T17:23:17,2026-05-30T10:20:16,pending,none,internal,D:\Evan\AI-KnowledgeHub\10_S老师IP资产\_imported\D_aigc\fed_rate_wolf_bak\jianying_import_pack_sentence_ip_v2\video_segments\shot149-01-你要担心的不-是外面的狼.mp4,external_original_only,2026-09-20T14:42:32+08:00,True
be6a808041db197a,shot150-01-而是你有没有-能力去捡院子-里掉落的最肥-的肉-信息图卡,video,10_S老师IP资产,D_aigc,D:\aigc,D:\aigc\fed_rate_wolf_bak\jianying_import_pack_sentence_ip_v2\video_segments\shot150-01-而是你有没有-能力去捡院子-里掉落的最肥-的肉-信息图卡.mp4,fed_rate_wolf_bak\jianying_import_pack_sentence_ip_v2\video_segments\shot150-01-而是你有没有-能力去捡院子-里掉落的最肥-的肉-信息图卡.mp4,.mp4,79548,2026-05-26T17:23:18,2026-05-30T10:20:16,pending,none,internal,D:\Evan\AI-KnowledgeHub\10_S老师IP资产\_imported\D_aigc\fed_rate_wolf_bak\jianying_import_pack_sentence_ip_v2\video_segments\shot150-01-而是你有没有-能力去捡院子-里掉落的最肥-的肉-信息图卡.mp4,external_original_only,2026-09-20T14:42:32+08:00,True
f43f7f6a365ea638,shot151-01-扎好篱笆-什么叫,video,10_S老师IP资产,D_aigc,D:\aigc,D:\aigc\fed_rate_wolf_bak\jianying_import_pack_sentence_ip_v2\video_segments\shot151-01-扎好篱笆-什么叫.mp4,fed_rate_wolf_bak\jianying_import_pack_sentence_ip_v2\video_segments\shot151-01-扎好篱笆-什么叫.mp4,.mp4,53220,2026-05-26T17:23:18,2026-05-30T10:20:16,pending,none,internal,D:\Evan\AI-KnowledgeHub\10_S老师IP资产\_imported\D_aigc\fed_rate_wolf_bak\jianying_import_pack_sentence_ip_v2\video_segments\shot151-01-扎好篱笆-什么叫.mp4,external_original_only,2026-09-20T14:42:32+08:00,True
7829b1e71cbbdd43,shot152-01-你看最近的新-八大部门联手,video,10_S老师IP资产,D_aigc,D:\aigc,D:\aigc\fed_rate_wolf_bak\jianying_import_pack_sentence_ip_v2\video_segments\shot152-01-你看最近的新-八大部门联手.mp4,fed_rate_wolf_bak\jianying_import_pack_sentence_ip_v2\video_segments\shot152-01-你看最近的新-八大部门联手.mp4,.mp4,378087,2026-05-26T17:23:19,2026-05-30T10:20:16,pending,none,internal,D:\Evan\AI-KnowledgeHub\10_S老师IP资产\_imported\D_aigc\fed_rate_wolf_bak\jianying_import_pack_sentence_ip_v2\video_segments\shot152-01-你看最近的新-八大部门联手.mp4,external_original_only,2026-09-20T14:42:32+08:00,True
75b0b3019fcedb78,shot153-01-整治那些非法-没收违法所得-重拳出击-跨境券商-信息图卡,video,10_S老师IP资产,D_aigc,D:\aigc,D:\aigc\fed_rate_wolf_bak\jianying_import_pack_sentence_ip_v2\video_segments\shot153-01-整治那些非法-没收违法所得-重拳出击-跨境券商-信息图卡.mp4,fed_rate_wolf_bak\jianying_import_pack_sentence_ip_v2\video_segments\shot153-01-整治那些非法-没收违法所得-重拳出击-跨境券商-信息图卡.mp4,.mp4,77546,2026-05-26T17:23:21,2026-05-30T10:20:16,pending,none,internal,D:\Evan\AI-KnowledgeHub\10_S老师IP资产\_imported\D_aigc\fed_rate_wolf_bak\jianying_import_pack_sentence_ip_v2\video_segments\shot153-01-整治那些非法-没收违法所得-重拳出击-跨境券商-信息图卡.mp4,external_original_only,2026-09-20T14:42:32+08:00,True
475a484d9494751b,shot154-01-把创始人榜上-留名,video,10_S老师IP资产,D_aigc,D:\aigc,D:\aigc\fed_rate_wolf_bak\jianying_import_pack_sentence_ip_v2\video_segments\shot154-01-把创始人榜上-留名.mp4,fed_rate_wolf_bak\jianying_import_pack_sentence_ip_v2\video_segments\shot154-01-把创始人榜上-留名.mp4,.mp4,42311,2026-05-26T17:23:21,2026-05-30T10:20:16,pending,none,internal,D:\Evan\AI-KnowledgeHub\10_S老师IP资产\_imported\D_aigc\fed_rate_wolf_bak\jianying_import_pack_sentence_ip_v2\video_segments\shot154-01-把创始人榜上-留名.mp4,external_original_only,2026-09-20T14:42:32+08:00,True
58ed0daf296d13ac,shot155-01-你以为这只是-简单的处罚吗,video,10_S老师IP资产,D_aigc,D:\aigc,D:\aigc\fed_rate_wolf_bak\jianying_import_pack_sentence_ip_v2\video_segments\shot155-01-你以为这只是-简单的处罚吗.mp4,fed_rate_wolf_bak\jianying_import_pack_sentence_ip_v2\video_segments\shot155-01-你以为这只是-简单的处罚吗.mp4,.mp4,2022865,2026-05-26T17:23:24,2026-05-30T10:20:16,pending,none,internal,D:\Evan\AI-KnowledgeHub\10_S老师IP资产\_imported\D_aigc\fed_rate_wolf_bak\jianying_import_pack_sentence_ip_v2\video_segments\shot155-01-你以为这只是-简单的处罚吗.mp4,external_original_only,2026-09-20T14:42:32+08:00,True
a24a93f5c8dfee73,shot156-01-这背后是一个-再清晰不过的-巨大信号-信息图卡,video,10_S老师IP资产,D_aigc,D:\aigc,D:\aigc\fed_rate_wolf_bak\jianying_import_pack_sentence_ip_v2\video_segments\shot156-01-这背后是一个-再清晰不过的-巨大信号-信息图卡.mp4,fed_rate_wolf_bak\jianying_import_pack_sentence_ip_v2\video_segments\shot156-01-这背后是一个-再清晰不过的-巨大信号-信息图卡.mp4,.mp4,68112,2026-05-26T17:23:25,2026-05-30T10:20:16,pending,none,internal,D:\Evan\AI-KnowledgeHub\10_S老师IP资产\_imported\D_aigc\fed_rate_wolf_bak\jianying_import_pack_sentence_ip_v2\video_segments\shot156-01-这背后是一个-再清晰不过的-巨大信号-信息图卡.mp4,external_original_only,2026-09-20T14:42:32+08:00,True
9c8fa8aa07593eec,shot157-01-国家正在想尽-把流动性锁死-一切办法-在国内,video,10_S老师IP资产,D_aigc,D:\aigc,D:\aigc\fed_rate_wolf_bak\jianying_import_pack_sentence_ip_v2\video_segments\shot157-01-国家正在想尽-把流动性锁死-一切办法-在国内.mp4,fed_rate_wolf_bak\jianying_import_pack_sentence_ip_v2\video_segments\shot157-01-国家正在想尽-把流动性锁死-一切办法-在国内.mp4,.mp4,61576,2026-05-26T17:23:26,2026-05-30T10:20:16,pending,none,internal,D:\Evan\AI-KnowledgeHub\10_S老师IP资产\_imported\D_aigc\fed_rate_wolf_bak\jianying_import_pack_sentence_ip_v2\video_segments\shot157-01-国家正在想尽-把流动性锁死-一切办法-在国内.mp4,external_original_only,2026-09-20T14:42:32+08:00,True
5083d8c7200a93f5,shot158-01-去灌溉我们自-己的科技产业,video,10_S老师IP资产,D_aigc,D:\aigc,D:\aigc\fed_rate_wolf_bak\jianying_import_pack_sentence_ip_v2\video_segments\shot158-01-去灌溉我们自-己的科技产业.mp4,fed_rate_wolf_bak\jianying_import_pack_sentence_ip_v2\video_segments\shot158-01-去灌溉我们自-己的科技产业.mp4,.mp4,80370,2026-05-26T17:23:27,2026-05-30T10:20:16,pending,none,internal,D:\Evan\AI-KnowledgeHub\10_S老师IP资产\_imported\D_aigc\fed_rate_wolf_bak\jianying_import_pack_sentence_ip_v2\video_segments\shot158-01-去灌溉我们自-己的科技产业.mp4,external_original_only,2026-09-20T14:42:32+08:00,True
29634ea85ab66626,shot159-01-是必须要打赢-这是战略-的仗-信息图卡,video,10_S老师IP资产,D_aigc,D:\aigc,D:\aigc\fed_rate_wolf_bak\jianying_import_pack_sentence_ip_v2\video_segments\shot159-01-是必须要打赢-这是战略-的仗-信息图卡.mp4,fed_rate_wolf_bak\jianying_import_pack_sentence_ip_v2\video_segments\shot159-01-是必须要打赢-这是战略-的仗-信息图卡.mp4,.mp4,61953,2026-05-26T17:23:28,2026-05-30T10:20:16,pending,none,internal,D:\Evan\AI-KnowledgeHub\10_S老师IP资产\_imported\D_aigc\fed_rate_wolf_bak\jianying_import_pack_sentence_ip_v2\video_segments\shot159-01-是必须要打赢-这是战略-的仗-信息图卡.mp4,external_original_only,2026-09-20T14:42:32+08:00,True
02b13f1f91bd40d8,shot160-01-这就是我反复-强调的,video,10_S老师IP资产,D_aigc,D:\aigc,D:\aigc\fed_rate_wolf_bak\jianying_import_pack_sentence_ip_v2\video_segments\shot160-01-这就是我反复-强调的.mp4,fed_rate_wolf_bak\jianying_import_pack_sentence_ip_v2\video_segments\shot160-01-这就是我反复-强调的.mp4,.mp4,51128,2026-05-26T17:23:28,2026-05-30T10:20:16,pending,none,internal,D:\Evan\AI-KnowledgeHub\10_S老师IP资产\_imported\D_aigc\fed_rate_wolf_bak\jianying_import_pack_sentence_ip_v2\video_segments\shot160-01-这就是我反复-强调的.mp4,external_original_only,2026-09-20T14:42:32+08:00,True
fcedde174f01c774,shot161-01-由北京顶层设-战略使命牛-计决定的,video,10_S老师IP资产,D_aigc,D:\aigc,D:\aigc\fed_rate_wolf_bak\jianying_import_pack_sentence_ip_v2\video_segments\shot161-01-由北京顶层设-战略使命牛-计决定的.mp4,fed_rate_wolf_bak\jianying_import_pack_sentence_ip_v2\video_segments\shot161-01-由北京顶层设-战略使命牛-计决定的.mp4,.mp4,157920,2026-05-26T17:23:29,2026-05-30T10:20:16,pending,none,internal,D:\Evan\AI-KnowledgeHub\10_S老师IP资产\_imported\D_aigc\fed_rate_wolf_bak\jianying_import_pack_sentence_ip_v2\video_segments\shot161-01-由北京顶层设-战略使命牛-计决定的.mp4,external_original_only,2026-09-20T14:42:32+08:00,True
7c89e10acf25bebe,shot162-01-国家正在下一-盘大棋-信息图卡,video,10_S老师IP资产,D_aigc,D:\aigc,D:\aigc\fed_rate_wolf_bak\jianying_import_pack_sentence_ip_v2\video_segments\shot162-01-国家正在下一-盘大棋-信息图卡.mp4,fed_rate_wolf_bak\jianying_import_pack_sentence_ip_v2\video_segments\shot162-01-国家正在下一-盘大棋-信息图卡.mp4,.mp4,47385,2026-05-26T17:23:30,2026-05-30T10:20:16,pending,none,internal,D:\Evan\AI-KnowledgeHub\10_S老师IP资产\_imported\D_aigc\fed_rate_wolf_bak\jianying_import_pack_sentence_ip_v2\video_segments\shot162-01-国家正在下一-盘大棋-信息图卡.mp4,external_original_only,2026-09-20T14:42:32+08:00,True
940215de9ce551cd,shot163-01-国家队通过互-准平准基金这-些金融核弹为-一方面,video,10_S老师IP资产,D_aigc,D:\aigc,D:\aigc\fed_rate_wolf_bak\jianying_import_pack_sentence_ip_v2\video_segments\shot163-01-国家队通过互-准平准基金这-些金融核弹为-一方面.mp4,fed_rate_wolf_bak\jianying_import_pack_sentence_ip_v2\video_segments\shot163-01-国家队通过互-准平准基金这-些金融核弹为-一方面.mp4,.mp4,64052,2026-05-26T17:23:31,2026-05-30T10:20:16,pending,none,internal,D:\Evan\AI-KnowledgeHub\10_S老师IP资产\_imported\D_aigc\fed_rate_wolf_bak\jianying_import_pack_sentence_ip_v2\video_segments\shot163-01-国家队通过互-准平准基金这-些金融核弹为-一方面.mp4,external_original_only,2026-09-20T14:42:32+08:00,True
529d994d3a5752ff,shot164-01-提供无限的流-动性信心-托底,video,10_S老师IP资产,D_aigc,D:\aigc,D:\aigc\fed_rate_wolf_bak\jianying_import_pack_sentence_ip_v2\video_segments\shot164-01-提供无限的流-动性信心-托底.mp4,fed_rate_wolf_bak\jianying_import_pack_sentence_ip_v2\video_segments\shot164-01-提供无限的流-动性信心-托底.mp4,.mp4,55625,2026-05-26T17:23:32,2026-05-30T10:20:16,pending,none,internal,D:\Evan\AI-KnowledgeHub\10_S老师IP资产\_imported\D_aigc\fed_rate_wolf_bak\jianying_import_pack_sentence_ip_v2\video_segments\shot164-01-提供无限的流-动性信心-托底.mp4,external_original_only,2026-09-20T14:42:32+08:00,True
699ca9e891e9c59f,shot165-01-在实体经济层-我们的科技类-另一方面-公司-信息图卡,video,10_S老师IP资产,D_aigc,D:\aigc,D:\aigc\fed_rate_wolf_bak\jianying_import_pack_sentence_ip_v2\video_segments\shot165-01-在实体经济层-我们的科技类-另一方面-公司-信息图卡.mp4,fed_rate_wolf_bak\jianying_import_pack_sentence_ip_v2\video_segments\shot165-01-在实体经济层-我们的科技类-另一方面-公司-信息图卡.mp4,.mp4,73641,2026-05-26T17:23:33,2026-05-30T10:20:16,pending,none,internal,D:\Evan\AI-KnowledgeHub\10_S老师IP资产\_imported\D_aigc\fed_rate_wolf_bak\jianying_import_pack_sentence_ip_v2\video_segments\shot165-01-在实体经济层-我们的科技类-另一方面-公司-信息图卡.mp4,external_original_only,2026-09-20T14:42:32+08:00,True
3a657d52809a2dca,shot167-01-营收利润翻倍-产业升级的真-实拐点已经出-增长,video,10_S老师IP资产,D_aigc,D:\aigc,D:\aigc\fed_rate_wolf_bak\jianying_import_pack_sentence_ip_v2\video_segments\shot167-01-营收利润翻倍-产业升级的真-实拐点已经出-增长.mp4,fed_rate_wolf_bak\jianying_import_pack_sentence_ip_v2\video_segments\shot167-01-营收利润翻倍-产业升级的真-实拐点已经出-增长.mp4,.mp4,109504,2026-05-26T17:23:36,2026-05-30T10:20:16,pending,none,internal,D:\Evan\AI-KnowledgeHub\10_S老师IP资产\_imported\D_aigc\fed_rate_wolf_bak\jianying_import_pack_sentence_ip_v2\video_segments\shot167-01-营收利润翻倍-产业升级的真-实拐点已经出-增长.mp4,external_original_only,2026-09-20T14:42:32+08:00,True
8a424c5801c721ef,shot168-01-防止资金外流-扎好篱笆-再加上-信息图卡,video,10_S老师IP资产,D_aigc,D:\aigc,D:\aigc\fed_rate_wolf_bak\jianying_import_pack_sentence_ip_v2\video_segments\shot168-01-防止资金外流-扎好篱笆-再加上-信息图卡.mp4,fed_rate_wolf_bak\jianying_import_pack_sentence_ip_v2\video_segments\shot168-01-防止资金外流-扎好篱笆-再加上-信息图卡.mp4,.mp4,66767,2026-05-26T17:23:37,2026-05-30T10:20:16,pending,none,internal,D:\Evan\AI-KnowledgeHub\10_S老师IP资产\_imported\D_aigc\fed_rate_wolf_bak\jianying_import_pack_sentence_ip_v2\video_segments\shot168-01-防止资金外流-扎好篱笆-再加上-信息图卡.mp4,external_original_only,2026-09-20T14:42:32+08:00,True
93d69cb69e2580e8,shot169-01-这三大逻辑闭-信息图卡,video,10_S老师IP资产,D_aigc,D:\aigc,D:\aigc\fed_rate_wolf_bak\jianying_import_pack_sentence_ip_v2\video_segments\shot169-01-这三大逻辑闭-信息图卡.mp4,fed_rate_wolf_bak\jianying_import_pack_sentence_ip_v2\video_segments\shot169-01-这三大逻辑闭-信息图卡.mp4,.mp4,44787,2026-05-26T17:23:37,2026-05-30T10:20:16,pending,none,internal,D:\Evan\AI-KnowledgeHub\10_S老师IP资产\_imported\D_aigc\fed_rate_wolf_bak\jianying_import_pack_sentence_ip_v2\video_segments\shot169-01-这三大逻辑闭-信息图卡.mp4,external_original_only,2026-09-20T14:42:32+08:00,True
b670c6ea4f2556b8,shot170-01-构成了我们大-走出独立行情-的坚实底座,video,10_S老师IP资产,D_aigc,D:\aigc,D:\aigc\fed_rate_wolf_bak\jianying_import_pack_sentence_ip_v2\video_segments\shot170-01-构成了我们大-走出独立行情-的坚实底座.mp4,fed_rate_wolf_bak\jianying_import_pack_sentence_ip_v2\video_segments\shot170-01-构成了我们大-走出独立行情-的坚实底座.mp4,.mp4,198895,2026-05-26T17:23:39,2026-05-30T10:20:16,pending,none,internal,D:\Evan\AI-KnowledgeHub\10_S老师IP资产\_imported\D_aigc\fed_rate_wolf_bak\jianying_import_pack_sentence_ip_v2\video_segments\shot170-01-构成了我们大-走出独立行情-的坚实底座.mp4,external_original_only,2026-09-20T14:42:32+08:00,True
9195955d192ba1c6,shot171-01-当别人都在恐-加息的狼来了-的时候-信息图卡,video,10_S老师IP资产,D_aigc,D:\aigc,D:\aigc\fed_rate_wolf_bak\jianying_import_pack_sentence_ip_v2\video_segments\shot171-01-当别人都在恐-加息的狼来了-的时候-信息图卡.mp4,fed_rate_wolf_bak\jianying_import_pack_sentence_ip_v2\video_segments\shot171-01-当别人都在恐-加息的狼来了-的时候-信息图卡.mp4,.mp4,72815,2026-05-26T17:23:40,2026-05-30T10:20:16,pending,none,internal,D:\Evan\AI-KnowledgeHub\10_S老师IP资产\_imported\D_aigc\fed_rate_wolf_bak\jianying_import_pack_sentence_ip_v2\video_segments\shot171-01-当别人都在恐-加息的狼来了-的时候-信息图卡.mp4,external_original_only,2026-09-20T14:42:32+08:00,True
3b098e64ce9435b8,shot172-01-我们应该做什,video,10_S老师IP资产,D_aigc,D:\aigc,D:\aigc\fed_rate_wolf_bak\jianying_import_pack_sentence_ip_v2\video_segments\shot172-01-我们应该做什.mp4,fed_rate_wolf_bak\jianying_import_pack_sentence_ip_v2\video_segments\shot172-01-我们应该做什.mp4,.mp4,49544,2026-05-26T17:23:40,2026-05-30T10:20:16,pending,none,internal,D:\Evan\AI-KnowledgeHub\10_S老师IP资产\_imported\D_aigc\fed_rate_wolf_bak\jianying_import_pack_sentence_ip_v2\video_segments\shot172-01-我们应该做什.mp4,external_original_only,2026-09-20T14:42:32+08:00,True
3b7e1d0ff21d091e,shot173-01-我们应该像猎-擦亮眼睛-磨好猎枪-人一样,video,10_S老师IP资产,D_aigc,D:\aigc,D:\aigc\fed_rate_wolf_bak\jianying_import_pack_sentence_ip_v2\video_segments\shot173-01-我们应该像猎-擦亮眼睛-磨好猎枪-人一样.mp4,fed_rate_wolf_bak\jianying_import_pack_sentence_ip_v2\video_segments\shot173-01-我们应该像猎-擦亮眼睛-磨好猎枪-人一样.mp4,.mp4,1755218,2026-05-26T17:23:42,2026-05-30T10:20:16,pending,none,internal,D:\Evan\AI-KnowledgeHub\10_S老师IP资产\_imported\D_aigc\fed_rate_wolf_bak\jianying_import_pack_sentence_ip_v2\video_segments\shot173-01-我们应该像猎-擦亮眼睛-磨好猎枪-人一样.mp4,external_original_only,2026-09-20T14:42:32+08:00,True
8d26708b55a110f2,shot174-01-资本市场里从-来不缺一年赚-去寻找猎物-三倍的故事-信息图卡,video,10_S老师IP资产,D_aigc,D:\aigc,D:\aigc\fed_rate_wolf_bak\jianying_import_pack_sentence_ip_v2\video_segments\shot174-01-资本市场里从-来不缺一年赚-去寻找猎物-三倍的故事-信息图卡.mp4,fed_rate_wolf_bak\jianying_import_pack_sentence_ip_v2\video_segments\shot174-01-资本市场里从-来不缺一年赚-去寻找猎物-三倍的故事-信息图卡.mp4,.mp4,88276,2026-05-26T17:23:43,2026-05-30T10:20:16,pending,none,internal,D:\Evan\AI-KnowledgeHub\10_S老师IP资产\_imported\D_aigc\fed_rate_wolf_bak\jianying_import_pack_sentence_ip_v2\video_segments\shot174-01-资本市场里从-来不缺一年赚-去寻找猎物-三倍的故事-信息图卡.mp4,external_original_only,2026-09-20T14:42:32+08:00,True
c79f1686768693b3,shot175-01-但缺的是三年-赚一倍的常胜-将军,video,10_S老师IP资产,D_aigc,D:\aigc,D:\aigc\fed_rate_wolf_bak\jianying_import_pack_sentence_ip_v2\video_segments\shot175-01-但缺的是三年-赚一倍的常胜-将军.mp4,fed_rate_wolf_bak\jianying_import_pack_sentence_ip_v2\video_segments\shot175-01-但缺的是三年-赚一倍的常胜-将军.mp4,.mp4,54046,2026-05-26T17:23:44,2026-05-30T10:20:16,pending,none,internal,D:\Evan\AI-KnowledgeHub\10_S老师IP资产\_imported\D_aigc\fed_rate_wolf_bak\jianying_import_pack_sentence_ip_v2\video_segments\shot175-01-但缺的是三年-赚一倍的常胜-将军.mp4,external_original_only,2026-09-20T14:42:32+08:00,True
729fcb8abf69432e,shot176-01-你想赚快钱-跟着消息跑-板块轮动,video,10_S老师IP资产,D_aigc,D:\aigc,D:\aigc\fed_rate_wolf_bak\jianying_import_pack_sentence_ip_v2\video_segments\shot176-01-你想赚快钱-跟着消息跑-板块轮动.mp4,fed_rate_wolf_bak\jianying_import_pack_sentence_ip_v2\video_segments\shot176-01-你想赚快钱-跟着消息跑-板块轮动.mp4,.mp4,125089,2026-05-26T17:23:45,2026-05-30T10:20:16,pending,none,internal,D:\Evan\AI-KnowledgeHub\10_S老师IP资产\_imported\D_aigc\fed_rate_wolf_bak\jianying_import_pack_sentence_ip_v2\video_segments\shot176-01-你想赚快钱-跟着消息跑-板块轮动.mp4,external_original_only,2026-09-20T14:42:32+08:00,True
181fe4f65150ba4a,shot177-01-最终只会成为-被收割的韭菜-信息图卡,video,10_S老师IP资产,D_aigc,D:\aigc,D:\aigc\fed_rate_wolf_bak\jianying_import_pack_sentence_ip_v2\video_segments\shot177-01-最终只会成为-被收割的韭菜-信息图卡.mp4,fed_rate_wolf_bak\jianying_import_pack_sentence_ip_v2\video_segments\shot177-01-最终只会成为-被收割的韭菜-信息图卡.mp4,.mp4,60094,2026-05-26T17:23:45,2026-05-30T10:20:16,pending,none,internal,D:\Evan\AI-KnowledgeHub\10_S老师IP资产\_imported\D_aigc\fed_rate_wolf_bak\jianying_import_pack_sentence_ip_v2\video_segments\shot177-01-最终只会成为-被收割的韭菜-信息图卡.mp4,external_original_only,2026-09-20T14:42:32+08:00,True
9630638779597799,shot178-01-而真正的财富-是什么,video,10_S老师IP资产,D_aigc,D:\aigc,D:\aigc\fed_rate_wolf_bak\jianying_import_pack_sentence_ip_v2\video_segments\shot178-01-而真正的财富-是什么.mp4,fed_rate_wolf_bak\jianying_import_pack_sentence_ip_v2\video_segments\shot178-01-而真正的财富-是什么.mp4,.mp4,53833,2026-05-26T17:23:46,2026-05-30T10:20:16,pending,none,internal,D:\Evan\AI-KnowledgeHub\10_S老师IP资产\_imported\D_aigc\fed_rate_wolf_bak\jianying_import_pack_sentence_ip_v2\video_segments\shot178-01-而真正的财富-是什么.mp4,external_original_only,2026-09-20T14:42:32+08:00,True
320db2e3d2076757,shot179-01-是像我一直以-在产业还处于-渗透率个位数-来做的,video,10_S老师IP资产,D_aigc,D:\aigc,D:\aigc\fed_rate_wolf_bak\jianying_import_pack_sentence_ip_v2\video_segments\shot179-01-是像我一直以-在产业还处于-渗透率个位数-来做的.mp4,fed_rate_wolf_bak\jianying_import_pack_sentence_ip_v2\video_segments\shot179-01-是像我一直以-在产业还处于-渗透率个位数-来做的.mp4,.mp4,108325,2026-05-26T17:23:47,2026-05-30T10:20:16,pending,none,internal,D:\Evan\AI-KnowledgeHub\10_S老师IP资产\_imported\D_aigc\fed_rate_wolf_bak\jianying_import_pack_sentence_ip_v2\video_segments\shot179-01-是像我一直以-在产业还处于-渗透率个位数-来做的.mp4,external_original_only,2026-09-20T14:42:32+08:00,True
020d825caedfa411,shot180-01-就看到它未来-百分之几十甚-至成为全球市-场的巨大空间-信息图卡,video,10_S老师IP资产,D_aigc,D:\aigc,D:\aigc\fed_rate_wolf_bak\jianying_import_pack_sentence_ip_v2\video_segments\shot180-01-就看到它未来-百分之几十甚-至成为全球市-场的巨大空间-信息图卡.mp4,fed_rate_wolf_bak\jianying_import_pack_sentence_ip_v2\video_segments\shot180-01-就看到它未来-百分之几十甚-至成为全球市-场的巨大空间-信息图卡.mp4,.mp4,88517,2026-05-26T17:23:49,2026-05-30T10:20:16,pending,none,internal,D:\Evan\AI-KnowledgeHub\10_S老师IP资产\_imported\D_aigc\fed_rate_wolf_bak\jianying_import_pack_sentence_ip_v2\video_segments\shot180-01-就看到它未来-百分之几十甚-至成为全球市-场的巨大空间-信息图卡.mp4,external_original_only,2026-09-20T14:42:32+08:00,True
e242913e656ba119,shot182-01-十年百倍的人-投的是什么-工智能,video,10_S老师IP资产,D_aigc,D:\aigc,D:\aigc\fed_rate_wolf_bak\jianying_import_pack_sentence_ip_v2\video_segments\shot182-01-十年百倍的人-投的是什么-工智能.mp4,fed_rate_wolf_bak\jianying_import_pack_sentence_ip_v2\video_segments\shot182-01-十年百倍的人-投的是什么-工智能.mp4,.mp4,143974,2026-05-26T17:23:51,2026-05-30T10:20:16,pending,none,internal,D:\Evan\AI-KnowledgeHub\10_S老师IP资产\_imported\D_aigc\fed_rate_wolf_bak\jianying_import_pack_sentence_ip_v2\video_segments\shot182-01-十年百倍的人-投的是什么-工智能.mp4,external_original_only,2026-09-20T14:42:32+08:00,True
49ce4a4e1df7b9a4,shot183-01-投的是这个产-业蛋糕从小到-信息图卡,video,10_S老师IP资产,D_aigc,D:\aigc,D:\aigc\fed_rate_wolf_bak\jianying_import_pack_sentence_ip_v2\video_segments\shot183-01-投的是这个产-业蛋糕从小到-信息图卡.mp4,fed_rate_wolf_bak\jianying_import_pack_sentence_ip_v2\video_segments\shot183-01-投的是这个产-业蛋糕从小到-信息图卡.mp4,.mp4,61308,2026-05-26T17:23:52,2026-05-30T10:20:16,pending,none,internal,D:\Evan\AI-KnowledgeHub\10_S老师IP资产\_imported\D_aigc\fed_rate_wolf_bak\jianying_import_pack_sentence_ip_v2\video_segments\shot183-01-投的是这个产-业蛋糕从小到-信息图卡.mp4,external_original_only,2026-09-20T14:42:32+08:00,True
a81328ed674f8006,shot184-01-从无到有的时-代大趋势,video,10_S老师IP资产,D_aigc,D:\aigc,D:\aigc\fed_rate_wolf_bak\jianying_import_pack_sentence_ip_v2\video_segments\shot184-01-从无到有的时-代大趋势.mp4,fed_rate_wolf_bak\jianying_import_pack_sentence_ip_v2\video_segments\shot184-01-从无到有的时-代大趋势.mp4,.mp4,67344,2026-05-26T17:23:53,2026-05-30T10:20:16,pending,none,internal,D:\Evan\AI-KnowledgeHub\10_S老师IP资产\_imported\D_aigc\fed_rate_wolf_bak\jianying_import_pack_sentence_ip_v2\video_segments\shot184-01-从无到有的时-代大趋势.mp4,external_original_only,2026-09-20T14:42:32+08:00,True
d0661d8454044351,shot185-01-中国会有越来-越多的新物种-我一直讲,video,10_S老师IP资产,D_aigc,D:\aigc,D:\aigc\fed_rate_wolf_bak\jianying_import_pack_sentence_ip_v2\video_segments\shot185-01-中国会有越来-越多的新物种-我一直讲.mp4,fed_rate_wolf_bak\jianying_import_pack_sentence_ip_v2\video_segments\shot185-01-中国会有越来-越多的新物种-我一直讲.mp4,.mp4,56958,2026-05-26T17:23:53,2026-05-30T10:20:16,pending,none,internal,D:\Evan\AI-KnowledgeHub\10_S老师IP资产\_imported\D_aigc\fed_rate_wolf_bak\jianying_import_pack_sentence_ip_v2\video_segments\shot185-01-中国会有越来-越多的新物种-我一直讲.mp4,external_original_only,2026-09-20T14:42:32+08:00,True
2117b408b63c2f7f,shot186-01-名叫个人产业-投资者-信息图卡,video,10_S老师IP资产,D_aigc,D:\aigc,D:\aigc\fed_rate_wolf_bak\jianying_import_pack_sentence_ip_v2\video_segments\shot186-01-名叫个人产业-投资者-信息图卡.mp4,fed_rate_wolf_bak\jianying_import_pack_sentence_ip_v2\video_segments\shot186-01-名叫个人产业-投资者-信息图卡.mp4,.mp4,51091,2026-05-26T17:23:54,2026-05-30T10:20:16,pending,none,internal,D:\Evan\AI-KnowledgeHub\10_S老师IP资产\_imported\D_aigc\fed_rate_wolf_bak\jianying_import_pack_sentence_ip_v2\video_segments\shot186-01-名叫个人产业-投资者-信息图卡.mp4,external_original_only,2026-09-20T14:42:32+08:00,True
b8da679824e8ae7d,shot187-01-这不仅仅是一-这是我们这代-人的使命和机-句口号,video,10_S老师IP资产,D_aigc,D:\aigc,D:\aigc\fed_rate_wolf_bak\jianying_import_pack_sentence_ip_v2\video_segments\shot187-01-这不仅仅是一-这是我们这代-人的使命和机-句口号.mp4,fed_rate_wolf_bak\jianying_import_pack_sentence_ip_v2\video_segments\shot187-01-这不仅仅是一-这是我们这代-人的使命和机-句口号.mp4,.mp4,68151,2026-05-26T17:23:55,2026-05-30T10:20:16,pending,none,internal,D:\Evan\AI-KnowledgeHub\10_S老师IP资产\_imported\D_aigc\fed_rate_wolf_bak\jianying_import_pack_sentence_ip_v2\video_segments\shot187-01-这不仅仅是一-这是我们这代-人的使命和机-句口号.mp4,external_original_only,2026-09-20T14:42:32+08:00,True
54292913ce8d3f6f,shot188-01-在这个大国博-产业升级的历-史关口,video,10_S老师IP资产,D_aigc,D:\aigc,D:\aigc\fed_rate_wolf_bak\jianying_import_pack_sentence_ip_v2\video_segments\shot188-01-在这个大国博-产业升级的历-史关口.mp4,fed_rate_wolf_bak\jianying_import_pack_sentence_ip_v2\video_segments\shot188-01-在这个大国博-产业升级的历-史关口.mp4,.mp4,95802,2026-05-26T17:23:56,2026-05-30T10:20:16,pending,none,internal,D:\Evan\AI-KnowledgeHub\10_S老师IP资产\_imported\D_aigc\fed_rate_wolf_bak\jianying_import_pack_sentence_ip_v2\video_segments\shot188-01-在这个大国博-产业升级的历-史关口.mp4,external_original_only,2026-09-20T14:42:32+08:00,True
de9d91a8fa944beb,shot190-01-你能不能抓住-这一轮几十倍-甚至上百倍的-产业机会,video,10_S老师IP资产,D_aigc,D:\aigc,D:\aigc\fed_rate_wolf_bak\jianying_import_pack_sentence_ip_v2\video_segments\shot190-01-你能不能抓住-这一轮几十倍-甚至上百倍的-产业机会.mp4,fed_rate_wolf_bak\jianying_import_pack_sentence_ip_v2\video_segments\shot190-01-你能不能抓住-这一轮几十倍-甚至上百倍的-产业机会.mp4,.mp4,101021,2026-05-26T17:23:58,2026-05-30T10:20:16,pending,none,internal,D:\Evan\AI-KnowledgeHub\10_S老师IP资产\_imported\D_aigc\fed_rate_wolf_bak\jianying_import_pack_sentence_ip_v2\video_segments\shot190-01-你能不能抓住-这一轮几十倍-甚至上百倍的-产业机会.mp4,external_original_only,2026-09-20T14:42:32+08:00,True
d0e9aa62f68fcf94,shot191-01-不取决于美联-不取决于市场-短期是涨是跌-储加不加息,video,10_S老师IP资产,D_aigc,D:\aigc,D:\aigc\fed_rate_wolf_bak\jianying_import_pack_sentence_ip_v2\video_segments\shot191-01-不取决于美联-不取决于市场-短期是涨是跌-储加不加息.mp4,fed_rate_wolf_bak\jianying_import_pack_sentence_ip_v2\video_segments\shot191-01-不取决于美联-不取决于市场-短期是涨是跌-储加不加息.mp4,.mp4,1622329,2026-05-26T17:23:59,2026-05-30T10:20:16,pending,none,internal,D:\Evan\AI-KnowledgeHub\10_S老师IP资产\_imported\D_aigc\fed_rate_wolf_bak\jianying_import_pack_sentence_ip_v2\video_segments\shot191-01-不取决于美联-不取决于市场-短期是涨是跌-储加不加息.mp4,external_original_only,2026-09-20T14:42:32+08:00,True
3d199bbdba77e3b6,shot192-01-只取决于一件-信息图卡,video,10_S老师IP资产,D_aigc,D:\aigc,D:\aigc\fed_rate_wolf_bak\jianying_import_pack_sentence_ip_v2\video_segments\shot192-01-只取决于一件-信息图卡.mp4,fed_rate_wolf_bak\jianying_import_pack_sentence_ip_v2\video_segments\shot192-01-只取决于一件-信息图卡.mp4,.mp4,45399,2026-05-26T17:24:00,2026-05-30T10:20:16,pending,none,internal,D:\Evan\AI-KnowledgeHub\10_S老师IP资产\_imported\D_aigc\fed_rate_wolf_bak\jianying_import_pack_sentence_ip_v2\video_segments\shot192-01-只取决于一件-信息图卡.mp4,external_original_only,2026-09-20T14:42:32+08:00,True
5954c02472b7b0a5,shot194-01-的投资人-真懂,video,10_S老师IP资产,D_aigc,D:\aigc,D:\aigc\fed_rate_wolf_bak\jianying_import_pack_sentence_ip_v2\video_segments\shot194-01-的投资人-真懂.mp4,fed_rate_wolf_bak\jianying_import_pack_sentence_ip_v2\video_segments\shot194-01-的投资人-真懂.mp4,.mp4,187333,2026-05-26T17:24:02,2026-05-30T10:20:16,pending,none,internal,D:\Evan\AI-KnowledgeHub\10_S老师IP资产\_imported\D_aigc\fed_rate_wolf_bak\jianying_import_pack_sentence_ip_v2\video_segments\shot194-01-的投资人-真懂.mp4,external_original_only,2026-09-20T14:42:32+08:00,True
d7d442ca5eaa4d23,shot195-01-在这个牛市里-最需要系统去-就是这种能力-构建的-信息图卡,video,10_S老师IP资产,D_aigc,D:\aigc,D:\aigc\fed_rate_wolf_bak\jianying_import_pack_sentence_ip_v2\video_segments\shot195-01-在这个牛市里-最需要系统去-就是这种能力-构建的-信息图卡.mp4,fed_rate_wolf_bak\jianying_import_pack_sentence_ip_v2\video_segments\shot195-01-在这个牛市里-最需要系统去-就是这种能力-构建的-信息图卡.mp4,.mp4,82215,2026-05-26T17:24:03,2026-05-30T10:20:16,pending,none,internal,D:\Evan\AI-KnowledgeHub\10_S老师IP资产\_imported\D_aigc\fed_rate_wolf_bak\jianying_import_pack_sentence_ip_v2\video_segments\shot195-01-在这个牛市里-最需要系统去-就是这种能力-构建的-信息图卡.mp4,external_original_only,2026-09-20T14:42:32+08:00,True
997919ba62da0c3f,美债-收益率-科技估值-机会成本-公开自制,video,20_投研方法论,D_aigc,D:\aigc,D:\aigc\fed_rate_wolf_bak\04_opportunity_cost_bonds_vs_ai\public\美债-收益率-科技估值-机会成本-公开自制.mp4,fed_rate_wolf_bak\04_opportunity_cost_bonds_vs_ai\public\美债-收益率-科技估值-机会成本-公开自制.mp4,.mp4,118393,2026-05-26T12:56:15,2026-05-30T10:20:16,pending,none,internal,D:\Evan\AI-KnowledgeHub\20_投研方法论\_imported\D_aigc\fed_rate_wolf_bak\04_opportunity_cost_bonds_vs_ai\public\美债-收益率-科技估值-机会成本-公开自制.mp4,external_original_only,2026-09-20T14:42:32+08:00,True
b3ae1cc6e7292750,纳指-AI科技股-估值波动-公开自制,video,20_投研方法论,D_aigc,D:\aigc,D:\aigc\fed_rate_wolf_bak\14_us_stock_ai_volatility\public\纳指-AI科技股-估值波动-公开自制.mp4,fed_rate_wolf_bak\14_us_stock_ai_volatility\public\纳指-AI科技股-估值波动-公开自制.mp4,.mp4,120883,2026-05-26T12:56:33,2026-05-30T10:20:16,pending,none,internal,D:\Evan\AI-KnowledgeHub\20_投研方法论\_imported\D_aigc\fed_rate_wolf_bak\14_us_stock_ai_volatility\public\纳指-AI科技股-估值波动-公开自制.mp4,external_original_only,2026-09-20T14:42:32+08:00,True
e2f997e07b4c65fe,宏观-产业-估值-结尾金句-公开自制,video,20_投研方法论,D_aigc,D:\aigc,D:\aigc\fed_rate_wolf_bak\20_closing_true_investor_ability\public\宏观-产业-估值-结尾金句-公开自制.mp4,fed_rate_wolf_bak\20_closing_true_investor_ability\public\宏观-产业-估值-结尾金句-公开自制.mp4,.mp4,74219,2026-05-26T13:30:15,2026-05-30T10:20:16,pending,none,internal,D:\Evan\AI-KnowledgeHub\20_投研方法论\_imported\D_aigc\fed_rate_wolf_bak\20_closing_true_investor_ability\public\宏观-产业-估值-结尾金句-公开自制.mp4,external_original_only,2026-09-20T14:42:32+08:00,True
089de96fe4ae8a56,04_opportunity_cost_bonds_vs_ai__public__美债-收益率-科技估值-机会成本-公开自制,video,20_投研方法论,D_aigc,D:\aigc,D:\aigc\fed_rate_wolf_bak\99_output\all_materials\04_opportunity_cost_bonds_vs_ai__public__美债-收益率-科技估值-机会成本-公开自制.mp4,fed_rate_wolf_bak\99_output\all_materials\04_opportunity_cost_bonds_vs_ai__public__美债-收益率-科技估值-机会成本-公开自制.mp4,.mp4,118393,2026-05-26T12:56:15,2026-05-30T10:20:16,pending,none,internal,D:\Evan\AI-KnowledgeHub\20_投研方法论\_imported\D_aigc\fed_rate_wolf_bak\99_output\all_materials\04_opportunity_cost_bonds_vs_ai__public__美债-收益率-科技估值-机会成本-公开自制.mp4,external_original_only,2026-09-20T14:42:32+08:00,True
c77bdc22f1c8b700,14_us_stock_ai_volatility__public__纳指-AI科技股-估值波动-公开自制,video,20_投研方法论,D_aigc,D:\aigc,D:\aigc\fed_rate_wolf_bak\99_output\all_materials\14_us_stock_ai_volatility__public__纳指-AI科技股-估值波动-公开自制.mp4,fed_rate_wolf_bak\99_output\all_materials\14_us_stock_ai_volatility__public__纳指-AI科技股-估值波动-公开自制.mp4,.mp4,120883,2026-05-26T12:56:33,2026-05-30T10:20:16,pending,none,internal,D:\Evan\AI-KnowledgeHub\20_投研方法论\_imported\D_aigc\fed_rate_wolf_bak\99_output\all_materials\14_us_stock_ai_volatility__public__纳指-AI科技股-估值波动-公开自制.mp4,external_original_only,2026-09-20T14:42:32+08:00,True
a73a77f5d40d368b,20_closing_true_investor_ability__public__宏观-产业-估值-结尾金句-公开自制,video,20_投研方法论,D_aigc,D:\aigc,D:\aigc\fed_rate_wolf_bak\99_output\all_materials\20_closing_true_investor_ability__public__宏观-产业-估值-结尾金句-公开自制.mp4,fed_rate_wolf_bak\99_output\all_materials\20_closing_true_investor_ability__public__宏观-产业-估值-结尾金句-公开自制.mp4,.mp4,74219,2026-05-26T13:30:15,2026-05-30T10:20:16,pending,none,internal,D:\Evan\AI-KnowledgeHub\20_投研方法论\_imported\D_aigc\fed_rate_wolf_bak\99_output\all_materials\20_closing_true_investor_ability__public__宏观-产业-估值-结尾金句-公开自制.mp4,external_original_only,2026-09-20T14:42:32+08:00,True
71670e62ecc9cf60,宏观-恐慌-投资者-分析--B8rgaPjTozA,video,20_投研方法论,D_aigc,D:\aigc,D:\aigc\fed_rate_wolf_bak\99_output\rejected_materials\03\宏观-恐慌-投资者-分析--B8rgaPjTozA.mp4,fed_rate_wolf_bak\99_output\rejected_materials\03\宏观-恐慌-投资者-分析--B8rgaPjTozA.mp4,.mp4,1374105,2026-05-26T10:51:23,2026-05-30T10:20:16,pending,none,internal,D:\Evan\AI-KnowledgeHub\20_投研方法论\_imported\D_aigc\fed_rate_wolf_bak\99_output\rejected_materials\03\宏观-恐慌-投资者-分析--B8rgaPjTozA.mp4,external_original_only,2026-09-20T14:42:32+08:00,True
a5b34f2c3d481736,美债-收益率-科技估值-资金--2gbSDWgZLQQ,video,20_投研方法论,D_aigc,D:\aigc,D:\aigc\fed_rate_wolf_bak\99_output\rejected_materials\04\美债-收益率-科技估值-资金--2gbSDWgZLQQ.mp4,fed_rate_wolf_bak\99_output\rejected_materials\04\美债-收益率-科技估值-资金--2gbSDWgZLQQ.mp4,.mp4,1830931,2026-05-26T10:52:02,2026-05-30T10:20:16,pending,none,internal,D:\Evan\AI-KnowledgeHub\20_投研方法论\_imported\D_aigc\fed_rate_wolf_bak\99_output\rejected_materials\04\美债-收益率-科技估值-资金--2gbSDWgZLQQ.mp4,external_original_only,2026-09-20T14:42:32+08:00,True
b9dba890b7ebe4bf,宏观-产业-估值-结尾--EJHPltmAULA,video,20_投研方法论,D_aigc,D:\aigc,D:\aigc\fed_rate_wolf_bak\99_output\rejected_materials\20\宏观-产业-估值-结尾--EJHPltmAULA.mp4,fed_rate_wolf_bak\99_output\rejected_materials\20\宏观-产业-估值-结尾--EJHPltmAULA.mp4,.mp4,1331115,2026-05-26T11:01:43,2026-05-30T10:20:16,pending,none,internal,D:\Evan\AI-KnowledgeHub\20_投研方法论\_imported\D_aigc\fed_rate_wolf_bak\99_output\rejected_materials\20\宏观-产业-估值-结尾--EJHPltmAULA.mp4,external_original_only,2026-09-20T14:42:32+08:00,True
bbce2a596c8bb618,宏观-产业-估值-结尾金句-公开自制,video,20_投研方法论,D_aigc,D:\aigc,D:\aigc\fed_rate_wolf_bak\99_output\rejected_materials\20\宏观-产业-估值-结尾金句-公开自制.mp4,fed_rate_wolf_bak\99_output\rejected_materials\20\宏观-产业-估值-结尾金句-公开自制.mp4,.mp4,67844,2026-05-26T11:40:38,2026-05-30T10:20:16,pending,none,internal,D:\Evan\AI-KnowledgeHub\20_投研方法论\_imported\D_aigc\fed_rate_wolf_bak\99_output\rejected_materials\20\宏观-产业-估值-结尾金句-公开自制.mp4,external_original_only,2026-09-20T14:42:32+08:00,True
fdc3ce5a8df3f7fc,镜头04-01-美债-收益率-科技估值-机会成本,video,20_投研方法论,D_aigc,D:\aigc,D:\aigc\fed_rate_wolf_bak\jianying_import_pack_material_fixed\video_segments\镜头04-01-美债-收益率-科技估值-机会成本.mp4,fed_rate_wolf_bak\jianying_import_pack_material_fixed\video_segments\镜头04-01-美债-收益率-科技估值-机会成本.mp4,.mp4,631360,2026-05-26T13:20:58,2026-05-30T10:20:16,pending,none,internal,D:\Evan\AI-KnowledgeHub\20_投研方法论\_imported\D_aigc\fed_rate_wolf_bak\jianying_import_pack_material_fixed\video_segments\镜头04-01-美债-收益率-科技估值-机会成本.mp4,external_original_only,2026-09-20T14:42:32+08:00,True
5c83c4b3cf5ae971,镜头14-01-纳指-AI科技股-估值波动,video,20_投研方法论,D_aigc,D:\aigc,D:\aigc\fed_rate_wolf_bak\jianying_import_pack_material_fixed\video_segments\镜头14-01-纳指-AI科技股-估值波动.mp4,fed_rate_wolf_bak\jianying_import_pack_material_fixed\video_segments\镜头14-01-纳指-AI科技股-估值波动.mp4,.mp4,649835,2026-05-26T13:21:45,2026-05-30T10:20:16,pending,none,internal,D:\Evan\AI-KnowledgeHub\20_投研方法论\_imported\D_aigc\fed_rate_wolf_bak\jianying_import_pack_material_fixed\video_segments\镜头14-01-纳指-AI科技股-估值波动.mp4,external_original_only,2026-09-20T14:42:32+08:00,True
f27323613ef699d7,镜头20-01-宏观-产业-估值-结尾金句,video,20_投研方法论,D_aigc,D:\aigc,D:\aigc\fed_rate_wolf_bak\jianying_import_pack_material_fixed\video_segments\镜头20-01-宏观-产业-估值-结尾金句.mp4,fed_rate_wolf_bak\jianying_import_pack_material_fixed\video_segments\镜头20-01-宏观-产业-估值-结尾金句.mp4,.mp4,93690,2026-05-26T13:22:17,2026-05-30T10:20:16,pending,none,internal,D:\Evan\AI-KnowledgeHub\20_投研方法论\_imported\D_aigc\fed_rate_wolf_bak\jianying_import_pack_material_fixed\video_segments\镜头20-01-宏观-产业-估值-结尾金句.mp4,external_original_only,2026-09-20T14:42:32+08:00,True
3b3f925400379d6b,镜头04-01-美债-收益率-科技估值-机会成本,video,20_投研方法论,D_aigc,D:\aigc,D:\aigc\fed_rate_wolf_bak\jianying_import_pack_material_fixed_final\video_segments\镜头04-01-美债-收益率-科技估值-机会成本.mp4,fed_rate_wolf_bak\jianying_import_pack_material_fixed_final\video_segments\镜头04-01-美债-收益率-科技估值-机会成本.mp4,.mp4,631360,2026-05-26T13:33:52,2026-05-30T10:20:16,pending,none,internal,D:\Evan\AI-KnowledgeHub\20_投研方法论\_imported\D_aigc\fed_rate_wolf_bak\jianying_import_pack_material_fixed_final\video_segments\镜头04-01-美债-收益率-科技估值-机会成本.mp4,external_original_only,2026-09-20T14:42:32+08:00,True
168b6724d503b567,镜头14-01-纳指-AI科技股-估值波动,video,20_投研方法论,D_aigc,D:\aigc,D:\aigc\fed_rate_wolf_bak\jianying_import_pack_material_fixed_final\video_segments\镜头14-01-纳指-AI科技股-估值波动.mp4,fed_rate_wolf_bak\jianying_import_pack_material_fixed_final\video_segments\镜头14-01-纳指-AI科技股-估值波动.mp4,.mp4,649835,2026-05-26T13:34:45,2026-05-30T10:20:16,pending,none,internal,D:\Evan\AI-KnowledgeHub\20_投研方法论\_imported\D_aigc\fed_rate_wolf_bak\jianying_import_pack_material_fixed_final\video_segments\镜头14-01-纳指-AI科技股-估值波动.mp4,external_original_only,2026-09-20T14:42:32+08:00,True
08013dec4f6d82af,镜头20-01-宏观-产业-估值-结尾金句,video,20_投研方法论,D_aigc,D:\aigc,D:\aigc\fed_rate_wolf_bak\jianying_import_pack_material_fixed_final\video_segments\镜头20-01-宏观-产业-估值-结尾金句.mp4,fed_rate_wolf_bak\jianying_import_pack_material_fixed_final\video_segments\镜头20-01-宏观-产业-估值-结尾金句.mp4,.mp4,254411,2026-05-26T13:35:12,2026-05-30T10:20:16,pending,none,internal,D:\Evan\AI-KnowledgeHub\20_投研方法论\_imported\D_aigc\fed_rate_wolf_bak\jianying_import_pack_material_fixed_final\video_segments\镜头20-01-宏观-产业-估值-结尾金句.mp4,external_original_only,2026-09-20T14:42:32+08:00,True
08a7f5c0b03894af,shot021-01-因为任何让你-恐慌的宏观知-再打一个-纸老虎-信息图卡,video,20_投研方法论,D_aigc,D:\aigc,D:\aigc\fed_rate_wolf_bak\jianying_import_pack_sentence_ip_v1\video_segments\shot021-01-因为任何让你-恐慌的宏观知-再打一个-纸老虎-信息图卡.mp4,fed_rate_wolf_bak\jianying_import_pack_sentence_ip_v1\video_segments\shot021-01-因为任何让你-恐慌的宏观知-再打一个-纸老虎-信息图卡.mp4,.mp4,74066,2026-05-26T15:33:20,2026-05-30T10:20:16,pending,none,internal,D:\Evan\AI-KnowledgeHub\20_投研方法论\_imported\D_aigc\fed_rate_wolf_bak\jianying_import_pack_sentence_ip_v1\video_segments\shot021-01-因为任何让你-恐慌的宏观知-再打一个-纸老虎-信息图卡.mp4,external_original_only,2026-09-20T14:42:32+08:00,True
0088d90de9cb572b,shot024-01-因为你害怕流-害怕科技股杀-动性收紧-估值-信息图卡,video,20_投研方法论,D_aigc,D:\aigc,D:\aigc\fed_rate_wolf_bak\jianying_import_pack_sentence_ip_v1\video_segments\shot024-01-因为你害怕流-害怕科技股杀-动性收紧-估值-信息图卡.mp4,fed_rate_wolf_bak\jianying_import_pack_sentence_ip_v1\video_segments\shot024-01-因为你害怕流-害怕科技股杀-动性收紧-估值-信息图卡.mp4,.mp4,81399,2026-05-26T15:33:23,2026-05-30T10:20:16,pending,none,internal,D:\Evan\AI-KnowledgeHub\20_投研方法论\_imported\D_aigc\fed_rate_wolf_bak\jianying_import_pack_sentence_ip_v1\video_segments\shot024-01-因为你害怕流-害怕科技股杀-动性收紧-估值-信息图卡.mp4,external_original_only,2026-09-20T14:42:32+08:00,True
4153c688c928edc0,shot042-01-故事讲得天花-那些高风险-高估值-乱坠-信息图卡,video,20_投研方法论,D_aigc,D:\aigc,D:\aigc\fed_rate_wolf_bak\jianying_import_pack_sentence_ip_v1\video_segments\shot042-01-故事讲得天花-那些高风险-高估值-乱坠-信息图卡.mp4,fed_rate_wolf_bak\jianying_import_pack_sentence_ip_v1\video_segments\shot042-01-故事讲得天花-那些高风险-高估值-乱坠-信息图卡.mp4,.mp4,67363,2026-05-26T15:33:39,2026-05-30T10:20:16,pending,none,internal,D:\Evan\AI-KnowledgeHub\20_投研方法论\_imported\D_aigc\fed_rate_wolf_bak\jianying_import_pack_sentence_ip_v1\video_segments\shot042-01-故事讲得天花-那些高风险-高估值-乱坠-信息图卡.mp4,external_original_only,2026-09-20T14:42:32+08:00,True
cef5cf8bcaeed15d,shot046-01-是科技股估值-长端利率-的杀手,video,20_投研方法论,D_aigc,D:\aigc,D:\aigc\fed_rate_wolf_bak\jianying_import_pack_sentence_ip_v1\video_segments\shot046-01-是科技股估值-长端利率-的杀手.mp4,fed_rate_wolf_bak\jianying_import_pack_sentence_ip_v1\video_segments\shot046-01-是科技股估值-长端利率-的杀手.mp4,.mp4,1477864,2026-05-26T15:33:43,2026-05-30T10:20:16,pending,none,internal,D:\Evan\AI-KnowledgeHub\20_投研方法论\_imported\D_aigc\fed_rate_wolf_bak\jianying_import_pack_sentence_ip_v1\video_segments\shot046-01-是科技股估值-长端利率-的杀手.mp4,external_original_only,2026-09-20T14:42:32+08:00,True
59d47894e6138afa,shot059-01-这就等于把高-科技股的估值-前提,video,20_投研方法论,D_aigc,D:\aigc,D:\aigc\fed_rate_wolf_bak\jianying_import_pack_sentence_ip_v1\video_segments\shot059-01-这就等于把高-科技股的估值-前提.mp4,fed_rate_wolf_bak\jianying_import_pack_sentence_ip_v1\video_segments\shot059-01-这就等于把高-科技股的估值-前提.mp4,.mp4,1652773,2026-05-26T15:33:55,2026-05-30T10:20:16,pending,none,internal,D:\Evan\AI-KnowledgeHub\20_投研方法论\_imported\D_aigc\fed_rate_wolf_bak\jianying_import_pack_sentence_ip_v1\video_segments\shot059-01-这就等于把高-科技股的估值-前提.mp4,external_original_only,2026-09-20T14:42:32+08:00,True
170b8080dd3dd12b,shot111-01-他是在拆掉之-前过度依赖流-动性而堆起来-的估值泡沫的-信息图卡,video,20_投研方法论,D_aigc,D:\aigc,D:\aigc\fed_rate_wolf_bak\jianying_import_pack_sentence_ip_v1\video_segments\shot111-01-他是在拆掉之-前过度依赖流-动性而堆起来-的估值泡沫的-信息图卡.mp4,fed_rate_wolf_bak\jianying_import_pack_sentence_ip_v1\video_segments\shot111-01-他是在拆掉之-前过度依赖流-动性而堆起来-的估值泡沫的-信息图卡.mp4,.mp4,88878,2026-05-26T15:34:43,2026-05-30T10:20:16,pending,none,internal,D:\Evan\AI-KnowledgeHub\20_投研方法论\_imported\D_aigc\fed_rate_wolf_bak\jianying_import_pack_sentence_ip_v1\video_segments\shot111-01-他是在拆掉之-前过度依赖流-动性而堆起来-的估值泡沫的-信息图卡.mp4,external_original_only,2026-09-20T14:42:32+08:00,True
a1f85281b423384b,shot128-01-高利率会杀科-先看美股-刚才说了-技股估值,video,20_投研方法论,D_aigc,D:\aigc,D:\aigc\fed_rate_wolf_bak\jianying_import_pack_sentence_ip_v1\video_segments\shot128-01-高利率会杀科-先看美股-刚才说了-技股估值.mp4,fed_rate_wolf_bak\jianying_import_pack_sentence_ip_v1\video_segments\shot128-01-高利率会杀科-先看美股-刚才说了-技股估值.mp4,.mp4,2203941,2026-05-26T15:35:02,2026-05-30T10:20:16,pending,none,internal,D:\Evan\AI-KnowledgeHub\20_投研方法论\_imported\D_aigc\fed_rate_wolf_bak\jianying_import_pack_sentence_ip_v1\video_segments\shot128-01-高利率会杀科-先看美股-刚才说了-技股估值.mp4,external_original_only,2026-09-20T14:42:32+08:00,True
2276c457e5d775c2,shot130-01-牛市的估值就-会一直被挑战-美股这一轮-波动会加剧,video,20_投研方法论,D_aigc,D:\aigc,D:\aigc\fed_rate_wolf_bak\jianying_import_pack_sentence_ip_v1\video_segments\shot130-01-牛市的估值就-会一直被挑战-美股这一轮-波动会加剧.mp4,fed_rate_wolf_bak\jianying_import_pack_sentence_ip_v1\video_segments\shot130-01-牛市的估值就-会一直被挑战-美股这一轮-波动会加剧.mp4,.mp4,4166468,2026-05-26T15:35:09,2026-05-30T10:20:16,pending,none,internal,D:\Evan\AI-KnowledgeHub\20_投研方法论\_imported\D_aigc\fed_rate_wolf_bak\jianying_import_pack_sentence_ip_v1\video_segments\shot130-01-牛市的估值就-会一直被挑战-美股这一轮-波动会加剧.mp4,external_original_only,2026-09-20T14:42:32+08:00,True
6bb466b3674d9a3e,shot158-01-半导体还是新-财报数据亮眼-无论是-AI,video,20_投研方法论,D_aigc,D:\aigc,D:\aigc\fed_rate_wolf_bak\jianying_import_pack_sentence_ip_v1\video_segments\shot158-01-半导体还是新-财报数据亮眼-无论是-AI.mp4,fed_rate_wolf_bak\jianying_import_pack_sentence_ip_v1\video_segments\shot158-01-半导体还是新-财报数据亮眼-无论是-AI.mp4,.mp4,3180403,2026-05-26T15:35:35,2026-05-30T10:20:16,pending,none,internal,D:\Evan\AI-KnowledgeHub\20_投研方法论\_imported\D_aigc\fed_rate_wolf_bak\jianying_import_pack_sentence_ip_v1\video_segments\shot158-01-半导体还是新-财报数据亮眼-无论是-AI.mp4,external_original_only,2026-09-20T14:42:32+08:00,True
3ba6ab0f01142aac,shot184-01-你是不是一个-真正能看懂宏-看懂估值的-看透产业,video,20_投研方法论,D_aigc,D:\aigc,D:\aigc\fed_rate_wolf_bak\jianying_import_pack_sentence_ip_v1\video_segments\shot184-01-你是不是一个-真正能看懂宏-看懂估值的-看透产业.mp4,fed_rate_wolf_bak\jianying_import_pack_sentence_ip_v1\video_segments\shot184-01-你是不是一个-真正能看懂宏-看懂估值的-看透产业.mp4,.mp4,107568,2026-05-26T15:35:59,2026-05-30T10:20:16,pending,none,internal,D:\Evan\AI-KnowledgeHub\20_投研方法论\_imported\D_aigc\fed_rate_wolf_bak\jianying_import_pack_sentence_ip_v1\video_segments\shot184-01-你是不是一个-真正能看懂宏-看懂估值的-看透产业.mp4,external_original_only,2026-09-20T14:42:32+08:00,True
f7d6f6ad5f3427d0,shot021-01-因为任何让你-恐慌的宏观知-再打一个-纸老虎-信息图卡,video,20_投研方法论,D_aigc,D:\aigc,D:\aigc\fed_rate_wolf_bak\jianying_import_pack_sentence_ip_v2\video_segments\shot021-01-因为任何让你-恐慌的宏观知-再打一个-纸老虎-信息图卡.mp4,fed_rate_wolf_bak\jianying_import_pack_sentence_ip_v2\video_segments\shot021-01-因为任何让你-恐慌的宏观知-再打一个-纸老虎-信息图卡.mp4,.mp4,74646,2026-05-26T17:20:55,2026-05-30T10:20:16,pending,none,internal,D:\Evan\AI-KnowledgeHub\20_投研方法论\_imported\D_aigc\fed_rate_wolf_bak\jianying_import_pack_sentence_ip_v2\video_segments\shot021-01-因为任何让你-恐慌的宏观知-再打一个-纸老虎-信息图卡.mp4,external_original_only,2026-09-20T14:42:32+08:00,True
97c8e20e38cac0ac,shot024-01-因为你害怕流-害怕科技股杀-动性收紧-估值-信息图卡,video,20_投研方法论,D_aigc,D:\aigc,D:\aigc\fed_rate_wolf_bak\jianying_import_pack_sentence_ip_v2\video_segments\shot024-01-因为你害怕流-害怕科技股杀-动性收紧-估值-信息图卡.mp4,fed_rate_wolf_bak\jianying_import_pack_sentence_ip_v2\video_segments\shot024-01-因为你害怕流-害怕科技股杀-动性收紧-估值-信息图卡.mp4,.mp4,81963,2026-05-26T17:20:59,2026-05-30T10:20:16,pending,none,internal,D:\Evan\AI-KnowledgeHub\20_投研方法论\_imported\D_aigc\fed_rate_wolf_bak\jianying_import_pack_sentence_ip_v2\video_segments\shot024-01-因为你害怕流-害怕科技股杀-动性收紧-估值-信息图卡.mp4,external_original_only,2026-09-20T14:42:32+08:00,True
8169dc47b746867e,shot043-01-故事讲得天花-那些高风险-高估值-乱坠,video,20_投研方法论,D_aigc,D:\aigc,D:\aigc\fed_rate_wolf_bak\jianying_import_pack_sentence_ip_v2\video_segments\shot043-01-故事讲得天花-那些高风险-高估值-乱坠.mp4,fed_rate_wolf_bak\jianying_import_pack_sentence_ip_v2\video_segments\shot043-01-故事讲得天花-那些高风险-高估值-乱坠.mp4,.mp4,69376,2026-05-26T17:21:22,2026-05-30T10:20:16,pending,none,internal,D:\Evan\AI-KnowledgeHub\20_投研方法论\_imported\D_aigc\fed_rate_wolf_bak\jianying_import_pack_sentence_ip_v2\video_segments\shot043-01-故事讲得天花-那些高风险-高估值-乱坠.mp4,external_original_only,2026-09-20T14:42:32+08:00,True
5656e6900cde45af,shot047-01-是科技股估值-长端利率-的杀手,video,20_投研方法论,D_aigc,D:\aigc,D:\aigc\fed_rate_wolf_bak\jianying_import_pack_sentence_ip_v2\video_segments\shot047-01-是科技股估值-长端利率-的杀手.mp4,fed_rate_wolf_bak\jianying_import_pack_sentence_ip_v2\video_segments\shot047-01-是科技股估值-长端利率-的杀手.mp4,.mp4,1707216,2026-05-26T17:21:28,2026-05-30T10:20:16,pending,none,internal,D:\Evan\AI-KnowledgeHub\20_投研方法论\_imported\D_aigc\fed_rate_wolf_bak\jianying_import_pack_sentence_ip_v2\video_segments\shot047-01-是科技股估值-长端利率-的杀手.mp4,external_original_only,2026-09-20T14:42:32+08:00,True
ce10e0ab8156b794,shot062-01-这就等于把高-科技股的估值-前提,video,20_投研方法论,D_aigc,D:\aigc,D:\aigc\fed_rate_wolf_bak\jianying_import_pack_sentence_ip_v2\video_segments\shot062-01-这就等于把高-科技股的估值-前提.mp4,fed_rate_wolf_bak\jianying_import_pack_sentence_ip_v2\video_segments\shot062-01-这就等于把高-科技股的估值-前提.mp4,.mp4,1512006,2026-05-26T17:21:41,2026-05-30T10:20:16,pending,none,internal,D:\Evan\AI-KnowledgeHub\20_投研方法论\_imported\D_aigc\fed_rate_wolf_bak\jianying_import_pack_sentence_ip_v2\video_segments\shot062-01-这就等于把高-科技股的估值-前提.mp4,external_original_only,2026-09-20T14:42:32+08:00,True
ca4ff021927bf1f4,shot116-01-他是在拆掉之-前过度依赖流-动性而堆起来-的估值泡沫的,video,20_投研方法论,D_aigc,D:\aigc,D:\aigc\fed_rate_wolf_bak\jianying_import_pack_sentence_ip_v2\video_segments\shot116-01-他是在拆掉之-前过度依赖流-动性而堆起来-的估值泡沫的.mp4,fed_rate_wolf_bak\jianying_import_pack_sentence_ip_v2\video_segments\shot116-01-他是在拆掉之-前过度依赖流-动性而堆起来-的估值泡沫的.mp4,.mp4,61781,2026-05-26T17:22:38,2026-05-30T10:20:16,pending,none,internal,D:\Evan\AI-KnowledgeHub\20_投研方法论\_imported\D_aigc\fed_rate_wolf_bak\jianying_import_pack_sentence_ip_v2\video_segments\shot116-01-他是在拆掉之-前过度依赖流-动性而堆起来-的估值泡沫的.mp4,external_original_only,2026-09-20T14:42:32+08:00,True
f29506f076701db6,shot134-01-高利率会杀科-先看美股-刚才说了-技股估值,video,20_投研方法论,D_aigc,D:\aigc,D:\aigc\fed_rate_wolf_bak\jianying_import_pack_sentence_ip_v2\video_segments\shot134-01-高利率会杀科-先看美股-刚才说了-技股估值.mp4,fed_rate_wolf_bak\jianying_import_pack_sentence_ip_v2\video_segments\shot134-01-高利率会杀科-先看美股-刚才说了-技股估值.mp4,.mp4,3647494,2026-05-26T17:23:00,2026-05-30T10:20:16,pending,none,internal,D:\Evan\AI-KnowledgeHub\20_投研方法论\_imported\D_aigc\fed_rate_wolf_bak\jianying_import_pack_sentence_ip_v2\video_segments\shot134-01-高利率会杀科-先看美股-刚才说了-技股估值.mp4,external_original_only,2026-09-20T14:42:32+08:00,True
1fbb1f42523596e0,shot136-01-牛市的估值就-会一直被挑战-美股这一轮-AI,video,20_投研方法论,D_aigc,D:\aigc,D:\aigc\fed_rate_wolf_bak\jianying_import_pack_sentence_ip_v2\video_segments\shot136-01-牛市的估值就-会一直被挑战-美股这一轮-AI.mp4,fed_rate_wolf_bak\jianying_import_pack_sentence_ip_v2\video_segments\shot136-01-牛市的估值就-会一直被挑战-美股这一轮-AI.mp4,.mp4,4336913,2026-05-26T17:23:04,2026-05-30T10:20:16,pending,none,internal,D:\Evan\AI-KnowledgeHub\20_投研方法论\_imported\D_aigc\fed_rate_wolf_bak\jianying_import_pack_sentence_ip_v2\video_segments\shot136-01-牛市的估值就-会一直被挑战-美股这一轮-AI.mp4,external_original_only,2026-09-20T14:42:32+08:00,True
155b8a970d6b437b,shot166-01-半导体还是新-财报数据亮眼-无论是-AI,video,20_投研方法论,D_aigc,D:\aigc,D:\aigc\fed_rate_wolf_bak\jianying_import_pack_sentence_ip_v2\video_segments\shot166-01-半导体还是新-财报数据亮眼-无论是-AI.mp4,fed_rate_wolf_bak\jianying_import_pack_sentence_ip_v2\video_segments\shot166-01-半导体还是新-财报数据亮眼-无论是-AI.mp4,.mp4,2445681,2026-05-26T17:23:35,2026-05-30T10:20:16,pending,none,internal,D:\Evan\AI-KnowledgeHub\20_投研方法论\_imported\D_aigc\fed_rate_wolf_bak\jianying_import_pack_sentence_ip_v2\video_segments\shot166-01-半导体还是新-财报数据亮眼-无论是-AI.mp4,external_original_only,2026-09-20T14:42:32+08:00,True
19d099447c588076,shot193-01-你是不是一个-真正能看懂宏-看懂估值的-看透产业,video,20_投研方法论,D_aigc,D:\aigc,D:\aigc\fed_rate_wolf_bak\jianying_import_pack_sentence_ip_v2\video_segments\shot193-01-你是不是一个-真正能看懂宏-看懂估值的-看透产业.mp4,fed_rate_wolf_bak\jianying_import_pack_sentence_ip_v2\video_segments\shot193-01-你是不是一个-真正能看懂宏-看懂估值的-看透产业.mp4,.mp4,108192,2026-05-26T17:24:01,2026-05-30T10:20:16,pending,none,internal,D:\Evan\AI-KnowledgeHub\20_投研方法论\_imported\D_aigc\fed_rate_wolf_bak\jianying_import_pack_sentence_ip_v2\video_segments\shot193-01-你是不是一个-真正能看懂宏-看懂估值的-看透产业.mp4,external_original_only,2026-09-20T14:42:32+08:00,True
15040bd0a2d39c85,镜头04-03-半导体洁净室,video,30_产业研究库,D_Evan_video,D:\Evan\video,D:\Evan\video\zhuyiming\jianying_import_pack_v2_no_host\video_segments\镜头04-03-半导体洁净室.mp4,zhuyiming\jianying_import_pack_v2_no_host\video_segments\镜头04-03-半导体洁净室.mp4,.mp4,195206,2026-05-23T22:53:49,2026-05-30T10:20:16,pending,none,internal,D:\Evan\AI-KnowledgeHub\30_产业研究库\_imported\D_Evan_video\zhuyiming\jianying_import_pack_v2_no_host\video_segments\镜头04-03-半导体洁净室.mp4,external_original_only,2026-09-20T14:42:32+08:00,True
f51beefb40e2c4bb,镜头07-01-长鑫芯片,video,30_产业研究库,D_Evan_video,D:\Evan\video,D:\Evan\video\zhuyiming\jianying_import_pack_v2_no_host\video_segments\镜头07-01-长鑫芯片.mp4,zhuyiming\jianying_import_pack_v2_no_host\video_segments\镜头07-01-长鑫芯片.mp4,.mp4,2724593,2026-05-23T22:53:53,2026-05-30T10:20:16,pending,none,internal,D:\Evan\AI-KnowledgeHub\30_产业研究库\_imported\D_Evan_video\zhuyiming\jianying_import_pack_v2_no_host\video_segments\镜头07-01-长鑫芯片.mp4,external_original_only,2026-09-20T14:42:32+08:00,True
d43a90695fb6eaf1,镜头08-01-存储芯片,video,30_产业研究库,D_Evan_video,D:\Evan\video,D:\Evan\video\zhuyiming\jianying_import_pack_v2_no_host\video_segments\镜头08-01-存储芯片.mp4,zhuyiming\jianying_import_pack_v2_no_host\video_segments\镜头08-01-存储芯片.mp4,.mp4,2107930,2026-05-23T22:53:55,2026-05-30T10:20:16,pending,none,internal,D:\Evan\AI-KnowledgeHub\30_产业研究库\_imported\D_Evan_video\zhuyiming\jianying_import_pack_v2_no_host\video_segments\镜头08-01-存储芯片.mp4,external_original_only,2026-09-20T14:42:32+08:00,True
1361bb129079509e,镜头16-01-长鑫芯片近景,video,30_产业研究库,D_Evan_video,D:\Evan\video,D:\Evan\video\zhuyiming\jianying_import_pack_v2_no_host\video_segments\镜头16-01-长鑫芯片近景.mp4,zhuyiming\jianying_import_pack_v2_no_host\video_segments\镜头16-01-长鑫芯片近景.mp4,.mp4,2685575,2026-05-23T22:54:06,2026-05-30T10:20:16,pending,none,internal,D:\Evan\AI-KnowledgeHub\30_产业研究库\_imported\D_Evan_video\zhuyiming\jianying_import_pack_v2_no_host\video_segments\镜头16-01-长鑫芯片近景.mp4,external_original_only,2026-09-20T14:42:32+08:00,True
807d16003b9a3f4f,长鑫-官方-产品芯片-DRAM-02,video,30_产业研究库,D_Evan_video,D:\Evan\video,D:\Evan\video\zhuyiming\public_videos\01_cxmt_official\长鑫-官方-产品芯片-DRAM-02.mp4,zhuyiming\public_videos\01_cxmt_official\长鑫-官方-产品芯片-DRAM-02.mp4,.mp4,3859340,2026-05-22T14:14:34,2026-05-30T10:20:16,pending,none,internal,D:\Evan\AI-KnowledgeHub\30_产业研究库\_imported\D_Evan_video\zhuyiming\public_videos\01_cxmt_official\长鑫-官方-产品芯片-DRAM-02.mp4,external_original_only,2026-09-20T14:42:32+08:00,True
8e0589314eade7ae,长鑫-官方-存储产品-芯片展示-03,video,30_产业研究库,D_Evan_video,D:\Evan\video,D:\Evan\video\zhuyiming\public_videos\01_cxmt_official\长鑫-官方-存储产品-芯片展示-03.mp4,zhuyiming\public_videos\01_cxmt_official\长鑫-官方-存储产品-芯片展示-03.mp4,.mp4,2885430,2026-05-22T14:14:39,2026-05-30T10:20:16,pending,none,internal,D:\Evan\AI-KnowledgeHub\30_产业研究库\_imported\D_Evan_video\zhuyiming\public_videos\01_cxmt_official\长鑫-官方-存储产品-芯片展示-03.mp4,external_original_only,2026-09-20T14:42:32+08:00,True
fd251d621a81dfe7,中国存储-长鑫突围-DRAM市场,video,30_产业研究库,D_Evan_video,D:\Evan\video,D:\Evan\video\zhuyiming\restricted_need_authorization\youtube_requires_permission\中国存储-长鑫突围-DRAM市场.mp4,zhuyiming\restricted_need_authorization\youtube_requires_permission\中国存储-长鑫突围-DRAM市场.mp4,.mp4,40811864,2026-05-23T16:07:24,2026-05-30T10:20:16,pending,none,internal,D:\Evan\AI-KnowledgeHub\30_产业研究库\_imported\D_Evan_video\zhuyiming\restricted_need_authorization\youtube_requires_permission\中国存储-长鑫突围-DRAM市场.mp4,external_original_only,2026-09-20T14:42:32+08:00,True
19b8e7f758dca4bb,供应链-AI芯片-卡脖子-需授权确认,video,30_产业研究库,D_Evan_video,D:\Evan\video,D:\Evan\video\zhuyiming\restricted_need_authorization\youtube_requires_permission\供应链-AI芯片-卡脖子-需授权确认.mp4,zhuyiming\restricted_need_authorization\youtube_requires_permission\供应链-AI芯片-卡脖子-需授权确认.mp4,.mp4,17457003,2026-05-23T16:07:13,2026-05-30T10:20:16,pending,none,internal,D:\Evan\AI-KnowledgeHub\30_产业研究库\_imported\D_Evan_video\zhuyiming\restricted_need_authorization\youtube_requires_permission\供应链-AI芯片-卡脖子-需授权确认.mp4,external_original_only,2026-09-20T14:42:32+08:00,True
fe753c5b4404209c,半导体-制造流程-三星科普-需授权确认,video,30_产业研究库,D_Evan_video,D:\Evan\video,D:\Evan\video\zhuyiming\restricted_need_authorization\youtube_requires_permission\半导体-制造流程-三星科普-需授权确认.mp4,zhuyiming\restricted_need_authorization\youtube_requires_permission\半导体-制造流程-三星科普-需授权确认.mp4,.mp4,22737472,2026-05-23T16:06:08,2026-05-30T10:20:16,pending,none,internal,D:\Evan\AI-KnowledgeHub\30_产业研究库\_imported\D_Evan_video\zhuyiming\restricted_need_authorization\youtube_requires_permission\半导体-制造流程-三星科普-需授权确认.mp4,external_original_only,2026-09-20T14:42:32+08:00,True
c5b49b1f2b039ec7,芯片-实验室-纳米材料-官方频道-02,video,30_产业研究库,D_Evan_video,D:\Evan\video,D:\Evan\video\zhuyiming\restricted_need_authorization\youtube_requires_permission\芯片-实验室-纳米材料-官方频道-02.mp4,zhuyiming\restricted_need_authorization\youtube_requires_permission\芯片-实验室-纳米材料-官方频道-02.mp4,.mp4,4953283,2026-05-22T14:30:16,2026-05-30T10:20:16,pending,none,internal,D:\Evan\AI-KnowledgeHub\30_产业研究库\_imported\D_Evan_video\zhuyiming\restricted_need_authorization\youtube_requires_permission\芯片-实验室-纳米材料-官方频道-02.mp4,external_original_only,2026-09-20T14:42:32+08:00,True
ab286a2e0e2eb3a2,芯片-洁净室-半导体产线-需授权确认-01,video,30_产业研究库,D_Evan_video,D:\Evan\video,D:\Evan\video\zhuyiming\restricted_need_authorization\youtube_requires_permission\芯片-洁净室-半导体产线-需授权确认-01.mp4,zhuyiming\restricted_need_authorization\youtube_requires_permission\芯片-洁净室-半导体产线-需授权确认-01.mp4,.mp4,1634726,2026-05-22T14:30:09,2026-05-30T10:20:16,pending,none,internal,D:\Evan\AI-KnowledgeHub\30_产业研究库\_imported\D_Evan_video\zhuyiming\restricted_need_authorization\youtube_requires_permission\芯片-洁净室-半导体产线-需授权确认-01.mp4,external_original_only,2026-09-20T14:42:32+08:00,True
c7216c48425f7673,shot_006_光刻_EDA_晶圆_产业链封锁_01_美国半导体制造_Raimondo,video,30_产业研究库,D_aigc,D:\aigc,D:\aigc\S老师_芯片韬定律\02_assets\shot_006_光刻_EDA_晶圆_产业链封锁\shot_006_光刻_EDA_晶圆_产业链封锁_01_美国半导体制造_Raimondo.mp4,S老师_芯片韬定律\02_assets\shot_006_光刻_EDA_晶圆_产业链封锁\shot_006_光刻_EDA_晶圆_产业链封锁_01_美国半导体制造_Raimondo.mp4,.mp4,312157062,2026-05-29T13:46:32,2026-05-30T10:20:16,pending,none,internal,D:\Evan\AI-KnowledgeHub\30_产业研究库\_imported\D_aigc\S老师_芯片韬定律\02_assets\shot_006_光刻_EDA_晶圆_产业链封锁\shot_006_光刻_EDA_晶圆_产业链封锁_01_美国半导体制造_Raimondo.mp4,external_original_only,2026-09-20T14:42:32+08:00,True
6d7903f9af30a2aa,shot_007_美国卡中国芯片_规则封锁_01_计算机芯片产业_Raimondo,video,30_产业研究库,D_aigc,D:\aigc,D:\aigc\S老师_芯片韬定律\02_assets\shot_007_美国卡中国芯片_规则封锁\shot_007_美国卡中国芯片_规则封锁_01_计算机芯片产业_Raimondo.mp4,S老师_芯片韬定律\02_assets\shot_007_美国卡中国芯片_规则封锁\shot_007_美国卡中国芯片_规则封锁_01_计算机芯片产业_Raimondo.mp4,.mp4,188260745,2026-05-29T13:46:16,2026-05-30T10:20:16,pending,none,internal,D:\Evan\AI-KnowledgeHub\30_产业研究库\_imported\D_aigc\S老师_芯片韬定律\02_assets\shot_007_美国卡中国芯片_规则封锁\shot_007_美国卡中国芯片_规则封锁_01_计算机芯片产业_Raimondo.mp4,external_original_only,2026-09-20T14:42:32+08:00,True
8e65a237518e5c50,shot_007_规则体系_芯片资金_国会_01_Warnock芯片资金,video,30_产业研究库,D_aigc,D:\aigc,D:\aigc\S老师_芯片韬定律\02_assets\shot_007_规则体系_芯片资金_国会\shot_007_规则体系_芯片资金_国会_01_Warnock芯片资金.mp4,S老师_芯片韬定律\02_assets\shot_007_规则体系_芯片资金_国会\shot_007_规则体系_芯片资金_国会_01_Warnock芯片资金.mp4,.mp4,201688577,2026-05-29T13:46:18,2026-05-30T10:20:16,pending,none,internal,D:\Evan\AI-KnowledgeHub\30_产业研究库\_imported\D_aigc\S老师_芯片韬定律\02_assets\shot_007_规则体系_芯片资金_国会\shot_007_规则体系_芯片资金_国会_01_Warnock芯片资金.mp4,external_original_only,2026-09-20T14:42:32+08:00,True
0f1e482550bc0d0c,shot_008_华为_园区科技制造_新路线_01_华为官方松山湖园区科技方案,video,30_产业研究库,D_aigc,D:\aigc,D:\aigc\S老师_芯片韬定律\02_assets\shot_008_华为_园区科技制造_新路线\shot_008_华为_园区科技制造_新路线_01_华为官方松山湖园区科技方案.mp4,S老师_芯片韬定律\02_assets\shot_008_华为_园区科技制造_新路线\shot_008_华为_园区科技制造_新路线_01_华为官方松山湖园区科技方案.mp4,.mp4,52132759,2026-05-29T15:17:05,2026-05-30T10:20:16,pending,none,internal,D:\Evan\AI-KnowledgeHub\30_产业研究库\_imported\D_aigc\S老师_芯片韬定律\02_assets\shot_008_华为_园区科技制造_新路线\shot_008_华为_园区科技制造_新路线_01_华为官方松山湖园区科技方案.mp4,external_original_only,2026-09-20T14:42:32+08:00,True
c74341e64ae301e5,shot_008_华为_松山湖园区_公司新路线_01_华为官方松山湖园区,video,30_产业研究库,D_aigc,D:\aigc,D:\aigc\S老师_芯片韬定律\02_assets\shot_008_华为_松山湖园区_公司新路线\shot_008_华为_松山湖园区_公司新路线_01_华为官方松山湖园区.mp4,S老师_芯片韬定律\02_assets\shot_008_华为_松山湖园区_公司新路线\shot_008_华为_松山湖园区_公司新路线_01_华为官方松山湖园区.mp4,.mp4,69970115,2026-05-29T15:15:41,2026-05-30T10:20:16,pending,none,internal,D:\Evan\AI-KnowledgeHub\30_产业研究库\_imported\D_aigc\S老师_芯片韬定律\02_assets\shot_008_华为_松山湖园区_公司新路线\shot_008_华为_松山湖园区_公司新路线_01_华为官方松山湖园区.mp4,external_original_only,2026-09-20T14:42:32+08:00,True
547c1bedfda51302,shot_009_韬定律_何庭波_发布访谈_01_证券时报人民日报对话,video,30_产业研究库,D_aigc,D:\aigc,D:\aigc\S老师_芯片韬定律\02_assets\shot_009_韬定律_何庭波_发布访谈\shot_009_韬定律_何庭波_发布访谈_01_证券时报人民日报对话.mp4,S老师_芯片韬定律\02_assets\shot_009_韬定律_何庭波_发布访谈\shot_009_韬定律_何庭波_发布访谈_01_证券时报人民日报对话.mp4,.mp4,56638685,2026-05-29T15:17:50,2026-05-30T10:20:16,pending,none,internal,D:\Evan\AI-KnowledgeHub\30_产业研究库\_imported\D_aigc\S老师_芯片韬定律\02_assets\shot_009_韬定律_何庭波_发布访谈\shot_009_韬定律_何庭波_发布访谈_01_证券时报人民日报对话.mp4,external_original_only,2026-09-20T14:42:32+08:00,True
90e88bb382e6717e,A股-科技慢牛-半导体-新能源--Oidr0rfwlyY,video,30_产业研究库,D_aigc,D:\aigc,D:\aigc\fed_rate_wolf_bak\16_a_share_independent_bull_logic\restricted_need_authorization\A股-科技慢牛-半导体-新能源--Oidr0rfwlyY.mp4,fed_rate_wolf_bak\16_a_share_independent_bull_logic\restricted_need_authorization\A股-科技慢牛-半导体-新能源--Oidr0rfwlyY.mp4,.mp4,3403576,2026-05-26T10:57:09,2026-05-30T10:20:16,pending,none,internal,D:\Evan\AI-KnowledgeHub\30_产业研究库\_imported\D_aigc\fed_rate_wolf_bak\16_a_share_independent_bull_logic\restricted_need_authorization\A股-科技慢牛-半导体-新能源--Oidr0rfwlyY.mp4,external_original_only,2026-09-20T14:42:32+08:00,True
109a3eca8643b39e,产业升级-半导体-新能源-产能拐点-公开自制,video,30_产业研究库,D_aigc,D:\aigc,D:\aigc\fed_rate_wolf_bak\18_industry_upgrade_real_inflection\public\产业升级-半导体-新能源-产能拐点-公开自制.mp4,fed_rate_wolf_bak\18_industry_upgrade_real_inflection\public\产业升级-半导体-新能源-产能拐点-公开自制.mp4,.mp4,93300,2026-05-26T13:30:10,2026-05-30T10:20:16,pending,none,internal,D:\Evan\AI-KnowledgeHub\30_产业研究库\_imported\D_aigc\fed_rate_wolf_bak\18_industry_upgrade_real_inflection\public\产业升级-半导体-新能源-产能拐点-公开自制.mp4,external_original_only,2026-09-20T14:42:32+08:00,True
50a872c1178bf5f8,英特尔-晶圆厂-半导体-产线--KTKg0Y1snQ,video,30_产业研究库,D_aigc,D:\aigc,D:\aigc\fed_rate_wolf_bak\18_industry_upgrade_real_inflection\restricted_need_authorization\英特尔-晶圆厂-半导体-产线--KTKg0Y1snQ.mp4,fed_rate_wolf_bak\18_industry_upgrade_real_inflection\restricted_need_authorization\英特尔-晶圆厂-半导体-产线--KTKg0Y1snQ.mp4,.mp4,4667500,2026-05-26T13:30:40,2026-05-30T10:20:16,pending,none,internal,D:\Evan\AI-KnowledgeHub\30_产业研究库\_imported\D_aigc\fed_rate_wolf_bak\18_industry_upgrade_real_inflection\restricted_need_authorization\英特尔-晶圆厂-半导体-产线--KTKg0Y1snQ.mp4,external_original_only,2026-09-20T14:42:32+08:00,True
daaa90c3c9d80e9d,16_a_share_independent_bull_logic__restricted_need_authorization__A股-科技慢牛-半导体-新能源--Oidr0rfwlyY,video,30_产业研究库,D_aigc,D:\aigc,D:\aigc\fed_rate_wolf_bak\99_output\all_materials\16_a_share_independent_bull_logic__restricted_need_authorization__A股-科技慢牛-半导体-新能源--Oidr0rfwlyY.mp4,fed_rate_wolf_bak\99_output\all_materials\16_a_share_independent_bull_logic__restricted_need_authorization__A股-科技慢牛-半导体-新能源--Oidr0rfwlyY.mp4,.mp4,3403576,2026-05-26T10:57:09,2026-05-30T10:20:16,pending,none,internal,D:\Evan\AI-KnowledgeHub\30_产业研究库\_imported\D_aigc\fed_rate_wolf_bak\99_output\all_materials\16_a_share_independent_bull_logic__restricted_need_authorization__A股-科技慢牛-半导体-新能源--Oidr0rfwlyY.mp4,external_original_only,2026-09-20T14:42:32+08:00,True
9bc5c8a68f471056,18_industry_upgrade_real_inflection__public__产业升级-半导体-新能源-产能拐点-公开自制,video,30_产业研究库,D_aigc,D:\aigc,D:\aigc\fed_rate_wolf_bak\99_output\all_materials\18_industry_upgrade_real_inflection__public__产业升级-半导体-新能源-产能拐点-公开自制.mp4,fed_rate_wolf_bak\99_output\all_materials\18_industry_upgrade_real_inflection__public__产业升级-半导体-新能源-产能拐点-公开自制.mp4,.mp4,93300,2026-05-26T13:30:10,2026-05-30T10:20:16,pending,none,internal,D:\Evan\AI-KnowledgeHub\30_产业研究库\_imported\D_aigc\fed_rate_wolf_bak\99_output\all_materials\18_industry_upgrade_real_inflection__public__产业升级-半导体-新能源-产能拐点-公开自制.mp4,external_original_only,2026-09-20T14:42:32+08:00,True
c15f5e79ebb66e69,18_industry_upgrade_real_inflection__restricted_need_authorization__英特尔-晶圆厂-半导体-产线--KTKg0Y1snQ,video,30_产业研究库,D_aigc,D:\aigc,D:\aigc\fed_rate_wolf_bak\99_output\all_materials\18_industry_upgrade_real_inflection__restricted_need_authorization__英特尔-晶圆厂-半导体-产线--KTKg0Y1snQ.mp4,fed_rate_wolf_bak\99_output\all_materials\18_industry_upgrade_real_inflection__restricted_need_authorization__英特尔-晶圆厂-半导体-产线--KTKg0Y1snQ.mp4,.mp4,4667500,2026-05-26T13:30:40,2026-05-30T10:20:16,pending,none,internal,D:\Evan\AI-KnowledgeHub\30_产业研究库\_imported\D_aigc\fed_rate_wolf_bak\99_output\all_materials\18_industry_upgrade_real_inflection__restricted_need_authorization__英特尔-晶圆厂-半导体-产线--KTKg0Y1snQ.mp4,external_original_only,2026-09-20T14:42:32+08:00,True
f0d1e5b33e0a587f,产业升级-AI-半导体-新能源--XsdueN7KuFc,video,30_产业研究库,D_aigc,D:\aigc,D:\aigc\fed_rate_wolf_bak\99_output\rejected_materials\18\产业升级-AI-半导体-新能源--XsdueN7KuFc.mp4,fed_rate_wolf_bak\99_output\rejected_materials\18\产业升级-AI-半导体-新能源--XsdueN7KuFc.mp4,.mp4,3331570,2026-05-26T10:58:43,2026-05-30T10:20:16,pending,none,internal,D:\Evan\AI-KnowledgeHub\30_产业研究库\_imported\D_aigc\fed_rate_wolf_bak\99_output\rejected_materials\18\产业升级-AI-半导体-新能源--XsdueN7KuFc.mp4,external_original_only,2026-09-20T14:42:32+08:00,True
44180b1a1a916ce2,芯片-工厂-微电子-产线--7y7bVekJElc,video,30_产业研究库,D_aigc,D:\aigc,D:\aigc\fed_rate_wolf_bak\99_output\rejected_materials\18\芯片-工厂-微电子-产线--7y7bVekJElc.mp4,fed_rate_wolf_bak\99_output\rejected_materials\18\芯片-工厂-微电子-产线--7y7bVekJElc.mp4,.mp4,3105269,2026-05-26T13:04:24,2026-05-30T10:20:16,pending,none,internal,D:\Evan\AI-KnowledgeHub\30_产业研究库\_imported\D_aigc\fed_rate_wolf_bak\99_output\rejected_materials\18\芯片-工厂-微电子-产线--7y7bVekJElc.mp4,external_original_only,2026-09-20T14:42:32+08:00,True
32e2eb58b25bd6ab,镜头16-01-A股-科技慢牛-半导体-新能源,video,30_产业研究库,D_aigc,D:\aigc,D:\aigc\fed_rate_wolf_bak\jianying_import_pack_material_fixed\video_segments\镜头16-01-A股-科技慢牛-半导体-新能源.mp4,fed_rate_wolf_bak\jianying_import_pack_material_fixed\video_segments\镜头16-01-A股-科技慢牛-半导体-新能源.mp4,.mp4,4646016,2026-05-26T13:21:58,2026-05-30T10:20:16,pending,none,internal,D:\Evan\AI-KnowledgeHub\30_产业研究库\_imported\D_aigc\fed_rate_wolf_bak\jianying_import_pack_material_fixed\video_segments\镜头16-01-A股-科技慢牛-半导体-新能源.mp4,external_original_only,2026-09-20T14:42:32+08:00,True
8018dd71578f040b,镜头18-01-芯片-工厂-微电子-产业升级,video,30_产业研究库,D_aigc,D:\aigc,D:\aigc\fed_rate_wolf_bak\jianying_import_pack_material_fixed\video_segments\镜头18-01-芯片-工厂-微电子-产业升级.mp4,fed_rate_wolf_bak\jianying_import_pack_material_fixed\video_segments\镜头18-01-芯片-工厂-微电子-产业升级.mp4,.mp4,11014032,2026-05-26T13:22:09,2026-05-30T10:20:16,pending,none,internal,D:\Evan\AI-KnowledgeHub\30_产业研究库\_imported\D_aigc\fed_rate_wolf_bak\jianying_import_pack_material_fixed\video_segments\镜头18-01-芯片-工厂-微电子-产业升级.mp4,external_original_only,2026-09-20T14:42:32+08:00,True
50820583375f5dc3,镜头16-01-A股-科技慢牛-半导体-新能源,video,30_产业研究库,D_aigc,D:\aigc,D:\aigc\fed_rate_wolf_bak\jianying_import_pack_material_fixed_final\video_segments\镜头16-01-A股-科技慢牛-半导体-新能源.mp4,fed_rate_wolf_bak\jianying_import_pack_material_fixed_final\video_segments\镜头16-01-A股-科技慢牛-半导体-新能源.mp4,.mp4,4646016,2026-05-26T13:34:58,2026-05-30T10:20:16,pending,none,internal,D:\Evan\AI-KnowledgeHub\30_产业研究库\_imported\D_aigc\fed_rate_wolf_bak\jianying_import_pack_material_fixed_final\video_segments\镜头16-01-A股-科技慢牛-半导体-新能源.mp4,external_original_only,2026-09-20T14:42:32+08:00,True
335610d04cb1e3ff,镜头18-01-产业升级-半导体-新能源-产能拐点,video,30_产业研究库,D_aigc,D:\aigc,D:\aigc\fed_rate_wolf_bak\jianying_import_pack_material_fixed_final\video_segments\镜头18-01-产业升级-半导体-新能源-产能拐点.mp4,fed_rate_wolf_bak\jianying_import_pack_material_fixed_final\video_segments\镜头18-01-产业升级-半导体-新能源-产能拐点.mp4,.mp4,465055,2026-05-26T13:35:04,2026-05-30T10:20:16,pending,none,internal,D:\Evan\AI-KnowledgeHub\30_产业研究库\_imported\D_aigc\fed_rate_wolf_bak\jianying_import_pack_material_fixed_final\video_segments\镜头18-01-产业升级-半导体-新能源-产能拐点.mp4,external_original_only,2026-09-20T14:42:32+08:00,True
7af9726d159fa9a6,shot173-01-十年二十倍的-五年三十倍的-新能源-消费,video,30_产业研究库,D_aigc,D:\aigc,D:\aigc\fed_rate_wolf_bak\jianying_import_pack_sentence_ip_v1\video_segments\shot173-01-十年二十倍的-五年三十倍的-新能源-消费.mp4,fed_rate_wolf_bak\jianying_import_pack_sentence_ip_v1\video_segments\shot173-01-十年二十倍的-五年三十倍的-新能源-消费.mp4,.mp4,1215854,2026-05-26T15:35:49,2026-05-30T10:20:16,pending,none,internal,D:\Evan\AI-KnowledgeHub\30_产业研究库\_imported\D_aigc\fed_rate_wolf_bak\jianying_import_pack_sentence_ip_v1\video_segments\shot173-01-十年二十倍的-五年三十倍的-新能源-消费.mp4,external_original_only,2026-09-20T14:42:32+08:00,True
c6f3d80f19305926,shot180-01-国家已经把流-动性锁定在了-最硬核的科技-赛道上-信息图卡,video,30_产业研究库,D_aigc,D:\aigc,D:\aigc\fed_rate_wolf_bak\jianying_import_pack_sentence_ip_v1\video_segments\shot180-01-国家已经把流-动性锁定在了-最硬核的科技-赛道上-信息图卡.mp4,fed_rate_wolf_bak\jianying_import_pack_sentence_ip_v1\video_segments\shot180-01-国家已经把流-动性锁定在了-最硬核的科技-赛道上-信息图卡.mp4,.mp4,87753,2026-05-26T15:35:56,2026-05-30T10:20:16,pending,none,internal,D:\Evan\AI-KnowledgeHub\30_产业研究库\_imported\D_aigc\fed_rate_wolf_bak\jianying_import_pack_sentence_ip_v1\video_segments\shot180-01-国家已经把流-动性锁定在了-最硬核的科技-赛道上-信息图卡.mp4,external_original_only,2026-09-20T14:42:32+08:00,True
9b6f42f75239a0f8,shot181-01-十年二十倍的-五年三十倍的-新能源-消费,video,30_产业研究库,D_aigc,D:\aigc,D:\aigc\fed_rate_wolf_bak\jianying_import_pack_sentence_ip_v2\video_segments\shot181-01-十年二十倍的-五年三十倍的-新能源-消费.mp4,fed_rate_wolf_bak\jianying_import_pack_sentence_ip_v2\video_segments\shot181-01-十年二十倍的-五年三十倍的-新能源-消费.mp4,.mp4,1348847,2026-05-26T17:23:50,2026-05-30T10:20:16,pending,none,internal,D:\Evan\AI-KnowledgeHub\30_产业研究库\_imported\D_aigc\fed_rate_wolf_bak\jianying_import_pack_sentence_ip_v2\video_segments\shot181-01-十年二十倍的-五年三十倍的-新能源-消费.mp4,external_original_only,2026-09-20T14:42:32+08:00,True
f15c7058cca119f8,shot189-01-国家已经把流-动性锁定在了-最硬核的科技-赛道上-信息图卡,video,30_产业研究库,D_aigc,D:\aigc,D:\aigc\fed_rate_wolf_bak\jianying_import_pack_sentence_ip_v2\video_segments\shot189-01-国家已经把流-动性锁定在了-最硬核的科技-赛道上-信息图卡.mp4,fed_rate_wolf_bak\jianying_import_pack_sentence_ip_v2\video_segments\shot189-01-国家已经把流-动性锁定在了-最硬核的科技-赛道上-信息图卡.mp4,.mp4,82453,2026-05-26T17:23:57,2026-05-30T10:20:16,pending,none,internal,D:\Evan\AI-KnowledgeHub\30_产业研究库\_imported\D_aigc\fed_rate_wolf_bak\jianying_import_pack_sentence_ip_v2\video_segments\shot189-01-国家已经把流-动性锁定在了-最硬核的科技-赛道上-信息图卡.mp4,external_original_only,2026-09-20T14:42:32+08:00,True
