"path","type","original_sha256","migrated_sha256","migrated_at"
"_ops\Operations_Runbook.md","runbook","897371a62eecec2ca0c3c8c18d28142066e654bf75dc954e318b0e8b07b56b1e","2020077ae8818a5cb648c01fe07273fa86817db38225c63f779b46270ede237a","2026-09-23"
"_rag\Feedback_Writeback.md","process","c23455c9fe0197ebecf7a16c64a65c2ce1ba98d7d6a27097b1c66e2dd04a3e5f","d84d52a7eb239f0e88e07316274af3e9f06a1a80459b8965d9ec0a8d1bcd19df","2026-09-23"
"_rag\RAG_Architecture.md","architecture","d7064ea834637e66c61d4219163a94589045d839360e6ce1421e5320b16f3d9f","eebfbdd66aeeefe14c2125b67b73d9fea59fca85f13acba8fa8aa9f20f1acc14","2026-09-23"
"00_Inbox\_asset_notes\D_Evan_Files\宝藏2026开局重点【Evan】2026.02.03.asset.md","asset-note","709bbbdb5ea1a1c2f54ad23f400cb60b11fe71a013aab3ac9e07efe69bf8b995","3aaa47e25141adc852838fd492b90e50d29a0ec1bd2a0b828f9ec1e982be71db","2026-09-23"
"00_Inbox\_asset_notes\D_Evan_Files\bak\【宝藏团队成长】_Evan.asset.md","asset-note","8185fbfbc6e0f10b40ff742df7d2ece0dbc236743b9e4ab98891fbc9d5eade3b","d23b11f900388801ff28a382c95b2260f6df6c44172c56ee402e07f74f87a8f0","2026-09-23"
"00_Inbox\_asset_notes\D_Evan_Files\bak\测试环境验证说明文档.asset.md","asset-note","550c65c34347f15b65d1c50226ef7ccbf08ed526b43b19f590347f06ea68f9dc","179575a5225cb63ebc5c19bf3259b7dd106e75c6d0e3383eab7787ff1f08588a","2026-09-23"
"00_Inbox\_asset_notes\D_Evan_Files\bak\S.asset.md","asset-note","699eca05c7fc6ebd6b2c1a7f75c6b05ee9d11fcdb53c84ac6664c03049cb554d","377e2eb091a1358e3ead5538916020a33fc68d687585cc7a16ae4f125cd049bf","2026-09-23"
"00_Inbox\_asset_notes\D_Evan_Files\devops\定时任务整理.asset.md","asset-note","a2e91fb5b423662e6a48ad75261610dcbf166999d184c2f5f1ae814f128628aa","ad9635dfaaa2aa44db3e83db7c54d3e612e4c90bfb9115da60e978c855c6103b","2026-09-23"
"00_Inbox\_asset_notes\D_Evan_Files\devops\用户承接信息列表 (1).asset.md","asset-note","82965ac8e43761dff58e274c266d409cff982a59f165eca025b8becd8fcab161","ab1f4a4481d4f58bd76a6e1c98dd647be53a14d9ff7edac3820e5f9ec5e63b60","2026-09-23"
"00_Inbox\_asset_notes\D_Evan_Files\devops\用户承接信息列表 (2).asset.md","asset-note","191950d3f44b21fdfa95c5a32df141e9bf8bdc0ca62e47a7f454ab67261ae2b2","f67f014b0d4a349221a046c1170884d25ee1791a2834ca2536f0be0dcfdabf22","2026-09-23"
"00_Inbox\_asset_notes\D_Evan_Files\devops\用户承接信息列表.asset.md","asset-note","08eab67f256b3be8d37ee12f667f5e49055f9de2ba3e92b4a50ea82c1c781706","487cb6b418ba4d0f3244b9e4fd7ece13f253e51edb8b1550c3b954ee133e969d","2026-09-23"
"00_Inbox\_asset_notes\D_Evan_Files\devops\ecs_-env-test_2025-12-18.asset.md","asset-note","0dcfcbbba6620805d8fbfa8e2db05659425e9c0129e68efb22fa68d7e9704aa0","4fb6ab0797c260c6f87a77deb476f912dbeee2a3f144b4c9ffb6d573a20d82b7","2026-09-23"
"00_Inbox\_asset_notes\D_Evan_Files\files\2026年A股IPO影子股套利完整手册.asset.md","asset-note","9be097a5813f9aa8ce1d89c500502c964beb4278edf0bface110cb7a697db1bc","788cc900681f41ab88804d89bca21c445969c5264fa1bbb616b8ffe7f6511cd3","2026-09-23"
"00_Inbox\_asset_notes\D_Evan_Files\kd_demo\tools\03-美降息倒计时1晚，财富五张表-2025-09-17212053-本金盘点表-Anna 2025.09.17.asset.md","asset-note","354402f21aa9524b8ab5bd4fdf7308a8632cc77093a444355a86eda7cea35d81","4e152088892a9c454359037e7179bcd0bbbd74ebb6e187044a0e8f8bea035f32","2026-09-23"
"00_Inbox\_asset_notes\D_Evan_Files\kd_demo\tools\03-美降息倒计时1晚，财富五张表-2025-09-17212053-财务规划表-2025Q3-Anna 2025.09.17.asset.md","asset-note","7132a14108cf80953d73a9e7decbb1a12fbbea26725086653bffe781451d175b","23febe396af7cb9bc03b5766d167d277e1301d4de58ac9c01f083ec37bdf4034","2026-09-23"
"00_Inbox\_asset_notes\D_Evan_Files\kd_demo\tools\03-美降息倒计时1晚，财富五张表-2025-09-17212053-四大水桶表-2025Q3-Anna 2025.9.17.asset.md","asset-note","de62cee5cdafa83db0bba47ac78df65d0ec8093bd47341f565a90d30e07e3799","5928a04f281b588a2ba2024fe1b530156ed816b786634b285516f0d56d15ea2d","2026-09-23"
"00_Inbox\_asset_notes\D_Evan_Files\kd_demo\tools\05-实操落地规划2.0-2025-04-11-本金盘点表-05-闫景青.asset.md","asset-note","49c338039612295cba7b7e6a3d7bc0a38a9471f90a0d76aff44aa6ec2b2d552b","3f2699ff19c6bd807d2a4ea8dc06878f7c86b1b66d693a3d2b068c4572182320","2026-09-23"
"00_Inbox\_asset_notes\D_Evan_Files\kd_demo\tools\05-实操落地规划2.0-2025-04-11-财务规划表-05-闫景青.asset.md","asset-note","e186d6aa2b0fde9d5fcb4511e81dcc55984a282e3610f297a065507c9398292b","4560b2dcdc56988470c1363d591c060cc954a780c1fb0bb62b9b1d9e34ba01e9","2026-09-23"
"00_Inbox\_asset_notes\D_Evan_Files\kd_demo\tools\05-实操落地规划2.0-2025-04-11-四大水桶表-05-闫景青.asset.md","asset-note","7e4e48b4018216ac006a21120e4824f4fbb654a3af94a14f6a9c458e7acc816a","15cd096e8008820107fbd0eac310ed4cbac988e37aa311f12823d20570a0f371","2026-09-23"
"00_Inbox\_asset_notes\D_Evan_Files\kd_demo\tools\06-20240712-实操落地规划20-本金盘点表-93期人生第一个1000万训练营-黄海乐.asset.md","asset-note","330d5423aae1ee6839cc495316b7af8fb1e7063639926c3b174c1be11bdf6940","cd15e2bff4cad41fb0053748581f4c4af203d4e707190829894457d3f3e1d92d","2026-09-23"
"00_Inbox\_asset_notes\D_Evan_Files\kd_demo\tools\06-20240712-实操落地规划20-财务规划表-93期人生第一个1000万训练营-黄海乐.asset.md","asset-note","5e228e61d8c9564f86cff55fb79c61616913d6f83ad19f5444c201ae890293d1","b7536ad69ab9c446c5a344e244a805e97ddc4072b670f25557f092724f61b238","2026-09-23"
"00_Inbox\_asset_notes\D_Evan_Files\kd_demo\tools\06-20240712-实操落地规划20-四大水桶表-93期人生第一个1000万训练营-黄海乐.asset.md","asset-note","f8aa320fd333da41914263f2061330e63743a98aec7293a9d09cc87995efca93","34324ceb0ea1175a290cea5dcb1750ac8c781b9fba7062a94e126a29e3c95aa1","2026-09-23"
"00_Inbox\_asset_notes\D_Evan_Files\kd_demo\tools\07-20240705-实操落地规划20-本金盘点表-班级-圣者姐姐2024.7.5.asset.md","asset-note","ae27e65e71a1ed95779a7a560183cc19c8fdce20fb15019906add845759f8cdc","b4e52668e4ce35461180d57576d65e9c4ff8e8729dd761eca43c61fffebdb01d","2026-09-23"
"00_Inbox\_asset_notes\D_Evan_Files\kd_demo\tools\07-20240705-实操落地规划20-财务规划表-班级-圣者姐姐2024.7.5.asset.md","asset-note","49642bae37761f3fdf5b877a4c5f2b2c15a570b535403ff136bdf0a17fdc9ac0","7f6ab8195746cdd1312c8cd86e3b8f61d59530d04f865c6edb2a43ecacb94ab5","2026-09-23"
"00_Inbox\_asset_notes\D_Evan_Files\kd_demo\tools\07-20240705-实操落地规划20-四大水桶表-班级-圣者姐姐2024.7.5.asset.md","asset-note","3d6b9472a387a073023d5d921ea7062318ddf54b5e7d05cddff391c5915e0b5e","144e01fa956edf71a74d06add32bfb3ea8967a231cb2e4245c53d56aad604f51","2026-09-23"
"00_Inbox\_asset_notes\D_Evan_Files\kd_demo\tools\08-20240628-实操落地规划20-本金盘点表-班级-自信的猫2024.6.21.asset.md","asset-note","80de2ff2a26d25e43d4844cae1ff2716a3001938bc3b9c951ed3a7dce35efdf8","6e3ea409a3590c0e1fd0368ecb2b20062c7f45d73f2ea9b0d79c0d9c2c69482a","2026-09-23"
"00_Inbox\_asset_notes\D_Evan_Files\kd_demo\tools\08-20240628-实操落地规划20-财务规划表-班级-自信的猫2024.6.22.asset.md","asset-note","a390e629398765b67e4af9f5447229451b7f2630167528d96cd85f817b9926cc","28618233f6010cbb8b005e3f35ca46d0a76eb7e62e4482608e57876ff2e21044","2026-09-23"
"00_Inbox\_asset_notes\D_Evan_Files\kd_demo\tools\08-20240628-实操落地规划20-四大水桶表-班级-自信的猫2024.6.22.asset.md","asset-note","b64056d9edca0ca6d282f1e15c7bb60a2bcf9fd6235950c78132685ef1af353c","22c51b42ece630d3e6ec3bbd1389a5b4854f0fa4442b88899d0b13c4a07aabdc","2026-09-23"
"00_Inbox\_asset_notes\D_Evan_Files\kd_demo\tools\09-20240614-实操落地规划20-本金盘点表-88-曹麒晟.asset.md","asset-note","5b59fbc6844d9bfffa90113356029aa0675c567899448b3608a9ebc25d6b9a9a","d5021bf0ff1e0e3eb655fed54d756d8f54bc36fd4021d74b002990f5b68a1daa","2026-09-23"
"00_Inbox\_asset_notes\D_Evan_Files\kd_demo\tools\09-20240614-实操落地规划20-财务规划表-88-曹麒晟.asset.md","asset-note","938d917d333f93ccb63962cd5f3aed13cfff018ba41dcb8a76974e8ef523fd11","9e3d67ce284125463d1fae9f77a247d52272d92433b91bc823a7eb7468383acd","2026-09-23"
"00_Inbox\_asset_notes\D_Evan_Files\kd_demo\tools\09-20240614-实操落地规划20-四大水桶表-88-曹麒晟.asset.md","asset-note","75069930af0d5cb5d91af9f233c98cc5af6e9f65a52f07e8b57606c6e2c3c9b5","28033325ee9cb734397193ee76f82a6c81a1ba6b9b9dfce1ff08bce6c915753d","2026-09-23"
"00_Inbox\_asset_notes\D_Evan_Files\kd_demo\tools\10-20240607-实操落地规划20-本金盘点表-85期-康乐城主2024.05.17.asset.md","asset-note","b2da204cbd06c0cf7ea8ac701a151d4035fb1a7bd1b5d7c05b52ffb5683ee0da","1fd856d058791b45e0ffb14ae9778dc8b4b38c6c9e14352a87da5ef4fc9909dc","2026-09-23"
"00_Inbox\_asset_notes\D_Evan_Files\kd_demo\tools\10-20240607-实操落地规划20-财务规划表-85期-康乐城主2024.05.17.asset.md","asset-note","bc216c95bed034bdacc46288c6cf3704046b3ef354fb779c85345430600e27fd","c58faa7ce7e4d6ef82183985b050aa28f79c853c9a2c557f2c80cf89fc46fbd7","2026-09-23"
"00_Inbox\_asset_notes\D_Evan_Files\kd_demo\tools\10-20240607-实操落地规划20-四大水桶表-85期-康乐城主2024.05.17.asset.md","asset-note","afe94a012beeec1ce831fbaf5e8e339c03538d7beaa3cef1a4b69481f93cf421","83a72e4efce8eeab9bbd8044cf2c5cb0750c7c0996c81acc9e6daeb76962c486","2026-09-23"
"00_Inbox\_asset_notes\D_Evan_Files\S_demo\02-股评小结-华东医药-Evan.asset.md","asset-note","8f7410f2be8c938862383cd42ba8208d312bfaaeb830d5a6ecee1ed98fa3ac2a","66bdfb9601a9d95ea9df1906464f133dad303fa74580097ac375bbed25ef3bd2","2026-09-23"
"00_Inbox\_asset_notes\D_Evan_Files\S_demo\02-股评小结-中微公司-Evan.asset.md","asset-note","c32c284e4b009ad93c44d56a575a2999fe2d62d7a961e7155fdd711aa1141606","9c391b4267885dfb6be20d892d4c3571e30b9484f9c87da57b88f00771b8d5b3","2026-09-23"
"00_Inbox\_asset_notes\D_Evan_Files\S_demo\02-股评小结-Evan.asset.md","asset-note","32f22938502c18864c27ff5d2eaa6dd7f915ca4ddae2c4ce31becba7b47179c6","79cb438f0e058a244f0e32b251bd9057662eed392f547b1360f9f18fc2cd23f7","2026-09-23"
"00_Inbox\_asset_notes\D_Evan_Files\S_demo\五张表\本金盘点表-Evan-2025.10.30.asset.md","asset-note","dc9695c26f6e6042fbd98ede8c5de297b3e923fd60f778a7a5935d6e85d98571","0ed73e9f8d2e59fd1dd72872b50e46a1f6f1e47b0412c023519652b0c2836400","2026-09-23"
"00_Inbox\_asset_notes\D_Evan_Files\S_demo\五张表\财富五张表-Evan.asset.md","asset-note","1f26ac02e938d6832b9d534a8c0d39594eee87a1a784de576b520f469091969b","4e5a320eb60a802cb422df82201daf33c06b90e4c7d6c2905846599abc738a0c","2026-09-23"
"00_Inbox\_asset_notes\D_Evan_Files\S_demo\五张表\财务规划表-Evan-2025.10.30.asset.md","asset-note","4e1e185b6027dfe2e61c26daf9595c5f81dad141b3baf423fd7c5823f7ca3790","49dd541bc1aef5f86d230319805c35a88c01f757e8f46cabe0560aa649e06235","2026-09-23"
"00_Inbox\_asset_notes\D_Evan_Files\S_demo\五张表\四大水桶表-Evan-2024.10.30.asset.md","asset-note","79a88c4775eb8fe94f86a4c68ed2e0e5d85db7b85f9d72a6a9dc2b7ff6a39db8","a566ff8e5aa16e88162ec6571e13f6abe7c7303280d87402dc7b39aa35c619f8","2026-09-23"
"00_Inbox\_asset_notes\D_Evan_Files\S_demo\s40\【S的宝藏世界】平台介绍2025.01.asset.md","asset-note","15455368ccc33f12a080661b35ccb61d367b7778110a4c12ed5743f1b4d6f81e","6de6d387ec85c99b1d8b848940891078ec0df4dec29e10bf95f9b8ed37e211e5","2026-09-23"
"00_Inbox\补完中信期货席位一年回测_2026-08-23.md","action","340fbc72abc655869e73b848a1c999feff81dc53a54a481a8f9f6483b3f06e94","7e79326d8b9d8ae47a3d363369ae801c14573ca5408bf670eb11c4fcb4c27090","2026-09-23"
"00_Inbox\部署四战法军训版V10_2026-08-30.md","action","3014ad95618f1e4e0de8d1a5ce7b7fdabc24a520286fc6247fb49328350990f4","20e43c045a9a084c68fa626e8c7e7bcd302e9c2b6dbafd605bcd56c480a003da","2026-09-23"
"00_Inbox\发布前核对mgnt体验提交_2026-08-23.md","action","08073b231d4cced127affdbd87a59194b996a93599762062b412866b4e8b416c","ee042bd2d87c613caa819be402dd47c8d6ddfd1c4b371f842561481690a908a7","2026-09-23"
"00_Inbox\核对AI-Stock主分支自动部署_2026-09-05.md","action","b03f667fd06a212fcd52dba834664f40e5465b971a7a1ce53628fb1df85a9fde","86175c8f207b361226682e35372c025e101844db6298be2b55c27ec54f23840b","2026-09-23"
"00_Inbox\修复宏观雷达latest入口_2026-08-23.md","action","02d61d87394151cbb1c8502080fe4881b7c79900ec4caa01626ecad564f8c000","d1dadaa89ec7c8dc351894c2059fc5320059d06e9998608198e3006e37d9cb41","2026-09-23"
"00_Inbox\云盘高使用率安全清理_2026-09-17.md","action","e1c8ca4ebc0000349ee77b023693143aa3dbbe92a02228559f7dbf4b1f5a61cb","3df90fd878fa068b5c7a818f8748d3145c1221c0018fe04bc8c58c66b0499b73","2026-09-23"
"00_Inbox\账号管理搜索修复待发布_2026-09-08.md","action","82e1366feacff1f02ba704a73ca1014ad9274a2054f135c04d28e80d2bfc9869","e23ba5d975f5503ae3a091d75e0d9f156a06f95fefe84a0b6cc00b88c8b2376c","2026-09-23"
"00_Inbox\S5PK演示角色小结标的脱敏待完成_2026-09-13.md","action","3b69bbabe20266c21c06a0e032bfb849d62f2a8a0c1737de1ff022bea413f4a6","c887bed92242ef46b255be5b893583bd8b9146b252909225ff0a31e6f865eef9","2026-09-23"
"10_S老师IP资产\_asset_notes\D_aigc\fed_rate_wolf_bak\00_script\current_material_contact_sheet.asset.md","asset-note","6bb412f85a4ee6cbddc59121b8877133bb21e3723d3bcb50be7d92f15f004700","9c45ff34c5e745f97b8453e8e5d01ecfc7d7e144da2ac0d7cc4dc5de00e8724b","2026-09-23"
"10_S老师IP资产\_asset_notes\D_aigc\fed_rate_wolf_bak\00_script\fed_rate_wolf_ip_probe_120s.asset.md","asset-note","6816a6f4eae88265a1d8b2f9c80337927504ef1b1f34852d01bcbc09a7b1c984","8f67aab0b8f011861ece84ba3d3a5e318594db8d46ea3ae4e0335adbfddf5f29","2026-09-23"
"10_S老师IP资产\_asset_notes\D_aigc\fed_rate_wolf_bak\00_script\generated_cards\sentence_ip_v1\001-美联储新主席-加息的狼要来-上任-了吗.asset.md","asset-note","8adfb90f3e7f9df64e3caa7049babbbd8be85e6ee3583c4f10c7a6af7b9316ea","ba2e2adeadc1836e34315788a87a6b180f2f65bb6cb5360f803a2e75f2335b18","2026-09-23"
"10_S老师IP资产\_asset_notes\D_aigc\fed_rate_wolf_bak\00_script\generated_cards\sentence_ip_v1\003-最近这一个礼-全世界的投资-心里都在打鼓.asset.md","asset-note","6008de8a3668f7ab9bcba4db8549de419c4aed9293b864cdad97968704456a23","09cd8f9a4810941f2816da83ee0292de32630aa24822f510a0812627e6ce870e","2026-09-23"
"10_S老师IP资产\_asset_notes\D_aigc\fed_rate_wolf_bak\00_script\generated_cards\sentence_ip_v1\006-反而是市场上-一个越来越响-亮的警报.asset.md","asset-note","8f2ec716612d43fa88d19f602862239719425d9d9d1cbfcfeca6eb2548e855ab","9d58c3309d2766fc2a4fc2fb6d2b14017f9ee31775f6a9bbec9b575362629311","2026-09-23"
"10_S老师IP资产\_asset_notes\D_aigc\fed_rate_wolf_bak\00_script\generated_cards\sentence_ip_v1\009-次的暴力加息-美联储连续-月份开始.asset.md","asset-note","fd42f000c32a9b08fabfc3942a5f1fa8a5f1e10fb7d80ebd5f972b730b197a73","a224a9dd5d67adc856ea83759aa2cc0b205ab76a2e55444b685cc22da8a9f609","2026-09-23"
"10_S老师IP资产\_asset_notes\D_aigc\fed_rate_wolf_bak\00_script\generated_cards\sentence_ip_v1\012-所以现在一听-汗毛都竖起来-两个字-加息.asset.md","asset-note","c03562085cff7ee383c496f92f0156de63f2cf2e96374c6317ad5ee44c468b99","bf1309000ef5ab1f1265a573768cc39df6316bae8a4407499020ff5933badede","2026-09-23"
"10_S老师IP资产\_asset_notes\D_aigc\fed_rate_wolf_bak\00_script\generated_cards\sentence_ip_v1\015-带你看懂美联-储这次葫芦里-到底卖的什么.asset.md","asset-note","8259d02c43622965de88f2134192404d2285305f7b3726456efe44f261794b93","d9a30e418bc4af15eb4f9b21dbaf1714a74a9415cdcf0c4395c8501623e54f38","2026-09-23"
"10_S老师IP资产\_asset_notes\D_aigc\fed_rate_wolf_bak\00_script\generated_cards\sentence_ip_v1\018-我们个人产业-应该如何从中-看到大机会-投资者.asset.md","asset-note","3504a7a2207c6d5d523b6b18688eae2b09a583478f67dc61b0b83213eeb9fea3","a9dd7e7635480276c7b46f996c0754c8a7958c91ded395f8af6c9a8d060bda2c","2026-09-23"
"10_S老师IP资产\_asset_notes\D_aigc\fed_rate_wolf_bak\00_script\generated_cards\sentence_ip_v1\026-这个逻辑对不.asset.md","asset-note","090312ba301ac6ca714b714120fd1faeed831a07d97ccafcdb80189dfaa20ffa","25f3cd7f0c7d906e5e18dfdf2ef4068b1121e985ac60c37baa6ce28bd885f982","2026-09-23"
"10_S老师IP资产\_asset_notes\D_aigc\fed_rate_wolf_bak\00_script\generated_cards\sentence_ip_v1\027-但很初级.asset.md","asset-note","726e65cbf6ff6faa669c81fc25abc0e1103da79fb3b502479ae50240b69cbf33","4f3396417c3e8943fec4e11dfcf8a13535202db36c68fc20f58357ae7cb1e556","2026-09-23"
"10_S老师IP资产\_asset_notes\D_aigc\fed_rate_wolf_bak\00_script\generated_cards\sentence_ip_v1\030-那为什么会有-是通胀-通胀.asset.md","asset-note","5200cc82f8740b45f75a02f94b69dcfedf1f2da0946d924ec944c53a0297cfde","2be686ce785a227fcf555a8ad3305166ef13a65a4dd2d2c0fbcdeabb58623d3f","2026-09-23"
"10_S老师IP资产\_asset_notes\D_aigc\fed_rate_wolf_bak\00_script\generated_cards\sentence_ip_v1\033-投一个前景无-比宏大-第一.asset.md","asset-note","00ec517037ec6cf83dbeb5988189c1b338752876ac7e998a755e96ee45d4a7e5","bdf762a3bf410540d50bfda67b7463e31b4d3de1f51070933d71727b8f6ed4ac","2026-09-23"
"10_S老师IP资产\_asset_notes\D_aigc\fed_rate_wolf_bak\00_script\generated_cards\sentence_ip_v1\036-买一个稳稳当-年期美国国债-第二-当的.asset.md","asset-note","29be24b8ac5d4ea1262f5b2ac6cddc50dc46ade3a05fd93f1beb75348f71f43d","42cdbe2603b2ac6da6dbd12a4832d4951a99320f41815344074cbd051243b62b","2026-09-23"
"10_S老师IP资产\_asset_notes\D_aigc\fed_rate_wolf_bak\00_script\generated_cards\sentence_ip_v1\037-以上的无风险-每年给你-收益.asset.md","asset-note","caf21111f365d9192096cafaddb906ee626f0d69c7c5044af52d24ab97e05772","d6ec88b4c4d74f4a7929904a5fecd20e09119466b54d4b5a5079e979c6f3aef3","2026-09-23"
"10_S老师IP资产\_asset_notes\D_aigc\fed_rate_wolf_bak\00_script\generated_cards\sentence_ip_v1\039-美股的脆弱-牛市的根基-谁在动摇-AI.asset.md","asset-note","27d8da8e99d859684512948fae60db9d1a125cc0fb5e94c9b2f49a923ef9ebce","7347eaa6b9278da3c68dfcfea1fd1fb76b3250ed7cf5a81aa0cf92bf39189b54","2026-09-23"
"10_S老师IP资产\_asset_notes\D_aigc\fed_rate_wolf_bak\00_script\generated_cards\sentence_ip_v1\041-你可以舒舒服-的无风险回报-当你发现-服地躺着.asset.md","asset-note","b7472e284b055eb467a6a6107715b5ed4eac9b437a7b68cb95f912cf00bdc3a8","e271a1556ef4131da14af39ca04b277e65836c9c638e209571fd53d30c8d31b7","2026-09-23"
"10_S老师IP资产\_asset_notes\D_aigc\fed_rate_wolf_bak\00_script\generated_cards\sentence_ip_v1\045-这就是我们今-天要讲的第一-个核心逻辑.asset.md","asset-note","0d7f0cfbc83514a3ca8c2a943b670100643e17c95672f7b24c7d7c386b2de7d4","4e64bfd34ff245dc5ac527b5065dcb7b0ae116cbae87dbc16a1a3f88ecd6ed8d","2026-09-23"
"10_S老师IP资产\_asset_notes\D_aigc\fed_rate_wolf_bak\00_script\generated_cards\sentence_ip_v1\048-一个非常重要-的信号灯亮起-来了.asset.md","asset-note","28f19170f0b8fee28b4aa9c589d59699ac298bf67d1e5b627b252d92fae0f531","1e7ccd12aa0ea8185ae29ae6782f55a56e691ba5d741146cb0e1e843d321931a","2026-09-23"
"10_S老师IP资产\_asset_notes\D_aigc\fed_rate_wolf_bak\00_script\generated_cards\sentence_ip_v1\049-年期美债收益-摸高到了.asset.md","asset-note","4b7df5518d81fcd540f3d5844eba70ad1792fa8d73d8a1ba5e23c64128ac06be","bdcf70d7b2823cdad5f2c444a3ba943a794bfdbf141682d62c81b053a4b8835a","2026-09-23"
"10_S老师IP资产\_asset_notes\D_aigc\fed_rate_wolf_bak\00_script\generated_cards\sentence_ip_v1\050-这是什么概念.asset.md","asset-note","e7f991c8f3ae235d189bdd0ff68fff9b7c2a2bad75f565c5631f4e795b51a63c","d7e95d1228dae951d23273819d4826bf9fba9e8af319873eef53b1a68aaa4cda","2026-09-23"
"10_S老师IP资产\_asset_notes\D_aigc\fed_rate_wolf_bak\00_script\generated_cards\sentence_ip_v1\051-在金融领域-马基诺防线-的收益率-我们把.asset.md","asset-note","a652e487304c44ad9cdb1f58aae7a9565849cc1a28dc53f2b4b609d7f52be4d1","1feee188bef3116dc5c99f95b05af5112e37fa5f387871ca13901689abf982ca","2026-09-23"
"10_S老师IP资产\_asset_notes\D_aigc\fed_rate_wolf_bak\00_script\generated_cards\sentence_ip_v1\054-大主线是不是-AI.asset.md","asset-note","38ff012935c44a534a3c9ed4c9192800f83b1229f678e9e4c6d75ae52ea91861","5ad496fa7511f2f70c6db5fc770eb395bb233cd15194a1bbf3ebe9b7a6b35dd6","2026-09-23"
"10_S老师IP资产\_asset_notes\D_aigc\fed_rate_wolf_bak\00_script\generated_cards\sentence_ip_v1\057-不计成本的资-金愿意去押注-有大量的-未来.asset.md","asset-note","33b80cd3df698cec936f656797c13c65b1bb8c6842b09a96883662d227ce68aa","b0140cecef722959b76fbfa14f519365418a90ac6160c7f2f3bd52386e0c31ab","2026-09-23"
"10_S老师IP资产\_asset_notes\D_aigc\fed_rate_wolf_bak\00_script\generated_cards\sentence_ip_v1\058-年期美债收益-但现在呢-率飙升到.asset.md","asset-note","b5ae08e6414d5376b169f9ddd15ba83954d031c482fe8e0558de1534a33dc50b","d383f810d6f62fcb0a515caac052c8496494856fb125a341b328d2ab7f39f1dc","2026-09-23"
"10_S老师IP资产\_asset_notes\D_aigc\fed_rate_wolf_bak\00_script\generated_cards\sentence_ip_v1\060-这个地基给动-摇了.asset.md","asset-note","17ceaccf4b078bb29e4b18d7e74a66c79b87b91634c936cb52a1bd64262c903f","8c05714353821a60331cefa9cac57f3968abd93d49f90091e750fd9de45d52f4","2026-09-23"
"10_S老师IP资产\_asset_notes\D_aigc\fed_rate_wolf_bak\00_script\generated_cards\sentence_ip_v1\063-我给大家总结-三个原因.asset.md","asset-note","9d7f2e1513428bc556dba4e1996f5120e565f50edf83dc7c2c55b123c62b4808","762e4ef474d09b8ba546c6b2ff2bb41e708656383420184518ab0477635ddbd1","2026-09-23"
"10_S老师IP资产\_asset_notes\D_aigc\fed_rate_wolf_bak\00_script\generated_cards\sentence_ip_v1\065-已经涨到了-根本下不来-美国的-CPI.asset.md","asset-note","d6dc8db8d85fef176cdf57a047cf8f728d72f07d1333d0735ea4b35669d6d8fe","eb6bd11587b192306bd8018acba7abca767abac799b408dc3c854c540846580e","2026-09-23"
"10_S老师IP资产\_asset_notes\D_aigc\fed_rate_wolf_bak\00_script\generated_cards\sentence_ip_v1\066-因为今年一季-度美伊冲突-为啥.asset.md","asset-note","454ede444af2e891958c7cd52ebd8163cd5ed907427b80b42e0a6b46ebd832f6","bc4280e00830b980aa7e4b803cdd96f1fe926466a8b5ce9bb468b407a10f5b12","2026-09-23"
"10_S老师IP资产\_asset_notes\D_aigc\fed_rate_wolf_bak\00_script\generated_cards\sentence_ip_v1\069-钱越来越不值-谁还愿意拿着-那点固定利息-的债券.asset.md","asset-note","7c7c5900502ec53d63c59873283031b9d22a528fb73b11594bdede593d4572ab","493b3e613152924fe93f6fd7b3c7eadc0c1d1cee8b36f844aa8a30a8b91e489a","2026-09-23"
"10_S老师IP资产\_asset_notes\D_aigc\fed_rate_wolf_bak\00_script\generated_cards\sentence_ip_v1\072-美国国债现在-已经超过了-万亿美金.asset.md","asset-note","fd9f5c9d9da698857f4a56c1ea3fdf8076262be5458ced079d9bccecdbd030fe","48a58e734ad311301ac6b0934127b67c86ab2d3c25caa2ff3db229135c1efa67","2026-09-23"
"10_S老师IP资产\_asset_notes\D_aigc\fed_rate_wolf_bak\00_script\generated_cards\sentence_ip_v1\075-全球央行都在-都在买黄金-不买美债了-去美元化.asset.md","asset-note","b9bd1af377185110a90431a5b06303eb138b2e0fa65b5c41dfb9fecfe051b0cc","afe98af715021536463c2204ae03949965108cb659d9ca4f1fe07a59d233016a","2026-09-23"
"10_S老师IP资产\_asset_notes\D_aigc\fed_rate_wolf_bak\00_script\generated_cards\sentence_ip_v1\078-供需失衡-第三.asset.md","asset-note","38726e5221b5007e9448a47843d1379f1f49fb1986b9f99127772763f4031854","887af4bd00884f900abe68e17ea8e7367b39d8f6e2be6b108189ee77a6eff64d","2026-09-23"
"10_S老师IP资产\_asset_notes\D_aigc\fed_rate_wolf_bak\00_script\generated_cards\sentence_ip_v1\081-都在减持或者-不增持.asset.md","asset-note","4b0d7592bc12d2adbf1e7c1582fd0634d76f8759ff637ccdd2f2472862643640","99ca41bed9d97a4a366f5aa85a9959eeca860de992f7b08d0ee22ffb780ded14","2026-09-23"
"10_S老师IP资产\_asset_notes\D_aigc\fed_rate_wolf_bak\00_script\generated_cards\sentence_ip_v1\083-这三点一讲-你看.asset.md","asset-note","a31474c851b2c6f3ff4fb259d25b563337f6c4d8ae2d08d260f384c26f5f2738","a2496e34891b28e8db9d964efbaa7baf5dc30831b2774eb8dd5295a2c64d0c5a","2026-09-23"
"10_S老师IP资产\_asset_notes\D_aigc\fed_rate_wolf_bak\00_script\generated_cards\sentence_ip_v1\084-你是不是就对-为什么加息的-狼要来了-这个事儿.asset.md","asset-note","c0f142632670a849a6a0c2fa2564ecec6e4cffa54e8755873ab682c977f0d4c0","bb229247927d6245ca02180704211f9f4b6750665bb3dd30e790a423a456a810","2026-09-23"
"10_S老师IP资产\_asset_notes\D_aigc\fed_rate_wolf_bak\00_script\generated_cards\sentence_ip_v1\085-你已经超越了-心里有底了-的普通散户-恭喜你.asset.md","asset-note","00ecde24b4be619a1cf624abc354ac1821a05487bfcf3723c57911b16bace74f","8d88ee589839c978b15b3820949042446cbcd69132cbfed116b7ba62a8ab7da7","2026-09-23"
"10_S老师IP资产\_asset_notes\D_aigc\fed_rate_wolf_bak\00_script\generated_cards\sentence_ip_v1\087-新主席凯文-他上台了-沃什.asset.md","asset-note","78bba98f8b82e5104352476452083d2a4a0f8beefa97f2db901d4dc17865bcff","7608c333bd0ff7b58eb954a495983b0f3fab1da9f4e2f3e0520a0539097bcbc1","2026-09-23"
"10_S老师IP资产\_asset_notes\D_aigc\fed_rate_wolf_bak\00_script\generated_cards\sentence_ip_v1\090-也是史上最富-的美联储主席.asset.md","asset-note","c659d228ccfc10021c01ff5f089290bb4710f70aaac6af4418fdea0e140d44e9","6e8fe62cb09e595b993a6032a02a79e00818dffc48ea4c499705b173eb874c35","2026-09-23"
"10_S老师IP资产\_asset_notes\D_aigc\fed_rate_wolf_bak\00_script\generated_cards\sentence_ip_v1\093-就像是给一个-快死的人强心.asset.md","asset-note","45718ec09405134e672ac15b8767e46ee9163d4a28894ae46d62dc6606735b3e","bdd19af45e2e95ceeed014dbf28ba527d27dcd443546c73b8c639eb2d119a030","2026-09-23"
"10_S老师IP资产\_asset_notes\D_aigc\fed_rate_wolf_bak\00_script\generated_cards\sentence_ip_v1\096-他一上来就提-出了一个让大-家很迷惑的组-合拳.asset.md","asset-note","8eeaee4f55dd27febf02ec01efd2cd1a917cb6d91673748ede39039d719e5ca7","1cbb6b23eadda1cdfbff857bd6ce96c6dbc5e9e5459653d7fe0e29bf99b00de8","2026-09-23"
"10_S老师IP资产\_asset_notes\D_aigc\fed_rate_wolf_bak\00_script\generated_cards\sentence_ip_v1\099-我给你们用场-景还原一下.asset.md","asset-note","c7e897a08f3ad48676c1a9ca707d9373c16d5bf20842e77cf0b7252298dce7aa","4519e08594de3368dfe97a8913b1f5ac094f1e44938506099c0c4bf15f5f9a96","2026-09-23"
"10_S老师IP资产\_asset_notes\D_aigc\fed_rate_wolf_bak\00_script\generated_cards\sentence_ip_v1\102-现在人救过来-沃什认为.asset.md","asset-note","966f123d58a3a75bc5ce6083313c05d210ba889dd647dede0f5f94881c99b294","0a71cc133f5c9e66a7df7204b78100c384ecd224b03df7b8a46960806a6ac896","2026-09-23"
"10_S老师IP资产\_asset_notes\D_aigc\fed_rate_wolf_bak\00_script\generated_cards\sentence_ip_v1\105-在恢复的过程-身子还有点虚-但是呢-怎么办.asset.md","asset-note","b951abb1129eca0de52f3574c1cfaf0743605978ccdac562f3baf450ff16a7ce","572e6b8bf98546ffbf5dfc69af8d54d02a9fb4ab41b8cd3b8628d78c86c50a82","2026-09-23"
"10_S老师IP资产\_asset_notes\D_aigc\fed_rate_wolf_bak\00_script\generated_cards\sentence_ip_v1\108-就是把美联储-手里的资产卖-缩表-出去.asset.md","asset-note","63808061253ea1d9944b86d4b2978951ba93c95f669978be3a30fbfb6124c9b5","2e7f0881b68932cbbb6938f74ec98c73748dbafd9500b46d3b55640432ad24b8","2026-09-23"
"10_S老师IP资产\_asset_notes\D_aigc\fed_rate_wolf_bak\00_script\generated_cards\sentence_ip_v1\114-离不开宽松的-货币环境.asset.md","asset-note","e61ada4ce89ddfac87ab5b358c34d56e03ae4244faa417714939e6e3683f30d7","e32b85e5a8c7454398dcc8d50eb8ab9164f95ba89f6309e91b2c04b77ea42652","2026-09-23"
"10_S老师IP资产\_asset_notes\D_aigc\fed_rate_wolf_bak\00_script\generated_cards\sentence_ip_v1\117-也只可能是虚-即便是加息-短暂的-弱的.asset.md","asset-note","99aaab78684303163f822b8873661052590e4068312cbf6e9791b8cd7d266a7b","d8faa30beef5d041f4060519c7b6bf52a3248cb4175ae1a507fa4f2753bc0b85","2026-09-23"
"10_S老师IP资产\_asset_notes\D_aigc\fed_rate_wolf_bak\00_script\generated_cards\sentence_ip_v1\120-理解了这一点-你就拿到了理.asset.md","asset-note","799813bfc4476b5aaf109a99f62c2c1facc14766fbab5edd5fe22f4fbd6e7776","debdcfcc235957afa071020723238c931f1b2ca5ee2b6f15e0348bd81283b09f","2026-09-23"
"10_S老师IP资产\_asset_notes\D_aigc\fed_rate_wolf_bak\00_script\generated_cards\sentence_ip_v1\123-这套组合拳打-出来.asset.md","asset-note","fdf68d534c6aa2ff2f03416609d6b4c05fcec6fb8224cb339bf2feb7cc5c387d","813cb37679bcc6c0bdf299fabf39ac3c5052718b80ce23e5fe7af8fd18a49161","2026-09-23"
"10_S老师IP资产\_asset_notes\D_aigc\fed_rate_wolf_bak\00_script\generated_cards\sentence_ip_v1\125-我先把我的判-你可以截图保-断放在这里-各位.asset.md","asset-note","2bf450f2679b4bba96aaac6723d2283a6efdef1d3782c4f1743f9848c33e4320","88913b02bd466d899e71ab51bdbd83d090dd91277fe0ad16b3014e033fdaa083","2026-09-23"
"10_S老师IP资产\_asset_notes\D_aigc\fed_rate_wolf_bak\00_script\generated_cards\sentence_ip_v1\126-美股不确定性-增强.asset.md","asset-note","ed8879ae58262539834761433bf430ce82127d37efac5714d4947c40ee3dcf16","86334485141a75256292596589397ccf49461ca028d2c80938d301e2e8dd9cd8","2026-09-23"
"10_S老师IP资产\_asset_notes\D_aigc\fed_rate_wolf_bak\00_script\generated_cards\sentence_ip_v1\129-只要长端利率-下不来.asset.md","asset-note","542c7b4a0b73b3fb89646d130eb1badfe04397d3723abb035efe3a765278498f","c5f0f4ced92793da8168cd4c3be126e1a20281dd724f80cb426d6097e6a2981b","2026-09-23"
"10_S老师IP资产\_asset_notes\D_aigc\fed_rate_wolf_bak\00_script\generated_cards\sentence_ip_v1\132-年那么惨了-不会像-但是.asset.md","asset-note","addd51047166a43001c98644dff00391c9c5825c4b09b7d3b021a86359855ac4","60d26afacfbcb389af51d3071541cef45dfd7652d0390a9f27d0f82838d04c10","2026-09-23"
"10_S老师IP资产\_asset_notes\D_aigc\fed_rate_wolf_bak\00_script\generated_cards\sentence_ip_v1\135-已经不是没人-管的野孩子了.asset.md","asset-note","76c7aa76731675bb24cb016efdf8571b1d85d9647de76c8cd04cdda6c0fca22f","865ac4094e4d32b2e4a3638397febd8d7c12d48b6b287aca9a16b00a9afd621d","2026-09-23"
"10_S老师IP资产\_asset_notes\D_aigc\fed_rate_wolf_bak\00_script\generated_cards\sentence_ip_v1\138-底层逻辑是什.asset.md","asset-note","70abbacae10a59011b1cc9dd23bd93928b903c48caaa397772015745e634e9cf","1656a843e991a97e4ad6595222bdc7f8fd4b71edfcd84406e1abb2f0ebbd34e2","2026-09-23"
"10_S老师IP资产\_asset_notes\D_aigc\fed_rate_wolf_bak\00_script\generated_cards\sentence_ip_v1\139-记住我这句话-这也是我今天-最想送给你的-一句金句.asset.md","asset-note","9d243d05ab0e86e67d9a92149c94a70082117c9c715b2cc3e817e6a2bfb923f7","99d0d86cc75363bea4a5cc2ea4645223e28b1d22d055790575f8c9759814ff50","2026-09-23"
"10_S老师IP资产\_asset_notes\D_aigc\fed_rate_wolf_bak\00_script\generated_cards\sentence_ip_v1\141-你要担心的不-是外面的狼.asset.md","asset-note","433173fd1b933df7563cddd41b5095b9391a02876107af12aaad9e63ebbcc93d","d8c815d28297081bd634e8fb6034768b654f5b395c9ebe88469dbbd1174e7437","2026-09-23"
"10_S老师IP资产\_asset_notes\D_aigc\fed_rate_wolf_bak\00_script\generated_cards\sentence_ip_v1\144-你看最近的新-八大部门联手.asset.md","asset-note","0890f4cd2e15daafa05a618ea4b7920a4ca076823a939a6dacb2b4e85ede3c46","9466a6e16a1319da5372e126ea2df8141ae256d610086129fbb1eafa19cac514","2026-09-23"
"10_S老师IP资产\_asset_notes\D_aigc\fed_rate_wolf_bak\00_script\generated_cards\sentence_ip_v1\147-你以为这只是-简单的处罚吗.asset.md","asset-note","3836e4ae9f3adab98eca797aa982c0ce6a914aafbe32d78a515f2602957bf507","d9af5fe1a78e7607a7249667c3217e4ced372a94e1452921e6fe85b5dfe577b8","2026-09-23"
"10_S老师IP资产\_asset_notes\D_aigc\fed_rate_wolf_bak\00_script\generated_cards\sentence_ip_v1\150-去灌溉我们自-己的科技产业.asset.md","asset-note","6eb34e169fc0a1b720d927952ff2d22f3a9d7e872c9ccadd7c8b1d16b4fd4519","f566a2b38d3d31e7273ef985837f813b878d64f405816ed5f9f2b3a001780563","2026-09-23"
"10_S老师IP资产\_asset_notes\D_aigc\fed_rate_wolf_bak\00_script\generated_cards\sentence_ip_v1\153-由北京顶层设-战略使命牛-计决定的.asset.md","asset-note","d82d740975e48e2af6bbc2b0aa33bb011c931088565aa82147df90be4e40dea2","761d0ba05bacb7d73bc41dc5550cb38525086a6c4d5f963da8f9598d21b71bd2","2026-09-23"
"10_S老师IP资产\_asset_notes\D_aigc\fed_rate_wolf_bak\00_script\generated_cards\sentence_ip_v1\156-提供无限的流-动性信心.asset.md","asset-note","bfdcf13d7e6fd0a99b1d39d8111953cacfa2b42df546c7d4180d3c43223c7cca","daa5a920085c2eec313891819d2aa3db78199f1452477bd783ccac93f211efe8","2026-09-23"
"10_S老师IP资产\_asset_notes\D_aigc\fed_rate_wolf_bak\00_script\generated_cards\sentence_ip_v1\159-营收利润翻倍-产业升级的真-实拐点已经出-增长.asset.md","asset-note","cd2cf8d2d339f998fff2e6198f3367b77d94df220c451423b875b9165139b684","2cccf9607eb0ac33dae801c266cbd23d9bfcc9aa0b2264eb64fc981354726b19","2026-09-23"
"10_S老师IP资产\_asset_notes\D_aigc\fed_rate_wolf_bak\00_script\generated_cards\sentence_ip_v1\161-这三大逻辑闭.asset.md","asset-note","02e070cc54455e472604696e503eae533ffcd2d761363faca24b5afd7073f029","ab540ca1be165b57ba17ae01c5840ec15d052c3dd481d0bb39dd520a7cd42d3d","2026-09-23"
"10_S老师IP资产\_asset_notes\D_aigc\fed_rate_wolf_bak\00_script\generated_cards\sentence_ip_v1\162-构成了我们大-走出独立行情-的坚实底座.asset.md","asset-note","cab97f43a27f6d82821ac24110e9844d7b51ae2057c2e4ff8bd58528cc804faf","448e9fe5dda9354555bb4ce5603cea40209f02f4bc4604086cb272c9e603ccac","2026-09-23"
"10_S老师IP资产\_asset_notes\D_aigc\fed_rate_wolf_bak\00_script\generated_cards\sentence_ip_v1\165-我们应该像猎-去寻找猎物-擦亮眼睛-磨好猎枪.asset.md","asset-note","40ff1adedbb552cfe93a47204b2d2404a95d628a92223e8d2750a45a77e4b260","83a2ca8c0a278f5bf123d12d75b134bbe2d3be5f621bf8f9145a7a4f31821a54","2026-09-23"
"10_S老师IP资产\_asset_notes\D_aigc\fed_rate_wolf_bak\00_script\generated_cards\sentence_ip_v1\168-你想赚快钱-跟着消息跑-板块轮动.asset.md","asset-note","1436b01cc9ae2f7466a79a4b85c9941107714cc493c3afd25260ab97c7aee122","a0eda479fbcc855ecb69db4ec525d7d54498cca2b090fb61d4dea0829508d44a","2026-09-23"
"10_S老师IP资产\_asset_notes\D_aigc\fed_rate_wolf_bak\00_script\generated_cards\sentence_ip_v1\171-是像我一直以-在产业还处于-渗透率个位数-来做的.asset.md","asset-note","e3f7ff0efc1e8ca701a9f612f7596adb9cb0702f525dd8bc104b89de22371c45","c201d71609f8636e5e5be463a0af8c92598032d2071d27704adacde46867d795","2026-09-23"
"10_S老师IP资产\_asset_notes\D_aigc\fed_rate_wolf_bak\00_script\generated_cards\sentence_ip_v1\174-十年百倍的人-投的是什么-工智能.asset.md","asset-note","b959d7edf4a2dff2b89a7777d0bbe4bdee4d78a7487a8c268ad6d940fd6ca3af","fc802e93c63279107de1e75a31b8934ac7842985e157f321276026788313415d","2026-09-23"
"10_S老师IP资产\_asset_notes\D_aigc\fed_rate_wolf_bak\00_script\generated_cards\sentence_ip_v1\177-名叫个人产业-投资者.asset.md","asset-note","94fb17db4c66f0836cb6770e088f4863528644cbdd23661ef00996f57bd97366","267d231638be506eaa9dac8f61517db863503b5a2fedb8652f1e43cbbafbdcba","2026-09-23"
"10_S老师IP资产\_asset_notes\D_aigc\fed_rate_wolf_bak\00_script\generated_cards\sentence_ip_v1\183-只取决于一件.asset.md","asset-note","b656a9f3d0f574ba442f02f452bd3c82f19d3e8458534b9dacf64a51b1c49208","dc979aa528b20d54cf6de27986dbc6bf265e0b9bf474afd7277a9ec1974f9c9a","2026-09-23"
"10_S老师IP资产\_asset_notes\D_aigc\fed_rate_wolf_bak\00_script\generated_cards\sentence_ip_v1\186-在这个牛市里-最需要系统去-就是这种能力-构建的.asset.md","asset-note","db0470243f4916b44c800b9c193b6cf9f28c7e8e6b58982a81bdc83cf2dc30b6","074689acbef5892b877f7a8d1401f440e8e590a58e75db63921bfe5516c57e1c","2026-09-23"
"10_S老师IP资产\_asset_notes\D_aigc\fed_rate_wolf_bak\00_script\generated_cards\sentence_ip_v2\001-美联储新主席-加息的狼要来-上任-了吗.asset.md","asset-note","a6c3b68c4670a56b8079eeff9d5415d331020cb588245ca9aa01c69e800065e2","f21185701bef0866bf858711a2486775dbb2b31808b3ff02e9b842a99010df7c","2026-09-23"
"10_S老师IP资产\_asset_notes\D_aigc\fed_rate_wolf_bak\00_script\generated_cards\sentence_ip_v2\003-最近这一个礼-全世界的投资-心里都在打鼓.asset.md","asset-note","61dd68c4fc9d8e53433a5f15108ec809272123790d815f14fcd693bffd5eb255","32c5ad6f45e341de8fc40b4928254e8d2ccbf9b8f1232747cceb2c7323cf9b93","2026-09-23"
"10_S老师IP资产\_asset_notes\D_aigc\fed_rate_wolf_bak\00_script\generated_cards\sentence_ip_v2\006-反而是市场上-一个越来越响-亮的警报.asset.md","asset-note","35d9d284a27edc507d0bc362ce4cc3aa7e6f14a0a40afa553eb458bdfe61ed5c","866ef379a83cfd4ee9c62ffa96adb4c9ed35ff585a45f037319674eb4f458004","2026-09-23"
"10_S老师IP资产\_asset_notes\D_aigc\fed_rate_wolf_bak\00_script\generated_cards\sentence_ip_v2\009-次的暴力加息-美联储连续-月份开始.asset.md","asset-note","022201c7c12812ec4172d02c98e78169f3ba20c90574c896e57db704361e066e","8ab8e5635b58086d3b25a053e1a2f6a8728ffac18c9693cacde14976bb10c240","2026-09-23"
"10_S老师IP资产\_asset_notes\D_aigc\fed_rate_wolf_bak\00_script\generated_cards\sentence_ip_v2\012-所以现在一听-汗毛都竖起来-两个字-加息.asset.md","asset-note","485cd1507208fa3276e99c1957419bc72373272d1c35844619cce8c8bcb918a3","6efef6e90f4b8c97dd4bc1cac6d5fd017cdd549fe3ef26cb320967ab34170062","2026-09-23"
"10_S老师IP资产\_asset_notes\D_aigc\fed_rate_wolf_bak\00_script\generated_cards\sentence_ip_v2\015-带你看懂美联-储这次葫芦里-到底卖的什么.asset.md","asset-note","8ca0bdd235edf2d55e59c1374f040b4609680664370c3c5a3510684ad2686db8","34498c1414f41a37ac52d2ab25c471cf58285dc70851ba9a5376fa7be7f0cf6a","2026-09-23"
"10_S老师IP资产\_asset_notes\D_aigc\fed_rate_wolf_bak\00_script\generated_cards\sentence_ip_v2\018-我们个人产业-应该如何从中-看到大机会-投资者.asset.md","asset-note","74b47a428087ff042deb38f4b625eb83739bb2d9c9c2c2767ff0e6d47635b7b2","539ff0404f3bc38c87cfa662895eec8a6ae91832ae3ce75e23552554564602f5","2026-09-23"
"10_S老师IP资产\_asset_notes\D_aigc\fed_rate_wolf_bak\00_script\generated_cards\sentence_ip_v2\026-这个逻辑对不.asset.md","asset-note","d87c5f51a6f0b862ba5bf9279b495e7dc4d06bee6a953d78c4b7a1627ede634f","c75c07420675cae60255f874101ff4d97e23cdce796b73ce02bb0d49844c3e6b","2026-09-23"
"10_S老师IP资产\_asset_notes\D_aigc\fed_rate_wolf_bak\00_script\generated_cards\sentence_ip_v2\027-但很初级.asset.md","asset-note","9e11f642922cc96b7a9be5fae86ec67e99f130c59df046cde8f385af6efeb3a8","e24c090af842bd44d9c384293290f220a511ce509503002224a0402b2cf455c4","2026-09-23"
"10_S老师IP资产\_asset_notes\D_aigc\fed_rate_wolf_bak\00_script\generated_cards\sentence_ip_v2\030-那为什么会有-是通胀-通胀.asset.md","asset-note","0c062e1b40da2f66c00a9eac5e71bc8f56496d397d34d865f0763eeb593a3dcf","70cdfd11432dfb8ce3e7b150ce53ca44f994e210b6222e9cd4e18b529b7cfd2b","2026-09-23"
"10_S老师IP资产\_asset_notes\D_aigc\fed_rate_wolf_bak\00_script\generated_cards\sentence_ip_v2\033-投一个前景无-比宏大-第一.asset.md","asset-note","ec6cebf07ca5caed203b88223f9b9646d30127005206d5991e5eb9bfdcbe1acf","d1944baab343e8d77f90558c6bd811d2920729baf86b682a366856c53f9ec717","2026-09-23"
"10_S老师IP资产\_asset_notes\D_aigc\fed_rate_wolf_bak\00_script\generated_cards\sentence_ip_v2\036-买一个稳稳当-年期美国国债-第二-当的.asset.md","asset-note","69a10258feb87ec1ce8560620b603dd1b9744c52e18e32d0394354ac3865b7e7","a2524819af431430bc96b04f0b892953ba8e1bac102ad175beab3cd676310bfc","2026-09-23"
"10_S老师IP资产\_asset_notes\D_aigc\fed_rate_wolf_bak\00_script\generated_cards\sentence_ip_v2\037-以上的无风险-每年给你-收益.asset.md","asset-note","6edc059e4f15550de4089479f067357c9d99ebbcd1d56a8c08c82e743af0812d","ce99268d62936c17b45585c463324071ce8df496ea26c09b3e50b49364c3f5c7","2026-09-23"
"10_S老师IP资产\_asset_notes\D_aigc\fed_rate_wolf_bak\00_script\generated_cards\sentence_ip_v2\039-美股的脆弱-牛市的根基-谁在动摇-AI.asset.md","asset-note","fd28f3f544b77df15fa4dc33404878e4950aaf60f6390f85ce49833d598172d0","55e54fc951ebfbe00d57256b12c52f6ca953faea317c7337f6f563e9837d234f","2026-09-23"
"10_S老师IP资产\_asset_notes\D_aigc\fed_rate_wolf_bak\00_script\generated_cards\sentence_ip_v2\042-的无风险回报-每年拿到.asset.md","asset-note","d119fb9b99c1e4611d1d41b881752cd3e0c55268e01fc891f3ac8edd8bf400fb","54694bb89c9c722ef82bb51b31b03e829ab5bbb220759060942460ed1cf935e6","2026-09-23"
"10_S老师IP资产\_asset_notes\D_aigc\fed_rate_wolf_bak\00_script\generated_cards\sentence_ip_v2\045-就会有一部分-资金抽身离开.asset.md","asset-note","e64061cdcabe9d6a45563a81b171795760ef274fc1077a28378b4c682d96a099","a657400fee9a341c13070c718ecfbee61ed0f9910313b41005fbda797e9132bb","2026-09-23"
"10_S老师IP资产\_asset_notes\D_aigc\fed_rate_wolf_bak\00_script\generated_cards\sentence_ip_v2\046-这就是我们今-天要讲的第一-个核心逻辑.asset.md","asset-note","dee9fbc6620cd697cade60472610b75d525a5412a7fe5917825e8a916bab92e8","170f69ab12eb304e7079a691ccc6f4431d7050d65d5be5ff850ffccec57549ee","2026-09-23"
"10_S老师IP资产\_asset_notes\D_aigc\fed_rate_wolf_bak\00_script\generated_cards\sentence_ip_v2\048-就在上个礼拜.asset.md","asset-note","0f9262a256c8818ff2646fb729f21e043dab7bc9998bda49f457c3e929835078","56e0a34009675e47bbc1c29ae2d10f883ef8f36da40729fa667755b66945b6cc","2026-09-23"
"10_S老师IP资产\_asset_notes\D_aigc\fed_rate_wolf_bak\00_script\generated_cards\sentence_ip_v2\050-年期美债收益-摸高到了.asset.md","asset-note","b9c392fbe6e3cd043279573c4354573ad3e4d88320e9187e1ef7ae60c3d4c7b5","b2972edf4f148fd3c1a0b8bae687193dc5e6ad11130669ed90ffdfe98a6aa1fb","2026-09-23"
"10_S老师IP资产\_asset_notes\D_aigc\fed_rate_wolf_bak\00_script\generated_cards\sentence_ip_v2\051-这是什么概念.asset.md","asset-note","f7bb0897c8a0444b28f4d292f8e620b1b62b8c60b95c9faa7555affe2b71f123","22b34c741f2f73f9abbe0449d8c214de44b22fdde1b761ec2aa5b2191559954f","2026-09-23"
"10_S老师IP资产\_asset_notes\D_aigc\fed_rate_wolf_bak\00_script\generated_cards\sentence_ip_v2\052-在金融领域-的收益率-我们把.asset.md","asset-note","5e8402be62239c49ff6a4097ef2bad91539c9456c164ec78a287136e06603aa2","bcfc79b224cd6334732a52b9043be81778b7502fae3c1fc024f30094179420b1","2026-09-23"
"10_S老师IP资产\_asset_notes\D_aigc\fed_rate_wolf_bak\00_script\generated_cards\sentence_ip_v2\054-一旦突破了这-条防线.asset.md","asset-note","f2c456142b45574ed4194b8acd499dcb52c138a6614f6bee1537a5c7f11e4415","90ea551d579317b8142f0fa5409601a9e25ed45c6cbb5cce6352767a555d8ab8","2026-09-23"
"10_S老师IP资产\_asset_notes\D_aigc\fed_rate_wolf_bak\00_script\generated_cards\sentence_ip_v2\057-大主线是不是-AI.asset.md","asset-note","c0f310ceb78fc5d0367ea0ee5b8e17c08b0346cb75b36552d9081d6d8669af2e","3ed5ac1dfef588ab9f06398fbba0fdf4e05d07ba07accd8026d3a087491fc10f","2026-09-23"
"10_S老师IP资产\_asset_notes\D_aigc\fed_rate_wolf_bak\00_script\generated_cards\sentence_ip_v2\060-不计成本的资-金愿意去押注-有大量的-未来.asset.md","asset-note","c9eacf0975fbe19ca4a14ab1c64d6ba6ef234319852c60399001b613ed8995cf","37ffa3d94cca8f39c639fe8481b75a72cc8a83c931ed4adb6175a6ddafe85e43","2026-09-23"
"10_S老师IP资产\_asset_notes\D_aigc\fed_rate_wolf_bak\00_script\generated_cards\sentence_ip_v2\061-年期美债收益-但现在呢-率飙升到.asset.md","asset-note","e05e703ab38ca2b669ef71d36658881f82c7e4d43ae80463fddabfe851b34c82","784642273808d1dfe280cf89ab34972d5104a69035f278dd1ac8a9821eafea28","2026-09-23"
"10_S老师IP资产\_asset_notes\D_aigc\fed_rate_wolf_bak\00_script\generated_cards\sentence_ip_v2\063-这个地基给动-摇了.asset.md","asset-note","d30f6cb2e6a4b1c5b2d64ab119e00be8188e559dd76249d0acceefb5085a207c","213f8d13c561041fb86d130bd81f32ad6838893250e1b41054311341fddda741","2026-09-23"
"10_S老师IP资产\_asset_notes\D_aigc\fed_rate_wolf_bak\00_script\generated_cards\sentence_ip_v2\066-我给大家总结-三个原因.asset.md","asset-note","9999012b0fa5808bc5536a20bf42a8b80785f65b40fd1c4de78a30cd34d400c2","01b76730ded2fea64279eab506bd5968fb7562debfab58c63f8f00fd4db89275","2026-09-23"
"10_S老师IP资产\_asset_notes\D_aigc\fed_rate_wolf_bak\00_script\generated_cards\sentence_ip_v2\068-已经涨到了-根本下不来-美国的-CPI.asset.md","asset-note","28f21517539f64f419abc0271b7ffc0bc53d341fefa75a6c9f9fa160f534cad7","37d80b97c1864ba5cf6cf336ee2df0ad36a4e3043217a3d4a8c68f0ca6d9fed5","2026-09-23"
"10_S老师IP资产\_asset_notes\D_aigc\fed_rate_wolf_bak\00_script\generated_cards\sentence_ip_v2\069-因为今年一季-度美伊冲突-为啥.asset.md","asset-note","0693a34cdf64389496dc89ce20d7036200744ab577013bbce9217c0a3e872130","efb7e6e513bb803f52d7b61177d3e1f23f672769998daf143397735ab54fb197","2026-09-23"
"10_S老师IP资产\_asset_notes\D_aigc\fed_rate_wolf_bak\00_script\generated_cards\sentence_ip_v2\072-造成了输入型-通胀.asset.md","asset-note","624a0368181eeecf22c41bf71231ddf2b8706ebe35a82ed66c25427586b6febf","82e83c8686dc797655f9f2b86f81ee823dbbd551c5b056fa11e7121e3e975092","2026-09-23"
"10_S老师IP资产\_asset_notes\D_aigc\fed_rate_wolf_bak\00_script\generated_cards\sentence_ip_v2\075-美债黑洞-第二.asset.md","asset-note","8847cc07a15f85037732dce9da7751ac012529474855c382e017a9aa77892aa5","2fe1a76251e1e5314273e5a08fb8c616088dbe011701da21c57896f1f47a5c4a","2026-09-23"
"10_S老师IP资产\_asset_notes\D_aigc\fed_rate_wolf_bak\00_script\generated_cards\sentence_ip_v2\076-美国国债现在-已经超过了-万亿美金.asset.md","asset-note","9ea65a9e042b4ed670ecfbec390d1aba303ae860b3edfcc8d869703d7f59eb29","736c635d8b326df7a39801cc91420115ccae960de0adf83763ee3871187c1ba3","2026-09-23"
"10_S老师IP资产\_asset_notes\D_aigc\fed_rate_wolf_bak\00_script\generated_cards\sentence_ip_v2\078-雪球越滚越大-信用越来越弱.asset.md","asset-note","bf01ea029e38de915d275377bc2e38991bc33203b893489a2b4e925d40376c95","284ec0e5b04d74e539c8986d83212fe0032e8550a5dac8ebadc2005a904f785f","2026-09-23"
"10_S老师IP资产\_asset_notes\D_aigc\fed_rate_wolf_bak\00_script\generated_cards\sentence_ip_v2\081-为了把债卖出-你就必须承诺-更高的收益率.asset.md","asset-note","3c2b1d7c2b7f5e1d7299836851cf786c8b1180fc46b9fbfefcb5b57513cb87bd","f2f645cb5644e8746806f546a71bee9cadd467ac697a3e7865c612fb8ef34496","2026-09-23"
"10_S老师IP资产\_asset_notes\D_aigc\fed_rate_wolf_bak\00_script\generated_cards\sentence_ip_v2\084-甚至是中东一-像中国-些国家-日本.asset.md","asset-note","a3802c0a7586091d96d88a01c7cfd3dd0d51ab442eadb6917a52501fed77d3e5","3f2401d4e65567e970a6daf29159db776d79b00cc2d1bc2b5096b10128282a24","2026-09-23"
"10_S老师IP资产\_asset_notes\D_aigc\fed_rate_wolf_bak\00_script\generated_cards\sentence_ip_v2\087-这三点一讲-你看.asset.md","asset-note","a151eb9158264ded69b835b1f259932365201ca4ab4f435af5c035d84b340bc1","9d0e3bb711dda30da8a97ea6c3bf2c01d610a2343cf910951c03d5de31202ac1","2026-09-23"
"10_S老师IP资产\_asset_notes\D_aigc\fed_rate_wolf_bak\00_script\generated_cards\sentence_ip_v2\089-你已经超越了-心里有底了-的普通散户-恭喜你.asset.md","asset-note","13f139322ed529be2588f72b8c9fbbc6d44b0ddb2607b27be61aab06511b6e94","e5326ba8416f424d02536fee55e34e55e430240b8d1a58d782c8ab5bf28f176e","2026-09-23"
"10_S老师IP资产\_asset_notes\D_aigc\fed_rate_wolf_bak\00_script\generated_cards\sentence_ip_v2\090-我们把视角收-回来.asset.md","asset-note","2f111494d433639064b4e80e0f48419ab477e441a67e94329d031a8bd91611e2","bee6b7f8fb56597aae6bec88ecc353d3e4a481f1e0863b994febb5e91b0a1e2e","2026-09-23"
"10_S老师IP资产\_asset_notes\D_aigc\fed_rate_wolf_bak\00_script\generated_cards\sentence_ip_v2\093-他是一个-简单说-硬骨头.asset.md","asset-note","ba1a57c3ab9eb82da202c635bbfe84bd780e02b94c2cff58a09c43314e69964a","24883e8c79ecad02489523f874792edb6bae555c3388471094be22a2730f8b44","2026-09-23"
"10_S老师IP资产\_asset_notes\D_aigc\fed_rate_wolf_bak\00_script\generated_cards\sentence_ip_v2\096-他有一个根深-蒂固的观念.asset.md","asset-note","7a8b91816f1f6bdf6f824843120fe5bf480d9d8a95082a03d94d819836e987c4","b5b0edc201f8248d32ee07fbcf4d339d4e4d62f64f57fea442f96a26cb3334dd","2026-09-23"
"10_S老师IP资产\_asset_notes\D_aigc\fed_rate_wolf_bak\00_script\generated_cards\sentence_ip_v2\099-是用来救急的-不能当饭吃-输液.asset.md","asset-note","b25caa2bbd47c163a43c591205306158f04b018374927ba68388712adc9eb392","89304f199ec0b2270ad2eb3bc2e48085a310bc2764c05aefbb0cacdbb1379d43","2026-09-23"
"10_S老师IP资产\_asset_notes\D_aigc\fed_rate_wolf_bak\00_script\generated_cards\sentence_ip_v2\102-这俩不是矛盾-什么意思-很多人说-缩表.asset.md","asset-note","63bce0270461fbaa20f7edcbdb663f2a7b5de752d97dfc1c66e97bfd558f2d1f","f254a2eec446477e6e4011f90db1e0f79f2f1e349c3587b9307bd4faa4506b5e","2026-09-23"
"10_S老师IP资产\_asset_notes\D_aigc\fed_rate_wolf_bak\00_script\generated_cards\sentence_ip_v2\105-这就好比一个-之前病危的时-候天天输液-病人.asset.md","asset-note","13e9b6e0facec40de093bee80ac95ddf1087e75b244725efdec328d9dc043274","36d7f0180a710a9fdd9bb47f6b0e12c76b13bb94783bd1ecc5ad227aa70ec041","2026-09-23"
"10_S老师IP资产\_asset_notes\D_aigc\fed_rate_wolf_bak\00_script\generated_cards\sentence_ip_v2\108-应该慢慢把输-液停掉-缩表.asset.md","asset-note","97569910fe7d0068144fdb0b356b8fe77326096961daa318cc70f652a5ee4301","e2247a1875b4fc77753859b4d0ca5931efa0efc7a2947e8ae201188799b85967","2026-09-23"
"10_S老师IP资产\_asset_notes\D_aigc\fed_rate_wolf_bak\00_script\generated_cards\sentence_ip_v2\111-给你吃点营养-降低你的融资-降息-成本.asset.md","asset-note","a86cf48e0fe742703bb2affcd3e840061f9f1317775b177fdd3c13533913b537","495b1b74da8969f931a7783b5777b7c8715824b4f81f2ae1287d2617a0b1c0d4","2026-09-23"
"10_S老师IP资产\_asset_notes\D_aigc\fed_rate_wolf_bak\00_script\generated_cards\sentence_ip_v2\114-从市场收回流-动性.asset.md","asset-note","d406d7eeb209be267a83c11b419989febd8ef2fb11afdaf34f157d5304e7fac6","3e7bab6b3757272aa508fe0516fb041095d6a526e7085cbef7e214d9ddaec7c3","2026-09-23"
"10_S老师IP资产\_asset_notes\D_aigc\fed_rate_wolf_bak\00_script\generated_cards\sentence_ip_v2\117-则是降低资金-鼓励企业投资-地基-降息.asset.md","asset-note","de655932937cf903905d0e45a8bbe150779cf8e6cb4767c521233c8d2b4ea4cd","f24b3800cd4d91dc0a86ec654f203085bf7ac0f47786ff1aa717615434d057ea","2026-09-23"
"10_S老师IP资产\_asset_notes\D_aigc\fed_rate_wolf_bak\00_script\generated_cards\sentence_ip_v2\120-离不开宽松的-货币环境.asset.md","asset-note","e5d80a055fd7521b09ebe15ca0ac9b15f9312142c601e27372b610eeb22ff498","305b276c1ec056afc09d7ed272244612931d65b68ceb88bfac480f6413e575cf","2026-09-23"
"10_S老师IP资产\_asset_notes\D_aigc\fed_rate_wolf_bak\00_script\generated_cards\sentence_ip_v2\123-也只可能是虚-即便是加息-短暂的-弱的.asset.md","asset-note","fe390951815e0bd3a61aaa734f801ea12bdce1385fd8efd4cf57c889900f9f43","c3e2cb90ba9b95083cdf1c2ba4c23e480d7c06d89eb586f3f4df6a8e5028c3a6","2026-09-23"
"10_S老师IP资产\_asset_notes\D_aigc\fed_rate_wolf_bak\00_script\generated_cards\sentence_ip_v2\126-理解了这一点-你就拿到了理.asset.md","asset-note","7d762d074298a5adbc9dc0f27e3610433475ddc7bae90d75afe88c5316b1dc9f","a018939e73189405fc25a8008c905cd6bb797a82199b6223980b9cfe76fd54f8","2026-09-23"
"10_S老师IP资产\_asset_notes\D_aigc\fed_rate_wolf_bak\00_script\generated_cards\sentence_ip_v2\129-这套组合拳打-出来.asset.md","asset-note","1fe6621ae58f029e4be2d58eab4a929de663dd9b16584dc1467fad5e41707a0e","2b3286d1dc7b974242491c4cf7191c584d16b7551f390ff71405392138af7923","2026-09-23"
"10_S老师IP资产\_asset_notes\D_aigc\fed_rate_wolf_bak\00_script\generated_cards\sentence_ip_v2\131-我先把我的判-你可以截图保-断放在这里-各位.asset.md","asset-note","fa1f968d423d617a50b5158294ff7e154683e4e1a0ff411e1a866abdf6fd8d68","9be0434be83c73b7fc588bc91a14d366f2d49d0b71c107b0dbfc8068ba524659","2026-09-23"
"10_S老师IP资产\_asset_notes\D_aigc\fed_rate_wolf_bak\00_script\generated_cards\sentence_ip_v2\132-美股不确定性-增强.asset.md","asset-note","2b2fa1340313d3e90c4fc91339e52922fc2b5db33a372c88d9537cf839d7c656","5df129200d1bb8d327930ea56c8ca1073be683c79b985b77175fc98de1f2dcaa","2026-09-23"
"10_S老师IP资产\_asset_notes\D_aigc\fed_rate_wolf_bak\00_script\generated_cards\sentence_ip_v2\135-只要长端利率-下不来.asset.md","asset-note","69eedadfcbbbbbd61aa68125b5ee53f1c2e877d38912a11beba22d1baf8154a3","4f9be79be3380a0c0927ccf246db99469e8679d8613a86e9f44eff11f22aae6c","2026-09-23"
"10_S老师IP资产\_asset_notes\D_aigc\fed_rate_wolf_bak\00_script\generated_cards\sentence_ip_v2\138-它是开放市场-受海外流动性-肯定会有波动-影响大.asset.md","asset-note","0fd1992b2ad17f62d8caa1b7607e575bbc3a05821d256214fdebf665223e1aa3","153671bc53e870ba1767d0a1da08d9378ba27310bc9c397bd98b4c573027b873","2026-09-23"
"10_S老师IP资产\_asset_notes\D_aigc\fed_rate_wolf_bak\00_script\generated_cards\sentence_ip_v2\141-它现在是中国-的桥头堡.asset.md","asset-note","cd0bf83e0f4230f6cf0a1edc2def24a34ae0f7e19d1225b8952c720bc57182d7","87e62d2698d736e3ff28aef12c2f36b7324afb1095e64bae2d51efe3fd43d094","2026-09-23"
"10_S老师IP资产\_asset_notes\D_aigc\fed_rate_wolf_bak\00_script\generated_cards\sentence_ip_v2\144-重点看我们的-最后.asset.md","asset-note","8095c915953a2c67c5443ee7fb69cd6220d88b52012d82fc94b8d948ab1b07ba","6d68f374c40a8e6a70aa6df9abc1ff65201eded482c780b6c7aa5a6d21133a34","2026-09-23"
"10_S老师IP资产\_asset_notes\D_aigc\fed_rate_wolf_bak\00_script\generated_cards\sentence_ip_v2\146-底层逻辑是什.asset.md","asset-note","b4d0709ab943f3f2b2388c71e224d8b2233448db9a86b8a595f6091c45a9f4c6","752dd53c5a459516103bd41f58b0919305304aaeab71e276563d84ceca2c831c","2026-09-23"
"10_S老师IP资产\_asset_notes\D_aigc\fed_rate_wolf_bak\00_script\generated_cards\sentence_ip_v2\147-记住我这句话-这也是我今天-最想送给你的-一句金句.asset.md","asset-note","e95e99e4e31670ee4e64ef21ff3d8902d4b60017c452f56b0e5522408bb14619","2467d9ec86ea644e8ff12d7fa8567c385ac8c7bac0812e4159735b75f6621534","2026-09-23"
"10_S老师IP资产\_asset_notes\D_aigc\fed_rate_wolf_bak\00_script\generated_cards\sentence_ip_v2\150-而是你有没有-能力去捡院子-里掉落的最肥-的肉.asset.md","asset-note","b06c4934047fe3b65811618108cc5ff44be0339a24278784eb48a84b7dc9820a","b67b6e2600a7b19353a9ed3cdf4ec16ba54ecabe049921b1421469cac022f50f","2026-09-23"
"10_S老师IP资产\_asset_notes\D_aigc\fed_rate_wolf_bak\00_script\generated_cards\sentence_ip_v2\153-整治那些非法-没收违法所得-重拳出击-跨境券商.asset.md","asset-note","12db43db7a237a3b4c1687324917c2364426755cc1069d6c04980084bba3499f","ce9790a43373700ba571b85f4cc2ad7529bd17424d8e68a90c7210c22b8947a2","2026-09-23"
"10_S老师IP资产\_asset_notes\D_aigc\fed_rate_wolf_bak\00_script\generated_cards\sentence_ip_v2\156-这背后是一个-再清晰不过的-巨大信号.asset.md","asset-note","4d1914ff334f6fda5f8d97f92c44de88b73827455c7b058c5a2ec41b238521c6","0c4390321cdd89241683a43f62098b22092e70fee1604aa1d5df7b80352bd8f0","2026-09-23"
"10_S老师IP资产\_asset_notes\D_aigc\fed_rate_wolf_bak\00_script\generated_cards\sentence_ip_v2\159-是必须要打赢-这是战略-的仗.asset.md","asset-note","4b39af5c7dcee05e320fc55e3687ce19809bef1bb1ac73bb0266254311c7c105","c5252e9532c2d18812af629ef84c3976122ee9f587cac055548369bd95ae5000","2026-09-23"
"10_S老师IP资产\_asset_notes\D_aigc\fed_rate_wolf_bak\00_script\generated_cards\sentence_ip_v2\162-国家正在下一-盘大棋.asset.md","asset-note","16cb226c5db134abcd759b1aa458fab5b28cc55ea5cea465c88e8ec081f4b0d2","5b41d21f07a1eaca4ab81017f1000771474ba42e68d2865900288847f2b0b8c6","2026-09-23"
"10_S老师IP资产\_asset_notes\D_aigc\fed_rate_wolf_bak\00_script\generated_cards\sentence_ip_v2\165-在实体经济层-我们的科技类-另一方面-公司.asset.md","asset-note","50663a51ad73cd3715338cc0676f5c7147cbc68a3226f782b5d3c7486b05357a","7fb0fc52dfa2e0fee4e8cbfe95fc9ec33da9c7b24507a9bd2d7a5beb74620982","2026-09-23"
"10_S老师IP资产\_asset_notes\D_aigc\fed_rate_wolf_bak\00_script\generated_cards\sentence_ip_v2\168-防止资金外流-扎好篱笆-再加上.asset.md","asset-note","bf45a61dead038f5c67156452dd65dc0690ec9e6cc9b6785423dd1635613bc4b","2fcf03a89e1edf6c263c205adf87687eb24a810932a3290ff8b9b72628ef97f6","2026-09-23"
"10_S老师IP资产\_asset_notes\D_aigc\fed_rate_wolf_bak\00_script\generated_cards\sentence_ip_v2\169-这三大逻辑闭.asset.md","asset-note","1b04c3bfe719899cfbc9405cb1028f2df1e63cc8644bb19b7d5a1b4a3c77f663","2d9bae751a992e52cf8fba83fbeff0515c151900bbfb8aa16a1c96024fe8e7a9","2026-09-23"
"10_S老师IP资产\_asset_notes\D_aigc\fed_rate_wolf_bak\00_script\generated_cards\sentence_ip_v2\171-当别人都在恐-加息的狼来了-的时候.asset.md","asset-note","6ca464660d64dd61c5901e33173991c398dd00eba10ce919cf203f8261492362","e4043a10548b7197674ff7bc098c35fc7de8b1f282c63320aab9700fdc8cb136","2026-09-23"
"10_S老师IP资产\_asset_notes\D_aigc\fed_rate_wolf_bak\00_script\generated_cards\sentence_ip_v2\174-资本市场里从-来不缺一年赚-去寻找猎物-三倍的故事.asset.md","asset-note","b398dd93f6dd2709a4a4a4000bec67e12d997a829e1e434dcda9bf04d9905b33","c9d96668ba297126c2bb58437d69be32f68d080c374e893b26fc3a39b4491b02","2026-09-23"
"10_S老师IP资产\_asset_notes\D_aigc\fed_rate_wolf_bak\00_script\generated_cards\sentence_ip_v2\177-最终只会成为-被收割的韭菜.asset.md","asset-note","a6e335c3d1dddfd9245732b64c095d37f10689a6dc5907d4bd126d827af367db","399820c8036d5303b11ebe540f6ff5466e2bfc10ce8fbe6a1a89c00bafeff699","2026-09-23"
"10_S老师IP资产\_asset_notes\D_aigc\fed_rate_wolf_bak\00_script\generated_cards\sentence_ip_v2\180-就看到它未来-百分之几十甚-至成为全球市-场的巨大空间.asset.md","asset-note","6b72e98039cf905a7e3cfdaf5d2209270cc48758f3abb43e652349bb15beea09","00c8a8485ba01eb8a3c8a90f15b7350e0fe06288bdaffaf72d84a7d1d903f177","2026-09-23"
"10_S老师IP资产\_asset_notes\D_aigc\fed_rate_wolf_bak\00_script\generated_cards\sentence_ip_v2\183-投的是这个产-业蛋糕从小到.asset.md","asset-note","58b5c1539fd19da4cf020d5b0468724fd1016541df865678362eb8b5f4d0fe8d","43d7fe03f049625171cffcaec1bbc52834298408030e9068ffa6a97789dcb821","2026-09-23"
"10_S老师IP资产\_asset_notes\D_aigc\fed_rate_wolf_bak\00_script\generated_cards\sentence_ip_v2\186-名叫个人产业-投资者.asset.md","asset-note","f0bd821d3b0c53d15b8c81353b32925a7f9686d3e94ba79a7152261641e1a38f","5559063d97664f4547a912fef9e8901003f777c4e84d2b980481ab91969e3dd8","2026-09-23"
"10_S老师IP资产\_asset_notes\D_aigc\fed_rate_wolf_bak\00_script\generated_cards\sentence_ip_v2\192-只取决于一件.asset.md","asset-note","cdde1b1c258ff2a2a27b51b4201d8df0227ced144eaeedf87409c112cfb4b8dc","b409c7f5ec5f7655ee77305b89d381a994f39a270b30879b2e5cdf862b5367f4","2026-09-23"
"10_S老师IP资产\_asset_notes\D_aigc\fed_rate_wolf_bak\00_script\generated_cards\sentence_ip_v2\195-在这个牛市里-最需要系统去-就是这种能力-构建的.asset.md","asset-note","5aca2fec15380284563094adcaa7d9f4152f5a74db112f5594b5c6f56dc72581","47278659958288dc1d20ff4cbd834cd6350c363e264cb250dbfd98fd166b5ce8","2026-09-23"
"10_S老师IP资产\_asset_notes\D_aigc\fed_rate_wolf_bak\00_script\material_fixed_contact_sheet.asset.md","asset-note","ce19f85af5105dd9ebe269a2274b12703766dc6f304e285fcefd47c441348201","25d1a99f7023d13e3cb99be1250ac62338ca3666e13be417b436e7b155478baf","2026-09-23"
"10_S老师IP资产\_asset_notes\D_aigc\fed_rate_wolf_bak\00_script\material_fixed_final_contact_sheet.asset.md","asset-note","43754d3e0eff2cf714e7a0591d9e3e5971a32ec2793a4191746b58bc88e772f1","ae940bde64c1710d5235880a194622284c1b0237538277180888d41b75db3a5c","2026-09-23"
"10_S老师IP资产\_asset_notes\D_aigc\fed_rate_wolf_bak\00_script\review_frames_current\01.asset.md","asset-note","7a7e883798aff6f433663b7fa03fc40886d21af6c05c8144746690bc3fc8bb8e","176ce93c33369dba1a2ad00e34d38e7057962693c2c7ddd63f4fee4f04e97efd","2026-09-23"
"10_S老师IP资产\_asset_notes\D_aigc\fed_rate_wolf_bak\00_script\review_frames_current\02.asset.md","asset-note","7af3156f5c67afcfa9acd374af1a16031c94d680f0648742ab040c323f199e0a","828807492f27989cc66a9dda706ab218a22d10c00c3eb33938069ca92e66273c","2026-09-23"
"10_S老师IP资产\_asset_notes\D_aigc\fed_rate_wolf_bak\00_script\review_frames_current\03.asset.md","asset-note","1a0e57d12f573a11375056ef3ca81bfef3a37e401e91cc6f82e114c9c1f2ea07","c43a242aa14143a77a840a91f4e92ca4cd9430d249e4fa2e98976d51cef25397","2026-09-23"
"10_S老师IP资产\_asset_notes\D_aigc\fed_rate_wolf_bak\00_script\review_frames_current\04.asset.md","asset-note","6444bdadd9c13ffa568201fd14d0afc5c10d8a2e2f37786d2b3ca6812575e471","9f84ffd08394f6c50e5e5c374185d6d28d6d312655c8be648561c29a8b0674bc","2026-09-23"
"10_S老师IP资产\_asset_notes\D_aigc\fed_rate_wolf_bak\00_script\review_frames_current\05.asset.md","asset-note","a1e8c37720c9229514036ed6ff4f6658df4302de8ae51c786cfd423a06d1cbd9","bb49c3e1781fcebe327263c915a3922e0adcc008b23631cc02647f9ea877f189","2026-09-23"
"10_S老师IP资产\_asset_notes\D_aigc\fed_rate_wolf_bak\00_script\review_frames_current\06.asset.md","asset-note","3362e33c26ae535fe6f7168c76944da7268d467e3c99d19551ce6b7474792d6c","d1225a983f79562737933c5cea623122c9a478b3ba31110c4d590261b49c21d7","2026-09-23"
"10_S老师IP资产\_asset_notes\D_aigc\fed_rate_wolf_bak\00_script\review_frames_current\07.asset.md","asset-note","5c8c85bc0400b2e030c31b43ce982ada62f905694bc430b4b077cfbbc14cdb30","467e9fb92a22ff749cf62f1992103a4f6c984c0fcf1ff2521565909b7f426c7c","2026-09-23"
"10_S老师IP资产\_asset_notes\D_aigc\fed_rate_wolf_bak\00_script\review_frames_current\08.asset.md","asset-note","3b5194aed4366da45027264fb48f9fcb83241021d4afcbb32076e8cecab4ead0","f1421d1dc43c90edad10678c152504e438a4c94a44561ca96c99e9a93d9aa684","2026-09-23"
"10_S老师IP资产\_asset_notes\D_aigc\fed_rate_wolf_bak\00_script\review_frames_current\09.asset.md","asset-note","cce9f7152535f76fc19132267997b46a031d46dda7c0c42c28af98ad46f1e854","9012a52e9df6bcfc474dcc64cbb83a8e3c18c653dc2ee922be1660535152aa1d","2026-09-23"
"10_S老师IP资产\_asset_notes\D_aigc\fed_rate_wolf_bak\00_script\review_frames_current\10.asset.md","asset-note","25267bbbe1ef9bdd4fd18228420e1d244355126cd4445030525e6d6f9ab3ebc9","349770b3063a4482f4443885b3115c2854ed93666c67b03e0d3dcee630d7bd53","2026-09-23"
"10_S老师IP资产\_asset_notes\D_aigc\fed_rate_wolf_bak\00_script\review_frames_current\11.asset.md","asset-note","bda018a15bef74a3b91341ef0505b566716482cf113e8eea7c76c6b33264954a","499540afc7f87f899d10fd067be042fbfce655b2afea3d1683660b65543d33c6","2026-09-23"
"10_S老师IP资产\_asset_notes\D_aigc\fed_rate_wolf_bak\00_script\review_frames_current\12.asset.md","asset-note","feb94fd27cd4285fc7941bfea453eae1f7ce8be68b3f3b675b8cae76ac1108ec","600c95df251e2a280d46db1360f7c9e8635d5d8a0c6cce9837c90ca05240c851","2026-09-23"
"10_S老师IP资产\_asset_notes\D_aigc\fed_rate_wolf_bak\00_script\review_frames_current\13.asset.md","asset-note","b0a730fc2daa89bca54cfba30dcb5321bcc4ceea0043663512f0ae87e454bedb","85da1f646e435b76489a1da9a3e9a88fb4d443ea2e0b84159fe83c140199178a","2026-09-23"
"10_S老师IP资产\_asset_notes\D_aigc\fed_rate_wolf_bak\00_script\review_frames_current\14.asset.md","asset-note","2546f61d1989c455bd1e503e4a21ea049288b19195cc13146c8cc17ec9dd1849","3d900253bedc36f4b166d84c9cd7d0e5185dc47bd6d68a86bfc3a73685638a85","2026-09-23"
"10_S老师IP资产\_asset_notes\D_aigc\fed_rate_wolf_bak\00_script\review_frames_current\15.asset.md","asset-note","b4e4af806d8186ea3d28d7f5c928caf49360494af96a54e9cfb4ded680cf280e","f26f63d73045b5962a208809491bbf3fcbc3a015c53d5f6243202cee6a346f34","2026-09-23"
"10_S老师IP资产\_asset_notes\D_aigc\fed_rate_wolf_bak\00_script\review_frames_current\16.asset.md","asset-note","b0aaab3e59826105e903c10cf1458850574a5830cb9af23bfb2f31d4b19a7f0a","43e4c6f0a9a12561daa07897477905f5ed013fbc168102074aa75854fa986000","2026-09-23"
"10_S老师IP资产\_asset_notes\D_aigc\fed_rate_wolf_bak\00_script\review_frames_current\17.asset.md","asset-note","8c0d0101e0979e0cc1a11091296c224bf86fbabc4438bd5397a1a7871a560c0f","df2e02b80583544253386aea38ea25660ae41c47c7d59ec8667e999d974a0fde","2026-09-23"
"10_S老师IP资产\_asset_notes\D_aigc\fed_rate_wolf_bak\00_script\review_frames_current\18.asset.md","asset-note","d040d2aa43c17a14332629ad2901f4aa16626c424597796c997d668809c8dbc4","34b46545a87951eea22d1c23a287dc7d83184ff95af3a5ddc9bf5503751fff5d","2026-09-23"
"10_S老师IP资产\_asset_notes\D_aigc\fed_rate_wolf_bak\00_script\review_frames_current\19.asset.md","asset-note","fe32d80fda5a3c13a2e1bf4d3fbd22b158643bf93e172f5e43ddbe59fa9a3abd","99b556986cbf565b52996e3721f735f899b220c35200af6d8c2d30e5f2b61e6e","2026-09-23"
"10_S老师IP资产\_asset_notes\D_aigc\fed_rate_wolf_bak\00_script\review_frames_material_fixed_final\01.asset.md","asset-note","0efd3049660ce65c84308f7c182cca568989d01691fc6172e33dd65f4b88b3fa","90f5e5a4f30756865d2e1d3b8bf126e8441a84984ce96c8090274da04dae39ee","2026-09-23"
"10_S老师IP资产\_asset_notes\D_aigc\fed_rate_wolf_bak\00_script\review_frames_material_fixed_final\02.asset.md","asset-note","79ba7938e160df313ed9a25d4290be5c31744a2f9f9dad420057a52da1ec9986","c27d2487c6d33941f8a033e654e04452c1a2895d42f92830f9b3d1591c9cb782","2026-09-23"
"10_S老师IP资产\_asset_notes\D_aigc\fed_rate_wolf_bak\00_script\review_frames_material_fixed_final\03.asset.md","asset-note","63a0f73c5fdfc6207e083fe2862bf983800d2aad695c144b89c90286bef54749","f266b534ec92049568b63c10d4acaad833e4791adbd3e3e4fe70d3cdef930227","2026-09-23"
"10_S老师IP资产\_asset_notes\D_aigc\fed_rate_wolf_bak\00_script\review_frames_material_fixed_final\04.asset.md","asset-note","00b5ca214d9b57b3bf175e03fa98edc716ec0097d98a8470843374f2dc917452","13d3fc72e7d0ac7f96e2b4d5a5378d66ce68163effd6d7920f422435c68923b0","2026-09-23"
"10_S老师IP资产\_asset_notes\D_aigc\fed_rate_wolf_bak\00_script\review_frames_material_fixed_final\05.asset.md","asset-note","a5c723ddc7793ea8769bd5d7089db4254c7161a908ba9ff079c91960064cb9ba","e1f53d85a7fbc4da7ed5d3ab710380e36d147df61b5dba7dbfc2b3599a0db3e3","2026-09-23"
"10_S老师IP资产\_asset_notes\D_aigc\fed_rate_wolf_bak\00_script\review_frames_material_fixed_final\06.asset.md","asset-note","965e279ab1bae7c1ec56d414a35f518f086b71c8a8ff43e7604199bd9b7cb605","178c930e0c97d7d283d3a2c175fd4a9accee39063372a3e58bb8787866d198e9","2026-09-23"
"10_S老师IP资产\_asset_notes\D_aigc\fed_rate_wolf_bak\00_script\review_frames_material_fixed_final\07.asset.md","asset-note","ab0e105c851c697913cfe0d9d08aaa485cb96c578ca6b65c13f474f87cd4a693","b74da01f52b3ff1752fdc9e5688b90621cf4f241dcdbf75d28a0bfa2eb50f2cb","2026-09-23"
"10_S老师IP资产\_asset_notes\D_aigc\fed_rate_wolf_bak\00_script\review_frames_material_fixed_final\08.asset.md","asset-note","549e75073131996a6dd517014cd888ed24399db4f5fb1479d855ab5bf739668d","f67252f5d8347a6b65a33a56aafff7b437df4f518bd660076b5d08ef2f2f5be6","2026-09-23"
"10_S老师IP资产\_asset_notes\D_aigc\fed_rate_wolf_bak\00_script\review_frames_material_fixed_final\09.asset.md","asset-note","e9cbfc25f59b4fe83dd1bd9dd1f6bffaa086bd6c7ecc463fa991f42f85631e56","95541be15afd054f3a71112bca548eebf11c8527cdb8b8f8c5229bbdf66b3927","2026-09-23"
"10_S老师IP资产\_asset_notes\D_aigc\fed_rate_wolf_bak\00_script\review_frames_material_fixed_final\10.asset.md","asset-note","d4f7829956bd9d76236c7a72d096c3c68f6d1bfdff1b39e2ff59e5714de1c9f0","6a2319795f4f5fe8c1a5bffcf1fea0f2a4cf71951e28a7111ce472a63c0db5b6","2026-09-23"
"10_S老师IP资产\_asset_notes\D_aigc\fed_rate_wolf_bak\00_script\review_frames_material_fixed_final\11.asset.md","asset-note","868e97d91223402fb3a35ce81de7528c662e39409577cd0c7a798608ff385927","390e7fcf3f59d16683fd3c1cb993c59a563da32e9eec878bcf304fd89a949f49","2026-09-23"
"10_S老师IP资产\_asset_notes\D_aigc\fed_rate_wolf_bak\00_script\review_frames_material_fixed_final\12.asset.md","asset-note","4c6ad781d27251d6284edbef17de9a756d228f09441395de52766f7a27f9d009","cded8bc234e68f996ddfc0d45e66c4e98cd1cab44461d9807bd18d469318e370","2026-09-23"
"10_S老师IP资产\_asset_notes\D_aigc\fed_rate_wolf_bak\00_script\review_frames_material_fixed_final\13.asset.md","asset-note","94204c19209cca2fc46b06d3215eec294b1f9cdf3965f29e5ee7cbb1afb48f13","f224012b3ea9ce09a6ffbe2207abe5f40f8b53ce0fdb524479831244840494e9","2026-09-23"
"10_S老师IP资产\_asset_notes\D_aigc\fed_rate_wolf_bak\00_script\review_frames_material_fixed_final\14.asset.md","asset-note","c38c578426af0b90afc3f635b1b3c2848a33daceb2e46d06df6640e3eef6e305","80fa6efa3b4c5efb5cd74ba7ad0c27fbefd4d91a3e18646ea080bf10a33c62c7","2026-09-23"
"10_S老师IP资产\_asset_notes\D_aigc\fed_rate_wolf_bak\00_script\review_frames_material_fixed_final\15.asset.md","asset-note","5bb4187563d9f07720d79071a7c5dad54c2d8f40567ab2721b4203359e4245c0","e9fa82dfe590c85c5cac08d3a3deb9f814e1a7afa9b12d9fd572b3dd1c9bb42a","2026-09-23"
"10_S老师IP资产\_asset_notes\D_aigc\fed_rate_wolf_bak\00_script\review_frames_material_fixed_final\16.asset.md","asset-note","0bbf5637c24407d0a52ab65c689ede6b3d2ef98d21a2d0da7354131452103fab","5923610d9573acb3e726bdb4efbabc5d06644b4eb703f9b0f94f95d1fa7ba046","2026-09-23"
"10_S老师IP资产\_asset_notes\D_aigc\fed_rate_wolf_bak\00_script\review_frames_material_fixed_final\17.asset.md","asset-note","af56abf13c8680be379179c389f23a60a23870eb4f343db0e074f97b717fa8d4","23d76de045967e41b5640da14572620deda499e1fb9a30841a7c0f7f71613db6","2026-09-23"
"10_S老师IP资产\_asset_notes\D_aigc\fed_rate_wolf_bak\00_script\review_frames_material_fixed_final\18.asset.md","asset-note","d7385ec8c2e69af08ac72504c3af6af5e68f6ed7998f4d416557041a4098ebd5","a54a52dd09efde779dbbd746c205ae7092db6f1cb2d80ec67eaf83789b4c4a28","2026-09-23"
"10_S老师IP资产\_asset_notes\D_aigc\fed_rate_wolf_bak\00_script\review_frames_material_fixed_final\19.asset.md","asset-note","78160db03f6b50c1c883f7f7efb7b3da027aa3d6d9d072f1eca060a585607c1b","90c5beb223c981c9ad248bbbaa44fed8f671595ddd7cb54f6169c147cd8d0441","2026-09-23"
"10_S老师IP资产\_asset_notes\D_aigc\fed_rate_wolf_bak\00_script\review_frames_material_fixed_final\20.asset.md","asset-note","9c8d78a5392c6260184aeb2b9f8958dbf983376d63ead70bd3006bfe240170ab","187250a6c11acbec1710d5a8b630b5408e37511e7a0a8a3107fb12b8b6da5143","2026-09-23"
"10_S老师IP资产\_asset_notes\D_aigc\fed_rate_wolf_bak\00_script\review_frames_material_fixed\01.asset.md","asset-note","b4c3cc6e6fade56a6d3ba522ad92362d303abc0d72e195115bec0bc652f5d658","c149d287153c1709b3aa54aff5d43466d40ae419ceb21e8af3fca59f7089977a","2026-09-23"
"10_S老师IP资产\_asset_notes\D_aigc\fed_rate_wolf_bak\00_script\review_frames_material_fixed\02.asset.md","asset-note","20702515a9cdb2252f263ee248d30247b52e328b2fb62254876ddb0bb3c84b3c","ae9b491fa4f5b40e091c5dbdec61f9651828f4e11b305a0aaf422a5a6a8bf11d","2026-09-23"
"10_S老师IP资产\_asset_notes\D_aigc\fed_rate_wolf_bak\00_script\review_frames_material_fixed\03.asset.md","asset-note","7ba0160928d9280af7117bec57210689118de436a75ccef565beb21d66e72b9a","2379cc19c3d49eada29c9409a60cd78147e090fac69a1dae39b40ecdf7c3b3f4","2026-09-23"
"10_S老师IP资产\_asset_notes\D_aigc\fed_rate_wolf_bak\00_script\review_frames_material_fixed\04.asset.md","asset-note","70e23ae1dd5fc7620b047eec64ca9716735b29b1403fc2ad47cc4f7d8402c14b","ebfdeb60ed45fe77b864d3929d9d881a05990d8413ea5173f729b0249df40d28","2026-09-23"
"10_S老师IP资产\_asset_notes\D_aigc\fed_rate_wolf_bak\00_script\review_frames_material_fixed\05.asset.md","asset-note","5485c5011137ba4691269a4f0f56c584f768b87d79c50b7f3fcc0c8e5117b89a","ace65c2292bfc93070fc22ac1f54c606d5af4cb32294e62f2c4bbe6b9041640c","2026-09-23"
"10_S老师IP资产\_asset_notes\D_aigc\fed_rate_wolf_bak\00_script\review_frames_material_fixed\06.asset.md","asset-note","a8596eafe51effb4a662196490f7adddf7343e02458c50c392cc6343982f300b","02cfd2784cfeee0a490c49f1919b2f7525713e396803914b668efa0ea27b0e4b","2026-09-23"
"10_S老师IP资产\_asset_notes\D_aigc\fed_rate_wolf_bak\00_script\review_frames_material_fixed\07.asset.md","asset-note","e44d031f2fef3595db8ad8a1ed349cc5fbf6f7d6f22320218d1a5e654ed79055","7372fb52abb695d9adc34a55b383b7b01a240fdc35e1b37a8497cd70a0f7abe6","2026-09-23"
"10_S老师IP资产\_asset_notes\D_aigc\fed_rate_wolf_bak\00_script\review_frames_material_fixed\08.asset.md","asset-note","4574c7922ce16cd081340a815463b23a47a684dde4b40aecd16d46f59d240cd5","4ad8ef23e0782a1dd6b9afa5e35d36b36cb678d0b50ce2ae301bb3443d03565e","2026-09-23"
"10_S老师IP资产\_asset_notes\D_aigc\fed_rate_wolf_bak\00_script\review_frames_material_fixed\09.asset.md","asset-note","b4d09dd56784938d672cb5d1181c99f7c6305501e55baccba10f9bcf2b0e9391","f37594917e2f51586769c93650094e2503686edb1e803486415b67f1885d579c","2026-09-23"
"10_S老师IP资产\_asset_notes\D_aigc\fed_rate_wolf_bak\00_script\review_frames_material_fixed\10.asset.md","asset-note","6528ede006e769a14886e29ed2543e49e1d8724329ef6b48ab7d762ca6e45611","e09673aa9601f9352f538308adf856d26d2f9a02047c3277c8c18518a8a6a195","2026-09-23"
"10_S老师IP资产\_asset_notes\D_aigc\fed_rate_wolf_bak\00_script\review_frames_material_fixed\11.asset.md","asset-note","ca7b554fbc7c577a342edc4b099921c94339706bb1accbe6dcda22d5192a7056","9605c5296565af63d51f9a348334d7da9ca844561182d5070f742b4c88c0f00c","2026-09-23"
"10_S老师IP资产\_asset_notes\D_aigc\fed_rate_wolf_bak\00_script\review_frames_material_fixed\12.asset.md","asset-note","2b350dd345277895ebefbaeea51b44b04c5be69385adb64a006f98fcc69c2f72","a66e076576211b6e9ce91d5355dbfff4b127e8539fc23be9906dc5a0086d4fda","2026-09-23"
"10_S老师IP资产\_asset_notes\D_aigc\fed_rate_wolf_bak\00_script\review_frames_material_fixed\13.asset.md","asset-note","e04e69290a619be89a1a81546be62cf112c18eab67d43986bca943d730d17337","dc3f8ed3aa43d0857ddc8500d02525b27b12b0f30eebeca74b5baa345779b3ad","2026-09-23"
"10_S老师IP资产\_asset_notes\D_aigc\fed_rate_wolf_bak\00_script\review_frames_material_fixed\14.asset.md","asset-note","3490de0c760d83f137e156d01a391caa7247cae852b9c5b5fb577c6539a13747","102e563d82f0b2a436f5d1066a4c7c2f36943676660ab5cb858da44fb6e5863f","2026-09-23"
"10_S老师IP资产\_asset_notes\D_aigc\fed_rate_wolf_bak\00_script\review_frames_material_fixed\15.asset.md","asset-note","c8e87b25fcb21e9b153130190a221be9a0c81e2cd77c04eedf4a8a3b3934e56c","3c076786a8bbcb08b9fe79c4dc34f34b26d05b3e751127e6f85cb097804ceac5","2026-09-23"
"10_S老师IP资产\_asset_notes\D_aigc\fed_rate_wolf_bak\00_script\review_frames_material_fixed\16.asset.md","asset-note","97c1d1943077c08f0a92c1cf03325365f78ee0602fa87425f29d69952c91058f","3b7c77888d5f68c5bad9a8bb82c056630f791c131bd29d56ec41663b5cb3aa42","2026-09-23"
"10_S老师IP资产\_asset_notes\D_aigc\fed_rate_wolf_bak\00_script\review_frames_material_fixed\17.asset.md","asset-note","052d99d30e327592d6c4c2e6b87ecb7bffb7d2215d808d7bf074e254e5c16cbf","fc5aa60fcb27cdadcea9e5fb8642dc13dead72cbce085a786faeb839f4adc36c","2026-09-23"
"10_S老师IP资产\_asset_notes\D_aigc\fed_rate_wolf_bak\00_script\review_frames_material_fixed\18.asset.md","asset-note","ed142080a3b75c90b98a83c49b80b18f567c15f5e6d2dd83990e055383315988","0e4ef1b4bdb288c57827f1cc79b735b77fc1ec0b3f1fb257175ba44b2d11921f","2026-09-23"
"10_S老师IP资产\_asset_notes\D_aigc\fed_rate_wolf_bak\00_script\review_frames_material_fixed\19.asset.md","asset-note","b8e574382b3d885f6fc4297f6c8e2854020688e72a91c2bbd4dac5de0c461756","0a8d4d24a86d8364d0c807ae58b21a06cdb9a78540634a32e9be6b08d82bf1a1","2026-09-23"
"10_S老师IP资产\_asset_notes\D_aigc\fed_rate_wolf_bak\00_script\review_frames_material_fixed\20.asset.md","asset-note","9ddb47ccd336f0fcd9d52a347af79f0a89c566b1d0eb947b6b8f63b4eb7055e3","0a7f3f9364bdee2041d739ec22a474cc41c0469897530cd07af4aca09cd86061","2026-09-23"
"10_S老师IP资产\_asset_notes\D_aigc\fed_rate_wolf_bak\99_output\sentence_ip_v2\review_frames\contact_sheet_ip_v2.asset.md","asset-note","3ded40a11af39f8002e87b14c795a40868924a4388f9795497d1d61ca23f4cc1","25f2ca194207b86fb92c787721801eb2476840b11dd6f926ff017ba67b81f873","2026-09-23"
"10_S老师IP资产\_asset_notes\D_aigc\fed_rate_wolf_bak\99_output\sentence_ip_v2\review_frames\frame_0008s.asset.md","asset-note","2b14456e4f12b6f196dbd3f6bbb9ab91629407cdcf3d51939e3a2457dd6f4078","ff3072893b5fa372d39f6b9733dbb7b137d768f943ec453afea8b6248cdaab75","2026-09-23"
"10_S老师IP资产\_asset_notes\D_aigc\fed_rate_wolf_bak\99_output\sentence_ip_v2\review_frames\frame_0045s.asset.md","asset-note","17696ff72916661219684049d9d897dcddf929d672979fde00e1e826ea35bc0d","a0186200ff5b12b1bb25f5f902b448b0c3e0b3c27fde7a912ae9a292cfd477d5","2026-09-23"
"10_S老师IP资产\_asset_notes\D_aigc\fed_rate_wolf_bak\99_output\sentence_ip_v2\review_frames\frame_0120s.asset.md","asset-note","0b722658d43516685435b3fe675e5d079adebb5b0bdb955685d086e033019dd4","0ad42cd864f6d5ab9d890bbc3ba5d7b9417334347fb311170397d71e4ae1acb0","2026-09-23"
"10_S老师IP资产\_asset_notes\D_aigc\fed_rate_wolf_bak\99_output\sentence_ip_v2\review_frames\frame_0240s.asset.md","asset-note","d4f74520fdcdd99e884da784e4eb5f767cb7c3174d0c229d4ccbb891e2d327d5","5c827a2b1dd87598c5d6299243e0fa78ec07e7c77755df92f5f8b5143eb8c2bb","2026-09-23"
"10_S老师IP资产\_asset_notes\D_aigc\fed_rate_wolf_bak\99_output\sentence_ip_v2\review_frames\frame_0420s.asset.md","asset-note","a67b10c6a455a1c6d1f425e4d7a14d9c0f45705dbaca3434980d9f73bfe42e21","ad39c11b2c69d4a4ac8f4c7193ad488971b76057ff35db347d3fbc10ab013dc1","2026-09-23"
"10_S老师IP资产\_asset_notes\D_aigc\fed_rate_wolf_bak\99_output\sentence_ip_v2\review_frames\frame_0600s.asset.md","asset-note","b33cfa1d79749c323fce03d81a4d857cf95dc87e9f457f6efe3ea7bbe09f420c","e00bce6acfb8e1c9f0222618f069372a442b214c8f5e2ed86f286fddc19481d9","2026-09-23"
"10_S老师IP资产\_asset_notes\D_Evan_Courses\1000万\第01课：十年十倍股存在吗【Final】2021.02.03.asset.md","asset-note","0aa5c2336f40c6f32b1886ed96ff747a3ccefdb5b2a0ed0381f311b47c47b5d5","c90167c72e79d5b304cd76828bfce0e224cfa4913012fdfd354cc38eb89a6dc7","2026-09-23"
"10_S老师IP资产\_asset_notes\D_Evan_Files\S_demo\公司股评视频清单.asset.md","asset-note","d50bb0d4b371896b31ed17b7d1f132d7438a3a00a53a57679ee475c487b2600f","9230e8b28422488f986f4c07ee59715e027ca24945f7fb5d7d2689d417476775","2026-09-23"
"10_S老师IP资产\_asset_notes\D_Evan_Files\S_demo\课程小结-Evan.asset.md","asset-note","4d15c6ebcc22129ca82a9367ebc18de154585682fbc91b1ffb6cc64852cee711","3b9d429c1f093b60a1d48672c8757f2d961f1b532e9d5c868df93b0f1b9b66b5","2026-09-23"
"10_S老师IP资产\_asset_notes\D_Evan_video\spacex\01_hook_ipo\S01_C23_IMG_spacex_nrol_85.asset.md","asset-note","da16b5daaf429f219fcc0f56bedaa110df37cda4ef558c387a7e5b87bf89e3fa","65f54089f2d0851870d4d8eff4d44d84c71d8002758a0157ee3b79cc97915e79","2026-09-23"
"10_S老师IP资产\_asset_notes\D_Evan_video\spacex\01_hook_ipo\S01_C24_IMG_spacex_transporter_4.asset.md","asset-note","10e5410caca23a26467b671c6ed2756bb012261463ace5ee56021d9da1f04fdc","5a29cd7af39d966ec26bd0ac7388304ef58ea7a8702b34f09f3bd1e76cdb24f4","2026-09-23"
"10_S老师IP资产\_asset_notes\D_Evan_video\spacex\02_early_mars_and_russia\S02_C01_IMG_nasa_mars_surface_beneath_phoenix.asset.md","asset-note","ef8f56ce95eafb63a809b7867a1fcfc13724d16ff8c9cea1a3d09e8db45e574b","d1c14c096ecf4a085c191d8005f1b134bdcc1b23538726c73e1755f05430bded","2026-09-23"
"10_S老师IP资产\_asset_notes\D_Evan_video\spacex\05_nasa_dragon_iss\S05_C02_IMG_nasa_spacex_crew_dragon_docking_to_iss.asset.md","asset-note","1f08f59e8280a29f31a4ba30309c20651aa84759e032d19659d9f637535c75f6","b67266825ea04c2a9f0aa5f48ecdb142dd875cdc7f19710cc429ca058e4d841d","2026-09-23"
"10_S老师IP资产\_asset_notes\D_Evan_video\spacex\05_nasa_dragon_iss\S05_C04_IMG_nasa_what_s_on_board_briefing.asset.md","asset-note","8d304101c7247bced6846642ae036a6a22f431e4fe710c5ffc08e70384c9adf3","ac1b4b373fcd138425dab933d3d27c6e4e110a134006f720a67920ffd3d5f6d7","2026-09-23"
"10_S老师IP资产\_asset_notes\D_Evan_video\spacex\05_nasa_dragon_iss\S05_C05_IMG_nasa_what_s_on_board_briefing.asset.md","asset-note","c81ea96ef9412f311671b47513a8661eb2512f4945230deeb343d090b82051d4","c091f37b45102968d144ea097e19a8ee1923980e3634ae4b675de835994fa3ff","2026-09-23"
"10_S老师IP资产\_asset_notes\D_Evan_video\spacex\05_nasa_dragon_iss\S05_C06_IMG_nasa_what_s_on_board_briefing.asset.md","asset-note","f34e86ed4af93d765ab7f638ff2de7dd090091973c932ae98483fa39357bd374","cee12600caa233f5b96cc5b32a066223cbf761cf6dc1d03dd42733d4fb91e2a9","2026-09-23"
"10_S老师IP资产\_asset_notes\D_Evan_video\spacex\05_nasa_dragon_iss\S05_C21_IMG_wiki_dragon_breathing_fire_49216482403_jpg.asset.md","asset-note","b1f78f45d87c3116c7f854904b4ec312c9b6e5600078484c6d84263f2f359cdd","c9cc71cf2334b91e23755c3c1017cd0411fb0c6ba954f6b503ec97467ab4fd21","2026-09-23"
"10_S老师IP资产\_asset_notes\D_Evan_video\spacex\05_nasa_dragon_iss\S05_C22_IMG_spacex_ax_1.asset.md","asset-note","9b96824b9d0a8469d1e3747113857c58162cc896e291bc66b78418b212bde9b1","72cc4ef64117d3879627e9006879c7fdbb0c2397df93950cc167dadfc7d25019","2026-09-23"
"10_S老师IP资产\_asset_notes\D_Evan_video\spacex\05_nasa_dragon_iss\S05_C23_IMG_spacex_crew_3.asset.md","asset-note","fc1c2e46aa01ca0ddb79ee1dfbcc6ea04e1a4e5b2f74209912ea475fb800ff84","84d728ed479de596d9b97f3d5b746aca6fb61b4a27c27df6dc4aac2eac69a391","2026-09-23"
"10_S老师IP资产\_asset_notes\D_Evan_video\spacex\05_nasa_dragon_iss\S05_C24_IMG_spacex_crew_2.asset.md","asset-note","67848822f842a8b18dfc1d8e0b1173a05e6004c0b754ace2af6c09b9b83d8083","cda1d3b7a396c45eb771ba30c49737800e6e98255feb07b5fe579607e9d013c3","2026-09-23"
"10_S老师IP资产\_asset_notes\D_Evan_video\spacex\06_reusability_falcon9\S06_C01_IMG_nasa_falcon_9_landing_following_nasa_s_spacex_crew_12_l.asset.md","asset-note","7e275a581fbae12e2f3832bbe37598181190c23079c417d364266dfe8cb33f9b","3cebaa930272232c16e54069e98efbdca3adce6044d8c150f72051e316e80026","2026-09-23"
"10_S老师IP资产\_asset_notes\D_Evan_video\spacex\06_reusability_falcon9\S06_C02_IMG_nasa_nasa_hosts_media_event_for_the_agency_s_spacex_cre.asset.md","asset-note","c62a605e351a578e3d918c626b023363d59177fa8ecad6f730f901da9687a0da","fa7517e93c78ff0841150cfa3733784203992ef7eb1d4981f66ab83e0e1d67e4","2026-09-23"
"10_S老师IP资产\_asset_notes\D_Evan_video\spacex\06_reusability_falcon9\S06_C03_IMG_nasa_nasa_hosts_media_event_for_the_agency_s_spacex_cre.asset.md","asset-note","33538730f2cf2668f85c7b89939598e832c03cc3f7b5a0ad7923960297c26047","cb174ad4bc8397210bebab5008fb7189e9ffbae6aca0e44f0d7b140364ef388d","2026-09-23"
"10_S老师IP资产\_asset_notes\D_Evan_video\spacex\06_reusability_falcon9\S06_C04_IMG_nasa_nasa_hosts_media_event_for_the_agency_s_spacex_cre.asset.md","asset-note","eb608fcbb5fca2ad28a92db01acfa8714add575438a5d70522efaa371ba47032","52b2f033d46f260942fc98bf9740f54119d5750c9aa3a5e895d26710e3dfe3ee","2026-09-23"
"10_S老师IP资产\_asset_notes\D_Evan_video\spacex\06_reusability_falcon9\S06_C05_IMG_nasa_nasa_hosts_media_event_for_the_agency_s_spacex_cre.asset.md","asset-note","c18cf5313cbd3ba808645e47002bfcb4b5789fe7489aed6d22515c23f7814051","9a4f16ae8cd59e996eb9f3de5af7e9ddd5dd8063871cb7787b6071a4de274077","2026-09-23"
"10_S老师IP资产\_asset_notes\D_Evan_video\spacex\06_reusability_falcon9\S06_C06_IMG_nasa_nasa_hosts_media_event_for_the_agency_s_spacex_cre.asset.md","asset-note","bbea4f7621c15bcdd7c46e3a68bd0692ff20366d1c2e7be6b3d946245026623a","9beabb0b899f09b6ec285929cab49e5110663e2f8b2fb883622569e53a7b85fd","2026-09-23"
"10_S老师IP资产\_asset_notes\D_Evan_video\spacex\07_starlink_network\S07_C01_IMG_nasa_artemis_i_crew_4_starlink_rockets_on_the_pad.asset.md","asset-note","178551ece3f1740369233b1cd00eba1a31108f11a6a310d9912e292faa754230","99c4d85a3cf802fb6aa2122859a3d2bef61e570819c67598bba5747951004cd7","2026-09-23"
"10_S老师IP资产\_asset_notes\D_Evan_video\spacex\07_starlink_network\S07_C02_IMG_nasa_artemis_i_crew_4_starlink_rockets_on_the_pad.asset.md","asset-note","33d3cf012eb3a1c679d4f131333f6f93c867d8daf4e296a990c09d32001a0fcd","ec2d40f7a3147f6bd2ebd229512aa57c17eec6f8d496c9fedeb1f4ae6db476df","2026-09-23"
"10_S老师IP资产\_asset_notes\D_Evan_video\spacex\07_starlink_network\S07_C21_IMG_wiki_cellular_base_stations_in_orbit_from_5g_to_zero_g_.asset.md","asset-note","acc038d9e0e5317ab434a33748fcb25cef6380306382a4ad2632e30e34c971db","f6486124c73164f3cd2a782d7ffc8b751bd22620aa914851cc20b558e250601a","2026-09-23"
"10_S老师IP资产\_asset_notes\D_Evan_video\spacex\07_starlink_network\S07_C22_IMG_spacex_starlink_4_12_v1_5.asset.md","asset-note","d56b8d90fca9e226c70d67c8b008ef43f53e70cbf8cdfbb54afe9465f2ef5186","876f5be44347807ea12ab761872bb37d992c7010e82c916da3b90cbe9c73c24a","2026-09-23"
"10_S老师IP资产\_asset_notes\D_Evan_video\spacex\07_starlink_network\S07_C23_IMG_spacex_starlink_4_10_v1_5.asset.md","asset-note","a4a14bdc9908fc3a6beb398cef1f62255aeb05b8b2934691de9ba21ebad7d825","de9bff125ced2bf111f0d68e5b0c88bcb96f30a05071e29624ec4477186769a6","2026-09-23"
"10_S老师IP资产\_asset_notes\D_Evan_video\spacex\07_starlink_network\S07_C24_IMG_spacex_starlink_4_9_v1_5.asset.md","asset-note","6077dd8d76644ddba4c5383af5e47057207c02abdc7e3934e27a7dd20ad83181","5ad9c802a0f6ee90ad48844052ef1861bfb11efeec5f8f5fad8f0e3538197d03","2026-09-23"
"10_S老师IP资产\_asset_notes\D_Evan_video\spacex\08_elon_spacex_broll\S08_C02_IMG_nasa_nasa_administrator_visits_spacex_hq.asset.md","asset-note","1f6afdb3926758f20af9798485622657e4dfefbb1fb686b05480dedf85f16965","f038cf71cb5465b2252d701f12bdad7d1043ad1f71a019aa8e67c17ac30a1496","2026-09-23"
"10_S老师IP资产\_asset_notes\D_Evan_video\spacex\08_elon_spacex_broll\S08_C03_IMG_nasa_nasa_administrator_visits_spacex_hq.asset.md","asset-note","0b0afd94a0629c6cee9413973c88c7fe941b26f19f138b8157a5537329703c41","65bf59cfce03e96ef0a89e664985380446a1f72014d71ee8c8a6b14fe05108aa","2026-09-23"
"10_S老师IP资产\_asset_notes\D_Evan_video\spacex\08_elon_spacex_broll\S08_C04_IMG_nasa_nasa_administrator_visits_spacex_hq.asset.md","asset-note","557362fb5f7b0833603d261ae9e1580b5635d7a6ef8642f7e2abe52e10335e68","87fd4c59207c302dac050a6680a44acae8cfb1b79bf17dc756c3e3ad53613ebb","2026-09-23"
"10_S老师IP资产\_asset_notes\D_Evan_video\spacex\08_elon_spacex_broll\S08_C05_IMG_nasa_nasa_administrator_visits_spacex_hq.asset.md","asset-note","523eb2a88251e3b33144ee63a26b43428ac14bf3baf103236501a9af0149a207","4940e23126806e3bc2f9e1dbb1b370c727d43cb75fd02f6d51924ffee46ea1f3","2026-09-23"
"10_S老师IP资产\_asset_notes\D_Evan_video\spacex\08_elon_spacex_broll\S08_C06_IMG_nasa_nasa_administrator_visits_spacex_hq.asset.md","asset-note","3f9a23e4604a131b01d800432585c568c56ef10df2a5fc16441b434250f45d93","fc6ec6e0b537e1cfae95f23961c58b50e7876c9de9a0f6e96b7df99dd2d5f367","2026-09-23"
"10_S老师IP资产\_asset_notes\D_Evan_video\spacex\08_elon_spacex_broll\S08_C21_IMG_wiki_elon_musk_kaj_aligatoroj_agresaj_komercaj_konkuren.asset.md","asset-note","dcb2b1f60796d0058be228e008fb94748fb91a502a8a9ec2b607bc6a6c3216f4","783dd42840056d3cbd33072eb23fd27a133939bf91056c6452adf4a1442a85b4","2026-09-23"
"10_S老师IP资产\_asset_notes\D_Evan_video\spacex\08_elon_spacex_broll\S08_C22_IMG_wiki_nasa_just_chose_spacex_to_replace_the_shuttle_for_.asset.md","asset-note","2c4839aaf6794597ff7304ba6221b4e7f048fb0a990043c70afaf3e9400b631d","1fa8309d6c11adb752a46540dd389224d258f2e489c74ce5ef3a834782da65cf","2026-09-23"
"10_S老师IP资产\_asset_notes\D_Evan_video\spacex\09_concept_mars_network_finance\S09_C01_IMG_nasa_insight_on_the_surface_of_mars.asset.md","asset-note","7d0f360015567b0eabe9a699a0ba8ba2bc27ac6227857f0efb17fee1a1ccff52","cf7b57f9045e1cf4fe102ebe9461b360ddb438771182e6b119a0a7eddbcd96c3","2026-09-23"
"10_S老师IP资产\_asset_notes\D_Evan_video\spacex\09_concept_mars_network_finance\S09_C02_IMG_nasa_nasa_noaa_night_earth.asset.md","asset-note","e9519943251436c42c464583137343ae5a7ac9f02d5be07082ed533c085b0f06","a8863eaebc36076cee06d353f630d61e7c6f78bd3a195bcd11c0bff4e0ea08c5","2026-09-23"
"10_S老师IP资产\_asset_notes\D_Evan_video\spacex\output\title_01.asset.md","asset-note","5e920d1a376e943366bc0e471046a6a27061acafaa803132c8d5c804e743fe82","29c305ae5ee318e2ddb64daf7ba5b9b1ad3dbe3ca5635eeb8dbb46d811aaedf4","2026-09-23"
"10_S老师IP资产\_asset_notes\D_Evan_video\spacex\output\title_02.asset.md","asset-note","d42ce1358ed4bd542128325e65167c67f252cb0a592ec67eb4432e75fb4d3af0","4d6b8025dd92f5af1159dd19c1a5e76311a52832e5283262fc163a38a3ccbba7","2026-09-23"
"10_S老师IP资产\_asset_notes\D_Evan_video\spacex\output\title_03.asset.md","asset-note","296781af3a9f5ce2368e067678109b03ccb71a38a7d94748261a9c6bdad714bc","64dda4cc0a9b98fe39e5f3c04ba023a795d43b5693fa95f72f38d5932a18d8c4","2026-09-23"
"10_S老师IP资产\_asset_notes\D_Evan_video\spacex\output\title_04.asset.md","asset-note","f31b0d1589bfa1c6c66fee678904fd4fe45cda7e4b315ed075ff1af1d79d38b5","76da1f61f26bef705fb2781cfd41e1ce009e395272074b7e51e3276e21bbb357","2026-09-23"
"10_S老师IP资产\_asset_notes\D_Evan_video\spacex\output\title_05.asset.md","asset-note","00c3f5cf5a330c2a0150ec7499a6ceac8bb07cd1a7593b3bce44ac9bd2f098b8","80f93affd35a115fe1001ce5ba0dec034e6ea68c4f3ee9c9b48c8c3d35b5658a","2026-09-23"
"10_S老师IP资产\_asset_notes\D_Evan_video\spacex\output\title_06.asset.md","asset-note","6a588505be793bd6acdbdde1b7695d8f29c57484705c947d99364ad0924502d4","ba25f5f6d69fe533aa1f682ecdf66ec2e4454d120a59ced0a036e7503d3c06dc","2026-09-23"
"10_S老师IP资产\_asset_notes\D_Evan_video\spacex\output\title_07.asset.md","asset-note","9a10ead852faa456d53517b38578e868ca37214b32050b237678649182875e83","f2efcbb2d7d477be991057af03396a67cac97f15db692d5a76d17774586fcd2f","2026-09-23"
"10_S老师IP资产\_asset_notes\D_Evan_video\spacex\output\title_08.asset.md","asset-note","81768cf994da5343376f00339efd050b4d4a3374dd34cadb8d5a33a833ccbb04","f40b88e7abee0845af68840ba61f9fa6f1e38d136f68e2b2e129e24d5459feab","2026-09-23"
"10_S老师IP资产\_asset_notes\D_Evan_video\spacex\output\title_09.asset.md","asset-note","f5073a83c4d5eef05d54bdddec5d0742c153ee643a81fa95da40d2da6e72fe20","b792fb14583bcedd6656aaa73076e80a039ccad0f2ccea1ba322f7d034097944","2026-09-23"
"10_S老师IP资产\_asset_notes\D_Evan_video\zhuyiming\output\fine_overlay_01.asset.md","asset-note","eec7fcf22d74c9c01c170fda81cc2f1a76adb0d69a488bf1b500f94266504346","b6453763526a1c84fed8c80acc329508d0513a1a67de308c20b72c27d9c80e30","2026-09-23"
"10_S老师IP资产\_asset_notes\D_Evan_video\zhuyiming\output\fine_overlay_02.asset.md","asset-note","4b77eefdca88734fd7ec3103e9a3530d1051757b3a500bc50a7efa8bbcae6227","60f5c63e053fca90b66aea9a09a200885b77789502f756aa8fa79dd906007de4","2026-09-23"
"10_S老师IP资产\_asset_notes\D_Evan_video\zhuyiming\output\fine_overlay_03.asset.md","asset-note","d5f7033f182f7284a564087c33df18bf52e5476727d0373784f7118c1cb3b525","5d261d766237a59949611477a5597c4e218fde786d317578982d047fc04aa57b","2026-09-23"
"10_S老师IP资产\_asset_notes\D_Evan_video\zhuyiming\output\fine_overlay_04.asset.md","asset-note","760ecd2dd2776b8552cf2f20d86d5e60dc386eb4e4b9906367a20d240346734c","f7d57177fce51d7c040607b56f2ad08f427359e98a1d3deeea7510a55f2ebd77","2026-09-23"
"10_S老师IP资产\_asset_notes\D_Evan_video\zhuyiming\output\fine_overlay_05.asset.md","asset-note","006a465fc479028a0345cca5b06c8471729c5a54bc747b17e7007f80dcf1394b","769ed0bf69fb237f7ec40c90b42000b64f5dd38f6cb8dd333baa66dcbdfd26a2","2026-09-23"
"10_S老师IP资产\_asset_notes\D_Evan_video\zhuyiming\output\fine_overlay_06.asset.md","asset-note","58b3fb151d649ea9206e9483e2bd2a4f298e713cd76f5c547a976402e11827d1","60b3caaf3dc26f0ce33454271d41c6e1cacc28f7ae6f63af603b8b5fdb96507d","2026-09-23"
"10_S老师IP资产\_asset_notes\D_Evan_video\zhuyiming\output\fine_overlay_07.asset.md","asset-note","633a2a63ae7b01a14577ba597b24dc62cd4d4ea27cb267e077a5d1e1e7883b64","94cc3b4c6d61dcb4cf42b7956482c87a2432a0057bb50104e5f60e3a70bc400a","2026-09-23"
"10_S老师IP资产\_asset_notes\D_Evan_video\zhuyiming\output\fine_overlay_08.asset.md","asset-note","b60d02811cd8ba15d08319adee5a8b4fa077f0d169795607c6ee979a1940ae61","05567298c5296330e4acfd5be4afd3867d937a4524062be0b1bd7e77908988e1","2026-09-23"
"10_S老师IP资产\_asset_notes\D_Evan_video\zhuyiming\output\fine_overlay_09.asset.md","asset-note","7eadfb125e15e253fca9c202952b7ee84a7637f5aa5ae5c792d49442878f8c8a","0c311695554b5adf6440b81e5d95de9726d6161c276ab022cc7f0cdeda62d116","2026-09-23"
"10_S老师IP资产\_asset_notes\D_Evan_video\zhuyiming\output\fine_overlay_10.asset.md","asset-note","6ef3a3ead74678d8d7f48c36423c5cf09f731cdeac745cd9afff375e731a819c","e789498dfbd44ec84bebb3a6fd2e522379194fbfc8e3862d8ae21316a62f2cf3","2026-09-23"
"10_S老师IP资产\_asset_notes\D_Evan_video\zhuyiming\output\fine_overlay_11.asset.md","asset-note","0be20ee261a830f25ea23db02c2964d3ece85893f728f8d36b31c36dfbf2e279","d4d6a446bfac0ce8d5ef6b4ec9e90eaa54bbea62b3d399a7f1a03f0da6b49d21","2026-09-23"
"10_S老师IP资产\_asset_notes\D_Evan_video\zhuyiming\output\fine_overlay_12.asset.md","asset-note","b0342c0fd37e54b47f29ced6852bb748ac24dbc6854cccd1961bfefadb0128d5","eab283b9504215cc6c2ea629aeb6ab1bda0463d2ba64e0c9a9aedb479449c760","2026-09-23"
"10_S老师IP资产\_asset_notes\D_Evan_video\zhuyiming\output\fine_overlay_13.asset.md","asset-note","ec0fbb5fdd7ddba1138e1f1d2c43ee4cdd14fd0bdff877ee4efbb0bb3f6992ee","86a79d5e4a981b28ae7e428251bf3710a1d13c4096b4dd57446c924649138531","2026-09-23"
"10_S老师IP资产\_asset_notes\D_Evan_video\zhuyiming\output\fine_overlay_14.asset.md","asset-note","59022a6705b76ee8073baaa20d1c66b1c2a9820b7308d09635424648ce05a85e","d719e923fb03a40b13f2dd60698ff09730db962657d3bc8d529659d525075d1d","2026-09-23"
"10_S老师IP资产\_asset_notes\D_Evan_video\zhuyiming\output\fine_overlay_15.asset.md","asset-note","adbac012595168b8cba79e7b1a8f583462cc95a8f7ce84edc851b1090e5f6fea","9565b9ec19b39de3628b49bba5cbb03987fca8d20cda03a81db3755954ae5dc4","2026-09-23"
"10_S老师IP资产\_asset_notes\D_Evan_video\zhuyiming\output\fine_overlay_16.asset.md","asset-note","c36a47c2b7ec4211f263872b3b55a34387bdf18230c9df818679357de5597618","db0f5b8b837abed378a48c4302c71d63cc1df3cafbd1dfa4c86717909e58552b","2026-09-23"
"10_S老师IP资产\_asset_notes\D_Evan_video\zhuyiming\output\fine_preview_frames\frame_01.asset.md","asset-note","52b8add8c4160ed6402c0f08a9b7d86dbab974290197a88de60203fb6670e87d","c6c6942495737974a2a9661ee1a1f21a0435c67837e00f9cac4d8c4d0ec150a7","2026-09-23"
"10_S老师IP资产\_asset_notes\D_Evan_video\zhuyiming\output\fine_preview_frames\frame_02.asset.md","asset-note","efae0536fc92bed0489183127d9049cc4d96b1bc82ef51e5947bc5c97c3369a4","3aa5aeee9dd3b4a12035d0eef5df23848f3d38e46dcbe248fa2eca55a5e25d27","2026-09-23"
"10_S老师IP资产\_asset_notes\D_Evan_video\zhuyiming\output\fine_preview_frames\frame_03.asset.md","asset-note","895af957df15a4a2d5fd484d09a67654b94e4f0dfc6e1855ef06c89397e21d3a","1c1d2fa049b18e4718044058b71a232e4bc53b3a75d64d466f474da232a6ef89","2026-09-23"
"10_S老师IP资产\_asset_notes\D_Evan_video\zhuyiming\output\fine_preview_frames\frame_04.asset.md","asset-note","0dd2318030c6826aa6205059f9effb5b11a3447e7d46426014972fbc168c7247","9217ae7938195b4a475faec90209c53011d7c3c28827901281e09992da1163f5","2026-09-23"
"10_S老师IP资产\_asset_notes\D_Evan_video\zhuyiming\output\fine_preview_frames\frame_05.asset.md","asset-note","da50fd5eeef1fb7d2baf06118413d6f526f8d8c10ee365986a8a9aa9c16756c6","70cfdbe8c1112a17ad96735d272ba07c6035a796c4fc05b774c6b80029d28ff8","2026-09-23"
"10_S老师IP资产\_asset_notes\D_Evan_video\zhuyiming\output\fine_preview_frames\frame_06.asset.md","asset-note","52195d8c6e3b11d54e74f41c5da5e33845308bbb974062922519ac534792fc0b","6cdd52152adfdab162f2d2cff6954d523aa4a5afd59b2dcc4551b526828e798b","2026-09-23"
"10_S老师IP资产\_asset_notes\D_Evan_video\zhuyiming\output\fine_v2_preview_frames\frame_01.asset.md","asset-note","2ea6d32e04b3e40eea6c0ac3e2549ce21d3b3988b5e15c007bc936e594c7b153","649f39e90d47189c75a1b7ec400a3d575f45f866029859de12c0add24cc07779","2026-09-23"
"10_S老师IP资产\_asset_notes\D_Evan_video\zhuyiming\output\fine_v2_preview_frames\frame_02.asset.md","asset-note","010327e912d854e27435f9b6ef0556984bdf4cfacc4818998e677bf3933ab2c7","540e1a4f6e0b9faaeea8de965f757ef92e74652af064f33715cae81373c2e982","2026-09-23"
"10_S老师IP资产\_asset_notes\D_Evan_video\zhuyiming\output\fine_v2_preview_frames\frame_03.asset.md","asset-note","1ba209f8089b09ca931d6aee371f63f421924e230d6c400744ff16ef794f7927","8dc4935ab15755fa30e395203cadd5ca55af6e5d171582a7325f06aebda2a4f1","2026-09-23"
"10_S老师IP资产\_asset_notes\D_Evan_video\zhuyiming\output\fine_v2_preview_frames\frame_04.asset.md","asset-note","9c537fe0e815b79b7108718df6bdf1854504a88f6e4a3385dcc4b80842065132","3d65f51e7cca1f338874bbf26098fdac38175e4622b6b73152ccc07156eaea36","2026-09-23"
"10_S老师IP资产\_asset_notes\D_Evan_video\zhuyiming\output\fine_v2_preview_frames\frame_05.asset.md","asset-note","f7bc4f264b58aa53ca789db626a4e436144a6a7c2053ae15d1baf3eb904c52a2","2c524d705417ac0bb6a79388b77502a3ed3876ae674879bd66663de929cbcd33","2026-09-23"
"10_S老师IP资产\_asset_notes\D_Evan_video\zhuyiming\output\fine_v2_preview_frames\frame_06.asset.md","asset-note","4ee8807ec05654877d0a76e1711fd1b3b3f5003aac2238897bfcbc0df73bd35b","26b53a6ebc4e9b139444b7c162f546925f4137766e2ffdb01804f5c8d688fd81","2026-09-23"
"10_S老师IP资产\_asset_notes\D_Evan_video\zhuyiming\output\fine_v2_preview_frames\frame_07.asset.md","asset-note","13e183b17cad73c3892ce4df96851b9b9942a91e7194213aed10da6ce604cde2","375a09a2fc50de10f4527ffda99c6594efe66051de0938934b45891356582fcf","2026-09-23"
"10_S老师IP资产\_asset_notes\D_Evan_video\zhuyiming\output\fine_v3_preview_frames\frame_01.asset.md","asset-note","8d72d64f17fc420e1fcd99f7b18f1a1d2465fa5b70a7466b65583da4fba592fa","f3436c52e3cddc360cc7c3ca19a36d9decede03f333ba151ca9083b20662eba3","2026-09-23"
"10_S老师IP资产\_asset_notes\D_Evan_video\zhuyiming\output\fine_v3_preview_frames\frame_02.asset.md","asset-note","f87c2b2141f978f975d380d137691dd6084e6037b114556526e29bfa57bc20b5","ee0d6be84df6ede37cbcc66e2d1b6081a95208acc24fbd2d68e6a3e1764faee3","2026-09-23"
"10_S老师IP资产\_asset_notes\D_Evan_video\zhuyiming\output\fine_v3_preview_frames\frame_03.asset.md","asset-note","9b9487accf971cf993da76350b342e73dfb8b0c4c8e035d174ceeb371b3e3502","0e2e8272dc244ca558bcbbb0959b0005dc10c4d389d0e77ab34bb296aadc87c3","2026-09-23"
"10_S老师IP资产\_asset_notes\D_Evan_video\zhuyiming\output\fine_v3_preview_frames\frame_04.asset.md","asset-note","6109ab0d68b77d2308dd7ff8e40f347c0c01c368b9d9442bc6d81f03fa870c11","59e30db6fdb901337bae043608f876956aee886c47858fc943ff38ccf0043fb2","2026-09-23"
"10_S老师IP资产\_asset_notes\D_Evan_video\zhuyiming\output\fine_v3_preview_frames\frame_05.asset.md","asset-note","7a6b2ed0c641c3d401723dff58e7866b2ce407369c3b38ecef5541c72aa39d1c","5f5644f3a4a1c203a8d78c8142dc60391ea4f3d4071546f6adbdbc6c3c7cc705","2026-09-23"
"10_S老师IP资产\_asset_notes\D_Evan_video\zhuyiming\output\fine_v3_preview_frames\frame_06.asset.md","asset-note","744c0e9b8e89cd6a570bc6018309e16d681796038c7ed8912975964044f529ae","185e8254b06be872a2e1c0d4670ceb3e2c8376a9aafb3fcd2b8126664776c3d0","2026-09-23"
"10_S老师IP资产\_asset_notes\D_Evan_video\zhuyiming\output\fine_v3_preview_frames\frame_07.asset.md","asset-note","c35b6838871606d2090db7c6b1b591965542b1ffd575daa4631d97a75b49bcd9","303bc27afedcc901fa89dc2886396c68c5c7fe24d8b4cadfc7cc7dcc8cee1c72","2026-09-23"
"10_S老师IP资产\_asset_notes\D_Evan_video\zhuyiming\output\fine_v4_preview_frames\frame_01.asset.md","asset-note","873486caab18328a6de7793cfc879d7f8843233c9d1ab7fc64dc05a9521a818e","e7997915bb0816338fe7ab524073bfee3787f0ed626ee12339b2cbe1f7f7e572","2026-09-23"
"10_S老师IP资产\_asset_notes\D_Evan_video\zhuyiming\output\fine_v4_preview_frames\frame_02.asset.md","asset-note","43359e543fee720f5cad4bdd26294c38cc43cca7f935e54e43427d9ded1bca52","8d48c160f79c15ebad8b16db799194b8fe008bca0b3509a000168bbcce3795ff","2026-09-23"
"10_S老师IP资产\_asset_notes\D_Evan_video\zhuyiming\output\fine_v4_preview_frames\frame_03.asset.md","asset-note","2e1cecfb8775264cd079da238e863bab96d50a77acec61167a35819deec85113","140e266d16b1e91da73902eb4c7a61807daec4c776d3f55978c15b4425067fc2","2026-09-23"
"10_S老师IP资产\_asset_notes\D_Evan_video\zhuyiming\output\fine_v4_preview_frames\frame_04.asset.md","asset-note","662a6254aa9b3e2f5be87f9b76a87feeb88eca5357127a1ddc6ae3b3ccc6a06c","2c078c33cd84229eaadf524d6d8707e227fdefe1cfcd06259608bed763aac48a","2026-09-23"
"10_S老师IP资产\_asset_notes\D_Evan_video\zhuyiming\output\fine_v4_preview_frames\frame_05.asset.md","asset-note","ee752aae54304c500f8adc8983c0c57408136ce84dfba054dd99e6e45bd8fe9e","ea24963765b0230596342a7bdec29261a67e95f7ff43fe578159638db11ede80","2026-09-23"
"10_S老师IP资产\_asset_notes\D_Evan_video\zhuyiming\output\fine_v4_preview_frames\frame_06.asset.md","asset-note","3d53a6d5d9ccf9c92f7a4c8288d4e3b5aa96d5c12163b987dcef82a07dc1c5fe","ef634f9a331528c2a19178e9f96d3264ed2e14616a72f76b5c23c3daaa325385","2026-09-23"
"10_S老师IP资产\_asset_notes\D_Evan_video\zhuyiming\output\fine_v4_preview_frames\frame_07.asset.md","asset-note","2876e7a7af2338081e0f58fe4d91894d2622d6535aeabca24a5dfeda1920c602","6cedd4c336a57341d3ae84bc41f646e6fc55264c40e1ba48ac411a07421a56cc","2026-09-23"
"10_S老师IP资产\_asset_notes\D_Evan_video\zhuyiming\output\ip_v5_work\checks\check_13.asset.md","asset-note","4cc55780e238bdc4b9f124c4038458f14399c3385cae3be029b031c36f368d61","3721895deafe4e5262fdb83e15ea064d8dd78944e9a4508cf54178e3f311eb17","2026-09-23"
"10_S老师IP资产\_asset_notes\D_Evan_video\zhuyiming\output\ip_v5_work\checks\check_19.asset.md","asset-note","10d641df08db66225880b5c60e59e6861e0f16120d6f31e7621db1f604b3e3f6","11b3f8cc9abb9d30ed9636ca128c30552f3aa5b0169de7ade704c56625a37ceb","2026-09-23"
"10_S老师IP资产\_asset_notes\D_Evan_video\zhuyiming\output\ip_v5_work\checks\check_2.asset.md","asset-note","82c65615ada124a99eff26ee8f03979b58dae186de04f97de8135b66e3bbf810","29c73ee46a94baf499a5ca8935fb2af1daf5e012f4b7cca1b9c42daa3d7eefad","2026-09-23"
"10_S老师IP资产\_asset_notes\D_Evan_video\zhuyiming\output\ip_v5_work\checks\check_25.asset.md","asset-note","77e59302f9a783a3a537127953f833aebe4d31201afed531e5ba5ac3d920845b","d4e10845d9973ce9a2b732045c54ac65454399fc6f4bf927a064a89af83455eb","2026-09-23"
"10_S老师IP资产\_asset_notes\D_Evan_video\zhuyiming\output\ip_v5_work\checks\check_32.asset.md","asset-note","3e2d22f09e1f5a432dc7789c450281639f373d44d0df6721b29e43e64e2e1fe0","4e5a6c5bd5376a30eeb9e276355592e5b81218fa32d652fc5c98d94d6a85000b","2026-09-23"
"10_S老师IP资产\_asset_notes\D_Evan_video\zhuyiming\output\ip_v5_work\checks\check_39.asset.md","asset-note","fdd6c24c6dbafe08b3087387a512db6313524f54888cf82590d3cbe8d8173fae","ddc9423539ebc5cae207b017cf6c902308938c4f33957c499a9e5f79d9172b06","2026-09-23"
"10_S老师IP资产\_asset_notes\D_Evan_video\zhuyiming\output\ip_v5_work\checks\check_44.asset.md","asset-note","206a1218d28c97e48d0d73e0714f1a352084de8d41fde0efcb0d1d4fbad5e3dd","3cf9876543d27432efdde6627e0fe023e7fadbb6229f0ef70691e6557f0495f7","2026-09-23"
"10_S老师IP资产\_asset_notes\D_Evan_video\zhuyiming\output\ip_v5_work\checks\check_7.asset.md","asset-note","9954144596004aaf3a960d91a6e437a9c552de2293947d374c666387778037f4","e3393bc9079f00376712fe86c19e9b17d89460109ddf1f849666deb5836866b1","2026-09-23"
"10_S老师IP资产\_asset_notes\D_Evan_video\zhuyiming\output\ip_v5_work\ip_host_frame.asset.md","asset-note","aad20b580075f1b920d92dd20c40000fb1ba210d2a0ca5fe75882f5d3a1c8c79","ffa680c3c004a9a80261bf784e39661ad9399da61ef0e0cdb08ec883dc80304f","2026-09-23"
"10_S老师IP资产\_asset_notes\D_Evan_video\zhuyiming\output\ip_v5_work\no_host_frame.asset.md","asset-note","a7e5c6d83ae98fcb066131689171de9b65616d883611b190013d838e63acf266","56d048c50b4d0f591c7d50a82cc7fad490b64fb556552b5f98d048cd3364ac02","2026-09-23"
"10_S老师IP资产\_asset_notes\D_Evan_video\zhuyiming\output\ip_v5_work\v4_frame.asset.md","asset-note","7741b2e8abf744a2738735c643e8ea2dd046b8c29ea0b9c0252847f12cc85d78","57051b214b6422f2cf03577dd0887e14cfae0361816d516bd93831326d61c109","2026-09-23"
"10_S老师IP资产\_asset_notes\D_Evan_video\zhuyiming\output\ip_v6_work\broll_frame_05.asset.md","asset-note","b8be4e893f1049f1056034afbc6c3f89869380f6273817c8a690b9fcf045598f","58eab123d3d30980f0dac0360743f0a7aeffb55902f20c30a2da788fd8ba684c","2026-09-23"
"10_S老师IP资产\_asset_notes\D_Evan_video\zhuyiming\output\ip_v6_work\checks\alpha_mov_frame_5.asset.md","asset-note","9a5d450a6a4951a2f47fd93949f57a28a3817d978f9be562d6f8f2212f15e93f","278bcf423520fa414f89de6cdcb62d3a7528c68fb6ced039ce3e28e57d85c69a","2026-09-23"
"10_S老师IP资产\_asset_notes\D_Evan_video\zhuyiming\output\ip_v6_work\checks\alpha_prores_frame_5.asset.md","asset-note","12c22e4611d4eacd2325053b006da73c39c3058e88c15c74ffc86114bd31e03f","098867f870f10855dffba75060f3e53d767f9b290c5674e265e12acb7768f580","2026-09-23"
"10_S老师IP资产\_asset_notes\D_Evan_video\zhuyiming\output\ip_v6_work\checks\fixed_shadow_overlay_test.asset.md","asset-note","cec3ad9e02bc0edbae293bf2607657473fe3560bab7824bdb9703541df515d55","59a4851e326701cbdd13eeaa0962cba151f4cf8dfae1e563c2201f9459c1e672","2026-09-23"
"10_S老师IP资产\_asset_notes\D_Evan_video\zhuyiming\output\ip_v6_work\checks\frame_13.asset.md","asset-note","b207a8f691a7e86b5f9aa87056bb8f8ef020e1ef42a559ebe4f7922bb4be1387","f057302dc78d2906d3de5005fdc671a8540f0856444b6d73d5dfcef999c39761","2026-09-23"
"10_S老师IP资产\_asset_notes\D_Evan_video\zhuyiming\output\ip_v6_work\checks\frame_19.asset.md","asset-note","3978dca52fa897a9d3a063cbbf416e36b86a78efcbd03a8c82c771e517ffbc50","ffab2c33c81f034a8da6dc8a0613be1d50a0add293881ab75bd5fb0e7ed63ab4","2026-09-23"
"10_S老师IP资产\_asset_notes\D_Evan_video\zhuyiming\output\ip_v6_work\checks\frame_2.asset.md","asset-note","16f2ae0a97e5c904fb68496618fe7b29c232f3f0a30bc7cda7bd28cddde7f24b","cf392e6bf1ca71d8e71deea90b141bd36e0c0bf6aa451478bda1a0c143bbda4d","2026-09-23"
"10_S老师IP资产\_asset_notes\D_Evan_video\zhuyiming\output\ip_v6_work\checks\frame_25.asset.md","asset-note","568834fcf2d08e192e79aa62d37f03e4bcdea9b9a9425abc1c9d86a97d8f0fd7","0ce84aa97712a811f75cf7fe83b7c41896c9ca18a6be95199af7a0585086a48e","2026-09-23"
"10_S老师IP资产\_asset_notes\D_Evan_video\zhuyiming\output\ip_v6_work\checks\frame_32.asset.md","asset-note","5c325a5e8ef144d2e09d873dc0fd6220dfc6da0d54f6f01aa97108e1dddf7ec9","2cd1d458e07113e73352cd2592bb37795243009183694ca82cd2871b7f7c9e7a","2026-09-23"
"10_S老师IP资产\_asset_notes\D_Evan_video\zhuyiming\output\ip_v6_work\checks\frame_39.asset.md","asset-note","7bcf4ea23fd68199033cdb9629fa8e88de0a52700f01bd4b86573acf77e8927f","c8298eb1a4a56c611147b52c1b49d54f4d6a1ae00e2b1e9153a84a286f802a29","2026-09-23"
"10_S老师IP资产\_asset_notes\D_Evan_video\zhuyiming\output\ip_v6_work\checks\frame_44.asset.md","asset-note","0f6545290fed873a5af6404f3b8c3a24f72c0076b8669fdcf208f8c3a3575f68","e262bf3faf62fb7304858737974ab6382f5e20d19b309c11fe7d742a9a0cd35f","2026-09-23"
"10_S老师IP资产\_asset_notes\D_Evan_video\zhuyiming\output\ip_v6_work\checks\frame_7.asset.md","asset-note","218aca8cdc5ed8bf93832b68d6698b52527253d746f14a10bf9c32e9cad6a87b","a263b9f3bd430458902303a7965ec86b514294d778ec72e407c9213b243c91f6","2026-09-23"
"10_S老师IP资产\_asset_notes\D_Evan_video\zhuyiming\output\ip_v6_work\checks\mov_overlay_test.asset.md","asset-note","49acc6eb976d50218918c96839849439c83ea4ab3ff6fe7089a181e2f4c314f3","a4e5cb1448984c37c911eea561f9b47fc76342571fcd445f02301c4a7eed70b0","2026-09-23"
"10_S老师IP资产\_asset_notes\D_Evan_video\zhuyiming\output\ip_v6_work\checks\png_overlay_test.asset.md","asset-note","355c9688ad65f1ecf53638d2e5c43cfe37da947a578ab8b4ec5743c3d0f358ec","b30256dd661228ab6d2ce05288adfd2544e1cb9c622ba94708e231b2bf73ae43","2026-09-23"
"10_S老师IP资产\_asset_notes\D_Evan_video\zhuyiming\output\ip_v6_work\checks\v6_contact_sheet.asset.md","asset-note","0eba3c354082b894882b8db68a83e8232897b6b9c4770d5d94ae1ec37619178e","d23579d33e1662ee01e2b4666b1a323ae3baf2c1747f3ccb61c4653d34d119f0","2026-09-23"
"10_S老师IP资产\_asset_notes\D_Evan_video\zhuyiming\output\ip_v6_work\composite_key_test.asset.md","asset-note","3f8606bb7e2cb72257e69e2b92eaddca19ceace0ae26b596ebbff9b5ab234f08","e5d39fee5c87134ad14814ed138b456b3485743c1ec3e51ac6537b854209e961","2026-09-23"
"10_S老师IP资产\_asset_notes\D_Evan_video\zhuyiming\output\ip_v6_work\frames_alpha_25\00001.asset.md","asset-note","beedb8d087da1de25d8724d2242efab81816e270f8305cfd3294fed287b6047e","99b05cf030d1251107a7beb89234702079d6d95d898eb4af52d9c31a49ad1ecd","2026-09-23"
"10_S老师IP资产\_asset_notes\D_Evan_video\zhuyiming\output\ip_v6_work\frames_alpha_25\00002.asset.md","asset-note","27ff8633b2d51a77bd86607869c949bc9d4c78725bd4229bca65912a6e5f6e83","ebb93e7a2895af66964e300dc3476f2ac8687a235efe88dcc00ac1ee3eeaa192","2026-09-23"
"10_S老师IP资产\_asset_notes\D_Evan_video\zhuyiming\output\ip_v6_work\frames_alpha_25\00003.asset.md","asset-note","406bcb45a68ebcd9e11e2836e9d4e8052fb75775b8df6a452afa3bab25ca9ee8","f5ea7747ca7daddb10bebea1a06feacbe6e15040fb194a52d533277a62a353d6","2026-09-23"
"10_S老师IP资产\_asset_notes\D_Evan_video\zhuyiming\output\ip_v6_work\frames_alpha_25\00004.asset.md","asset-note","f04464b5eee1d678e113478c2ad80457b0a37ea425110630a6b2bd4b3db59d0c","26e8a7a2e6050d06075a5edd889d3fad0a4c849430674ef471e47a816fb5ff5d","2026-09-23"
"10_S老师IP资产\_asset_notes\D_Evan_video\zhuyiming\output\ip_v6_work\frames_alpha_25\00005.asset.md","asset-note","018a83bb8466e8bc4cc823d535579fc1bfa616c885989dbf79658843e2e68cbc","5928cc278e646e01cb20c29fd4ded57244bbfe2a747eb7012313b46237be223f","2026-09-23"
"10_S老师IP资产\_asset_notes\D_Evan_video\zhuyiming\output\ip_v6_work\frames_alpha_25\00006.asset.md","asset-note","bd6e66c59137e8157467cccb617e0198648c7306a3cf66d59028c26e4004533c","20ced1e3947b29ed3c2041a433e6a4edf6c462ed0f68f2316b7beb0975bf180d","2026-09-23"
"10_S老师IP资产\_asset_notes\D_Evan_video\zhuyiming\output\ip_v6_work\frames_alpha_25\00007.asset.md","asset-note","fbfd1eeb4fb0cdaed276cadcc26f60c1f2c4b7f4af66022f515fde994d7a9977","d0292c674f9eecd3fcce4faf970264394ffae0f8ceb9627f87302fc4a204edfa","2026-09-23"
"10_S老师IP资产\_asset_notes\D_Evan_video\zhuyiming\output\ip_v6_work\frames_alpha_25\00008.asset.md","asset-note","b6650dc2608ad299ad1aa0f7e1e211c7098d975b8d31e09f75e0b0cd5b281d1a","e8d58b6dbc26ae615a7ba6520137dbda864d63b1620775b5929a0f44507bdab0","2026-09-23"
"10_S老师IP资产\_asset_notes\D_Evan_video\zhuyiming\output\ip_v6_work\frames_alpha_25\00009.asset.md","asset-note","9e8919a57d5c11b674d4821ad2c26442dae473ccef31bb9fd0aaa582d75b7bac","60521bc9ddc68c31c29a5d79111e78cf4172540292bb32002e188fb885e91693","2026-09-23"
"10_S老师IP资产\_asset_notes\D_Evan_video\zhuyiming\output\ip_v6_work\frames_alpha_25\00010.asset.md","asset-note","f39cc6840bd151c662a2eca5a14d9d7778bfdebbe77a449bcfd686cfec552401","070876c5fac1dc3fc403cfeafadd51b0854f2f68f9e1c1fc132801f2d1c343a8","2026-09-23"
"10_S老师IP资产\_asset_notes\D_Evan_video\zhuyiming\output\ip_v6_work\frames_alpha_25\00011.asset.md","asset-note","eb0e34157a0ef898c3da1f3f7e60f8082c6e5c3b7bb9d4bf928cb6eab53ec871","2edbb17166cb56b49fb7935426ed02c1f581dd035ef015f698ba04f6dc7f5fa5","2026-09-23"
"10_S老师IP资产\_asset_notes\D_Evan_video\zhuyiming\output\ip_v6_work\frames_alpha_25\00012.asset.md","asset-note","30069c699d815fce35b45646593a880ac14181db1603abb58e7741166ae64b07","b95df6ac31d1171c9f653d74fddd9a2173ffa12fda694bc9ff6095f2ec636f2a","2026-09-23"
"10_S老师IP资产\_asset_notes\D_Evan_video\zhuyiming\output\ip_v6_work\frames_alpha_25\00013.asset.md","asset-note","936d9986d4ec22c97ceb324280de69c91ed47f1f8eb39ea23efebdffcfa70b7b","25269c76f7f3f0f523bc9342aacc89e503e6972aaded1e301e4ce4bf1a918f7e","2026-09-23"
"10_S老师IP资产\_asset_notes\D_Evan_video\zhuyiming\output\ip_v6_work\frames_alpha_25\00014.asset.md","asset-note","791e3132bcc5c296c786473800c3a14fc13e5d8cccb9d1c8d18093be5f6594f8","39b106372d5645dbd980b057eaadd190a727014c756ce8e000a177238f02814c","2026-09-23"
"10_S老师IP资产\_asset_notes\D_Evan_video\zhuyiming\output\ip_v6_work\frames_alpha_25\00015.asset.md","asset-note","d639454cb6c7a5366e0acc06a0246acf27fc564c47442eeb6c14dd2ec0a10159","d79100abedba3eaded7ecf3a2cada5783353f132af8c6786cd52cdf9b366e374","2026-09-23"
"10_S老师IP资产\_asset_notes\D_Evan_video\zhuyiming\output\ip_v6_work\frames_alpha_25\00016.asset.md","asset-note","036e515c701993055b7c57f6a50b7f529e226783cdbc8be59b9c2588de27828b","dd14eaf8302ebc99ae7d4724568c8c9b78f5ab233132756c74b887ad0d7ca959","2026-09-23"
"10_S老师IP资产\_asset_notes\D_Evan_video\zhuyiming\output\ip_v6_work\frames_alpha_25\00017.asset.md","asset-note","f7a22f8a19a77b3cd89b5a8ed1e39f2da6be0e51653db23ca04246447b414250","ef9c201ca6d93b7295ecbdddb3b192db80a991f809f0eefcfcac17da183cbbbd","2026-09-23"
"10_S老师IP资产\_asset_notes\D_Evan_video\zhuyiming\output\ip_v6_work\frames_alpha_25\00018.asset.md","asset-note","0a5dea7111c110568b9052ed985bc1a9d5f608c4c031e5333754638868c43b10","735360210d723aae3759aef68a9c272b39730d1d3acb430f3a21008b026ac0ca","2026-09-23"
"10_S老师IP资产\_asset_notes\D_Evan_video\zhuyiming\output\ip_v6_work\frames_alpha_25\00019.asset.md","asset-note","9026bd95e189d7a07a00891ca572b611259c0a556161d5b582d6ca511d67f061","172c9ca01115ce9d9628ae3d8219299f616e61b1ab2e3778d4ae8dcc263b2065","2026-09-23"
"10_S老师IP资产\_asset_notes\D_Evan_video\zhuyiming\output\ip_v6_work\frames_alpha_25\00020.asset.md","asset-note","6cafe6202dad56a889042f90207dd46d653296673c38cf6af9356cf79a29c60f","e7af068ea937b746a29c6af086dfe6ecd93a26117ef4d985e53f9238d02d9680","2026-09-23"
"10_S老师IP资产\_asset_notes\D_Evan_video\zhuyiming\output\ip_v6_work\frames_alpha_25\00021.asset.md","asset-note","bf784df20bfb1fae3c86a9c685703841a644667d6dc6050c53eb463127bfad15","f6d1e8c870266a0163bb88ee6cd311899260e4fbe6d0692913f5e85328ea2ec6","2026-09-23"
"10_S老师IP资产\_asset_notes\D_Evan_video\zhuyiming\output\ip_v6_work\frames_alpha_25\00022.asset.md","asset-note","2531c75be81570fe9c4af07e1ca7845475d5df9e5df9a621b877ebec0c601513","bf4b425f411d17fb2b673ec7767acbe5b5d7bcf733e7b97a2006f7d4d1eae2e6","2026-09-23"
"10_S老师IP资产\_asset_notes\D_Evan_video\zhuyiming\output\ip_v6_work\frames_alpha_25\00023.asset.md","asset-note","eaf67e494e5dd566b78822839485ed46b5459d97b558e880f98d1b5a1423d93b","7ffb63db3aea605332e371b53b6d790445ce0ac7a8dc1dc2fdb247787b0c3f77","2026-09-23"
"10_S老师IP资产\_asset_notes\D_Evan_video\zhuyiming\output\ip_v6_work\frames_alpha_25\00024.asset.md","asset-note","9cf80393da50d18224b4d100ddde2637f7a544eb3e8c2ddf6575117484151763","a0edac7fca8d1dc596f6532fea0ff30f0aa4f95ac4d34ee718d12e16656d0fc1","2026-09-23"
"10_S老师IP资产\_asset_notes\D_Evan_video\zhuyiming\output\ip_v6_work\frames_alpha_25\00025.asset.md","asset-note","f7ce3ee5d9d971332cb1e68335262c32f3a4b1cc58f49f8887ebde5975731b27","ea83d3ae7933c9e8ae57d859d0abaacd1d94cde7c4f1e365039dca5ba67734f6","2026-09-23"
"10_S老师IP资产\_asset_notes\D_Evan_video\zhuyiming\output\ip_v6_work\frames_alpha_25\00026.asset.md","asset-note","ff585e028b832b05c97fccfd723f9e3194810cbae301cf375974d27f5041adc9","1f3f75384afe09e0538cd7074d08ff268ebf8137c3eb251f95f7e904231f1d71","2026-09-23"
"10_S老师IP资产\_asset_notes\D_Evan_video\zhuyiming\output\ip_v6_work\frames_alpha_25\00027.asset.md","asset-note","517c6150d35753d488967f2de51666c75852b34d653abb3582db4269b3b9a6e2","5857eb7317277ec994ef8fdbf916152ffb5a709e5b57d0f3662d03df58a005e2","2026-09-23"
"10_S老师IP资产\_asset_notes\D_Evan_video\zhuyiming\output\ip_v6_work\frames_alpha_25\00028.asset.md","asset-note","90f77464d5ac3a9e8778411f81a7caf77d74270e3c6a163522da543dffc52934","e08cb8de7b55218e1cb678bbbd21eb4924c8c229f0ea4861e4b6f1daaee4159b","2026-09-23"
"10_S老师IP资产\_asset_notes\D_Evan_video\zhuyiming\output\ip_v6_work\frames_alpha_25\00029.asset.md","asset-note","5a8897fc8b76bb4772bd117ab5ead047e156bed62494d1fbc3bf97885d2bf523","85d65d583866f91a0319ab94276a238e235a87047c7e101431cce85e8623c637","2026-09-23"
"10_S老师IP资产\_asset_notes\D_Evan_video\zhuyiming\output\ip_v6_work\frames_alpha_25\00030.asset.md","asset-note","7a4a1bd2ace9d52c62f08d7f12755e8059404384a6756c4643f4a9d61956e742","0961b2e168d5dd53be40d02b29cea173bffd07787e2e9d0767d0d9dc39bbdc24","2026-09-23"
"10_S老师IP资产\_asset_notes\D_Evan_video\zhuyiming\output\ip_v6_work\frames_alpha_25\00031.asset.md","asset-note","88c95b0ef749b80a3670c4be6f64969f260aceb0680cf97e708567e65f549599","81f901831219a34d1c40667c133acebe6b50a9bdd486ccb7ffab274050a79a8c","2026-09-23"
"10_S老师IP资产\_asset_notes\D_Evan_video\zhuyiming\output\ip_v6_work\frames_alpha_25\00032.asset.md","asset-note","fd980068f4c7a2eb2775c34b24d8d8f16ef55471301424edda8e54f0834fbe9e","20f1035821681e6f14413c4bef62ff28a4a0fbc57298f1c5a1e36ee2ce9218ee","2026-09-23"
"10_S老师IP资产\_asset_notes\D_Evan_video\zhuyiming\output\ip_v6_work\frames_alpha_25\00033.asset.md","asset-note","674f0d11e093f34b4ceb4c65e17e8400d79922f7395b0fef6fd99f8e72bb2032","e04a564529340f4b5382ade77da2bc1f6bb9245e06f19b17401f13e22aa92129","2026-09-23"
"10_S老师IP资产\_asset_notes\D_Evan_video\zhuyiming\output\ip_v6_work\frames_alpha_25\00034.asset.md","asset-note","863f8bf65a2b676d99b14a0572a6312592633393771055c976fa2b8c8e7c3212","5245cfa8e2882c7f9b27ee4548d3f7aa04bdef72db76517d96fce91ca0c05104","2026-09-23"
"10_S老师IP资产\_asset_notes\D_Evan_video\zhuyiming\output\ip_v6_work\frames_alpha_25\00035.asset.md","asset-note","ac9aeb2edfc71d46aea6caea1c16818262e963261e6ea8983220d45cbb67f2e5","a8bbe8de1aa448bd008521412ea9d96effb263a46353c8cc9b2967ca0d08eee2","2026-09-23"
"10_S老师IP资产\_asset_notes\D_Evan_video\zhuyiming\output\ip_v6_work\frames_alpha_25\00036.asset.md","asset-note","a26c11c9a814c1642ac0dfcd00615be91034b43009b81ae2f9acc2df0edbb21c","d8395918292a40e4deacc6a7d57cfbb730445be6d4db4dec70139808f756a66b","2026-09-23"
"10_S老师IP资产\_asset_notes\D_Evan_video\zhuyiming\output\ip_v6_work\frames_alpha_25\00037.asset.md","asset-note","265555db34e1bd61a1bcef63929f31122b8756dceae5cf8d4685bfdc9cb0fa24","3bcb9fac0d29b2c45b40a065aadc529f3b2374de1464cf3919d930bfbd334b39","2026-09-23"
"10_S老师IP资产\_asset_notes\D_Evan_video\zhuyiming\output\ip_v6_work\frames_alpha_25\00038.asset.md","asset-note","24b68efcd17e408aff67b3edfbab9774a5747d8d101d499697d5b2d03e1c4901","41163057c0e3fc084c1351b59580f908117583ddc527480224223651ca4ecca9","2026-09-23"
"10_S老师IP资产\_asset_notes\D_Evan_video\zhuyiming\output\ip_v6_work\frames_alpha_25\00039.asset.md","asset-note","5697977a8c8b84585702324bad961464b3705e6c9c88d94a8eab65893198cf36","91cd7147e6011adca3be9f81b9cec4720755cc71731ca3823813e46908527fb3","2026-09-23"
"10_S老师IP资产\_asset_notes\D_Evan_video\zhuyiming\output\ip_v6_work\frames_alpha_25\00040.asset.md","asset-note","4c307fe906884049b5a810253d4e899c7fd3f160b0d2d87caa3c6b71deeda11d","d7946ad4abd5c9e0ff068209bb1e0a47e26372d83631366270ad40726877d45c","2026-09-23"
"10_S老师IP资产\_asset_notes\D_Evan_video\zhuyiming\output\ip_v6_work\frames_alpha_25\00041.asset.md","asset-note","7f1a7b95f8bec18b156eb3c5b37a0d503d3e2b17f3e9241feae7c280c857aa65","4ff62727f3b76c14c0f148cdce5dfcd50d985d89f20545b275c6aa73450eb8c3","2026-09-23"
"10_S老师IP资产\_asset_notes\D_Evan_video\zhuyiming\output\ip_v6_work\frames_alpha_25\00042.asset.md","asset-note","3b00817629f6c0fea1b587de1e87af2532fae0143840eda53edf83840865f0af","3034ea2570808e80e4ef1be861d610f6d21304f8a4cbe6fb9daf513dc3b223ef","2026-09-23"
"10_S老师IP资产\_asset_notes\D_Evan_video\zhuyiming\output\ip_v6_work\frames_alpha_25\00043.asset.md","asset-note","f0a6961b6f7d0b2bf565232333a53a5c7dc6c0059742642de8fd6a6b107f3257","a37a1e1be8778abc25a1e1e005a9e21ed503df89b771f7a69177eefa62aa297a","2026-09-23"
"10_S老师IP资产\_asset_notes\D_Evan_video\zhuyiming\output\ip_v6_work\frames_alpha_25\00044.asset.md","asset-note","a73c9ee2e8cd9d19b035111358a58a6ce9a9e11961b5f6722d86c40d99b523ba","49954d2c3ccdb546373f2c60b67302bab4ec0c2042468aad7811a8caf33e0b14","2026-09-23"
"10_S老师IP资产\_asset_notes\D_Evan_video\zhuyiming\output\ip_v6_work\frames_alpha_25\00045.asset.md","asset-note","ba3295953d18895b3495ed875a4b96f6414142de40dbfc6bf44ec69d24141891","664a7b54f54e5f6afa185c054c030919d88dd2625398ef7f77dfc8e6c5335c6b","2026-09-23"
"10_S老师IP资产\_asset_notes\D_Evan_video\zhuyiming\output\ip_v6_work\frames_alpha_25\00046.asset.md","asset-note","6f39646ced8c55354742b998524cc18effe538f2943afd8f1cf11ae13fabcadb","6bf22ef1b63adbcf1a7adf59b465889eadc6297e40d4ef0730121f410206768d","2026-09-23"
"10_S老师IP资产\_asset_notes\D_Evan_video\zhuyiming\output\ip_v6_work\frames_alpha_25\00047.asset.md","asset-note","ff23e988410c73ee2f5abac01e5a511fe5047795f8bcb93bc6e1f4614e49e69a","da5bf311328275e84fe42ecff27752b12b813d3daba495f415f74b4ad8876c70","2026-09-23"
"10_S老师IP资产\_asset_notes\D_Evan_video\zhuyiming\output\ip_v6_work\frames_alpha_25\00048.asset.md","asset-note","1fd91d7324e01e93dc5ce1c5cab911fc59ad8b3ebd1f6ee53d32fb4d2890878c","82e4e08fd28b78c4adbe62db27192f934567992b63b2e846e0f0ec334b7383ab","2026-09-23"
"10_S老师IP资产\_asset_notes\D_Evan_video\zhuyiming\output\ip_v6_work\frames_alpha_25\00049.asset.md","asset-note","d3be748bda455094435e90fed836628b85af026189738829fded15ec555d36d7","5f659fafe2194e840d8b56d3617f73977a781e21770642cb71d3e8717c127826","2026-09-23"
"10_S老师IP资产\_asset_notes\D_Evan_video\zhuyiming\output\ip_v6_work\frames_alpha_25\00050.asset.md","asset-note","58b9ae926ba60e1f8b825cf87675f708558506f3bd753a622cf3e3c468d092a3","248ba258a8f9b583cf6eb22a81585236b2ae1c1b94ec0d413560bff426de84ca","2026-09-23"
"10_S老师IP资产\_asset_notes\D_Evan_video\zhuyiming\output\ip_v6_work\frames_alpha_25\00051.asset.md","asset-note","a21974e31d07f8d2a9cbf399f94da0580061a7c8598f7273ac9670b6b2d547ae","d15b12cd91edadeead714a8e95365767026ec85665a5040a4b67de5038c1b017","2026-09-23"
"10_S老师IP资产\_asset_notes\D_Evan_video\zhuyiming\output\ip_v6_work\frames_alpha_25\00052.asset.md","asset-note","4f164c47d2ce846c231b11fcc24732659505bcae5cc5304eba817df3aea58236","582b5584ab937d1d6e8e37c51a494616a5da967203ef9ce711b909a5aef3c545","2026-09-23"
"10_S老师IP资产\_asset_notes\D_Evan_video\zhuyiming\output\ip_v6_work\frames_alpha_25\00053.asset.md","asset-note","ef06e0f8a0cab2d67497e0505165191dbae2219114a959b1e1687da73a1ff14b","4c071a28b83881ad351c9dbc69abad76ccda63d976d004a0f13737490035a895","2026-09-23"
"10_S老师IP资产\_asset_notes\D_Evan_video\zhuyiming\output\ip_v6_work\frames_alpha_25\00054.asset.md","asset-note","e36d4591f7545d1778aa2eebe841628a3b7e3f9919515dab85831f2749412985","853a15ea88d29f9e13d1a584c047bf4d7afac42f85ebf1429860381cf66f164e","2026-09-23"
"10_S老师IP资产\_asset_notes\D_Evan_video\zhuyiming\output\ip_v6_work\frames_alpha_25\00055.asset.md","asset-note","12efaf7314dfd4ba16cd795cf22f23c38fd7dbf2ac0e31041beabbf5fa7c5502","83c724d52848c4605e5aefaf1a62dea9211bcf4b9977b751294d88f0146a6daa","2026-09-23"
"10_S老师IP资产\_asset_notes\D_Evan_video\zhuyiming\output\ip_v6_work\frames_alpha_25\00056.asset.md","asset-note","e32463d47e5747e2f0b4fea3ff1ed9fdec68cd273dc8f8ac7ab6d8f8ddf00ac3","7ac46c6e0b2e95bf11f428a4f661143b8b4774c77a9ce9f5dbefd385d2dc9a45","2026-09-23"
"10_S老师IP资产\_asset_notes\D_Evan_video\zhuyiming\output\ip_v6_work\frames_alpha_25\00057.asset.md","asset-note","84f4dce5decd0c716fb93637db51fa798249a847e040d22202de6934d2158c0c","d7c0311565ceb13d8bffc106c5c5d31917548096d8d021bcd2291c5711daf712","2026-09-23"
"10_S老师IP资产\_asset_notes\D_Evan_video\zhuyiming\output\ip_v6_work\frames_alpha_25\00058.asset.md","asset-note","66e6b034143bcf85565d701c15e07ee30e07d09dd046defb7fb59c47c5ded914","71a89c7ee3a234a6458bdfddbd0e133546006d34a711e02be72de637cc79b87b","2026-09-23"
"10_S老师IP资产\_asset_notes\D_Evan_video\zhuyiming\output\ip_v6_work\frames_alpha_25\00059.asset.md","asset-note","73984cf1487f79820ba2e3ac4dc6fd60199eaf8e4d3426e8ae58d996b63f5037","9b369f110fdc694b66adf3398b3f8bcb115e1bc8ce5757341182c9083ee8b1ba","2026-09-23"
"10_S老师IP资产\_asset_notes\D_Evan_video\zhuyiming\output\ip_v6_work\frames_alpha_25\00060.asset.md","asset-note","94918a0bec5bc52bebd6d0b67417a5a7230be6a003ed674fc2ed2678d1886777","8bb74233bdb8db490f3382d7ad15bf44f9b7d99d59d0e9781a17a5aafbd625d9","2026-09-23"
"10_S老师IP资产\_asset_notes\D_Evan_video\zhuyiming\output\ip_v6_work\frames_alpha_25\00061.asset.md","asset-note","a1debdbfccde6262b42361fae15a5f024113089dd8130c1c83ff3d8f57d20729","3f6b330c596e94585843c7157a36df61bb299e4b8f7e8069ec735beb88f93f59","2026-09-23"
"10_S老师IP资产\_asset_notes\D_Evan_video\zhuyiming\output\ip_v6_work\frames_alpha_25\00062.asset.md","asset-note","a504eac568246a9f7b9ca432f60889eb261ebc2bc9e38e27dcec80d353b4a8b9","b8e387aa4f05f9ce298141fc0ed7caefc5e08911ee9892916610c57c820be502","2026-09-23"
"10_S老师IP资产\_asset_notes\D_Evan_video\zhuyiming\output\ip_v6_work\frames_alpha_25\00063.asset.md","asset-note","c8907f3488156d33c9f59a9416791e092bbb83a2e10aafbf768950294dcf8940","615eedbffd30a75073da42df7545259d8b37ef7c46e5ea63edafb7dad0f43651","2026-09-23"
"10_S老师IP资产\_asset_notes\D_Evan_video\zhuyiming\output\ip_v6_work\frames_alpha_25\00064.asset.md","asset-note","1bfaf8713160ab6b8f88b9625a8fdf0e253959057c6c042dbf266c5f27c352de","9113798bf98523710319e2af66312d017f3c02b73cf2ea93356184ef2dc6a56e","2026-09-23"
"10_S老师IP资产\_asset_notes\D_Evan_video\zhuyiming\output\ip_v6_work\frames_alpha_25\00065.asset.md","asset-note","62c0dd6fbaf85389268eb30a11bd0f66b79090fc3e04aa4e2efbde4e513ebdb5","ed499f8f821bf7dabf04975528d8881b047ad482db6be2a9345ea8cdef92e168","2026-09-23"
"10_S老师IP资产\_asset_notes\D_Evan_video\zhuyiming\output\ip_v6_work\frames_alpha_25\00066.asset.md","asset-note","a1053ea36725a70ac3cd6e02929d919f66fe614804bc7658b876f446e938249b","243ec9c45971592db8c3464e387830ca704cb4a1588faa7e4cfb84752fb79e2a","2026-09-23"
"10_S老师IP资产\_asset_notes\D_Evan_video\zhuyiming\output\ip_v6_work\frames_alpha_25\00067.asset.md","asset-note","bf6413830a6584d6335ef6984a47640bc8e6d8e4b15ec8672066bf7d84d25d55","2990de2f986fbdf0b3d2e931739f362d3decd26ec72fc344ac202bde26d84845","2026-09-23"
"10_S老师IP资产\_asset_notes\D_Evan_video\zhuyiming\output\ip_v6_work\frames_alpha_25\00068.asset.md","asset-note","6e78ae29eec29c4d3d9971aef8d1e8e0e3117c0fe5fbdad589af340eb32b44e0","5a8a20aab864a2c23d83b4154c650d3869fa1604fd4d7edd0fe8daf6c9318680","2026-09-23"
"10_S老师IP资产\_asset_notes\D_Evan_video\zhuyiming\output\ip_v6_work\frames_alpha_25\00069.asset.md","asset-note","77de496ba3479bba7747249bb47319e1e7a67fc604c50ffd6fc24faba02b66fa","2a78ffc2bc6452088f4977229a52afce6aea778c7219b434756f80fc1d508a1d","2026-09-23"
"10_S老师IP资产\_asset_notes\D_Evan_video\zhuyiming\output\ip_v6_work\frames_alpha_25\00070.asset.md","asset-note","580a5daf1add5f5f5e6b88bf1d7a3676c73503698bb42eb2f86130f6a8d29698","7ac6474583da6b084cdf5e0d78533f37caad9940293d08b003f3b60fdfd58cc6","2026-09-23"
"10_S老师IP资产\_asset_notes\D_Evan_video\zhuyiming\output\ip_v6_work\frames_alpha_25\00071.asset.md","asset-note","b6dfb7515014db590f43380772e3e9134decdfeb9d44bd47f1a27700bcf29e5a","da5858a513ba949f3f64a229f56fd29992dd100b30fae87f8180712c65c9b84c","2026-09-23"
"10_S老师IP资产\_asset_notes\D_Evan_video\zhuyiming\output\ip_v6_work\frames_alpha_25\00072.asset.md","asset-note","63d375fadc190e1794cd999119e292604c362c09a78a3d6f0e5381bba48a9c54","ea6729f133f932860bc6b28c7f93f3fe7d54070fa617816042a1895cd39e7515","2026-09-23"
"10_S老师IP资产\_asset_notes\D_Evan_video\zhuyiming\output\ip_v6_work\frames_alpha_25\00073.asset.md","asset-note","15954255fbe606b2a8d24e0c9fab5d585a6a1e1106267f5a50d8220bc5573c48","b7c1317a76736988c91d49c878a328f23ca8fa06791c8aaea6f69458fd4f11b2","2026-09-23"
"10_S老师IP资产\_asset_notes\D_Evan_video\zhuyiming\output\ip_v6_work\frames_alpha_25\00074.asset.md","asset-note","80de8246c425d55a2ef41a0af3baa5f6130a443849f309b48038a07f9b59f90f","66634a1f3c3cc3ef748eea2485ad11f0b194de99c9d2092a2d7a18d8da93d51a","2026-09-23"
"10_S老师IP资产\_asset_notes\D_Evan_video\zhuyiming\output\ip_v6_work\frames_alpha_25\00075.asset.md","asset-note","dd978a00a06e016f66013f59982b96b793ff55f2f9f51cac1d6f61658aa3b488","3a18ae1220c44967bbaf007459dda54c4d5be24cc8715663113499bd9304619b","2026-09-23"
"10_S老师IP资产\_asset_notes\D_Evan_video\zhuyiming\output\ip_v6_work\frames_alpha_25\00076.asset.md","asset-note","84c9560d5539d4ce809673911c6b6206bcfc9afd8929446ca458a777d36b2540","6501fd2d481dc3947bf1a497eeb6c1ec4f621508d27f0462c0b45a51190c443e","2026-09-23"
"10_S老师IP资产\_asset_notes\D_Evan_video\zhuyiming\output\ip_v6_work\frames_alpha_25\00077.asset.md","asset-note","0ae2f162e3af1064520ee43128367af55f4f85baae35cba4991bc6210d911fe4","de92c474a0bb9c18ac696de8e3ddac7cfdde58049483965ef3e79074058ad2e1","2026-09-23"
"10_S老师IP资产\_asset_notes\D_Evan_video\zhuyiming\output\ip_v6_work\frames_alpha_25\00078.asset.md","asset-note","ae1075e07ad3371ae9a76cc954e8c594ca9f08e0d933a7f0ea75d34ffbcd8776","2d6effcedeaabc03fe772a42ad64fd821a39b24ca4085c73a0c3026060529de8","2026-09-23"
"10_S老师IP资产\_asset_notes\D_Evan_video\zhuyiming\output\ip_v6_work\frames_alpha_25\00079.asset.md","asset-note","2cba799fbc593105c88b82bc03dda2e2d65256d55c3d795441636ea6c3955b5e","87bd854a5163502ab022188d4a1822ee4f32e14b45d83ef5d6c786fa099df211","2026-09-23"
"10_S老师IP资产\_asset_notes\D_Evan_video\zhuyiming\output\ip_v6_work\frames_alpha_25\00080.asset.md","asset-note","d88fffeaec6ea14f6e8a58f72c3ec0a8262147115b935dc748e0eea372733e74","bcb8388dab9525d1456a4e4febe102c7bda55cc6d8f6988906264f382602eff0","2026-09-23"
"10_S老师IP资产\_asset_notes\D_Evan_video\zhuyiming\output\ip_v6_work\frames_alpha_25\00081.asset.md","asset-note","6e8873f6e77768a6e4dc03c5e6ba317f70d287ebb7ecd656df9142bed6e65071","9de5f1a335fce409940e6f84a4a0cb31f16961403abba9259f735f22f84077b8","2026-09-23"
"10_S老师IP资产\_asset_notes\D_Evan_video\zhuyiming\output\ip_v6_work\frames_alpha_25\00082.asset.md","asset-note","dcc0cb7f492e973e9f531c178408bd96124131efd265c332bef6250e87200c3f","34579b78849a0fdafd2a9b7cf38d5cfcbe81cb1f6429b43472bf3a29163333a4","2026-09-23"
"10_S老师IP资产\_asset_notes\D_Evan_video\zhuyiming\output\ip_v6_work\frames_alpha_25\00083.asset.md","asset-note","116069413411884c8e9c971d5865e8cb3e2c520b1a73267d27d9fbc076ef24e0","55584ed5192b323a0953f987ac3a400dd8ea46a0deb25a58e11fd3e4e0eddb7b","2026-09-23"
"10_S老师IP资产\_asset_notes\D_Evan_video\zhuyiming\output\ip_v6_work\frames_alpha_25\00084.asset.md","asset-note","5168cd29414e5cf6686a9456a7bb56c42f527c11097d8c116793e298e77ae629","b02e3e0b1467b229f7522595e321108df2d50a8330f8ad29cd6a94df31ff2bed","2026-09-23"
"10_S老师IP资产\_asset_notes\D_Evan_video\zhuyiming\output\ip_v6_work\frames_alpha_25\00085.asset.md","asset-note","f607559fa875699e9983096047aba4d1625e9528c6c816b1cf908c68687583ef","9cd2c0ac8f4ebb2b391e02561a6677bbd253ca0e334e659965ac3c35d1deb8b0","2026-09-23"
"10_S老师IP资产\_asset_notes\D_Evan_video\zhuyiming\output\ip_v6_work\frames_alpha_25\00086.asset.md","asset-note","583729797952f1f278c51991d5f736c5ed325b8cb2b0000fd20bdc7dcfc0eacb","a4fe7db515bdbb9675eb2279460fd799dbfbacebe140c882c0c8696b57aafa55","2026-09-23"
"10_S老师IP资产\_asset_notes\D_Evan_video\zhuyiming\output\ip_v6_work\frames_alpha_25\00087.asset.md","asset-note","ede792505cd5de5137eb6a3cea0b9e25e5a26c19c2094f0a787b4dd37afe909f","e0f5181c357db17135022aca3b06334737bb2e21c524d885447f9088526f6d2d","2026-09-23"
"10_S老师IP资产\_asset_notes\D_Evan_video\zhuyiming\output\ip_v6_work\frames_alpha_25\00088.asset.md","asset-note","5cc964530372931bce88f57f573d4fbc94c0cb94bdd7b7fca6469b3faf1cc299","adec99ee5b6e290bdf49878e1c87d8995986a0ce18dee3f12a4f1dc1a1d5c191","2026-09-23"
"10_S老师IP资产\_asset_notes\D_Evan_video\zhuyiming\output\ip_v6_work\frames_alpha_25\00089.asset.md","asset-note","48a2afb302ceb15ff08e0181578de77f85d1c95cc509039d2e35246f151a442f","48a027cdceed1bf4ce50f217eded086fd73ac3f0263336f2934d38b0c397d3c9","2026-09-23"
"10_S老师IP资产\_asset_notes\D_Evan_video\zhuyiming\output\ip_v6_work\frames_alpha_25\00090.asset.md","asset-note","ebf901efe7c9e49dcf28481f25386ef78c1a64bffdacb90a0f5f8043049415da","3b3c722e00dc1e5ce6894a0ea96e14169ad13e6150a7f13fd423d336824538f7","2026-09-23"
"10_S老师IP资产\_asset_notes\D_Evan_video\zhuyiming\output\ip_v6_work\frames_alpha_25\00091.asset.md","asset-note","afc1d49c16f0df6143e1607651572b00ed61d5ee0c257a35ce557e7f509513fe","efcb9a0f661d294720e69712aceebbff6782870ec3654be6c5a4ce9b06abb5dc","2026-09-23"
"10_S老师IP资产\_asset_notes\D_Evan_video\zhuyiming\output\ip_v6_work\frames_alpha_25\00092.asset.md","asset-note","a06d302175fb0ee8728b20e7b59b13b3b6e2c3052e745b71fe6449c257334e47","31aac65880ef7101ccfde11b3e9ec370a07f4c8038030bb1a13b34ea5939f8bd","2026-09-23"
"10_S老师IP资产\_asset_notes\D_Evan_video\zhuyiming\output\ip_v6_work\frames_alpha_25\00093.asset.md","asset-note","ea993e2ff399fc785f5840bf60256e26ca952096296bea7befba43a60fbbd967","7365301c8b701579d198ed35cd281d2d81f6d52cc04bde5d5bfbbf0918f3d009","2026-09-23"
"10_S老师IP资产\_asset_notes\D_Evan_video\zhuyiming\output\ip_v6_work\frames_alpha_25\00094.asset.md","asset-note","59850990eee90b916e72a32743b4d25ac95bceee2e51cae2d654eae70f6c52bd","9933dc59bf5b5796efc1a9f7dd4643f72306d42655a067cd131f14fcd5f2aa71","2026-09-23"
"10_S老师IP资产\_asset_notes\D_Evan_video\zhuyiming\output\ip_v6_work\frames_alpha_25\00095.asset.md","asset-note","70ad45fe110953d828140a840025f80b3c310a211267f30231363de0915eaa9a","40c863d50182ad13ed85cb59182679c0d3bed80f35088a2edbab56819feb23ad","2026-09-23"
"10_S老师IP资产\_asset_notes\D_Evan_video\zhuyiming\output\ip_v6_work\frames_alpha_25\00096.asset.md","asset-note","240f2126d55044cabc28ddaa7bc87e2027ededbad8160c8c237c4b74e07942cf","ece0e8dc0fdb73e2516b22e2bb97521496b429400ee3bdf8cdf096b737a8f837","2026-09-23"
"10_S老师IP资产\_asset_notes\D_Evan_video\zhuyiming\output\ip_v6_work\frames_alpha_25\00097.asset.md","asset-note","44f7297460662ee8eccdd43a16ce140e2726bde4bbdc7483d2dad6bafabb6991","fbba1b69255056d24f4005e2fadc5d69fe85ee8fb6d78c6390bb8d9299235273","2026-09-23"
"10_S老师IP资产\_asset_notes\D_Evan_video\zhuyiming\output\ip_v6_work\frames_alpha_25\00098.asset.md","asset-note","d16a21e532f1c672e70ef1dd77b180b6461a8b4c2033824f44aaf659a6fee773","32dc7522e2095b24d427f0e1636149f55deece822f13d953c61a2819986e7b4c","2026-09-23"
"10_S老师IP资产\_asset_notes\D_Evan_video\zhuyiming\output\ip_v6_work\frames_alpha_25\00099.asset.md","asset-note","2297ca3f979858460e1e537f8c7b1e112436f4e0911599dd7ac8441e82ec5333","90ea0295254f95143600654c96a2adc9a31a48a64eba91858e7da541ab4362c7","2026-09-23"
"10_S老师IP资产\_asset_notes\D_Evan_video\zhuyiming\output\ip_v6_work\frames_alpha_25\00100.asset.md","asset-note","243c7a715f3d31cf56d8ba804b9172b5c2bb8a94b23fc22cc86c421fa00888df","efe08ef52a51f0965787a674af42ee72f2d93bcab1f57e66b9f4a6bd20568948","2026-09-23"
"10_S老师IP资产\_asset_notes\D_Evan_video\zhuyiming\output\ip_v6_work\frames_alpha_25\00101.asset.md","asset-note","8de3764df14fb0d896eb373eee63b35ea0ba254594d18bc0742a4f310126abe1","1179327cbc145623c938406bc33a299dc671aa182b9c435f66aa01cfd0dbd431","2026-09-23"
"10_S老师IP资产\_asset_notes\D_Evan_video\zhuyiming\output\ip_v6_work\frames_alpha_25\00102.asset.md","asset-note","bc90775046e369fe1c6377131869e74687c258449c5e5839dc3c03d95d7400b8","623b191da982b2d16d3f14193a1570d26c9455c04b43c4cfdf6f38c169a74d96","2026-09-23"
"10_S老师IP资产\_asset_notes\D_Evan_video\zhuyiming\output\ip_v6_work\frames_alpha_25\00103.asset.md","asset-note","98d0def73805060079d758963aa3352630d0737d515f0fdd3e5b9bfc846e11e5","8f7dadae51d5d0ecdc666039574848b776d324d24391f3b0a2709fe56f82ee25","2026-09-23"
"10_S老师IP资产\_asset_notes\D_Evan_video\zhuyiming\output\ip_v6_work\frames_alpha_25\00104.asset.md","asset-note","cdfc69dccc8f64109856a14ac6ab8f78b9a1ae052cdfa12f0c893e216450bd27","1e0b1f374a1ff4803c2e7ed925c2cdc6e7292b7080b39150ce2855d0ca533772","2026-09-23"
"10_S老师IP资产\_asset_notes\D_Evan_video\zhuyiming\output\ip_v6_work\frames_alpha_25\00105.asset.md","asset-note","8bdc63265c9240291528eb1906df4857a0577ca2fbd08ca5ea7ae0e2aa0a4d13","d2fc44349a96cc13520c39bcab628ece240d6d06f21a45bae379e9feb65f1006","2026-09-23"
"10_S老师IP资产\_asset_notes\D_Evan_video\zhuyiming\output\ip_v6_work\frames_alpha_25\00106.asset.md","asset-note","29c735d5a057e8dc7ffadc4568fcbc0d162c308bf6b03cb169d6cfc8c8c7d0d9","6a87badb4c5b1d1bd06568bc8d4384452bd5fd5ca4b8b343b4172b196b0c771f","2026-09-23"
"10_S老师IP资产\_asset_notes\D_Evan_video\zhuyiming\output\ip_v6_work\frames_alpha_25\00107.asset.md","asset-note","28c22001e49a8f3b671b0dd90e3cc2ea8a424710a76c033330d9aa402cfa2828","169c0d946e059b32dcdf599513b929ff85b0a485c04b6acc8078289824d0f38e","2026-09-23"
"10_S老师IP资产\_asset_notes\D_Evan_video\zhuyiming\output\ip_v6_work\frames_alpha_25\00108.asset.md","asset-note","e2385c2455c2925b566a01ef3d4dc960c94b18270ad0878c2ac7c6f5a7af8075","d58b4448a4373517c400b18e2a8c83d04dbaf0be6fc017c991c17c7392816c92","2026-09-23"
"10_S老师IP资产\_asset_notes\D_Evan_video\zhuyiming\output\ip_v6_work\frames_alpha_25\00109.asset.md","asset-note","e68ef24bf4a3a9770bf4fee83dbae9391663439cbb8dea367c1c0496d00c62dc","cd4a0776e977c5af52cf4325ce8520a6a678053d9099e8d2c0a633bcefcec14e","2026-09-23"
"10_S老师IP资产\_asset_notes\D_Evan_video\zhuyiming\output\ip_v6_work\frames_alpha_25\00110.asset.md","asset-note","68f8f4288fcd2e69116b5d009b234a9304260069cba31d0c3f4821ec982e4c6e","1e346a97464ce37ef7e137dfef85b51ba7c4eabdc15341dce5695a41785a52bb","2026-09-23"
"10_S老师IP资产\_asset_notes\D_Evan_video\zhuyiming\output\ip_v6_work\frames_alpha_25\00111.asset.md","asset-note","23d2583b10193b2e7db0e94f89b63d828ec377fb87d47f9f61b67408324a29b2","582c7e6e015efb857e816e262c98be129fb8fbed8b5bc46acd37102ee764f5d6","2026-09-23"
"10_S老师IP资产\_asset_notes\D_Evan_video\zhuyiming\output\ip_v6_work\frames_alpha_25\00112.asset.md","asset-note","4ca35b3842a002ebd5276021ee6759ffd6d7b227c765545daa5c2ecf74234359","d9b164a0c48c28729071ea7b76a524257945330978b7cddeaaa25646fc53c11b","2026-09-23"
"10_S老师IP资产\_asset_notes\D_Evan_video\zhuyiming\output\ip_v6_work\frames_alpha_25\00113.asset.md","asset-note","1abbeb744fc8eef752f94361f8e4da3f7f374a799affe5c2b9f6291afef21cf0","a70e6827274624b733cf6e6020247ccfe708abddebba3f04fe937bcc3aff34e1","2026-09-23"
"10_S老师IP资产\_asset_notes\D_Evan_video\zhuyiming\output\ip_v6_work\frames_alpha_25\00114.asset.md","asset-note","f8950ad217d542d6e927f071414827e386aece301189f3323c91c45129783177","3d5f48c1f3f26efd773e91ade8910b89b24bb18d2d41a1840825ab65778873be","2026-09-23"
"10_S老师IP资产\_asset_notes\D_Evan_video\zhuyiming\output\ip_v6_work\frames_alpha_25\00115.asset.md","asset-note","61991a42d299482fbe81d5c0a91e8f08ed174b733b02aae215bedf57f840072b","8eaa3f45eecadfb11a95796ccbcf6423b46da3cbb724349345e19ef42ada43fb","2026-09-23"
"10_S老师IP资产\_asset_notes\D_Evan_video\zhuyiming\output\ip_v6_work\frames_alpha_25\00116.asset.md","asset-note","4e2a3b8ad854612bae57a353771ee543168ae9910878d45d7e4b9dff1c5b2826","97d54dfd4ce43e3dde3c96aa81928ced8b7d4a861f7a786d4e7d235693a90940","2026-09-23"
"10_S老师IP资产\_asset_notes\D_Evan_video\zhuyiming\output\ip_v6_work\frames_alpha_25\00117.asset.md","asset-note","b51872400275b03d3a8b6a2b3d94458bdf819f91a549e4d35d9d9c2f458fa884","a8b5f4faf7fc9953ac2f4a1c5b6568882867c3aacdfb73f7548613225c1b5508","2026-09-23"
"10_S老师IP资产\_asset_notes\D_Evan_video\zhuyiming\output\ip_v6_work\frames_alpha_25\00118.asset.md","asset-note","53f1d12cd14387287edd618ebbdaee43677a12e54319a127106e529677c9a117","77babcefadc4e6c47ebec3a952bad80bfafeb3433ae3fbaa689a9fb575262f78","2026-09-23"
"10_S老师IP资产\_asset_notes\D_Evan_video\zhuyiming\output\ip_v6_work\frames_alpha_25\00119.asset.md","asset-note","6510c0f907a0676e923bb3fabb74d49855f431c305691510c7f734ef60475596","afd60ad47733e35031f5758201171cfd3fe144cff71736a0651fd61172b5e379","2026-09-23"
"10_S老师IP资产\_asset_notes\D_Evan_video\zhuyiming\output\ip_v6_work\frames_alpha_25\00120.asset.md","asset-note","d15a1c91a8bfae26ff62f28293455f33eff5291076b32c57fa6d2c5ae08af4e9","c94a314d2e55c8e62a6c6bdb0b188317a0e4cbcebfc411a53708ac3234381f42","2026-09-23"
"10_S老师IP资产\_asset_notes\D_Evan_video\zhuyiming\output\ip_v6_work\frames_alpha_25\00121.asset.md","asset-note","0b2a371ded6d00bd406885dccd842f561b6bf576f59b4ce0ebfc260c81f8dd63","526bbe2aa2257df4d2c55efc32127f6f9dbcf4883672dd220c58924508effd70","2026-09-23"
"10_S老师IP资产\_asset_notes\D_Evan_video\zhuyiming\output\ip_v6_work\frames_alpha_25\00122.asset.md","asset-note","57d285bce7dd46afd96a34d727ec0c3d7e416fb1b01a7d9e5ff0f06fd5167977","d9fab6801b1eb8daed2af772afd46cba2d239f639deb27b2ebb501a34e90fdfe","2026-09-23"
"10_S老师IP资产\_asset_notes\D_Evan_video\zhuyiming\output\ip_v6_work\frames_alpha_25\00123.asset.md","asset-note","00df0a39756aee9905329a63a7d219c3965350288f6cb3ac45c179209a306595","2191a103b02f97f93609bd3da6d66305b263d9d3c6e225d3ac160506cbdc0ab1","2026-09-23"
"10_S老师IP资产\_asset_notes\D_Evan_video\zhuyiming\output\ip_v6_work\frames_alpha_25\00124.asset.md","asset-note","6825e68732f373903cbcb2339f83d7ee99f4a21c4c40c17c2fb576f4c6dc76ee","c6a5af8ee9f08d22429152c220dd6be96ec38fcc1449ac0bc04e25aa8389e0e3","2026-09-23"
"10_S老师IP资产\_asset_notes\D_Evan_video\zhuyiming\output\ip_v6_work\frames_alpha_25\00125.asset.md","asset-note","4a8a87ec0d3ac015cf0bba91a993f1797cab2ddc858f3a9a0fe8b1b3facca6eb","b686dbacaa97afd60be6f2ec9648e4c8dad9c9382c9a6b705a562a5b7140a45c","2026-09-23"
"10_S老师IP资产\_asset_notes\D_Evan_video\zhuyiming\output\ip_v6_work\frames_alpha_25\00126.asset.md","asset-note","8e75e4fa0b3fe5cb3b65a33d075f1018f16aaf4094c2ba3e8f1b4c8c021c3384","c9d58f25c5a7af90745ab0f0d17f3e62fa804fec216a4d5908f3fc90c2f0f544","2026-09-23"
"10_S老师IP资产\_asset_notes\D_Evan_video\zhuyiming\output\ip_v6_work\frames_alpha_25\00127.asset.md","asset-note","063d8d14388b29077f59a5e213348b332199dea34f87f4cc5e5f6d1faebba5ec","14a38661b84f2de24d5c06bb6e436af4dd41402503a1dc85cfde2b4d752f8610","2026-09-23"
"10_S老师IP资产\_asset_notes\D_Evan_video\zhuyiming\output\ip_v6_work\frames_alpha_25\00128.asset.md","asset-note","9ae867a3267fb414978befe29e2b9729232af966828df2488a3997cfc93d6b2b","f43ed134d0ce8544bc42953c667775d18c57137caf9fe25993e7a0f46ec813db","2026-09-23"
"10_S老师IP资产\_asset_notes\D_Evan_video\zhuyiming\output\ip_v6_work\frames_alpha_25\00129.asset.md","asset-note","2a5fdddac755f4582a5498a7645668acf816f10b6859e1fffbc305349d6d8d0e","13171f0facba8962d461016cda3a3cc1f0d3e818cc28bb607942a65a4e5c4b7c","2026-09-23"
"10_S老师IP资产\_asset_notes\D_Evan_video\zhuyiming\output\ip_v6_work\frames_alpha_25\00130.asset.md","asset-note","214348e5a91bf7877d5ff42174066e3e79e89d32af7a9fd4cdbbb544af164f27","68bd8f61956a82255c6f9d5c356c820373dc4463e7826cc61526410d6d3dce80","2026-09-23"
"10_S老师IP资产\_asset_notes\D_Evan_video\zhuyiming\output\ip_v6_work\frames_alpha_25\00131.asset.md","asset-note","6f3f244dcb0d57a0d184fb51bbab562441bf878b4069775816f47ee536e97f3f","d46a7e1df5c2c75e777622cba8d56fc25e98fe14e1d17c8d31f034acfd632f7f","2026-09-23"
"10_S老师IP资产\_asset_notes\D_Evan_video\zhuyiming\output\ip_v6_work\frames_alpha_25\00132.asset.md","asset-note","8f2303c21076168dfcadc93ed9193616ca18c5415c748ea3a28c23e67819abc0","aa1d3532c85dfc30bfae2ef0c4d302ed2192f2826a9781129d9d2ad623a7529f","2026-09-23"
"10_S老师IP资产\_asset_notes\D_Evan_video\zhuyiming\output\ip_v6_work\frames_alpha_25\00133.asset.md","asset-note","2dba1683b90eb4997cc30233789184a714298eb87faf7e351111c3f00637b3f7","fad458c53e21e08f8519430868262f9ae9919d956fed67178efc3b7fdbe1057e","2026-09-23"
"10_S老师IP资产\_asset_notes\D_Evan_video\zhuyiming\output\ip_v6_work\frames_alpha_25\00134.asset.md","asset-note","b6eb209745763f47653b40bbcf39fba766082c4850ce0659da60b0e726df31b7","0ec072adb64e084ddb94a1e83d53d61dba0ee17d7ad207c14f448365051d861e","2026-09-23"
"10_S老师IP资产\_asset_notes\D_Evan_video\zhuyiming\output\ip_v6_work\frames_alpha_25\00135.asset.md","asset-note","48c70744e569333a309faa2e6303a4b972c9421efb70726f75d58a81a9eb3fc9","35b060b52075dfc26fe3dd9da0f8a10ef4b7ba51e7f2de0f5c7d921198285785","2026-09-23"
"10_S老师IP资产\_asset_notes\D_Evan_video\zhuyiming\output\ip_v6_work\frames_alpha_25\00136.asset.md","asset-note","ddfa0ae0c7cd66379d8a07ff8d4e23fe951139b7685b8d01d93b5e1b641ea1e4","a7f47c9b296fe3363036f4e6fdfeb1cf37863bd2ae4fa012a03abe4e0209f32b","2026-09-23"
"10_S老师IP资产\_asset_notes\D_Evan_video\zhuyiming\output\ip_v6_work\frames_alpha_25\00137.asset.md","asset-note","b32c351f6f23d83e896fad085082ea5701c289c8d18d60ff9f807f531a54d2ab","23c3694057933abb9145301b0825b4f1d44a28058a6fea20e4d8473b9abe7dc7","2026-09-23"
"10_S老师IP资产\_asset_notes\D_Evan_video\zhuyiming\output\ip_v6_work\frames_alpha_25\00138.asset.md","asset-note","22cae7d7304d381412d3abc4c5eed7101a7e91f4aa1e2fbed112a0480ca67de7","4f015598dfedb1ba5e4febb382d146f82924839cd81e31c27d546b64975181d0","2026-09-23"
"10_S老师IP资产\_asset_notes\D_Evan_video\zhuyiming\output\ip_v6_work\frames_alpha_25\00139.asset.md","asset-note","9bcb8c8359cd0ba4bc19cb48917ad83edb7c816fbfeaa0d2f4163dd11069292b","6582378037a3aadeb1cf55fadddfb1dab257d4d643f064b1145dfe3dff0e99cd","2026-09-23"
"10_S老师IP资产\_asset_notes\D_Evan_video\zhuyiming\output\ip_v6_work\frames_alpha_25\00140.asset.md","asset-note","7e4e0b6e3a095828d98f092c828c4f6a7cc1c0b2fce38a6ddfb4608e5157e7f6","8d24a8308bc2cc06f525e47f574643bdda8e5e4b8880b2b53052d77336ba5040","2026-09-23"
"10_S老师IP资产\_asset_notes\D_Evan_video\zhuyiming\output\ip_v6_work\frames_alpha_25\00141.asset.md","asset-note","93acd85da014f130011417b5300e907adb7d1d8a895865c1a08b89332e7a993d","5e7b1a83d7b67a045ecc2d672026bf0b09e2c1bb383b5eeb96d5fc4ada039c7c","2026-09-23"
"10_S老师IP资产\_asset_notes\D_Evan_video\zhuyiming\output\ip_v6_work\frames_alpha_25\00142.asset.md","asset-note","0f9f04d1d0659289d60c6da6f3d8470380259cacefe0bea9eea48af09f54ef9a","52e973dd40d21521b60509a18c24a3783d6f0e8f52066045dbcae167500a039a","2026-09-23"
"10_S老师IP资产\_asset_notes\D_Evan_video\zhuyiming\output\ip_v6_work\frames_alpha_25\00143.asset.md","asset-note","7d63e837a40b6f2bc910046d455901ed3f04973522088b5295455170c0f73964","54e27190ee051777188db806b99e7fb0eabc68afbfbd4861b480da3601f9cd1b","2026-09-23"
"10_S老师IP资产\_asset_notes\D_Evan_video\zhuyiming\output\ip_v6_work\frames_alpha_25\00144.asset.md","asset-note","2d598a3e66358255e5114699981f9a2aa17ecee26b8436893d025bb0392ab16d","8e953142c9a975e4664bb20c21f8fc55b216f9448b03e28e1fdd3234a5323474","2026-09-23"
"10_S老师IP资产\_asset_notes\D_Evan_video\zhuyiming\output\ip_v6_work\frames_alpha_25\00145.asset.md","asset-note","7ae59bb69c1b07a8966e6e9443df8b6afb8be06fe60e93cd901f437c03a412e2","f082239cc2f9aae94c2a4017b832ba2a2035a5546fbdde43339ced461046e504","2026-09-23"
"10_S老师IP资产\_asset_notes\D_Evan_video\zhuyiming\output\ip_v6_work\frames_alpha_25\00146.asset.md","asset-note","d6bdcb49d75cdc0fa95500854016953b02a815bf0df01b82dc3ded2d944a582f","3eb6157d838863fc7fedb345705503686a0927ec5eb7b83d598fba44c166862b","2026-09-23"
"10_S老师IP资产\_asset_notes\D_Evan_video\zhuyiming\output\ip_v6_work\frames_alpha_25\00147.asset.md","asset-note","52334120fbf42c4ba9c84ec4237163a6d0045eceedd96a94df138ba0d4597d34","89b84134227e5658df1c4838d96674d80274146e2bd08a6470d336f273664873","2026-09-23"
"10_S老师IP资产\_asset_notes\D_Evan_video\zhuyiming\output\ip_v6_work\frames_alpha_25\00148.asset.md","asset-note","becd36d9bb130388bbd0216955e0341abf54b1ab17e309a783143d54228829b9","cce72b2fa88527ac3210b6da8996d63cbef282d7270e15f2152fadc4e0f290bf","2026-09-23"
"10_S老师IP资产\_asset_notes\D_Evan_video\zhuyiming\output\ip_v6_work\frames_alpha_25\00149.asset.md","asset-note","1db4b51a614e855a62664dee73149d931a489092c9f541effb8c55a6b809e238","061cc5b46b53bd42f1ee653d2472e8cd097900ea3f4ed2ae4580ef4c8a1c31ce","2026-09-23"
"10_S老师IP资产\_asset_notes\D_Evan_video\zhuyiming\output\ip_v6_work\frames_alpha_25\00150.asset.md","asset-note","b249bdb1a83f12978200426da8a3c44bcbf80946a0ec78feebcc56d424d6e43c","3df777613089ff4788a6434bbb61215a8916e14ec9cf89022b419856270741d9","2026-09-23"
"10_S老师IP资产\_asset_notes\D_Evan_video\zhuyiming\output\ip_v6_work\frames_alpha_25\00151.asset.md","asset-note","3d9569b9cff41a16b19333fbee71ccaf9597a2f02e64f7af95f404fcb699994c","e45cbc1e4a9855d54bd9a6956b6f50d1ac8431ef0c1005df859915d4d9ef1d4c","2026-09-23"
"10_S老师IP资产\_asset_notes\D_Evan_video\zhuyiming\output\ip_v6_work\frames_alpha_25\00152.asset.md","asset-note","5412da20e8c627794b4f83765487ca31cfa83b360576b7a33926391ee2df6047","7da3ea2ede70169661f4c17836d388dc0779d09ae947b4c08cb2997515a5da25","2026-09-23"
"10_S老师IP资产\_asset_notes\D_Evan_video\zhuyiming\output\ip_v6_work\frames_alpha_25\00153.asset.md","asset-note","9c5044b64b3bf81fa3137a6dc6c59c35554c8d1a8bd4179daa2f65231c0c6585","d7e52fab31b73acdcded35ec9d692134e96af9063083aab0542b261a0c139640","2026-09-23"
"10_S老师IP资产\_asset_notes\D_Evan_video\zhuyiming\output\ip_v6_work\frames_alpha_25\00154.asset.md","asset-note","09b9f7848209c1561dc793664af94ae63a0a5e895b48586d4925a47024c0bbec","b94a5e9fc133bd3f13a2fcc20619da4d34fd3d4b002e507be375a98f6d47ba62","2026-09-23"
"10_S老师IP资产\_asset_notes\D_Evan_video\zhuyiming\output\ip_v6_work\frames_alpha_25\00155.asset.md","asset-note","ad63a3e374249c19fbcf1a8d9bfd735b5315feeb9977760710b1e29a5c6382ab","24357d895c8b4f7b2558840e2140f90dd491995bcad0dc868b54da76db0ccbdd","2026-09-23"
"10_S老师IP资产\_asset_notes\D_Evan_video\zhuyiming\output\ip_v6_work\frames_alpha_25\00156.asset.md","asset-note","8df52eeb55a00b0a4f0bd1ff04e0698ba81924285831e9e28ce20561bcb1eef0","32965402c142dfb1352812edc814d6bb885f45bb9e02a6c6320a3ed5d3373d01","2026-09-23"
"10_S老师IP资产\_asset_notes\D_Evan_video\zhuyiming\output\ip_v6_work\frames_alpha_25\00157.asset.md","asset-note","79797b620459a54866d42f3fe8510c4ce5acce362128e3303a3db7e5dcc91c4b","e5d2e07c11a4d9a06946c7402352aeeebb165de238cf9e51bd71e2783ffd075c","2026-09-23"
"10_S老师IP资产\_asset_notes\D_Evan_video\zhuyiming\output\ip_v6_work\frames_alpha_25\00158.asset.md","asset-note","4d2e99fbc03eca890f864963affd1eed18f74bfef30d504b27755338d3cc12ea","4f874b1878613e08c17dc8a83ddedf34366aeb1ccb17ab3b46f4f56795d4c18d","2026-09-23"
"10_S老师IP资产\_asset_notes\D_Evan_video\zhuyiming\output\ip_v6_work\frames_alpha_25\00159.asset.md","asset-note","1e9dad57d233c2d57b0804a161127dc41d795c72bfcc6de59c926d4d72c30d3e","eb20060ca918931eea6be0dbf507f148829900edf4c1dc9b34db0ebdc3cbc329","2026-09-23"
"10_S老师IP资产\_asset_notes\D_Evan_video\zhuyiming\output\ip_v6_work\frames_alpha_25\00160.asset.md","asset-note","9724d75edd9071ebca138f68657957e60f1d365662f2502e28007b0e2ca7188e","0d818aabbeb23ed7b6c4665487771b3dae881e8fe8549ffeb204f731dffe4dcc","2026-09-23"
"10_S老师IP资产\_asset_notes\D_Evan_video\zhuyiming\output\ip_v6_work\frames_alpha_25\00161.asset.md","asset-note","68d1550c6f1ff6463ff3fc1f0da247c6bc653f378cd0d1d41305f85563915ac6","79955cf8db1083b6ad08ceab80fa65f35964ceeb3f3c10a446a207170ebfb474","2026-09-23"
"10_S老师IP资产\_asset_notes\D_Evan_video\zhuyiming\output\ip_v6_work\frames_alpha_25\00162.asset.md","asset-note","1cf0199789c34e33efdad004c2ca95ebcf7e74917cd482713b237eb8aacb021d","446d9d7603cdd47471bc42d5285afe14a21d61134159765a42e4204dac602f76","2026-09-23"
"10_S老师IP资产\_asset_notes\D_Evan_video\zhuyiming\output\ip_v6_work\frames_alpha_25\00163.asset.md","asset-note","844662699302701c01a98416be90d85adee55d513718703289d3b0d143685341","449705809c1610e63c93dc73d25077f534232754a9b091901f22be5ee97db1c1","2026-09-23"
"10_S老师IP资产\_asset_notes\D_Evan_video\zhuyiming\output\ip_v6_work\frames_alpha_25\00164.asset.md","asset-note","2104396f4d6cc2425cd9fadb4981352914fc69f7a53ea8c798e143b2b14171f0","29638ff8da58aea0fc0eccc51ab3008d127e8e2d5a3d82b946ddf10a89d6ef0d","2026-09-23"
"10_S老师IP资产\_asset_notes\D_Evan_video\zhuyiming\output\ip_v6_work\frames_alpha_25\00165.asset.md","asset-note","d03bd03797facd60f5348ee9160617bd3147692842618ee986c754c1b7e276f3","85e79de2dda3180f94d720d0cef5485c51edbf202c6d18ba3bd2eee2794145a3","2026-09-23"
"10_S老师IP资产\_asset_notes\D_Evan_video\zhuyiming\output\ip_v6_work\frames_alpha_25\00166.asset.md","asset-note","4bf7d41fb8ccf12179958c92a9a4559cca5327c889740e743546e7d10f2b5c36","5f9d16781048d2e8e6dde41c2f54ee0fc2e31fc9c8db8c142e31aab4be8dfc32","2026-09-23"
"10_S老师IP资产\_asset_notes\D_Evan_video\zhuyiming\output\ip_v6_work\frames_alpha_25\00167.asset.md","asset-note","10e6e7448f7bcd5f963046161edf2f86bbcd193657b1af2a9f76f5992c740c3a","05c9a8973814ad5b2b380ee615ec5908c7db1642bda63b757e2597eaade40ee8","2026-09-23"
"10_S老师IP资产\_asset_notes\D_Evan_video\zhuyiming\output\ip_v6_work\frames_alpha_25\00168.asset.md","asset-note","651731b1a6ad1bfa46a99700d24c1d9986b79987419d5c587b083d695efb7c1a","029bde156bcb19337992b178f460ef828e05e004a3b243d8b77d433d2fafbf72","2026-09-23"
"10_S老师IP资产\_asset_notes\D_Evan_video\zhuyiming\output\ip_v6_work\frames_alpha_25\00169.asset.md","asset-note","f1017fb81dd9b076485644cf69c19bcd7f32a29bbc09824ad734ffcab2ab454a","6fb2976c4737933e108aaca1efccc5cc47478afd8b892c9804344ee3e7d6d259","2026-09-23"
"10_S老师IP资产\_asset_notes\D_Evan_video\zhuyiming\output\ip_v6_work\frames_alpha_25\00170.asset.md","asset-note","c0395e124db1970055cbf0db199400c39ab7997e9a0f7bbc5b71313ddccfb45f","ef77042283fb7818693a6a286a785ccaebeb3eb4b809fa2795030a13bd1199d2","2026-09-23"
"10_S老师IP资产\_asset_notes\D_Evan_video\zhuyiming\output\ip_v6_work\frames_alpha_25\00171.asset.md","asset-note","3a3674b02a94cec0cb0e690600b8ac36b4f3d145f4daab0e21666c070b1a28c7","58494d968d227f04299ae342b2cb88f827d8a817227ee385ff69e99605eb14c1","2026-09-23"
"10_S老师IP资产\_asset_notes\D_Evan_video\zhuyiming\output\ip_v6_work\frames_alpha_25\00172.asset.md","asset-note","add3ca5be89c8ae5acc0ad5d0c0ca6a789507453e5511da69b582e0fba0c2b40","6d4ef2d9ddf519b9fff26397bad6fefd3dce1567d29fad803b98d448a9389d8b","2026-09-23"
"10_S老师IP资产\_asset_notes\D_Evan_video\zhuyiming\output\ip_v6_work\frames_alpha_25\00173.asset.md","asset-note","b2a24e54c59e949ea7ff298f15edb5587622399fe5627f5dab47283cc080adc0","0db299125db447eb807509def4290f6e3af12c0ab509c0b9d162c57b022d84eb","2026-09-23"
"10_S老师IP资产\_asset_notes\D_Evan_video\zhuyiming\output\ip_v6_work\frames_alpha_25\00174.asset.md","asset-note","3f73f9271e2dc0858b17c601a01b8bd17c884d3c4afff64acedefad507f8363c","b3af943e359c2bb57fdcee30c10916535d38db66ee168ed3d171bfd2063408ff","2026-09-23"
"10_S老师IP资产\_asset_notes\D_Evan_video\zhuyiming\output\ip_v6_work\frames_alpha_25\00175.asset.md","asset-note","10a95f3b0f01bec69b90d560b424131163ff7d2c6d6a2e6c12fffc697513b7f5","4618cbfa484ef8a2ab8fd957a3df8ef270ffd41d6b91623b7461a33c75b3060b","2026-09-23"
"10_S老师IP资产\_asset_notes\D_Evan_video\zhuyiming\output\ip_v6_work\frames_alpha_25\00176.asset.md","asset-note","bc46bf61135e905a587d15b908cdbf803ba8b757de9e5b191ad5d94bd32fdbfe","ee954edf95c099ed0fce3cf751548fda0a9d718e87065766f7d8c62d91c4093a","2026-09-23"
"10_S老师IP资产\_asset_notes\D_Evan_video\zhuyiming\output\ip_v6_work\frames_alpha_25\00177.asset.md","asset-note","78c6629f72e29abbf4679559ae87e71aaee786b28eba2080a103c209d4f3424a","8977909a111f7adba5f7edc268678f1d09389100d544a7ea130c12a222649497","2026-09-23"
"10_S老师IP资产\_asset_notes\D_Evan_video\zhuyiming\output\ip_v6_work\frames_alpha_25\00178.asset.md","asset-note","e3c3000ee294e77d462a905222558b4717ad6f6c282e2e6e8991488816838642","903afef2b65af74e9a6a46d6450105a103a9848d26b905bb91111c6233aca422","2026-09-23"
"10_S老师IP资产\_asset_notes\D_Evan_video\zhuyiming\output\ip_v6_work\frames_alpha_25\00179.asset.md","asset-note","be913b9429e0d55bb05313b0ceaed466bc1232b58bfece95e3ffd73f6e2f924b","e7847bed5f77f22fb5d6bf8c7d06ec98b3a6569c32258d1433252010cd4be040","2026-09-23"
"10_S老师IP资产\_asset_notes\D_Evan_video\zhuyiming\output\ip_v6_work\frames_alpha_25\00180.asset.md","asset-note","c4ee9906a24ce66551012d7627b4dae6578385344a14982370e4d887da7b3688","4c2ac4cbc7b86f37b1acee35d10f5770636ba961c6d39eb612f10ccb85da2bb1","2026-09-23"
"10_S老师IP资产\_asset_notes\D_Evan_video\zhuyiming\output\ip_v6_work\frames_alpha_25\00181.asset.md","asset-note","85adf8c1f46109b78d53b6ea70fead3aeca77a38cb754c29bbeb63ab1d8b6270","34bf90ab9514a2f0bbbae2d74963fc666c03ef42b5079628d0c66db606803024","2026-09-23"
"10_S老师IP资产\_asset_notes\D_Evan_video\zhuyiming\output\ip_v6_work\frames_alpha_25\00182.asset.md","asset-note","05f8c36c3ae198b070029b3a517921768de25ce2109cec3de07f289c54473ee6","0b2561e29cfd1fcdec69fb4c7124f8f54dc9cf9b67c4fdcfd24dd962aaba3a29","2026-09-23"
"10_S老师IP资产\_asset_notes\D_Evan_video\zhuyiming\output\ip_v6_work\frames_alpha_25\00183.asset.md","asset-note","919ba3c13c102e026bbc331e939a4bc77990fd2c6d1ab5e753691a290bc937d2","73e456ce9641e9288f9560211836bf2a7d8d9e81597d1dddf39cf5f202081ef7","2026-09-23"
"10_S老师IP资产\_asset_notes\D_Evan_video\zhuyiming\output\ip_v6_work\frames_alpha_25\00184.asset.md","asset-note","d9047fee8a7c0ecc1845f103982b488adee1ee3a4f6a1fd904b0f0ad56e52fd5","59b632b965dd574854fff9fa086687fb358563fc30e1088b845f5dfc8c9b59f0","2026-09-23"
"10_S老师IP资产\_asset_notes\D_Evan_video\zhuyiming\output\ip_v6_work\frames_alpha_25\00185.asset.md","asset-note","4542ae1ac8f95d6cc5611b1aa288a98948460c9389a70a9ce6b80811d843c60c","7f557752a6c6a8046bf38809aaa9850ea2d6c7cfe634bad571f69b04d4668cea","2026-09-23"
"10_S老师IP资产\_asset_notes\D_Evan_video\zhuyiming\output\ip_v6_work\frames_alpha_25\00186.asset.md","asset-note","51ef36d6826e0ff9c5a4f34c6c7730884969f0281814aef7742b73ab1d0bc1ef","c4e1dbf78bedade76556cd2ec47ca851af03ab70d91115a29a7bb893b0fc303a","2026-09-23"
"10_S老师IP资产\_asset_notes\D_Evan_video\zhuyiming\output\ip_v6_work\frames_alpha_25\00187.asset.md","asset-note","e453c5f30ff51f98440aa5b53fea1bf834f8dcc8d1720f4da6af72b1fa323da5","2226a50da84fd12c77c8f2de221615b05031e04693d4ce9299f90c8d93090a85","2026-09-23"
"10_S老师IP资产\_asset_notes\D_Evan_video\zhuyiming\output\ip_v6_work\frames_alpha_25\00188.asset.md","asset-note","cacc536f778428445c41f6b9dc3050ee8f4feb980da91e3fe56c25cd520e407c","fbdf9f341ee034d1f72ce9323830e81e783d56f224deb8beea6b4cdbdae4f901","2026-09-23"
"10_S老师IP资产\_asset_notes\D_Evan_video\zhuyiming\output\ip_v6_work\frames_alpha_25\00189.asset.md","asset-note","41f17e7ca1b098d516d25dc1fd3dde7c23275b87ac5261d23409dd2b4c4af03f","773a0bb695a73b44d559059ae2767369164332be950c5bcc38f24c9235d20a90","2026-09-23"
"10_S老师IP资产\_asset_notes\D_Evan_video\zhuyiming\output\ip_v6_work\frames_alpha_25\00190.asset.md","asset-note","43ff8efdb6856bf80e10c7a46607d7db1354c6076c92f04919d3abf527926fbb","ec050c9bbd4be74e42f5395dcac78fbfb259a265a8181275b9d99578c0981ec8","2026-09-23"
"10_S老师IP资产\_asset_notes\D_Evan_video\zhuyiming\output\ip_v6_work\frames_alpha_25\00191.asset.md","asset-note","09154dcfa771fc711eeb4f93aac96bdb344014d6d856400d3ee7bd12bb0233b7","50dd5c24a8be607737742eb27e24426da1b6290966927458d43f3542fb5c4700","2026-09-23"
"10_S老师IP资产\_asset_notes\D_Evan_video\zhuyiming\output\ip_v6_work\frames_alpha_25\00192.asset.md","asset-note","604d2283bb14fa6102b6387adcaec158c3c0a60df579e5a481fde441c198b372","9144544edb0fb2ba76e93cb038602a9c222a0f0af4a5550546f35729b978430d","2026-09-23"
"10_S老师IP资产\_asset_notes\D_Evan_video\zhuyiming\output\ip_v6_work\frames_alpha_25\00193.asset.md","asset-note","67361fcb7ea6ce0bd95df93ca8b434ccefeefe9577d4f7bb5f3600a5c3e36849","054c9e8845fdb51f55ff90538403e930c43e5c7922d2c5a001011d5ac33c8ba2","2026-09-23"
"10_S老师IP资产\_asset_notes\D_Evan_video\zhuyiming\output\ip_v6_work\frames_alpha_25\00194.asset.md","asset-note","2e54c1441e30b234ad8ac13ae4d43efd71f3c0822c3fee93f53921437276539e","69cfef0a1b2ab7ad73c4e837fa9698cf392e3ef91e8825142cb987fe518f696b","2026-09-23"
"10_S老师IP资产\_asset_notes\D_Evan_video\zhuyiming\output\ip_v6_work\frames_alpha_25\00195.asset.md","asset-note","d799b0ef3045141ccd3d6073fdbd9a39fba8ac2f5abca4b689d529a999d29f9c","9f7608cc17f94f7792b99dd34b58ef1e710bd673af1f11207ab57ab6883ff00e","2026-09-23"
"10_S老师IP资产\_asset_notes\D_Evan_video\zhuyiming\output\ip_v6_work\frames_alpha_25\00196.asset.md","asset-note","c24fef0177b365777a99e59ac6ee0b8e7cc2e746373c4e86a584e0e6ae2d8cf6","2d5e1bb99c47b582de444d5c1ae8de83c710bb53e70487c03111346df24ba88c","2026-09-23"
"10_S老师IP资产\_asset_notes\D_Evan_video\zhuyiming\output\ip_v6_work\frames_alpha_25\00197.asset.md","asset-note","23e9408677e19db7e8d3241ac44be67750ee153bcf8ea21cce77e680c167443d","185945612185a763066c1f948f1c7ece380127da2ae370baed1c8bfd7168703a","2026-09-23"
"10_S老师IP资产\_asset_notes\D_Evan_video\zhuyiming\output\ip_v6_work\frames_alpha_25\00198.asset.md","asset-note","eb6821a66eaea91e3b6e2f22c7219e75a7efa1d32ea004d6bd97a177168202ab","bdd14dde33fe268e14c6128678275606dc8e5f1e0f240ae5d04ad31525d7069b","2026-09-23"
"10_S老师IP资产\_asset_notes\D_Evan_video\zhuyiming\output\ip_v6_work\frames_alpha_25\00199.asset.md","asset-note","94d9f636d2fa41d2d6599936bfc29e4f2cbd91a96754b5ec34cd8931b87412cb","caf24e278942eb8e59e0b09892a952c15e2d6412d49b03bdad20ca6209393e6c","2026-09-23"
"10_S老师IP资产\_asset_notes\D_Evan_video\zhuyiming\output\ip_v6_work\frames_alpha_25\00200.asset.md","asset-note","1bc93ef0966a2c4d00fe273812672f05e6ea69e90731b8843bed2b80597e3d7f","633eeb724d562ebb323d7c633f282f9d4e1cc07c25c54ab062ac5e29a58d4ed5","2026-09-23"
"10_S老师IP资产\_asset_notes\D_Evan_video\zhuyiming\output\ip_v6_work\frames_alpha_25\00201.asset.md","asset-note","1e766bc757a823ecc09932b691796daef416404d59844af5b9aa040c5cfde127","302d2a25dda3a47ea2242e1d79b30859548ac14eea48491ddc26d123c88cefce","2026-09-23"
"10_S老师IP资产\_asset_notes\D_Evan_video\zhuyiming\output\ip_v6_work\frames_alpha_25\00202.asset.md","asset-note","defadb7a933cf9045e269f89760de27eaf98afd75c79fffd13c7d6f01f779251","fea8a17e0132d6229f9cdd8e62340122b745ca92c9152bfdc1de9d433e22db80","2026-09-23"
"10_S老师IP资产\_asset_notes\D_Evan_video\zhuyiming\output\ip_v6_work\frames_alpha_25\00203.asset.md","asset-note","71fbdd87682cb6ad789d4162873cf353e3134acfbc6929f81483a2a54e9634bd","9f5404c034e819dce80a62e13d64997d329c3e752843c731de2dac9a6452472e","2026-09-23"
"10_S老师IP资产\_asset_notes\D_Evan_video\zhuyiming\output\ip_v6_work\frames_alpha_25\00204.asset.md","asset-note","1da497a9ac364d91e8983a98733bc3de18c832f1ff2d1af2b5ced6dc5a5bb3c1","3e8bb18c6263f02fa3331726209f1a1dda299b820356d024c952458f1a969c57","2026-09-23"
"10_S老师IP资产\_asset_notes\D_Evan_video\zhuyiming\output\ip_v6_work\frames_alpha_25\00205.asset.md","asset-note","cb0ecea46f32168153d1061dfbd0118daf76a600d1960671564092e1ba7f0c27","0d0d0b98119688370ea937c4c46a8de1bf5057a84d54043296469b2cd41d6a93","2026-09-23"
"10_S老师IP资产\_asset_notes\D_Evan_video\zhuyiming\output\ip_v6_work\frames_alpha_25\00206.asset.md","asset-note","97093165a8db92a6bbf0a8f59e2e844d2682ce8ac184b3695103c43e4b0fe4dd","88106e759a16777df79ee4be30451fe079d2338a9f695bb9a99ec75e554fded9","2026-09-23"
"10_S老师IP资产\_asset_notes\D_Evan_video\zhuyiming\output\ip_v6_work\frames_alpha_25\00207.asset.md","asset-note","c3b388b1a9b4916a64f263640e6ed551ee9f74dc4174223b2e1fbdcd49144fe3","5aeba193c9f332665529795d32315ec5dfedb88322c29e0c90ed10488b8ef2d5","2026-09-23"
"10_S老师IP资产\_asset_notes\D_Evan_video\zhuyiming\output\ip_v6_work\frames_alpha_25\00208.asset.md","asset-note","f052f0e080f32d05d8df0e8eadc97b951dfd86b21aeee8e804efc376015830cc","976ce9eb946db69f85acdaee531ce16612d0844f449a8c8db58a0d10c6009090","2026-09-23"
"10_S老师IP资产\_asset_notes\D_Evan_video\zhuyiming\output\ip_v6_work\frames_alpha_25\00209.asset.md","asset-note","9b302f968ebde8a70cd4106837f9a76e5793c529d57bc42f95f43c44244f0a62","ad77f511e4f996c73963d18aa8f8bcd7ea8defba2ad0b25c745257ce8e7b37e6","2026-09-23"
"10_S老师IP资产\_asset_notes\D_Evan_video\zhuyiming\output\ip_v6_work\frames_alpha_25\00210.asset.md","asset-note","491f154f0475ed5113571df3b2aec04a6add02a48a9a6c986451ad0e8d4ca8e4","482895778dd1a603bfaf9b6aaf7103f4eaba9ae5584d3558327b8e0f68f7f2b6","2026-09-23"
"10_S老师IP资产\_asset_notes\D_Evan_video\zhuyiming\output\ip_v6_work\frames_alpha_25\00211.asset.md","asset-note","1085f6f8bca245310a4aea3b41b733017e2e6920968fe4e18ea4e15752c0126a","7acde1b14d18917ddc8153615a113accc95a643380d4447798c7a13d56ff86ad","2026-09-23"
"10_S老师IP资产\_asset_notes\D_Evan_video\zhuyiming\output\ip_v6_work\frames_alpha_25\00212.asset.md","asset-note","566d42365dd4cf3c1aeb9d763586acd3865c44b23aee96836825aa848382122e","1b8d3f78e6acbe1b1ec4129cbaf854c45f9e1fbab2b139dac8ff83bb61ce3b33","2026-09-23"
"10_S老师IP资产\_asset_notes\D_Evan_video\zhuyiming\output\ip_v6_work\frames_alpha_25\00213.asset.md","asset-note","a4ac7efa5d97e94c561543dfb88d1ebbf3af2d378a2880dfc85d91e7d00e15e8","bfb57e39ec753070ffcafe0589925a5d9f4ef2c60381ae0243200c69b001cc08","2026-09-23"
"10_S老师IP资产\_asset_notes\D_Evan_video\zhuyiming\output\ip_v6_work\frames_alpha_25\00214.asset.md","asset-note","99759badcf6e8a76f93c202269ea0859336cfdc7ed7362bfc21c43adcfb92155","8fc93aecb960467201f46870f99e46810897d6dc70bda8d5f5a8cc7dbd11e3c8","2026-09-23"
"10_S老师IP资产\_asset_notes\D_Evan_video\zhuyiming\output\ip_v6_work\frames_alpha_25\00215.asset.md","asset-note","9e541842f12b7ffba908088c02d23948b9e36971d69094097438c641d37df3be","06620cf5da7fb953b286013e7694cd839adc18b29c9a9e208883555d1b3e8c48","2026-09-23"
"10_S老师IP资产\_asset_notes\D_Evan_video\zhuyiming\output\ip_v6_work\frames_alpha_25\00216.asset.md","asset-note","9ddbf5cb69ec49efc9ddbe9649a72310ce648d03caa4057a2e66b64ef6f56e6d","0489a006f9fae4e70b5927b29ae913020a56e8e153d6c3033d7365d077d721a4","2026-09-23"
"10_S老师IP资产\_asset_notes\D_Evan_video\zhuyiming\output\ip_v6_work\frames_alpha_25\00217.asset.md","asset-note","f27c0d59658364c81387c161c8f1077ad86f6fecd7ac48a0f293fff581d2968e","59c3cd2172af14f86b1aa789f2f01c5cfd13dd403ab0e1c13ff93a89d8d9ee62","2026-09-23"
"10_S老师IP资产\_asset_notes\D_Evan_video\zhuyiming\output\ip_v6_work\frames_alpha_25\00218.asset.md","asset-note","e3d801eaed5723f777406379f2b4a48c9a8562b3935bc31e271274c773df8a4d","f2ae563a71a16e07a98185753c709c43bec3a61318499b59fa16fc30d5d9b745","2026-09-23"
"10_S老师IP资产\_asset_notes\D_Evan_video\zhuyiming\output\ip_v6_work\frames_alpha_25\00219.asset.md","asset-note","582a6fa55910b0056d447e6048097c93d97f9d7903db38e9fbeed81ce06a1913","dd7812ea99a9de51b3dab2215873e713b5e36460d7620b49dd353ff088702b93","2026-09-23"
"10_S老师IP资产\_asset_notes\D_Evan_video\zhuyiming\output\ip_v6_work\frames_alpha_25\00220.asset.md","asset-note","bcdbde19c42ae1b09383668b806f10966d829701a7234f9281de8781264c3340","027fe0b24efb3c4e340274d7d464252f8c5bdbd81e02c19ef033f7b9c5fa6534","2026-09-23"
"10_S老师IP资产\_asset_notes\D_Evan_video\zhuyiming\output\ip_v6_work\frames_alpha_25\00221.asset.md","asset-note","3af906fa5a4537f0901199c9eecd502d432ae5724f02349d8006a25a1170f202","98a79e3bf00c03fc984bb0c5ebd0617ec016deafea5c50872db9cd5bd3a4cca1","2026-09-23"
"10_S老师IP资产\_asset_notes\D_Evan_video\zhuyiming\output\ip_v6_work\frames_alpha_25\00222.asset.md","asset-note","79cb7dd7bc0d4850901eeefafb29c6c5f51758b8907737284e88adc7ff3c4388","2e207767bd4c011b6c438ece2660a5e461aac08f727e7886f00d96a31cbe1dc3","2026-09-23"
"10_S老师IP资产\_asset_notes\D_Evan_video\zhuyiming\output\ip_v6_work\frames_alpha_25\00223.asset.md","asset-note","6a740b1b1c287004ed0b85c4ff077dccd16f9cf8849f6e3b487822273b692afe","18531cc12bdda24e36133bb342bed558567173361ad4d72998059260ce33e3ca","2026-09-23"
"10_S老师IP资产\_asset_notes\D_Evan_video\zhuyiming\output\ip_v6_work\frames_alpha_25\00224.asset.md","asset-note","746ae7e4b65db746fbec7a26706f986dca1a775385d668576cf716d38b31b3a8","4b11530f4b751ee480c1339d4c137f7bb4729b71e1faf1497e9c2626d7baad4e","2026-09-23"
"10_S老师IP资产\_asset_notes\D_Evan_video\zhuyiming\output\ip_v6_work\frames_alpha_25\00225.asset.md","asset-note","7dc272e3404d98d2ffd641fbc8f6eea1c4be5cffb58dcd190982eafae6696178","99968c8ea94d3458d87c22b618d8834b38783397ebe135a44c15dcb7774e39a1","2026-09-23"
"10_S老师IP资产\_asset_notes\D_Evan_video\zhuyiming\output\ip_v6_work\frames_alpha_25\00226.asset.md","asset-note","716a6086112e9df5af5a1b537ff3e7d367a5cdbf5154cb25c44beb947f6eafd8","fe5991b9dabec74e3925581bd34c84e419e7b9f0db81293ea5f70ade3b6fe1b6","2026-09-23"
"10_S老师IP资产\_asset_notes\D_Evan_video\zhuyiming\output\ip_v6_work\frames_alpha_25\00227.asset.md","asset-note","f7e07188e0944c33cd6c95d9d0726e292a4779f5b8ffcb2d7bd9ef744e89809d","1fefe6377b78329e6bd2ce201c02ef55ac00564a68f0843eeb8bde537829561a","2026-09-23"
"10_S老师IP资产\_asset_notes\D_Evan_video\zhuyiming\output\ip_v6_work\frames_alpha_25\00228.asset.md","asset-note","076f4787ea5d558a776ee475581e5bff3fed1c687b7cd099711bcd2de3c8c4e7","78162fd06849c4db5ce144b8135968ffa05162650e8ddb410464a1dfbd798f31","2026-09-23"
"10_S老师IP资产\_asset_notes\D_Evan_video\zhuyiming\output\ip_v6_work\frames_alpha_25\00229.asset.md","asset-note","c3f6b7ac42d6dcfce911f29cefde56228117da34d41fa18bf6e9063f8516edb2","31f01fe2e1c8d693440f8eb67754b92a523d23f3cde2332c7e2d8e013d665094","2026-09-23"
"10_S老师IP资产\_asset_notes\D_Evan_video\zhuyiming\output\ip_v6_work\frames_alpha_25\00230.asset.md","asset-note","3ae46ecc7f2d87a4490252c3427b3bcb5aaf39a0dc421c5589685571bcd85803","5d790d30bfcaecec6051f299f4cb36a94bbfe8cfd901007faeff933ab7383d7a","2026-09-23"
"10_S老师IP资产\_asset_notes\D_Evan_video\zhuyiming\output\ip_v6_work\frames_alpha_25\00231.asset.md","asset-note","5cb07f78c818d06df84288b9b8f086f3e30ba306f3d69a5de48905c3f0a5a639","e901074057aedfd97186e7bfd80b441028300f547fc7f6548d9cd9783a5f9c9c","2026-09-23"
"10_S老师IP资产\_asset_notes\D_Evan_video\zhuyiming\output\ip_v6_work\frames_alpha_25\00232.asset.md","asset-note","17bd6efeb939efc3010700e032b35332ee7b516a5310c5a27a5363acd861db64","8538c55a823afdb2f55671fc5e648e37d9eb066044ed8dd5a3c263d31da95e7d","2026-09-23"
"10_S老师IP资产\_asset_notes\D_Evan_video\zhuyiming\output\ip_v6_work\frames_alpha_25\00233.asset.md","asset-note","ab8b8a6126dcb1252e07f12751b0568afec1e0bf990981ead8ab3a601b7ebb23","2ba876ab5609ca3746bd8a555cb7e22b7a30dd1c4340aeffe11f3ff7f0a62a7a","2026-09-23"
"10_S老师IP资产\_asset_notes\D_Evan_video\zhuyiming\output\ip_v6_work\frames_alpha_25\00234.asset.md","asset-note","1181ad9db77dce81c823254bf6b7c61e372d8ec92f6936f81caf69d6eaaa7191","8da6b4de47edcbd2edd3b1bae4c002cc4f495661fc75db1e2a5d9b4e6500785b","2026-09-23"
"10_S老师IP资产\_asset_notes\D_Evan_video\zhuyiming\output\ip_v6_work\frames_alpha_25\00235.asset.md","asset-note","93a0d4f32ea043e903b53f1e441e66808ca652e8e8d689fd9b4bd280700bba31","ece8a410b776afa4e294561ef90c31c8412c5572de40447142bc97cfb0a46c34","2026-09-23"
"10_S老师IP资产\_asset_notes\D_Evan_video\zhuyiming\output\ip_v6_work\frames_alpha_25\00236.asset.md","asset-note","468bf450bcd89c9634647199eae565b4920815653a012c8969e897b4bb9d4a86","3ff6d0688bb3461ec8ea1fa5ab353b0dc7eb5e21c85ec56427417005264b9967","2026-09-23"
"10_S老师IP资产\_asset_notes\D_Evan_video\zhuyiming\output\ip_v6_work\frames_alpha_25\00237.asset.md","asset-note","459df0ad045d8604dfd246eba10b4836b9c5f64476fcabdda2d6a252ee4580ab","3c6fb67d60511e0278c7617b6d0929af2789905cd45abf8340f3d9641afafbcb","2026-09-23"
"10_S老师IP资产\_asset_notes\D_Evan_video\zhuyiming\output\ip_v6_work\frames_alpha_25\00238.asset.md","asset-note","08d483921104d974865fee62a75cf3ce13b19d8d9fa5a94372e4b5353c2f69b1","9e387d6f25804331a8a006ce97e226da0faace3ed4f0d294a987dfeeb99fcc5c","2026-09-23"
"10_S老师IP资产\_asset_notes\D_Evan_video\zhuyiming\output\ip_v6_work\frames_alpha_25\00239.asset.md","asset-note","02b013281097a9b7a46cc4c65c43cd2000d2cdd0a5a311ac09e39c143f5b5938","f1d8f2c73dda845f76f29cd43f63feff9b04c89119461655bf09c1cb442c6a3c","2026-09-23"
"10_S老师IP资产\_asset_notes\D_Evan_video\zhuyiming\output\ip_v6_work\frames_alpha_25\00240.asset.md","asset-note","5ea3adcd533e35354dac17d14ff0d5bf54b13f04bcb4074059234dd5848e8ce6","39d2ba591b411abdfd212551ab1e78c31a7d55f316b38e98c4edc3d981ddf2c4","2026-09-23"
"10_S老师IP资产\_asset_notes\D_Evan_video\zhuyiming\output\ip_v6_work\frames_alpha_25\00241.asset.md","asset-note","2e1d7397be7e8ec286a2debc5ecee577d7baa031f8c609180f6e85124fd6f004","3380aab487174526ff135095253512d4da6272665351f4d7e35b85f39435c205","2026-09-23"
"10_S老师IP资产\_asset_notes\D_Evan_video\zhuyiming\output\ip_v6_work\frames_alpha_25\00242.asset.md","asset-note","b8a10142c74358c87c43836b041efa0c5f3ce7488b774f907ca90153d68e3e6b","c6a458cea56e869ef72c267fc8dc734ca3ae170e6621ad7264c406dbfc3f492b","2026-09-23"
"10_S老师IP资产\_asset_notes\D_Evan_video\zhuyiming\output\ip_v6_work\frames_alpha_25\00243.asset.md","asset-note","ae21c9221b2146c105f09bfb1852adc4c303008045b77e93a212eee0e87fddf3","128b2dc72d5f15d4f6a54e3b3d8031795854b77b4b4fcfe9157e109fcff22880","2026-09-23"
"10_S老师IP资产\_asset_notes\D_Evan_video\zhuyiming\output\ip_v6_work\frames_alpha_25\00244.asset.md","asset-note","6462507c077a7f63fe1e677ce086889c00ef67f3ec38aebf09bd5a6249fa6c78","ec4efa8499f270a1485dbebd85cdecc948bac979a46fa9e04d6295f124f9aae1","2026-09-23"
"10_S老师IP资产\_asset_notes\D_Evan_video\zhuyiming\output\ip_v6_work\frames_alpha_25\00245.asset.md","asset-note","b6e7dd4e6e7f9a341e731aaa4c976b0c2a579beab4834cdc590717ed2fd23da9","2c62dc3d92caf2536c168a5d3a9c3bc3298c90959cf2d358fc2cecde13003a5d","2026-09-23"
"10_S老师IP资产\_asset_notes\D_Evan_video\zhuyiming\output\ip_v6_work\frames_alpha_25\00246.asset.md","asset-note","2d7588ebbf0bcffe8add78bd01697419e90c1d19b8b0f8b4afb335d22a77ddec","4a5550a2898f3db6134e2a91573f2d6df08b04496aa4ea30907fc539982e9775","2026-09-23"
"10_S老师IP资产\_asset_notes\D_Evan_video\zhuyiming\output\ip_v6_work\frames_alpha_25\00247.asset.md","asset-note","a93ecb2f8373dfda072376eddb2375a81684ea6f91855fb95b8edb9314ac6f8c","779c8f1ea7a652f7c853747dd496ca9064e797ed1e2772047aa3fc3e6f2373f6","2026-09-23"
"10_S老师IP资产\_asset_notes\D_Evan_video\zhuyiming\output\ip_v6_work\frames_alpha_25\00248.asset.md","asset-note","6e1fa14ce1ff91ac302c181470af2321beb07ad14091dcff26fbbca17588cdf4","66bd70fea4b450e69b731a0bf5235f3f490af1c72a50b577026946c5e387603e","2026-09-23"
"10_S老师IP资产\_asset_notes\D_Evan_video\zhuyiming\output\ip_v6_work\frames_alpha_25\00249.asset.md","asset-note","e7f3733fd5ac696837fc8971768abbeb11803901e2d52daf8595d30b7c3bb3e8","d62ea43e82b943b65c73753c99e478a943afc0d2506b3351a10d1bcaa5841303","2026-09-23"
"10_S老师IP资产\_asset_notes\D_Evan_video\zhuyiming\output\ip_v6_work\frames_alpha_25\00250.asset.md","asset-note","56573e080036bff49464b67d517588b40e99a9eb5af473630139537049dc73c5","629f058fb3566d01dcb08efa0969251fe4a1abdcdcf0edcfb469bece4d7c5cff","2026-09-23"
"10_S老师IP资产\_asset_notes\D_Evan_video\zhuyiming\output\ip_v6_work\frames_alpha_25\00251.asset.md","asset-note","cf2f06772f4fd59bc1ca105c1895f27d697e4211dc3f9fb013aa42a0b2825145","747577ce6d02dcd5ab974267ae14d6a5d866d143ff0d7e76826d3cf08e48d050","2026-09-23"
"10_S老师IP资产\_asset_notes\D_Evan_video\zhuyiming\output\ip_v6_work\frames_alpha_25\00252.asset.md","asset-note","99530e2726597c04d0742c063c5c3e2695b141f912aba8846706fde1975865b1","51b81ee25ad4a2fc7f6ad21190e0b364b2810b08b676600a496533d009ca9309","2026-09-23"
"10_S老师IP资产\_asset_notes\D_Evan_video\zhuyiming\output\ip_v6_work\frames_alpha_25\00253.asset.md","asset-note","3d0b525255a97bea719777005048bd289528a48a8dede3cfa55fc1720a7fe7e1","3efae3177e7fe62d286d57454d72db49265d517e0065896f088f5c61d6bfed46","2026-09-23"
"10_S老师IP资产\_asset_notes\D_Evan_video\zhuyiming\output\ip_v6_work\frames_alpha_25\00254.asset.md","asset-note","b2aadeabc11dc4826020eb756d0e84e286b2d775fbc8cf7180c432ff508d293d","c6110d176bc0fa1274e05d90366ee106710b44f1b59f1f559880f827a566d5a6","2026-09-23"
"10_S老师IP资产\_asset_notes\D_Evan_video\zhuyiming\output\ip_v6_work\frames_alpha_25\00255.asset.md","asset-note","e26b9e44e90da9c9d860a8c048e93e6233c3d503a32fc6c224597ec0a92496bf","cc4279aeabdb5e2e1c33b21f4e5dd914ece5a3fe6c4730a50b84e5706508bbfd","2026-09-23"
"10_S老师IP资产\_asset_notes\D_Evan_video\zhuyiming\output\ip_v6_work\frames_alpha_25\00256.asset.md","asset-note","9f15d4e08bd457ab2663588d721638440d35e145768a8e6529ead51022821123","0ff4b3ebaa54a3bd2d2ef77f9855cfacb4c3822021b084a6711825bda536c951","2026-09-23"
"10_S老师IP资产\_asset_notes\D_Evan_video\zhuyiming\output\ip_v6_work\frames_alpha_25\00257.asset.md","asset-note","2af2c2fd924290049568c480335e4fd7b2db57d7e3e7b21d911af9d27c0fcab9","6408fe7c8c067098848bd162fe8b52bfbc5b8f199e6bc0a0417dcd3d8b563ea8","2026-09-23"
"10_S老师IP资产\_asset_notes\D_Evan_video\zhuyiming\output\ip_v6_work\frames_alpha_25\00258.asset.md","asset-note","941ae66c9e24e4fea9219be21bf77a7b5d4631b51a0af78e1f4981a63eab546b","1cecd7f8038d8d97746135557b2f298c884d70885eca06a3fb198caed56856cb","2026-09-23"
"10_S老师IP资产\_asset_notes\D_Evan_video\zhuyiming\output\ip_v6_work\frames_alpha_25\00259.asset.md","asset-note","79bb2113f7d6c4510ffe8146dffa8bad42bd80105078230f0aa1ebc9e1009ae7","a84fff7f0ffec3dc0e4255af41b578ed3728e9e361b6b1e1f7f9291daa7ac52c","2026-09-23"
"10_S老师IP资产\_asset_notes\D_Evan_video\zhuyiming\output\ip_v6_work\frames_alpha_25\00260.asset.md","asset-note","31f5e5949777ac144f530c6de4c4826d5953adb9d4806040689f9056484eb0e0","c86f18e0b0d8e2e591b70d666af0a03a3b8f436aa5eeeefb44aa980ae7dc10ab","2026-09-23"
"10_S老师IP资产\_asset_notes\D_Evan_video\zhuyiming\output\ip_v6_work\frames_alpha_25\00261.asset.md","asset-note","f060688a85ca4a6c45e583e22bdfe865257d7b24a80a32e9653a0963d0afcda6","334d581e53f1702e8d1fd604ef8134f93ddc047f79d8a5787ae898d09a2f033a","2026-09-23"
"10_S老师IP资产\_asset_notes\D_Evan_video\zhuyiming\output\ip_v6_work\frames_alpha_25\00262.asset.md","asset-note","bf1d56fbe535d771dea6486f2b8596adb45922ac5c945208c26e169523904ea5","b7ad29abb104452114032023af84c26a63c8723f2f83320a2538bd032416a919","2026-09-23"
"10_S老师IP资产\_asset_notes\D_Evan_video\zhuyiming\output\ip_v6_work\frames_alpha_25\00263.asset.md","asset-note","641afb358cca7b21cb94bc69e21eea171fbd2d14e001e96531c192eb85f410d1","d11e744aeb86d7540526d91ca6acad7d896a6ff9f0398623337eb815a423f03b","2026-09-23"
"10_S老师IP资产\_asset_notes\D_Evan_video\zhuyiming\output\ip_v6_work\frames_alpha_25\00264.asset.md","asset-note","0a73e1e9ee4f327ad55a6bcf4d75f839e6bdeac9d36c144eddca42bd18670747","8ad5931d39fd851333a36627ec2707c235bbefc70a95288b1e8dfc1d6ba4a753","2026-09-23"
"10_S老师IP资产\_asset_notes\D_Evan_video\zhuyiming\output\ip_v6_work\frames_alpha_25\00265.asset.md","asset-note","dfd669d79d01c491555501fc61dec15d2a380715ff0645088a95ae8010b6e43f","ed839485c0945e43d5f35966aca4cd4d2f9713406e8ba843729d67757932fca1","2026-09-23"
"10_S老师IP资产\_asset_notes\D_Evan_video\zhuyiming\output\ip_v6_work\frames_alpha_25\00266.asset.md","asset-note","0020fcd817fd49b437edcd9aa232e0e618ab5c736a48f56897ec6d46be5561e2","9b5c9de5fccf10e2418c08e3d3df40f149e9b9f734d012efc21906cac5e03041","2026-09-23"
"10_S老师IP资产\_asset_notes\D_Evan_video\zhuyiming\output\ip_v6_work\frames_alpha_25\00267.asset.md","asset-note","0c659120a58b93c7ee2ffc7d6dbf6cee9e425d4e1b65d067e23961bd5058ddd9","cc3613ab121949f10a39e9c24fc21b614e370402c3440bf0356960ad3f90cb06","2026-09-23"
"10_S老师IP资产\_asset_notes\D_Evan_video\zhuyiming\output\ip_v6_work\frames_alpha_25\00268.asset.md","asset-note","496ed81912a70a4c7578af0361eb7aa08eb4d3ac7b638027a749d8df8bd03308","0a2fd1855870c972dde2f862f21d7567bff2111fb3ff12b69a3dff8dca9bc4cd","2026-09-23"
"10_S老师IP资产\_asset_notes\D_Evan_video\zhuyiming\output\ip_v6_work\frames_alpha_25\00269.asset.md","asset-note","6602ab2a8926172e504c0beaa543470ea2238cd18d493ef03c6cd75c1efb3c39","41a01a6244f59fa2e66ce70e19f76111acc26683c4daa131f32981c7cf5b5dfb","2026-09-23"
"10_S老师IP资产\_asset_notes\D_Evan_video\zhuyiming\output\ip_v6_work\frames_alpha_25\00270.asset.md","asset-note","dcaf7835c946c1e544db03d3d5de73acbf24de84b6f7142dd1bc1b3eb9103356","a41e8488e1888c8fcf952bb12f687591f968b919db003944df346dbaa69f5989","2026-09-23"
"10_S老师IP资产\_asset_notes\D_Evan_video\zhuyiming\output\ip_v6_work\frames_alpha_25\00271.asset.md","asset-note","422aef8c2fc69ca2add965606659e2547a8cc8f8c5a5098c786057149aa66938","ba31f194199cda853e8558d69a112c1b442ae4432fc36086e5a5786471009f54","2026-09-23"
"10_S老师IP资产\_asset_notes\D_Evan_video\zhuyiming\output\ip_v6_work\frames_alpha_25\00272.asset.md","asset-note","38f4af76f8f31ddaeadd2c97fd35bb3f0441820e65eeeeb47c5105b69443637a","810913efc412c18015d91b24c86e930224a406d842f9cc1e3594398c5a304383","2026-09-23"
"10_S老师IP资产\_asset_notes\D_Evan_video\zhuyiming\output\ip_v6_work\frames_alpha_25\00273.asset.md","asset-note","d7be1827c20477a37bf5c881acf426f122ddb7465550b6745121799cb33e1fa1","1ddf66792d60d46f696c7799b84057a6167ccf4d0e448d67dfe9ed060436251f","2026-09-23"
"10_S老师IP资产\_asset_notes\D_Evan_video\zhuyiming\output\ip_v6_work\frames_alpha_25\00274.asset.md","asset-note","733d29dcb70a6521241da0d24f4413c13789f42c1557732017faf4332881d4f2","6e5b6446eeabb9342a009826ed1cde87d36881e72c4d4ada76ab3064cbf281cf","2026-09-23"
"10_S老师IP资产\_asset_notes\D_Evan_video\zhuyiming\output\ip_v6_work\frames_alpha_25\00275.asset.md","asset-note","4c9fcda5aa723b0d0a8f6820a84359b87644bbcf4884b0062e6ee9ddb9e952ed","b48568fd26cc599a8cab4ffbe1a1db801a64c0a524e5cf55e3780fd63fe31f1a","2026-09-23"
"10_S老师IP资产\_asset_notes\D_Evan_video\zhuyiming\output\ip_v6_work\frames_alpha_25\00276.asset.md","asset-note","b94d65858bee407bfe92d2f676e69b7d3661ddc8bba6126dfd07500cf80b6591","b053aecfdab8f666cfc0f8a671e39744595fba5b8028d4664df148d4e1f87c01","2026-09-23"
"10_S老师IP资产\_asset_notes\D_Evan_video\zhuyiming\output\ip_v6_work\frames_alpha_25\00277.asset.md","asset-note","02f3079f99c0fc8b82661784aef20a74b8b641fa369dc0a46a06a841eacd90e9","b7395c9a012e3660864c3ca88756d8d8f5cec9bdcac8cf1f0aa47487fdfdf137","2026-09-23"
"10_S老师IP资产\_asset_notes\D_Evan_video\zhuyiming\output\ip_v6_work\frames_alpha_25\00278.asset.md","asset-note","53f41d30901a8f111671f272351edbdc494c3d160e9d4b0f6a17701af4ad4e53","f16551fe88c6114bdf56aa6d469eab09adcfe4d1c209f7fbb65ab14bf90084f5","2026-09-23"
"10_S老师IP资产\_asset_notes\D_Evan_video\zhuyiming\output\ip_v6_work\frames_alpha_25\00279.asset.md","asset-note","a6514b23fd131accf2adc15ecf8b6e5e4170ef3b2127b09a88d89f7e46cb1591","8e634a8417d7730ae44d95e8cda073e052ea2f6dfff6f4e620a70710b1d0ea50","2026-09-23"
"10_S老师IP资产\_asset_notes\D_Evan_video\zhuyiming\output\ip_v6_work\frames_alpha_25\00280.asset.md","asset-note","bc8fd198b07aa79d40dc0816d4f542520299a87d0b3c793023f1b66d4c1c81af","531d1caf18e675bf6f08e40732994bb8ffba84ce39246f855a4fd748ff8f3d33","2026-09-23"
"10_S老师IP资产\_asset_notes\D_Evan_video\zhuyiming\output\ip_v6_work\frames_alpha_25\00281.asset.md","asset-note","5e4a41998d73deea8ce21604afacb43d09fe938ee96ac62b65f4812b27c227eb","d8173ef7f0e8398d3e34c1774b7c596a389576697df3ec33959fba11b823d3a4","2026-09-23"
"10_S老师IP资产\_asset_notes\D_Evan_video\zhuyiming\output\ip_v6_work\frames_alpha_25\00282.asset.md","asset-note","e711fbdb983031340332b0b4293a6d5a6b4f955049592829ebcdfa2e25ce2ecc","4b48600a2438272dbc390ce1938fcf904982ad4bea9680d8acfb598cfb0e39da","2026-09-23"
"10_S老师IP资产\_asset_notes\D_Evan_video\zhuyiming\output\ip_v6_work\frames_alpha_25\00283.asset.md","asset-note","21f9ebc907bc67fd915a45f65e85da8f2ac6fe74027ce7cb39696ab47b8bb99b","c95c1c6024efee0a82cd5358c1fdebada68eb0ebaca0dcae3e269dde0d16a8b3","2026-09-23"
"10_S老师IP资产\_asset_notes\D_Evan_video\zhuyiming\output\ip_v6_work\frames_alpha_25\00284.asset.md","asset-note","421192442d67bba892d0f689dc9ed5ef4c24c17038dfff6f5f653b30e55f0f38","ce7dda74b3037cd8584da30a2be890bf3964105869c1b1e0451ec138fe7cb555","2026-09-23"
"10_S老师IP资产\_asset_notes\D_Evan_video\zhuyiming\output\ip_v6_work\frames_alpha_25\00285.asset.md","asset-note","cb33d159c824935b335f74bd70bb1f031dadf5a2d2dcae0737f025e0a89c8c46","fa9b8b45245da18cc042dc7eac137cf239b66b368bfd0abb15aadf791223767a","2026-09-23"
"10_S老师IP资产\_asset_notes\D_Evan_video\zhuyiming\output\ip_v6_work\frames_alpha_25\00286.asset.md","asset-note","abae945d7cbd5b75a409d479cabf71561d41c1fbc565d4c9ded88e4fd8c6e2f7","c694ba10d3e592b274a66d31b3ba07095bc723f942d2c68eb96cab47d550d0b4","2026-09-23"
"10_S老师IP资产\_asset_notes\D_Evan_video\zhuyiming\output\ip_v6_work\frames_alpha_25\00287.asset.md","asset-note","d813b571b38943f6605d7c4501a67f22d0ac3c0a8e272b5776bfe3b3f903e591","4438dfdfc15209b9556902f0c2e3ac92b9bbf3e125f9cbd42662d8ac573a8f3a","2026-09-23"
"10_S老师IP资产\_asset_notes\D_Evan_video\zhuyiming\output\ip_v6_work\frames_alpha_25\00288.asset.md","asset-note","9059bb6160803437e07c30f37ff3d27d9e793bd18db13368eed51f64153a0945","4f0e1f1e53803bae4303abec21c3799f8cc42b4e17e70bc050f91a76d877e84a","2026-09-23"
"10_S老师IP资产\_asset_notes\D_Evan_video\zhuyiming\output\ip_v6_work\frames_alpha_25\00289.asset.md","asset-note","c540677996094c59e3af72543f79b81dc505abff7a13352aa8126226703b5881","c2cb645ebc9ee8ab9a96d2f4d20a18e2b41ed05a8f9e89678c811045112dd91d","2026-09-23"
"10_S老师IP资产\_asset_notes\D_Evan_video\zhuyiming\output\ip_v6_work\frames_alpha_25\00290.asset.md","asset-note","373d425adce205f4dc5e1ab5d0e174d51722c9f8f3e8b1d278f8895cabc613de","e434c1c280c4963a50b210a37beea907685447f02589bff7c1ef61ea2e63f763","2026-09-23"
"10_S老师IP资产\_asset_notes\D_Evan_video\zhuyiming\output\ip_v6_work\frames_alpha_25\00291.asset.md","asset-note","39a50adbb56e692065efffef6a84495b42ba303ca525103485948cff090c63ef","fc4c8947853b48d0d8d6465cdd0fd1f57f9e3ed23e2c650bf367b36018e42b69","2026-09-23"
"10_S老师IP资产\_asset_notes\D_Evan_video\zhuyiming\output\ip_v6_work\frames_alpha_25\00292.asset.md","asset-note","1357fcc81ec332adae8bac1feccf1e4760bb6d564ef6fd423eec3eb8c5508449","5e61c5e10a0f9330390cff19863f0bbbc89b3793cc1ed1ec7c4a84f4840d9ca4","2026-09-23"
"10_S老师IP资产\_asset_notes\D_Evan_video\zhuyiming\output\ip_v6_work\frames_alpha_25\00293.asset.md","asset-note","d1360d2d2e73c68bd1c83ddf2a81cb9ff685839cc1802e9123b78b0c4e878b77","c3c1584743df2a9f12ba31e66f52bb6a88aab0cbd09690c828f14e6e0e004406","2026-09-23"
"10_S老师IP资产\_asset_notes\D_Evan_video\zhuyiming\output\ip_v6_work\frames_alpha_25\00294.asset.md","asset-note","148f93cb71c052a6ca3e624a3bb9be3ade417382dc677fd27661ef5c9e1a3a54","b448f0a362bca160fe8f15de8f693737c2af15de3e0338a844712730b0a9caf1","2026-09-23"
"10_S老师IP资产\_asset_notes\D_Evan_video\zhuyiming\output\ip_v6_work\frames_alpha_25\00295.asset.md","asset-note","d3a5f30491a010cfe8180bc1513891fe0b961fbdbb788cc786e91ddeabd65b19","cbf38361c2756053b4ff807adf57162465476272589c60dac059696466c088be","2026-09-23"
"10_S老师IP资产\_asset_notes\D_Evan_video\zhuyiming\output\ip_v6_work\frames_alpha_25\00296.asset.md","asset-note","72aa5b5b16172ba4fc3fec7d94653ba899e83597222367c85dab14f26f602941","8cce2757620a0a9583a2a6231867cd7061e0fc949fb4eb6c217548d88eac1315","2026-09-23"
"10_S老师IP资产\_asset_notes\D_Evan_video\zhuyiming\output\ip_v6_work\frames_alpha_25\00297.asset.md","asset-note","7c8b227f99bd60189d4ba84516131e0da61f0210e674b824b0ed0ea173173c5d","7c706f53efc504c11b71269d1e87c6ec1cc4d4172425f11ca354a235076d09ec","2026-09-23"
"10_S老师IP资产\_asset_notes\D_Evan_video\zhuyiming\output\ip_v6_work\frames_alpha_25\00298.asset.md","asset-note","20f7481d03d95afb1ead816e14682e2caad1f780168f60b7dc97deca9e302fe5","842a45c20ad27bc4acb12febdee6da7d9842fbca23d8b7d7dfa2b64bbb8a76f8","2026-09-23"
"10_S老师IP资产\_asset_notes\D_Evan_video\zhuyiming\output\ip_v6_work\frames_alpha_25\00299.asset.md","asset-note","b9ec06acd70d1654ed4aa8ac307d18dbf9abc2b74de88321f912cc65d17a82ff","5db2e4374263d557457dd37f6cdbe300c7b7df5c9d551fe60d8c64db752de0c0","2026-09-23"
"10_S老师IP资产\_asset_notes\D_Evan_video\zhuyiming\output\ip_v6_work\frames_alpha_25\00300.asset.md","asset-note","9961981814e2a1648b7bd226e76bb5d01f24c631c7b793012789b2d420131401","f0026e7a94d348decf3785fc7ece5d837a99911a48b5aec7ae7b1444e741ca73","2026-09-23"
"10_S老师IP资产\_asset_notes\D_Evan_video\zhuyiming\output\ip_v6_work\frames_alpha_25\00301.asset.md","asset-note","3d050ab5b4cfdf0d731bc30056ccd23d48011ff39a57c1ee2b55d4ac9ec49662","016b317a1cb46035bad066c8582322ee58310bd77ddc418176ccd2a80e0b851c","2026-09-23"
"10_S老师IP资产\_asset_notes\D_Evan_video\zhuyiming\output\ip_v6_work\frames_alpha_25\00302.asset.md","asset-note","a63754d885fb0cf3f9ceec8da1de2ebed9641b4fc99572b230be49955bdf1e9a","9735dffffaebab6c2f1eeb9213c8d90f9e125ccdf15adae82850e3687a55f505","2026-09-23"
"10_S老师IP资产\_asset_notes\D_Evan_video\zhuyiming\output\ip_v6_work\frames_alpha_25\00303.asset.md","asset-note","5df3116256e1752e4731c807f76693a71bb2c3ac4bdd3c8c53d7b60d107638fa","48ab57fec02f6af648ad2fa50c36ccdea100c41eecfb96059472e11fc5257ee8","2026-09-23"
"10_S老师IP资产\_asset_notes\D_Evan_video\zhuyiming\output\ip_v6_work\frames_alpha_25\00304.asset.md","asset-note","cf54af3ab4d080a63057031f3dd08471d3a4a66be08904b5c4157f658765e4e7","151326acae3e01dc4c8494db85fcc7f3a518c75739497fa03edd481bb834f671","2026-09-23"
"10_S老师IP资产\_asset_notes\D_Evan_video\zhuyiming\output\ip_v6_work\frames_alpha_25\00305.asset.md","asset-note","1505ed4c89a9abcf2f12332ca7d8c49966f0abd29848f65eaaabda7e0bc1ec35","278bc98011cd34c326485fac7087e45f9b593c42f1e4ed5662e3f39f22b7d5f4","2026-09-23"
"10_S老师IP资产\_asset_notes\D_Evan_video\zhuyiming\output\ip_v6_work\frames_alpha_25\00306.asset.md","asset-note","5773d641e7ee48dc2c52764ae7c867e1dc3ae332323555d604479f3f225a3401","639f34d877d3341f28c7b6441d4eb5b17b3d7eb44f3b56da1fd0950260d2bde5","2026-09-23"
"10_S老师IP资产\_asset_notes\D_Evan_video\zhuyiming\output\ip_v6_work\frames_alpha_25\00307.asset.md","asset-note","50033ec727b00f7f1c1b870c74d118c9cc0351113523770075e9960fc0400573","eb0ef785df27828be1bc8eab0030c6a657ad0ba689a4991fdb1fe3f0d1aee7ef","2026-09-23"
"10_S老师IP资产\_asset_notes\D_Evan_video\zhuyiming\output\ip_v6_work\frames_alpha_25\00308.asset.md","asset-note","2b6f37d7e2814ddc9f0ba3d74f60c928992882680e6bd0a6bcf6e303b18a345b","313b3f81d9400093220c876fbe0294ad8bfd03f3cc74ad8f93901bdc6b864c74","2026-09-23"
"10_S老师IP资产\_asset_notes\D_Evan_video\zhuyiming\output\ip_v6_work\frames_alpha_25\00309.asset.md","asset-note","07c6e3a26ed9f6380e3cf8891add67bce9df85a45d391cd0a83be5a8b1fab763","b7dc46fdaa94bfa32942fbaf96052f48c74bb3f2d0f6886b9d3a025a8eab1bb7","2026-09-23"
"10_S老师IP资产\_asset_notes\D_Evan_video\zhuyiming\output\ip_v6_work\frames_alpha_25\00310.asset.md","asset-note","aac922b6fc133a1a631e7ecc5dcb27661abec173d319d3513b82544f7d1a23b8","a47b5c25d199c4458e74f4e192adb4014d94e6f54b1946a04ddb2e65af6dad47","2026-09-23"
"10_S老师IP资产\_asset_notes\D_Evan_video\zhuyiming\output\ip_v6_work\frames_alpha_25\00311.asset.md","asset-note","f1e0ffc02be927c9ee99b3762a1b105dd74eeb2b7f283ac25b86496d90e22e92","e59b91590945ff08fa4f0052ab9f859d64b4ed8183b6e186ded5fc9b3f8afede","2026-09-23"
"10_S老师IP资产\_asset_notes\D_Evan_video\zhuyiming\output\ip_v6_work\frames_alpha_25\00312.asset.md","asset-note","fcdd561d3474c781315358220f4f8ab74c6e040bbe10b7d257f41d615add91d6","11dfe38ef8d48227f5c3487121d58eb9de8371c665f05320aac55476a07ab12e","2026-09-23"
"10_S老师IP资产\_asset_notes\D_Evan_video\zhuyiming\output\ip_v6_work\frames_alpha_25\00313.asset.md","asset-note","dfa0bb0df2f07db902c40d85097fea5f2d6b6e69ac0128801fd4c2d2133344ac","9aecd4d6a6dc8a4cdc23772402aa56782223ac0b6c548d4faddbf4e4f9db50eb","2026-09-23"
"10_S老师IP资产\_asset_notes\D_Evan_video\zhuyiming\output\ip_v6_work\frames_alpha_25\00314.asset.md","asset-note","ef228b43e0a51c9a401abe40f435b58351f6544299c0a673dbae71787939513f","1f962c8b468ef5715d0c5de4484cc3f7ef9c64c7440252cbb4ff451532ffc867","2026-09-23"
"10_S老师IP资产\_asset_notes\D_Evan_video\zhuyiming\output\ip_v6_work\frames_alpha_25\00315.asset.md","asset-note","3ae7afb95874cf91daca7b5f119485576804f55c5e617c015532ba6b3b4ff247","39258dca0f8228edd0085d1b15bb0ba2fe687cfe06df84bae72ec291e57abb81","2026-09-23"
"10_S老师IP资产\_asset_notes\D_Evan_video\zhuyiming\output\ip_v6_work\frames_alpha_25\00316.asset.md","asset-note","93d7906d1bc909a4dd0544f72e37118eeb0464a39bbfbf70db02272952f1f30e","1af11ec00a5c8de7209f3bfe461050ab919c5f4f87ee562e22135c747894a5e8","2026-09-23"
"10_S老师IP资产\_asset_notes\D_Evan_video\zhuyiming\output\ip_v6_work\frames_alpha_25\00317.asset.md","asset-note","5a3394967a5c472b9e9afbddf7b80a599bf55440ef1706b5a2c0b09fb550bb36","8dbb6a46bcc8e2128c3044eb7c7afdd83b348d6a4d749341ad87620c6fc8fb4b","2026-09-23"
"10_S老师IP资产\_asset_notes\D_Evan_video\zhuyiming\output\ip_v6_work\frames_alpha_25\00318.asset.md","asset-note","6280f3e66ec2a2b6676270e35df3dbc1dbe3788933d010db5e9ab98041248abc","f902ccf4bed4590828f7842f4523eddd8920ead8081b1ea96c44ede04a199fa2","2026-09-23"
"10_S老师IP资产\_asset_notes\D_Evan_video\zhuyiming\output\ip_v6_work\frames_alpha_25\00319.asset.md","asset-note","d10ba22b1674042df6873d5fbe85f9a49fda07cc73f46797be44056f1dbeafd8","778ba29b69f8a34f058101c5c8cb2d6710b8a0eaa8b6a46848bec83ae50daf87","2026-09-23"
"10_S老师IP资产\_asset_notes\D_Evan_video\zhuyiming\output\ip_v6_work\frames_alpha_25\00320.asset.md","asset-note","74092ae2d4f2ad2a56ecfe4dea445af9ce5e9ac81427c1d1b754e07ddc82a633","1800b5e0a24931aa7918e4ab0caa708a069390d16c9d243aeee14d68b2cc6492","2026-09-23"
"10_S老师IP资产\_asset_notes\D_Evan_video\zhuyiming\output\ip_v6_work\frames_alpha_25\00321.asset.md","asset-note","b6ac2980005403d25e0d2e6eaf2a15d4f27fad2fde55d074c923ed4b1a406e96","7972e830048b09e717b3e4fead3bf7cf9554794e26f818f1f99a1d5d5a9de9ac","2026-09-23"
"10_S老师IP资产\_asset_notes\D_Evan_video\zhuyiming\output\ip_v6_work\frames_alpha_25\00322.asset.md","asset-note","4db643a65b3b63633a830d652b4f230c2aa4189b841ab1e21037a0e28f1c101d","2809b2563b660b03dd2203b5b4db2fe632e4fb1a1735dee642c45b6620b86069","2026-09-23"
"10_S老师IP资产\_asset_notes\D_Evan_video\zhuyiming\output\ip_v6_work\frames_alpha_25\00323.asset.md","asset-note","60ff988752df5f7274481b353d80fe8fa75834846ee8e6dc3873718959e693d5","25793a4ecc84e934d5af02a64b3920461aec5cec211fe22d96054188b3cbf947","2026-09-23"
"10_S老师IP资产\_asset_notes\D_Evan_video\zhuyiming\output\ip_v6_work\frames_alpha_25\00324.asset.md","asset-note","35164c27943adf50c53618db932a62d3d9a54126ba9064edfcac2cadc4286d6e","9ab2abe8a0d0cb7090236c70b2a51c970ab06cfe7e296df49e148b22186b8de3","2026-09-23"
"10_S老师IP资产\_asset_notes\D_Evan_video\zhuyiming\output\ip_v6_work\frames_alpha_25\00325.asset.md","asset-note","3a067b6e56914115ed1cf899315d2a11389dda64750d9d4bc65e5b53ff57d59e","68bf3f7cf72ef28f4e3e9218d56c44a43defe809c82fbf5235a736876c43137b","2026-09-23"
"10_S老师IP资产\_asset_notes\D_Evan_video\zhuyiming\output\ip_v6_work\frames_alpha_25\00326.asset.md","asset-note","f2edb423550fd810d3b0641ce172276e041f036704fe1b68b0e4b87c81530071","d2a529e8e716dcddced988f22525cff5e76719997d940c34044d0e43218fa1aa","2026-09-23"
"10_S老师IP资产\_asset_notes\D_Evan_video\zhuyiming\output\ip_v6_work\frames_alpha_25\00327.asset.md","asset-note","0d38e45cb22f3e11999ff865c118056de0532768204e9954be6655b6a55a8028","dd4740417e5107d309af9a447b6f041817ab8ab12f418af3f982210d7694bf29","2026-09-23"
"10_S老师IP资产\_asset_notes\D_Evan_video\zhuyiming\output\ip_v6_work\frames_alpha_25\00328.asset.md","asset-note","19276f3de050a8299a957652fba4c1d7b28667c5c593918925ef993506d22f39","3ae73ee04f56aeb5bb653a037c5cf6b6d69bdf3f1dfc28224a73a32f50420716","2026-09-23"
"10_S老师IP资产\_asset_notes\D_Evan_video\zhuyiming\output\ip_v6_work\frames_alpha_25\00329.asset.md","asset-note","e432af90de1112301dff206a52b864b42e051da908fee54f6567f12915508c55","2e6a298aa560ecc62a6c37401b61f854b37d6e4acdabc51bf288020ea6e6e13b","2026-09-23"
"10_S老师IP资产\_asset_notes\D_Evan_video\zhuyiming\output\ip_v6_work\frames_alpha_25\00330.asset.md","asset-note","96dc9089d61aebcbdae00cc7216a649197a679c9b5b6e6d4a2b53628ef9d0d58","f2d0709e0ccfd644f45022d79f978c721379327040afd119ee46bec13c913b5e","2026-09-23"
"10_S老师IP资产\_asset_notes\D_Evan_video\zhuyiming\output\ip_v6_work\frames_alpha_25\00331.asset.md","asset-note","55db5f1ba70480e705f8e7f32452bbde148ef39dcea05ff1d566eb9f134bd000","cd6aac5f08da0df6d827104b1ef2b35a3ad1c1ca6d203e7eb8d049458768d098","2026-09-23"
"10_S老师IP资产\_asset_notes\D_Evan_video\zhuyiming\output\ip_v6_work\frames_alpha_25\00332.asset.md","asset-note","4e7dd37f2f09f87b991308ec4d29fcb74e7eb29fae7ea2ed191fe50373ddc4ec","76bf47ecce76fa03992bb49586990d98fade5b9323506b428b36dc8452aa6de1","2026-09-23"
"10_S老师IP资产\_asset_notes\D_Evan_video\zhuyiming\output\ip_v6_work\frames_alpha_25\00333.asset.md","asset-note","718b420f36336ea66f9095ca215978c55bdc52276b4be33a3b5c8928f8f45b19","c2222f90a1576b406296d975f9908258ffbf1338df37e5c672e1bcdd66b38000","2026-09-23"
"10_S老师IP资产\_asset_notes\D_Evan_video\zhuyiming\output\ip_v6_work\frames_alpha_25\00334.asset.md","asset-note","6544bfc2806cfd24e97426796fe99a9ea302f99de72a0748eafb7d771b454b78","6a72cd071f7a4811ed0f4ecfd748cc7a8df28efd5fe07c1af79e3813bfc54774","2026-09-23"
"10_S老师IP资产\_asset_notes\D_Evan_video\zhuyiming\output\ip_v6_work\frames_alpha_25\00335.asset.md","asset-note","e3b925b1660d0d32d8532d82cabbf34b524537a5ecf0975532f6fdd2f5e0ff7a","f9eafbe304bf36f38aa82f458716082e7252d45fc1ee112b51d55384993f9e29","2026-09-23"
"10_S老师IP资产\_asset_notes\D_Evan_video\zhuyiming\output\ip_v6_work\frames_alpha_25\00336.asset.md","asset-note","b49f37c22682b8772efe4affac77712d0d4f255c410f718910e309a0a66c2edc","3152b0db605c7e9efa7568ad31750afafd65ffe8d67538e07f527cf148685a22","2026-09-23"
"10_S老师IP资产\_asset_notes\D_Evan_video\zhuyiming\output\ip_v6_work\frames_alpha_25\00337.asset.md","asset-note","a51d75c89f3714643cbba23b3195bb244cd50bc632664499978a5e8cf83e968b","efa42b76a21918dc0bd14856058b481dadbec5d726de6e3345f388c9334bfc66","2026-09-23"
"10_S老师IP资产\_asset_notes\D_Evan_video\zhuyiming\output\ip_v6_work\frames_alpha_25\00338.asset.md","asset-note","77ad172b63b92876a3ffbe5f37508f73e2a4c5185d91e292a5c4b9981975ace8","a58a9b6faf7f3299ab68f487086f7a96cbcbd37fb8eefa9d959fdc2bdb493bd8","2026-09-23"
"10_S老师IP资产\_asset_notes\D_Evan_video\zhuyiming\output\ip_v6_work\frames_alpha_25\00339.asset.md","asset-note","b80928ca9ab2b97416523670eaf692aa1aaabe351b66cd36a00c6a34f33bbb2d","9452d8ae5fb0c3e22a573c5fa3a06de3fc3abd166fe6e0bba38718129cda7201","2026-09-23"
"10_S老师IP资产\_asset_notes\D_Evan_video\zhuyiming\output\ip_v6_work\frames_alpha_25\00340.asset.md","asset-note","078006c2bb4ed0339c34ccce9d31132a96b002f3a91465f047ac3e28cbc42cbf","1845ae12cd07a4e21fd0c32a397be466f6e4552e5629425f64c6ab0a0c99952b","2026-09-23"
"10_S老师IP资产\_asset_notes\D_Evan_video\zhuyiming\output\ip_v6_work\frames_alpha_25\00341.asset.md","asset-note","29916ca7b0d207d6ab35a306c80e5ae9f2dfd2ef732b5f8ae2699aa816fe2f49","8f5635d1b3e643eb9e47192d3f6e1c7e5fdb10b0d7f2eccb5133d286ee383eb0","2026-09-23"
"10_S老师IP资产\_asset_notes\D_Evan_video\zhuyiming\output\ip_v6_work\frames_alpha_25\00342.asset.md","asset-note","a1701e88759e7c99db5ad4062810a843e76348cbe4bc9244f98de8f1773d3d4c","6fbbdffd5794c519d940fe230fc5bc0a764a35a95eab36b39e4a793585f58d17","2026-09-23"
"10_S老师IP资产\_asset_notes\D_Evan_video\zhuyiming\output\ip_v6_work\frames_alpha_25\00343.asset.md","asset-note","32b018fc346be5b48d8a5a0f539ef9d90ec36645d2af60ac76cbade2ec902d58","613884323b64a0bf163376a07b087167a50bc74fd9b6ce2a99cacd63c302e0d9","2026-09-23"
"10_S老师IP资产\_asset_notes\D_Evan_video\zhuyiming\output\ip_v6_work\frames_alpha_25\00344.asset.md","asset-note","9fcf2d3bcbc861f104a0c7756a7a916508487c66ff8c790e634b27f9a53a14ee","eae155e6a0898b6ff5bffc0bfbb6a3d91a59613cda3039acea884f4a5a6db620","2026-09-23"
"10_S老师IP资产\_asset_notes\D_Evan_video\zhuyiming\output\ip_v6_work\frames_alpha_25\00345.asset.md","asset-note","56301db49ef99cf38e7de95be2a1ce236d0b024efbf7df91c3355f053db875a6","0ea0350039145d5592e0d2e8d982e4159024073cc7914863c53aaf299fd42511","2026-09-23"
"10_S老师IP资产\_asset_notes\D_Evan_video\zhuyiming\output\ip_v6_work\frames_alpha_25\00346.asset.md","asset-note","a00056767f7e80b464afb9baa091ea9efcfb3c713019e92e17abe66a54686c69","f9f891bc80cefae9c27c979df5033be88c8890575b6b24de29ade9e86cc083fe","2026-09-23"
"10_S老师IP资产\_asset_notes\D_Evan_video\zhuyiming\output\ip_v6_work\frames_alpha_25\00347.asset.md","asset-note","d2020783291b8821c743226f66feb8d93a52d110d707cfef2ccc95d70e4cb740","3913ef80bf4a96b2853f88a375052eac54960ba0fd9306d12cbc9f64d1eea1db","2026-09-23"
"10_S老师IP资产\_asset_notes\D_Evan_video\zhuyiming\output\ip_v6_work\frames_alpha_25\00348.asset.md","asset-note","1ede073f65f389e903743c73d494dbfe8dd9e907d6ed8361a5c7e45aa9bf6cc6","2bdc08c9d13efaea68a0fdb76bfa3ce19699ca508cfc9550795c138ca97a5bfb","2026-09-23"
"10_S老师IP资产\_asset_notes\D_Evan_video\zhuyiming\output\ip_v6_work\frames_alpha_25\00349.asset.md","asset-note","ad7814e20914f94fe785389abc3061758d67e4e5f787f97db62c5763e4d903d8","f8c5bb6c294e33f54d4004160d4ceeb72e14e072418400c5589a05ca4425ccce","2026-09-23"
"10_S老师IP资产\_asset_notes\D_Evan_video\zhuyiming\output\ip_v6_work\frames_alpha_25\00350.asset.md","asset-note","863b2dbc59f2088a33fe30dcbe20ec0c29a3c1156d1cd4c15d993eb4d3306845","73b91411aa530782a23b97e8cc7a0b8c2659a6c1cc4a21563cc795fc0008dc7a","2026-09-23"
"10_S老师IP资产\_asset_notes\D_Evan_video\zhuyiming\output\ip_v6_work\frames_alpha_25\00351.asset.md","asset-note","ab6be965406419986c391e952b90986d74e090686fb139795c41fea59ff13597","7a9392af157f64685bc969976faf83c9cb72076df260e5db7c7bf56a86b8a99a","2026-09-23"
"10_S老师IP资产\_asset_notes\D_Evan_video\zhuyiming\output\ip_v6_work\frames_alpha_25\00352.asset.md","asset-note","e7874e0dcccadd2602eef0db5fa083f636f55465b1a6026db20f42d5b77e3c59","071524457197ad003698a133be74288fe3a93762b0da5873632274b5b2627fe7","2026-09-23"
"10_S老师IP资产\_asset_notes\D_Evan_video\zhuyiming\output\ip_v6_work\frames_alpha_25\00353.asset.md","asset-note","8287b601624def7787e98d390ddfd895e7fdb20be3463e2a0a80de45a09a72fd","ffb7c6ba73179bb7db36ce4029d6035f23c68425e2f17e2cbc91886b94106bbd","2026-09-23"
"10_S老师IP资产\_asset_notes\D_Evan_video\zhuyiming\output\ip_v6_work\frames_alpha_25\00354.asset.md","asset-note","e7276fed18b579e344d1e7f893fc2f35f27b8e5235c8196d57f630cbd1aba0f1","69963966682f621364890e6d6f3178e2a5f115a25cf766ddfbbe6ca19a29d701","2026-09-23"
"10_S老师IP资产\_asset_notes\D_Evan_video\zhuyiming\output\ip_v6_work\frames_alpha_25\00355.asset.md","asset-note","0323b120ef89724ed70b1be356a1a8fefa7e322a009a068a3b129da6e214c411","92a1fa9dd7142e8874005d0f494541eedf0c417fa2bbb5874936ac423f2905a6","2026-09-23"
"10_S老师IP资产\_asset_notes\D_Evan_video\zhuyiming\output\ip_v6_work\frames_alpha_25\00356.asset.md","asset-note","4f3bbe7ae1453965c7759605f147c5c7307d251cb309fc6616b94efeecdf8c41","a77995c6ff4b2f451a4ae3ed8f4963e748e6b59f31a9f53a0f0d0068e86e7604","2026-09-23"
"10_S老师IP资产\_asset_notes\D_Evan_video\zhuyiming\output\ip_v6_work\frames_alpha_25\00357.asset.md","asset-note","5d24d9c7876fbbef6f34a290b379019ddd517d969f566f40700bd1944774cf0a","616b3af45e831c81c29bfb6a400c4a588d299ab7cdb694d51d44c7b3359bd7db","2026-09-23"
"10_S老师IP资产\_asset_notes\D_Evan_video\zhuyiming\output\ip_v6_work\frames_alpha_25\00358.asset.md","asset-note","cadcb61e49580cd3f47604f97f6cf766092b2b2b6e7555d780134bf66f5ad48e","cde39076b9944858f0aceb32fb81fbb4bf49c01c855416c2077769db4ad0e42d","2026-09-23"
"10_S老师IP资产\_asset_notes\D_Evan_video\zhuyiming\output\ip_v6_work\frames_alpha_25\00359.asset.md","asset-note","a156c65917d9b8277101b4dfaf549721c33e5a71e9052b64960d0eca8c57b8f9","7843ffb116205a31aa9a7c07b3a800bd360994475c5d54c9d70256b5ea5b4423","2026-09-23"
"10_S老师IP资产\_asset_notes\D_Evan_video\zhuyiming\output\ip_v6_work\frames_alpha_25\00360.asset.md","asset-note","ce51e5882a5b3b285ed5714026d783c4fa4e50d2a00b2c2aad5370bb0ae6778e","9af7a04949180f3ae608f411a61ddbf8a26f16b55a2a0d3210ab14fe3eea8c6a","2026-09-23"
"10_S老师IP资产\_asset_notes\D_Evan_video\zhuyiming\output\ip_v6_work\frames_alpha_25\00361.asset.md","asset-note","1cff9f912b0d59f1226565e672b5791f6bc9fa566846b339b0903ed2f597d34a","52d3e649b2599c05ab08e32ef94a79c5e6ad57f287b50d8247df89b4fa2175fa","2026-09-23"
"10_S老师IP资产\_asset_notes\D_Evan_video\zhuyiming\output\ip_v6_work\frames_alpha_25\00362.asset.md","asset-note","9f1d75bb9bb2a44cd039736078e7915ff01155bb24120f45697e603402ebcc9f","1371cefe9b8e5ee61d91b1e3644491656fea63c46a0a122c84c809bdfb7fec74","2026-09-23"
"10_S老师IP资产\_asset_notes\D_Evan_video\zhuyiming\output\ip_v6_work\frames_alpha_25\00363.asset.md","asset-note","780bb6411037e19564c31e24027846bf8804c645e6d3c117ae8234bf67742253","274dc25f47838dce398d30db9ab66b3456a90512c47bac5c605c11a4f7dfe622","2026-09-23"
"10_S老师IP资产\_asset_notes\D_Evan_video\zhuyiming\output\ip_v6_work\frames_alpha_25\00364.asset.md","asset-note","735e426b102e252ff7c964fac312b4df09ad738f074e33264636c5d238aa5df9","d1c06057d06c50f27936011d0f27eb7c6ee8d724f1ac37ce6a9031cbd36eed96","2026-09-23"
"10_S老师IP资产\_asset_notes\D_Evan_video\zhuyiming\output\ip_v6_work\frames_alpha_25\00365.asset.md","asset-note","80dbc211fdf43eaaf340f8dd170ed8de264338ffbac32186b014d70b539d2079","56f62d9acdebd8516bb960e30295536e92ffb03eface29111ede856160a71bcd","2026-09-23"
"10_S老师IP资产\_asset_notes\D_Evan_video\zhuyiming\output\ip_v6_work\frames_alpha_25\00366.asset.md","asset-note","02eb8afac04f7f80d4e23338ca0a065ef91e3639bd7176fbb71cf05386c219c0","5d4cc4813a7e85c78d4b0415ea10afc18a16a24846eda863ae93c1d092504a7e","2026-09-23"
"10_S老师IP资产\_asset_notes\D_Evan_video\zhuyiming\output\ip_v6_work\frames_alpha_25\00367.asset.md","asset-note","7445787c63a61173563e82f52234743e0ac117d46c8636b354a2e77362cdf101","0413cbc7d5548be2d9fd6989f4e77893710868cbbf8ad88f79e925cb2b545b6d","2026-09-23"
"10_S老师IP资产\_asset_notes\D_Evan_video\zhuyiming\output\ip_v6_work\frames_alpha_25\00368.asset.md","asset-note","f97ae6de271bca2ba9300c730df484e6f4737f6aee8334625afb62a7a0652c80","b2e762d58198de26c80b54f38d09414a132edafec3cc34578d71e295890bbd91","2026-09-23"
"10_S老师IP资产\_asset_notes\D_Evan_video\zhuyiming\output\ip_v6_work\frames_alpha_25\00369.asset.md","asset-note","df1076b3712195ff3d4de0cdaccf820d39865d430ff330a110eedf24cfe666ad","2e9d6e5aa7ee4c2f402471de1235ae3fc89427625c905c5bb819e29863b420b2","2026-09-23"
"10_S老师IP资产\_asset_notes\D_Evan_video\zhuyiming\output\ip_v6_work\frames_alpha_25\00370.asset.md","asset-note","b2adaadb50c12a429e365ea2266d74ccc48ffba30c5fa77707641e4aa2ed0638","6941b929826968c8e09398c5c62f3ea0147384695e28d30b8d6e7e9da4495a93","2026-09-23"
"10_S老师IP资产\_asset_notes\D_Evan_video\zhuyiming\output\ip_v6_work\frames_alpha_25\00371.asset.md","asset-note","3cd07e001bcb79e27bff9ce97aa1ea40d05e3b32efa5319742fc52ba360ab0a2","bcc3a546f9cf8863c2d41fd45692b4c05f30c5a089916bd1216a5bdaf2582141","2026-09-23"
"10_S老师IP资产\_asset_notes\D_Evan_video\zhuyiming\output\ip_v6_work\frames_alpha_25\00372.asset.md","asset-note","922df67fac5a3c04a5de9eb342253e6bea0782a41a94c40ec55aebea0ff627b7","ac5691f3bec9fbb6a8caea98f3156546e9d0c8037610e2afa0f8dbff9215de9e","2026-09-23"
"10_S老师IP资产\_asset_notes\D_Evan_video\zhuyiming\output\ip_v6_work\frames_alpha_25\00373.asset.md","asset-note","bdc3cddee217fb54cce0c962f8112e5ff9c1a709792e2cca32757f05e867fa8f","1a4fd43aeebfa78a4dc127a4b5425e857fa65ba0eab14427936b1e98c83e274e","2026-09-23"
"10_S老师IP资产\_asset_notes\D_Evan_video\zhuyiming\output\ip_v6_work\frames_alpha_25\00374.asset.md","asset-note","ee3fc09c18385f9d56c6bf2d606c23e041808caa544c7105885414e9191052a3","aa2253ae443a2242474d6335de617ff106135451bd6309104a4c3bdfb6be6e45","2026-09-23"
"10_S老师IP资产\_asset_notes\D_Evan_video\zhuyiming\output\ip_v6_work\frames_alpha_25\00375.asset.md","asset-note","d0496c93f56a982f7e5d2caa565a3396d524c543213eadd45330de145c756bd3","e1638c45c4e1b3d81d29918318dc238c991b47fa0e82170db1b4bd4d00a9d476","2026-09-23"
"10_S老师IP资产\_asset_notes\D_Evan_video\zhuyiming\output\ip_v6_work\frames_alpha_25\00376.asset.md","asset-note","8f619cb251d2adfafe6ba4039ae8a5d92fea62e8172bc56b0ff138ef22148e34","66f32d7f47e1fcaf8d812acebcb3105bd358e8324003ae3f71cc4f055b85e8a5","2026-09-23"
"10_S老师IP资产\_asset_notes\D_Evan_video\zhuyiming\output\ip_v6_work\frames_alpha_25\00377.asset.md","asset-note","0434f2989ee56734dfb2c7673ddc6dc6d1fd8ef42d4d087c272a98c3a5b98c93","4ae807ef50ff7e6d2b4f6d90644e28409cae651e289765cbc705b1ef94fc7c51","2026-09-23"
"10_S老师IP资产\_asset_notes\D_Evan_video\zhuyiming\output\ip_v6_work\frames_alpha_25\00378.asset.md","asset-note","f395c90c58d9a8298edbc08bb199626bfdcb4b4470aed244a7c59ad7b07d4253","8e0fc62cbb4674997e90f2977a217da3ba00f36716ce43a6bf755505b44a42ff","2026-09-23"
"10_S老师IP资产\_asset_notes\D_Evan_video\zhuyiming\output\ip_v6_work\frames_alpha_25\00379.asset.md","asset-note","a2b340a991f388cd2ece20f486c2313eb6e71a3c4f0f931f0248d94d90bcb012","612c31a7fd819b5418303a754fe7e209ccef9edda07259e024f057f71ed3cb59","2026-09-23"
"10_S老师IP资产\_asset_notes\D_Evan_video\zhuyiming\output\ip_v6_work\frames_alpha_25\00380.asset.md","asset-note","878233fc5e830a5e32555e7e401a09d7be38b28c1923157bdfefe4205a78c12c","567cb4460efef0a6c4ae3fe7c1c247f80370a2c8f0f25b287ef0b3e75bc5795f","2026-09-23"
"10_S老师IP资产\_asset_notes\D_Evan_video\zhuyiming\output\ip_v6_work\frames_alpha_25\00381.asset.md","asset-note","25d9cac66e204758d649c033f357d4c6f5adc0a26f37d5a7229fd5b8f19d6a1d","4d3fe63df10b2cccc3d5e76c56777b48f46379a59a2a6476bbc8935eda8cd58a","2026-09-23"
"10_S老师IP资产\_asset_notes\D_Evan_video\zhuyiming\output\ip_v6_work\frames_alpha_25\00382.asset.md","asset-note","224d4fd31cd26111a98c204a9d05c7d4e4340bca0781d15c4236a307797123ad","60a74586ab9c9f40aeeeac039ec0cbe69e3d33b2260308dba2daed9d4f4888e6","2026-09-23"
"10_S老师IP资产\_asset_notes\D_Evan_video\zhuyiming\output\ip_v6_work\frames_alpha_25\00383.asset.md","asset-note","f1b67c5915e14749a86f35ffa403ad5f3672602965aeb3118a1418a0297b0f45","25da24b5372c345a835a76c53ca9eea7bbbfc8895660e4ae922378ac0d129e1b","2026-09-23"
"10_S老师IP资产\_asset_notes\D_Evan_video\zhuyiming\output\ip_v6_work\frames_alpha_25\00384.asset.md","asset-note","cc9077218a336115d167b384c55d9dc01f25c78f76f5db4297f7427b68a272ea","62bad6cb322f38277cbacd59c44b489adc3b81449fb7551978c65759cae3bbfa","2026-09-23"
"10_S老师IP资产\_asset_notes\D_Evan_video\zhuyiming\output\ip_v6_work\frames_alpha_25\00385.asset.md","asset-note","dc47a9180429f37ebf30a1f94c437a2743ddae0748090dc43879c09fa6d40423","83f224e4417e1ce551f5a7b9793e49dc90f7906a46bfb1e02c9d7c91ab77a743","2026-09-23"
"10_S老师IP资产\_asset_notes\D_Evan_video\zhuyiming\output\ip_v6_work\frames_alpha_25\00386.asset.md","asset-note","ba49318656d367353199b5871c59f42180d1a31aedea47505e99c4eddc1400e1","6c446e1a2933b089f87f012213bb3cb6dc223b1a06f5e230f79ff8cfd950fb5b","2026-09-23"
"10_S老师IP资产\_asset_notes\D_Evan_video\zhuyiming\output\ip_v6_work\frames_alpha_25\00387.asset.md","asset-note","2937fca5ce557585633fc8df872a11273fe913244f352c4c4003afcc1b7b81a6","3e7e2132ae38cdbe927ecf490b0c7706b03ca8a669335b73e856f6b7ab234855","2026-09-23"
"10_S老师IP资产\_asset_notes\D_Evan_video\zhuyiming\output\ip_v6_work\frames_alpha_25\00388.asset.md","asset-note","82818530f34a1a741b68ec749153916fbb62bd57f48e14c5762a0584d0afba72","1bbb3465b53ee79e32f17447705d6d63f80ce450176c2faa588b7368493345a9","2026-09-23"
"10_S老师IP资产\_asset_notes\D_Evan_video\zhuyiming\output\ip_v6_work\frames_alpha_25\00389.asset.md","asset-note","226d2694c178b8d0b2f45bf9294ea8b10bf448948527502dec59aeb315d84fb1","26c20b3c3ca723582c1e341e1cb03768f5a1d1d3909330894031da86d805b1b8","2026-09-23"
"10_S老师IP资产\_asset_notes\D_Evan_video\zhuyiming\output\ip_v6_work\frames_alpha_25\00390.asset.md","asset-note","60e9ec1e710989b39496f615a5db8efc10166952dacc22226ab91a40f0d49432","feb920b6128e351e42a3d4354f093f975a3d1fa34f5074f378ffafc2ddd1d90f","2026-09-23"
"10_S老师IP资产\_asset_notes\D_Evan_video\zhuyiming\output\ip_v6_work\frames_alpha_25\00391.asset.md","asset-note","b3a8a858d59199087cf4223219e49f7661f0885d3c9a25751e81c5c99f703c9d","e5a312b3dfca28b29fddeaa2e3e5b2ad3c4b3145b689bdcbfeb1756f2fba90b4","2026-09-23"
"10_S老师IP资产\_asset_notes\D_Evan_video\zhuyiming\output\ip_v6_work\frames_alpha_25\00392.asset.md","asset-note","6b87d71cad08fe4136b705bbc73c8a6f45179de793002b37d251514535f9c0c1","d5359e21969febaadce4c0b97c3b1ae0271c5283c373d2f27f54544b5630576b","2026-09-23"
"10_S老师IP资产\_asset_notes\D_Evan_video\zhuyiming\output\ip_v6_work\frames_alpha_25\00393.asset.md","asset-note","9b08d2325d46bb60cb0582db7bb22a8b5dcc1fe46e4f9b951275b77504c3cca8","ef38eed83409eff3ea3a9f2f46b8b49a65c2f59254ce540cd4146da1f059ffbe","2026-09-23"
"10_S老师IP资产\_asset_notes\D_Evan_video\zhuyiming\output\ip_v6_work\frames_alpha_25\00394.asset.md","asset-note","f5190d64e3946fb2ffb936b359883d9dffedbfc7913c057ea562cdb9c1a6fe3c","a92d5ca9aab7b8b279e0fedca7d65b5200182b8951faf7f5dbb088a19e0eaf6d","2026-09-23"
"10_S老师IP资产\_asset_notes\D_Evan_video\zhuyiming\output\ip_v6_work\frames_alpha_25\00395.asset.md","asset-note","31d61552de9cfba9a86c63a104f5800de0a8cb55f05f8f243387446c1df82e7c","726dd7feffc90c2bae60b74d2fa45ff9d36db28a7b05676b53b661239e5f066e","2026-09-23"
"10_S老师IP资产\_asset_notes\D_Evan_video\zhuyiming\output\ip_v6_work\frames_alpha_25\00396.asset.md","asset-note","841636e699c7264a16dff50cca51e61a1f95181422dbaf9d13a5813875c80123","8cfc08dd68482e0a97ef3d6ea0656771f1e9341886fd6367d84ac33aabd18f92","2026-09-23"
"10_S老师IP资产\_asset_notes\D_Evan_video\zhuyiming\output\ip_v6_work\frames_alpha_25\00397.asset.md","asset-note","b8b6d8ab40e2f8ba92b422ed7b09fa16d2351bbfec035f3ee66b2365ae3f5009","9e51544ecdb04a12ed7d8efb2a8c9f02bf6f79252d19a51cf1a09ee1b5d73c39","2026-09-23"
"10_S老师IP资产\_asset_notes\D_Evan_video\zhuyiming\output\ip_v6_work\frames_alpha_25\00398.asset.md","asset-note","2fc8de1fd020a12396722827633f1d192ba1b208cc9cff733cd15dc571898334","4d1867ee4c77c32d2d6d957ebd2e00afb04e9cf72eef2a090b07ddb38d25c977","2026-09-23"
"10_S老师IP资产\_asset_notes\D_Evan_video\zhuyiming\output\ip_v6_work\frames_alpha_25\00399.asset.md","asset-note","b46ddffab7ceb26216bd54d84760735335128eab1bf244441f7a2bfea6221daf","d1f21ba37617f227287eca9fc4b8740d2eb7aa8b2a47a72af43617967f56eb87","2026-09-23"
"10_S老师IP资产\_asset_notes\D_Evan_video\zhuyiming\output\ip_v6_work\frames_alpha_25\00400.asset.md","asset-note","c31889ad36851fb29155114d94150600d326380f764fb625100eede571f8ce8f","fa97782fab7cefe2e730a969b43c0c548f334e593c6d137dc606dfee609cf292","2026-09-23"
"10_S老师IP资产\_asset_notes\D_Evan_video\zhuyiming\output\ip_v6_work\frames_alpha_25\00401.asset.md","asset-note","f66492f6b271f9d21e00c5a5dcacc787a9fd3928cc500c13c0b025fb739c06fb","c00b2f94d56fa215e020c47b45ca424922a3439c2a6b2874c79e32e155d3518a","2026-09-23"
"10_S老师IP资产\_asset_notes\D_Evan_video\zhuyiming\output\ip_v6_work\frames_alpha_25\00402.asset.md","asset-note","cab2fc72fbb51a7e327345f73ede5a740eb9b6f063048834d9fa8ac99c7bfc22","c5e8e8ac4392d46ab7f5b7fb549ce38fd6dc777aa5c297a0c8cb985211416e62","2026-09-23"
"10_S老师IP资产\_asset_notes\D_Evan_video\zhuyiming\output\ip_v6_work\frames_alpha_25\00403.asset.md","asset-note","c129e4994d71fe24eab566a38ee80967efa23a8274474b4738a76b5f41574224","99b74fdebae631d16077223ef5550f2c3bff06485dea0192ab8b433c2cecac3b","2026-09-23"
"10_S老师IP资产\_asset_notes\D_Evan_video\zhuyiming\output\ip_v6_work\frames_alpha_25\00404.asset.md","asset-note","12916138fec8b27752cdfddc43b38ffeaa4b60b60e6f721a22054d59af16496f","b970c0bceb8ea345316d52186d1179e3f40e07011b898b4b50fe7e5161863fce","2026-09-23"
"10_S老师IP资产\_asset_notes\D_Evan_video\zhuyiming\output\ip_v6_work\frames_alpha_25\00405.asset.md","asset-note","3f6b3b0484c3f0aefe3467dff5964e3a52712efe26f20c4fa9bd534607442d5a","aa8129edd0a7c1bc25a8c5e7b6943caaf39c719a31b9db5d4df94057462cbcc9","2026-09-23"
"10_S老师IP资产\_asset_notes\D_Evan_video\zhuyiming\output\ip_v6_work\frames_alpha_25\00406.asset.md","asset-note","7e854a7b016f99b73ee2a3e9a75f7d083da6aa2d5ce3c7130df3132ce27f02a8","0ae64b28ad47c614499b93d02aa2e46cd0fa1d9391feee752702d3b1c696b8dc","2026-09-23"
"10_S老师IP资产\_asset_notes\D_Evan_video\zhuyiming\output\ip_v6_work\frames_alpha_25\00407.asset.md","asset-note","d9d949ad8a2d13815026a99fdb2dc869a26cb80a77cf1f88dda8025e5abfd150","2011191883f554d57e4f20a9f77eb51cbc8e83533ec11e3c70b44364cdfcf541","2026-09-23"
"10_S老师IP资产\_asset_notes\D_Evan_video\zhuyiming\output\ip_v6_work\frames_alpha_25\00408.asset.md","asset-note","825997859697581777aabe8278186bce3acb6202fc2d0f37fb8a31ae0df5a3c4","640c4908a242275f90151a64ca598fc583656e9e415a0ef4b1a99fcabfaa5f0c","2026-09-23"
"10_S老师IP资产\_asset_notes\D_Evan_video\zhuyiming\output\ip_v6_work\frames_alpha_25\00409.asset.md","asset-note","1f222e4dda8688008d1e17829ea4de0a1a8f444cbda5ee47983405fc02fe0e22","3e1800c1cfeaeaf55804bcda080afc6435615186f4ff4883ce6e8d0fef446da7","2026-09-23"
"10_S老师IP资产\_asset_notes\D_Evan_video\zhuyiming\output\ip_v6_work\frames_alpha_25\00410.asset.md","asset-note","5c37da625b0d90dc3322cbfab74678d0d07b70700e390fb432dfea75c4a8e1ab","7212f774fe6a9d10a2f605a7736a27ae60ae50a8c4d24c2907edac09ddaa4827","2026-09-23"
"10_S老师IP资产\_asset_notes\D_Evan_video\zhuyiming\output\ip_v6_work\frames_alpha_25\00411.asset.md","asset-note","02e6e75a189b8d0a1f0aca196ee660549c6d1f934ad3384647035dbc7f7691ce","3795f51664c9c0e32152ae0091e3ffb493f60f1d898baf962f63b19e324cc79b","2026-09-23"
"10_S老师IP资产\_asset_notes\D_Evan_video\zhuyiming\output\ip_v6_work\frames_alpha_25\00412.asset.md","asset-note","55d50fad1ca23ee5ab95a16bc740eaf03d6095ffb35aac83ab9c67d2964643f6","db4f05e3d81683af5fea249dd4e524e4def0013644190961ffb4fc766850d269","2026-09-23"
"10_S老师IP资产\_asset_notes\D_Evan_video\zhuyiming\output\ip_v6_work\frames_alpha_25\00413.asset.md","asset-note","a4fc1ea99043a114b39ad2a1d780797d45a4f240edcbf8e2e50ad4feae62716b","95f8726ed6bca9adc826c93fe2b34bee1142a17a7de2ac35bbe182b76af88615","2026-09-23"
"10_S老师IP资产\_asset_notes\D_Evan_video\zhuyiming\output\ip_v6_work\frames_alpha_25\00414.asset.md","asset-note","1f23953663a1eb2b10708508b7383ba4531b0d79a057f9c63ae32153be346725","d0039243a9f2234955f0a896033e24ca0ef176c6874da3da91799fbedbe8d8ef","2026-09-23"
"10_S老师IP资产\_asset_notes\D_Evan_video\zhuyiming\output\ip_v6_work\frames_alpha_25\00415.asset.md","asset-note","74f6bb5794f1ca939871747e4a62372f769bca814aac87e6b4b597162cde3548","90b6d8cf4f5abf6d7a436f5d8810b3e06fc86b7bda190233b41ca4153714486b","2026-09-23"
"10_S老师IP资产\_asset_notes\D_Evan_video\zhuyiming\output\ip_v6_work\frames_alpha_25\00416.asset.md","asset-note","667a517617915a540cd25c1ed3114e18879efef6c049fcfab3b9537d2faa7d46","f7ae274a1970c1c7d1bdfe1caacbf2dd207699bb1d2ae54da5a6c7ceea2d8669","2026-09-23"
"10_S老师IP资产\_asset_notes\D_Evan_video\zhuyiming\output\ip_v6_work\frames_alpha_25\00417.asset.md","asset-note","75e2c9040d4692b32d15e41583cafe12e4754a386ba8ddc7e97e41b49006db9a","5bff4b12c536eb22dca7a1d390a09f01719973a7d4321d569ea65c56b579bb90","2026-09-23"
"10_S老师IP资产\_asset_notes\D_Evan_video\zhuyiming\output\ip_v6_work\frames_alpha_25\00418.asset.md","asset-note","39cf440cbf42ec49587a318c9d03aff7f19b2e4fefe843293a595defb3c88163","699aa553bde3be3cbe9bd4277e65ef46db49eeff489065a270b3fd504d22e6fa","2026-09-23"
"10_S老师IP资产\_asset_notes\D_Evan_video\zhuyiming\output\ip_v6_work\frames_alpha_25\00419.asset.md","asset-note","97c7acbc429ff8137aa73b74b27c034ee2fd34a74219d35241b16c4b36da1c0d","7347d9889fae5fa13e8e5527e9497fc6157cc833e7898a345c7b66b1b6fa765e","2026-09-23"
"10_S老师IP资产\_asset_notes\D_Evan_video\zhuyiming\output\ip_v6_work\frames_alpha_25\00420.asset.md","asset-note","0407a03b4ce8c18b6a47e21dffab9356186c5c4fa560c4951808a2a729106a6c","6980378cb3f79b4a20e7652c321be4940d6fdb23ba74d49045422d6fe2fe2aae","2026-09-23"
"10_S老师IP资产\_asset_notes\D_Evan_video\zhuyiming\output\ip_v6_work\frames_alpha_25\00421.asset.md","asset-note","ffcb92fcf89e9102b3ed90ee7e986ed192c289913420ded8b6654d81a010f79a","593fe71cf7792ec3a1f9320d93f51adaad0259a2c28ce2e37240e22c11f4b717","2026-09-23"
"10_S老师IP资产\_asset_notes\D_Evan_video\zhuyiming\output\ip_v6_work\frames_alpha_25\00422.asset.md","asset-note","ce80a427ef3df8b76a5ac5c35b8e1f2131c065f228936b4ca5bd484db6e840c8","a07b540e417059f1cffaf6630ebec05fde34cbdd9b2989212b60dde4a374f6bc","2026-09-23"
"10_S老师IP资产\_asset_notes\D_Evan_video\zhuyiming\output\ip_v6_work\frames_alpha_25\00423.asset.md","asset-note","02dafdbf992eb2422bdee49ae715b4c6916171e3fc44ee1a7bcd5f53aeb97a6c","31ae53fc84045ae00bea8751ae621b4c7b70f680188434565652ed5e4d127851","2026-09-23"
"10_S老师IP资产\_asset_notes\D_Evan_video\zhuyiming\output\ip_v6_work\frames_alpha_25\00424.asset.md","asset-note","418ae021a8340c20a12925ba6ba82d813ece0161e25eff0e70b7066697ac1232","cd9d98f8e65d77f31caf4c1db14fb55d93875516ff8773dc1dd4ed40fb650b2c","2026-09-23"
"10_S老师IP资产\_asset_notes\D_Evan_video\zhuyiming\output\ip_v6_work\frames_alpha_25\00425.asset.md","asset-note","878ee9c7352ce99b19299c3dce45a2c78e4a0e3b0456e702d838620932308888","614d1646a0db3c257bfa9a4a18d96187f1c0225c603240c3fd70a78a43c810de","2026-09-23"
"10_S老师IP资产\_asset_notes\D_Evan_video\zhuyiming\output\ip_v6_work\frames_alpha_25\00426.asset.md","asset-note","b0bc64ff1a4f301594dac7eb2bf86070394927dff802fafe4ab0292c8906aa03","296b8c8860826bb607503dd19eee1cfa01f60cd853047c95a6f2951928865878","2026-09-23"
"10_S老师IP资产\_asset_notes\D_Evan_video\zhuyiming\output\ip_v6_work\frames_alpha_25\00427.asset.md","asset-note","79758a41292141f99922750fb59c34a84d3d082e9432c223e89e4161fb6c4f5f","a92336f337499e67817092b8bad3871408821f06aaf6578446d81f6e16688e0b","2026-09-23"
"10_S老师IP资产\_asset_notes\D_Evan_video\zhuyiming\output\ip_v6_work\frames_alpha_25\00428.asset.md","asset-note","4a6709ac191fc5839ad646536f06fb76f72905fb2ae5e8eea01cc8ffce7d636f","cc93d4de1f39689b9d27f341dae2ff8150a57e2f947a57e750e0dbce392ebb1c","2026-09-23"
"10_S老师IP资产\_asset_notes\D_Evan_video\zhuyiming\output\ip_v6_work\frames_alpha_25\00429.asset.md","asset-note","de269ea19f99ace622f40cbf532062cf444bf499df3b9645360fc3cc52248f73","a145d2023da4eeedbcb528b601ec4ea921159014be5faf4b0d3d2bf8ed82a6fc","2026-09-23"
"10_S老师IP资产\_asset_notes\D_Evan_video\zhuyiming\output\ip_v6_work\frames_alpha_25\00430.asset.md","asset-note","ee37101a88caf89019ca36273b69f4eda8208f56fb153cc6a558d5d02cdb0d4d","ba35a787f02013def57bafd335d51f6dfee9f3e4fc4b25686e90f75750b56d93","2026-09-23"
"10_S老师IP资产\_asset_notes\D_Evan_video\zhuyiming\output\ip_v6_work\frames_alpha_25\00431.asset.md","asset-note","198ecd79b9d2faf83e3e0d6f5da9354472b62e5d8a7df701bc0c7da2a6efae0c","6c413683f7e95fcd66b1a3d76a5ebfea7b32527761a819a611b17686db9d3bbe","2026-09-23"
"10_S老师IP资产\_asset_notes\D_Evan_video\zhuyiming\output\ip_v6_work\frames_alpha_25\00432.asset.md","asset-note","869df1a0dd1eda422aeffa8276d84ed21a4de4aca949b2bc46c5027d300398e5","77ab3008000013bb3f835a8f5b728e3331a0af76aa04fec0ccdec6d295b95e59","2026-09-23"
"10_S老师IP资产\_asset_notes\D_Evan_video\zhuyiming\output\ip_v6_work\frames_alpha_25\00433.asset.md","asset-note","34baeaaf81e4e950b4b83d692f927bf0d7c206c682596990deb1c6c86f024ede","0650458c6c1776615ab4aa4dc923a66c1abadb8e732966b3106ef44c7e789b68","2026-09-23"
"10_S老师IP资产\_asset_notes\D_Evan_video\zhuyiming\output\ip_v6_work\frames_alpha_25\00434.asset.md","asset-note","dd3f89edf4a11a5b484c6afbce5d2af5ee17ac3e3ccd4dcb7d1ecb88b4f65cb4","172dfd5bcf3bb6a462491626170e5c39a35406aa717053d6953a7cf8129ab3d6","2026-09-23"
"10_S老师IP资产\_asset_notes\D_Evan_video\zhuyiming\output\ip_v6_work\frames_alpha_25\00435.asset.md","asset-note","2846b6d1214d8b14249732e13de3431cef7c2b192df21f03eeb334b86386095c","b067241ea19da6324c13577fdeb24a5502a42972c7fbee77e613cccc8600f0b4","2026-09-23"
"10_S老师IP资产\_asset_notes\D_Evan_video\zhuyiming\output\ip_v6_work\frames_alpha_25\00436.asset.md","asset-note","41f78dc81258a7446d9c2c8c1e9057951cf2b35ffa1887c1a559023e9373bc51","0512b3e676632ae808b4c04bd05713b7ef3bd07cb04e48e99fcb79781c095d63","2026-09-23"
"10_S老师IP资产\_asset_notes\D_Evan_video\zhuyiming\output\ip_v6_work\frames_alpha_25\00437.asset.md","asset-note","5bb89e717380aad091e1c3f5408e3da9b5a71a7ab2940a0645155406c2632a58","8aaecef884440bad4bb88fe0ef8f31114f7edd8020244e4915abe6512755aa79","2026-09-23"
"10_S老师IP资产\_asset_notes\D_Evan_video\zhuyiming\output\ip_v6_work\frames_alpha_25\00438.asset.md","asset-note","21c383ed59910e8bb898e351defad3af24636f8cb0d776f92100394be4c873a9","e3e4bd178b1ed333367951beab093da0ba63df9d13d7dbf9f28d6aa6289bc1f0","2026-09-23"
"10_S老师IP资产\_asset_notes\D_Evan_video\zhuyiming\output\ip_v6_work\frames_alpha_25\00439.asset.md","asset-note","0065b2719aad284610ac81ed9f1dd6db426777779e98f1ab8545a9278459e712","aeed50c7454a08a49cedb4415b4d8a97a53ea691129fe184295272ae4dc44ed7","2026-09-23"
"10_S老师IP资产\_asset_notes\D_Evan_video\zhuyiming\output\ip_v6_work\frames_alpha_25\00440.asset.md","asset-note","f12e22c8a0e44bd163c925490591bbe21130dc6dbea22a6e4961766218177f42","24d0b3dba4b76c9259e6a8e202b30f6e77b8e416eddbf57731f8b463b107292c","2026-09-23"
"10_S老师IP资产\_asset_notes\D_Evan_video\zhuyiming\output\ip_v6_work\frames_alpha_25\00441.asset.md","asset-note","c0987a9ae0a89c36bc26bda0bb50035299c4eb3a584a13f9ebc88b1d4000313f","ffc1c26a49bff26076632a9decfbbf84e8b8fd77e6e15bfce0a9ef58810280e3","2026-09-23"
"10_S老师IP资产\_asset_notes\D_Evan_video\zhuyiming\output\ip_v6_work\frames_alpha_25\00442.asset.md","asset-note","49dfa476cae65438ace081aeb81e70ff4aee469de543b03e9d613f0a6e5dd0a4","905b97ee9912d394ca307abd2bd1283c0e926f368fa44c624ab4c11d6e3e5e9f","2026-09-23"
"10_S老师IP资产\_asset_notes\D_Evan_video\zhuyiming\output\ip_v6_work\frames_alpha_25\00443.asset.md","asset-note","43c2c262d2b34a17c7c2cc3734d9ae79f680b835d52cd4f5de0e60903c993bb4","6ee148baf9636a1d5765f9718bac50cdbce0fec9b71a97d6135f21a54372c8b9","2026-09-23"
"10_S老师IP资产\_asset_notes\D_Evan_video\zhuyiming\output\ip_v6_work\frames_alpha_25\00444.asset.md","asset-note","6e0eaf6cd5a232fe0f44525ed544c5df97fba0165307ff20b781f6fff24bc76a","4369fafb4d1f95f8d00234a3d188a81d97a7538d3e33a2c939158781a4d20873","2026-09-23"
"10_S老师IP资产\_asset_notes\D_Evan_video\zhuyiming\output\ip_v6_work\frames_alpha_25\00445.asset.md","asset-note","e1676c93eb68ee87b9dfc5b1f83c2807205d6fd0c22318c0f63a19e53d726a5d","7834f951e0e8175ca03781161f63e86b08d2cf538d497f8b22989631b6ea569a","2026-09-23"
"10_S老师IP资产\_asset_notes\D_Evan_video\zhuyiming\output\ip_v6_work\frames_alpha_25\00446.asset.md","asset-note","ee105136b0dc115d0c90829f4aa42df1114cb1d20e1dde1d5024c15b467c62d6","9b27f1d57aaa3d8c0b7c9653ba0f253c9cdd715cbacd3d38a60f5870341f3b43","2026-09-23"
"10_S老师IP资产\_asset_notes\D_Evan_video\zhuyiming\output\ip_v6_work\frames_alpha_25\00447.asset.md","asset-note","6789a188a295cc6759fb91d403f5190988d94c2f13ecf22478084f38a3e6a304","1623ad7b21dbab564b7a640bf17b5e3bdb499659dacafcee5f5c9b404c5a6616","2026-09-23"
"10_S老师IP资产\_asset_notes\D_Evan_video\zhuyiming\output\ip_v6_work\frames_alpha_25\00448.asset.md","asset-note","e533a16e76ee2b88c27adf195df489926e8c13c9f89be142e12b530aa74fbf39","e19dcc50d6ccc45e87000616eed827b4d147774c121ca082c6728820f355b11d","2026-09-23"
"10_S老师IP资产\_asset_notes\D_Evan_video\zhuyiming\output\ip_v6_work\frames_alpha_25\00449.asset.md","asset-note","21b298f16b324b732a54067c249f39559fd0ed73ef813ea3c8e555fb5e44fb8b","60eaf726433b8157990c43d048c5c09d3c04c196f3681ca9a2a38e4add724d9d","2026-09-23"
"10_S老师IP资产\_asset_notes\D_Evan_video\zhuyiming\output\ip_v6_work\frames_alpha_25\00450.asset.md","asset-note","56c9473b4b209f832cd099c66aba66b4b8bcd63aa3e145e24c91f043bc26a6b7","5c77b5fd905005ed7ff229e2689345c4818886d315352d991326fcad8d42de59","2026-09-23"
"10_S老师IP资产\_asset_notes\D_Evan_video\zhuyiming\output\ip_v6_work\frames_alpha_25\00451.asset.md","asset-note","931c71a9f5a991735506010c474bbbbbc4ceebaceb44f7fab92b35dfd6eb532a","37001025572b3e479732e37bf11a9e328dc3acb27f829c84de2132c096166124","2026-09-23"
"10_S老师IP资产\_asset_notes\D_Evan_video\zhuyiming\output\ip_v6_work\frames_alpha_25\00452.asset.md","asset-note","84d9f7c3f42c16157afc9508731a9b42b46b1b5d1eebb8f9076a598166387205","8ab941bc8fc2d412c5666107dcce79f2ed45d706a8a2e9638233a8d40e3eb6af","2026-09-23"
"10_S老师IP资产\_asset_notes\D_Evan_video\zhuyiming\output\ip_v6_work\frames_alpha_25\00453.asset.md","asset-note","d99b523aa410b08aea582b189230d6bae118724b5e676716f05ba211de2e22b3","d0a819b3f2a5ddde4f71e81bfdf9012bb6768cf569d47264a22b0828028cb215","2026-09-23"
"10_S老师IP资产\_asset_notes\D_Evan_video\zhuyiming\output\ip_v6_work\frames_alpha_25\00454.asset.md","asset-note","b685ab8a176d15bd7d3bdfe069c8365eae1f3ff20af711ace8d83638cc20cd3a","b37d1a7dfcb6ab358ddd490849e1f431a6f1ffb055a9cb281d386a99bf56c993","2026-09-23"
"10_S老师IP资产\_asset_notes\D_Evan_video\zhuyiming\output\ip_v6_work\frames_alpha_25\00455.asset.md","asset-note","14fb4df64e69e00ed42c160ca13f51ed82b20227f0286dcbdba69b694c2eccf0","505e4ca70dce301f0662d5e5f25a843a04e7eb49b952925ffb25c4d2c7113fb4","2026-09-23"
"10_S老师IP资产\_asset_notes\D_Evan_video\zhuyiming\output\ip_v6_work\frames_alpha_25\00456.asset.md","asset-note","02c84c38714ad7a7c4ab2e391348372c7a5551d255e6bdbd1d7cb1d21c2453dc","d61513cdb021ecdb9a24e92be4abab83eadb6cb8d53296becb49b8a9fa136f48","2026-09-23"
"10_S老师IP资产\_asset_notes\D_Evan_video\zhuyiming\output\ip_v6_work\frames_alpha_25\00457.asset.md","asset-note","d41c5ae4f9f5c4f434cd0917fc524c697f1606555d815ce654bdf1d86aa8be8e","e809ce332400c293b89faf7b25e905bfb55ac5c67d6ee824a5f4e6cdabf04a73","2026-09-23"
"10_S老师IP资产\_asset_notes\D_Evan_video\zhuyiming\output\ip_v6_work\frames_alpha_25\00458.asset.md","asset-note","3140a0570e3289d07819fae06afe7ea36cfb6877b2822311950a17c09168a945","4a36d193388525b3ce461848c88c548419ed0270ccdb3aa7bb3f13360aa48829","2026-09-23"
"10_S老师IP资产\_asset_notes\D_Evan_video\zhuyiming\output\ip_v6_work\frames_alpha_25\00459.asset.md","asset-note","383f050569152e4132ff6c44c0cc056fac41e41689035c06d8d25e6e6a32075c","f9929ac0c71c56a7a3abfc626b11c72d3ea4659089f1315c079315dc5e83c1c5","2026-09-23"
"10_S老师IP资产\_asset_notes\D_Evan_video\zhuyiming\output\ip_v6_work\frames_alpha_25\00460.asset.md","asset-note","094ef0325795b79771e42c884ded9ec433acfd65a03aefdaf4fffd09f226f177","0e7a0c0b537bbf643250e694b521b3566a7fb73e1a9e374d6e2f95a3ecded818","2026-09-23"
"10_S老师IP资产\_asset_notes\D_Evan_video\zhuyiming\output\ip_v6_work\frames_alpha_25\00461.asset.md","asset-note","a38ec259d934fc8ac7f935bd5add2748adda2d3848bea6a40ce74a438676be24","3ae271b3c06cc7af6f7c9ebeec8204ee3a9209a2cb87474488272679f1f1c739","2026-09-23"
"10_S老师IP资产\_asset_notes\D_Evan_video\zhuyiming\output\ip_v6_work\frames_alpha_25\00462.asset.md","asset-note","3e22500d8f0bf67b50e74fed99bf12e9d52a26fa1b42dba2edfd9f7f69519831","b672f11d2094ce65268c3ac7b9d4024de1e4eb08218ee292e4c092bde976369a","2026-09-23"
"10_S老师IP资产\_asset_notes\D_Evan_video\zhuyiming\output\ip_v6_work\frames_alpha_25\00463.asset.md","asset-note","1d449bb5eedec03ddc403882a7b92eef1cf08ca4202d19ed59a52848eee0d09b","93394bcede852fbbce31c7e572f8fc8256b8b923b219ce01ccddc2782b29cdf9","2026-09-23"
"10_S老师IP资产\_asset_notes\D_Evan_video\zhuyiming\output\ip_v6_work\frames_alpha_25\00464.asset.md","asset-note","e2f8d952218e79f1316943de33a70b06e0a1736514881be79d8734f9a4d48467","d1642296c8d33a4890307cba20c3753874c238be0fa95cd4fe20ccc069fb6b83","2026-09-23"
"10_S老师IP资产\_asset_notes\D_Evan_video\zhuyiming\output\ip_v6_work\frames_alpha_25\00465.asset.md","asset-note","0f5e454122f37ad6753dc8c3c3c7ff9cba25f688d69d596d32fdae5ea7825b06","3eca878be50f5a94a2aa0a17921bd13c2779e4886d833f093f9439c3c78593ec","2026-09-23"
"10_S老师IP资产\_asset_notes\D_Evan_video\zhuyiming\output\ip_v6_work\frames_alpha_25\00466.asset.md","asset-note","8dd19fa5935e18e95f5cc4d12a86f934c494b65d878bb84a1f62295770db0ed9","10af6f3a2438013718cad0c37ef22e927d0586a6d779cb7154909cbf5a358e5e","2026-09-23"
"10_S老师IP资产\_asset_notes\D_Evan_video\zhuyiming\output\ip_v6_work\frames_alpha_25\00467.asset.md","asset-note","bb691b9f02e4401511362a1bc21dc3b8de2389e7113fc7f74c4bdd65d2971568","f1a1e868da21da9d8c81101064a813662d22ab7b3d7251f6af052159e8128302","2026-09-23"
"10_S老师IP资产\_asset_notes\D_Evan_video\zhuyiming\output\ip_v6_work\frames_alpha_25\00468.asset.md","asset-note","79a7a8506e027148259d44e9ebd0784288c243741f432a0a8b926de969c67ebb","282218e58a8ca36aac62c67c1a643cb57c986a381dd78e47da9c84e95ff6003d","2026-09-23"
"10_S老师IP资产\_asset_notes\D_Evan_video\zhuyiming\output\ip_v6_work\frames_alpha_25\00469.asset.md","asset-note","c51053e0052ce1e4c03685a92a9cce251f3437ba1e82cfb52d278c818392d34f","3e7b6bedea0e91462e76d4a7fbe301b09c164b2590ae59293ad69c6986cdcea8","2026-09-23"
"10_S老师IP资产\_asset_notes\D_Evan_video\zhuyiming\output\ip_v6_work\frames_alpha_25\00470.asset.md","asset-note","97ffdc3a4a433370c23dc58a80bf25c2e74e50a7776c9b424ee12a5987124aaf","efbcc3a73501f76dbc5ab13af38a2db99ff704f9818c750e723af53bcfc1aa26","2026-09-23"
"10_S老师IP资产\_asset_notes\D_Evan_video\zhuyiming\output\ip_v6_work\frames_alpha_25\00471.asset.md","asset-note","760532e183d3405b115b61aa797064c783d16a71145afd925c4f4333cc56735d","69cbe33168392ad004fbbd8171e97abb72de62d452e8a7b3ec79ad990e10b530","2026-09-23"
"10_S老师IP资产\_asset_notes\D_Evan_video\zhuyiming\output\ip_v6_work\frames_alpha_25\00472.asset.md","asset-note","2b7afbf65b121f5559a64bc9db8ec406e5c55432b941c3d5ded8908ae0ab800c","d177d53cd7f6e990e4e462b229c1f5c3bcc86c0d768aa85d3d78fec2954077b6","2026-09-23"
"10_S老师IP资产\_asset_notes\D_Evan_video\zhuyiming\output\ip_v6_work\frames_alpha_25\00473.asset.md","asset-note","ac1b36a129ed4739636d825076e8b1c5caf72e50d5baacb111b0a772e72ed24d","a7e504ece907907add9e7c56689d3a1e42c07d7ad5ec85f00ee00f9e91db5cbf","2026-09-23"
"10_S老师IP资产\_asset_notes\D_Evan_video\zhuyiming\output\ip_v6_work\frames_alpha_25\00474.asset.md","asset-note","6725102c58d7d4b844a82ed2dbbb48db280e5f03e0a9f428500afe9bf79c9fe4","51a6fd07e56e8ce58a9940f577968230bccaab89412e53f119e82c55263bee3b","2026-09-23"
"10_S老师IP资产\_asset_notes\D_Evan_video\zhuyiming\output\ip_v6_work\frames_alpha_25\00475.asset.md","asset-note","3d0f1ed41d0acd834ff2037a890aed9d11de68ee41fa7772ed4f2cf9cc6dc022","877319d00304f603374304afe58dcf8dfe9b428b4eaf64b5db501038f6eec25b","2026-09-23"
"10_S老师IP资产\_asset_notes\D_Evan_video\zhuyiming\output\ip_v6_work\frames_alpha_25\00476.asset.md","asset-note","ef1f269fbad5a7098a1f0cee2bb644dc349612fd7f779c8cced721a20ace01ea","0e205615d90fafea9c9074a1f89b619e77a97e8db370d0ce4f763c29e3fb7341","2026-09-23"
"10_S老师IP资产\_asset_notes\D_Evan_video\zhuyiming\output\ip_v6_work\frames_alpha_25\00477.asset.md","asset-note","d7cb243d4b2d6eeb484d25797b108501131587e1946c46f22ca60e8271038f47","fc3ffd6fdc555e47d24103b62f7fa8934544dc725fba3d0e8a1fda6ac63401a1","2026-09-23"
"10_S老师IP资产\_asset_notes\D_Evan_video\zhuyiming\output\ip_v6_work\frames_alpha_25\00478.asset.md","asset-note","9451ecb62044c52be17fdbdf2a00d925f293f0b787a95559d1a796c2e100b141","450d64085eee1ee1ac68fdaf52aec6b849cfc56e482a316c98f1b49d47c48062","2026-09-23"
"10_S老师IP资产\_asset_notes\D_Evan_video\zhuyiming\output\ip_v6_work\frames_alpha_25\00479.asset.md","asset-note","ac4412bf83e7413963d9ca6b03ec39d080838740696f4438353b2de6ac24c58d","639a6d314826256c177485a0c0e73b12fda10f146e337b9b95560e4e12c078a9","2026-09-23"
"10_S老师IP资产\_asset_notes\D_Evan_video\zhuyiming\output\ip_v6_work\frames_alpha_25\00480.asset.md","asset-note","6af42b6481dbb607b90c68711f1307dd9a6a3a745ba575275e77c8a06ce9801b","2789c9cb9a9b8ad9c6d0cef8ff44c7cb1f4e347d2f9c904a35255cb854d12b62","2026-09-23"
"10_S老师IP资产\_asset_notes\D_Evan_video\zhuyiming\output\ip_v6_work\frames_alpha_25\00481.asset.md","asset-note","0da493a2d385f503fff6aa8b77f62a3b140c34630dd60ed38c2f93b600f233d0","d50029376eab7ac8a42fb3d005ae4c6387f3d9796fe95b1944de960178aef244","2026-09-23"
"10_S老师IP资产\_asset_notes\D_Evan_video\zhuyiming\output\ip_v6_work\frames_alpha_25\00482.asset.md","asset-note","8be491db6a4dddd8d2a7d593f13dcf2888f3cf3e9218fef9367e20e913dfbb8c","d7439781cc32d5386627e2c41e9fce72f4f472b71a3bf4445ef73fc1fd6f510e","2026-09-23"
"10_S老师IP资产\_asset_notes\D_Evan_video\zhuyiming\output\ip_v6_work\frames_alpha_25\00483.asset.md","asset-note","018cdb94ff79388760d0ed1514838e53f05b737dcb78291c03813fdc166cba23","83b19ba88dfacdb123453f16646fd4765029408b97cce5a83684717e3823167e","2026-09-23"
"10_S老师IP资产\_asset_notes\D_Evan_video\zhuyiming\output\ip_v6_work\frames_alpha_25\00484.asset.md","asset-note","ebee65c8cf15bb5c06e03af8564f1703aead20fd279dd8ab56e694ef348b3a08","4e593fad2d770be80362625c37594cbc7942e31083503eb12c54830ad0a473f7","2026-09-23"
"10_S老师IP资产\_asset_notes\D_Evan_video\zhuyiming\output\ip_v6_work\frames_alpha_25\00485.asset.md","asset-note","abb77c47c77a3b1e9b5f283341d2fb5b45be01eafd65a8d4d23f720fa9187046","f04692b6ddb840fa20777a4037eecb2a3a925108902b2cf03d76706eca82c65e","2026-09-23"
"10_S老师IP资产\_asset_notes\D_Evan_video\zhuyiming\output\ip_v6_work\frames_alpha_25\00486.asset.md","asset-note","4a9d9bfc1215d5c8fb12914686c04738085a75674c8bfa1748fe0bdc6b1e30f4","6422c8d71cd9753d94e8d618ea03ac113cff065acb06247903a23c72986f3476","2026-09-23"
"10_S老师IP资产\_asset_notes\D_Evan_video\zhuyiming\output\ip_v6_work\frames_alpha_25\00487.asset.md","asset-note","86a09edd1bd445e69ab06938041e62532e6c2ea4a0fd205092c3ce6cdb4928bc","151fd891c0728bac4585e6c13efeb4f426b1af5ba67bf65404710cdf79cd9f24","2026-09-23"
"10_S老师IP资产\_asset_notes\D_Evan_video\zhuyiming\output\ip_v6_work\frames_alpha_25\00488.asset.md","asset-note","5d47702c620818e2c9ff15d17c2b7b32a40ada6626872342114d3fb07681ae9a","6a2c3572fdb64466542fc0398b02b765e5ff8223ac04ee86521298aa4a0a160b","2026-09-23"
"10_S老师IP资产\_asset_notes\D_Evan_video\zhuyiming\output\ip_v6_work\frames_alpha_25\00489.asset.md","asset-note","cd5d05b04ab56903a3de37650bb09c07e1d116a623c4d9926414ae73daf5160c","674e05c189e6d05128e4b3f47b8a5f0bf05f6f931981e1c485fff81966d81599","2026-09-23"
"10_S老师IP资产\_asset_notes\D_Evan_video\zhuyiming\output\ip_v6_work\frames_alpha_25\00490.asset.md","asset-note","ef03a3fe90144ce753d72e018a7a749b1074f7761bc617523cc26e35291a6719","3950dca5e6f1eea8f7e7c5fc17836450ca52b91641162eb8e30d515b224e2648","2026-09-23"
"10_S老师IP资产\_asset_notes\D_Evan_video\zhuyiming\output\ip_v6_work\frames_alpha_25\00491.asset.md","asset-note","6424f3bcf5d8adfa5eb3b0abacfb62379a12026b39b3d0babf64e6f739b1d1a0","bf2afddca0da75be3d06636a1b6c7286995e8073afb3042c59a6f5704ae6743c","2026-09-23"
"10_S老师IP资产\_asset_notes\D_Evan_video\zhuyiming\output\ip_v6_work\frames_alpha_25\00492.asset.md","asset-note","2f8f33c07e288871cf83521e7d0640f1b845a08630c6663d78eecdf4dafb410a","182f149bb184018aa0ee78aeabcb68b0b86c0035ee0f76e2f900a8b1be17b081","2026-09-23"
"10_S老师IP资产\_asset_notes\D_Evan_video\zhuyiming\output\ip_v6_work\frames_alpha_25\00493.asset.md","asset-note","c88c43540dbe56bafb219d08b41a3e54fd0b17bca7c0fe1eaefb8ea95f4668eb","58990d5142e33a5ba8f34abdbeeda5984692ea20e9ff89f2034152c2387381cc","2026-09-23"
"10_S老师IP资产\_asset_notes\D_Evan_video\zhuyiming\output\ip_v6_work\frames_alpha_25\00494.asset.md","asset-note","a844b141840c17612cce767a711f8fb1ad44f7f8d9c2b911466236c128f23538","3013c66305ff819df2f58e45493a34c83b156fcb035f2be988ac3c70ae212fb8","2026-09-23"
"10_S老师IP资产\_asset_notes\D_Evan_video\zhuyiming\output\ip_v6_work\frames_alpha_25\00495.asset.md","asset-note","bec950b29a4442473eb5bc0484e3957c699adf2db4d7afa3e72df2565afd02d0","ac7a80753c80eb366963d0743b03cd970d7e970a518f231665ee44934bf206ca","2026-09-23"
"10_S老师IP资产\_asset_notes\D_Evan_video\zhuyiming\output\ip_v6_work\frames_alpha_25\00496.asset.md","asset-note","7ac126f692e4f237108ffde92c446d812c15d9a6b418d2f44239057d3ab055da","912bed48a002a26a03968f6e3479655fe6f7a1cf061b9f79b2fda55e580c640b","2026-09-23"
"10_S老师IP资产\_asset_notes\D_Evan_video\zhuyiming\output\ip_v6_work\frames_alpha_25\00497.asset.md","asset-note","c13f9ce0d7ed6b9fec6aa93f2e50c8f1a7d00410562b64279fd791b069b379ef","b167d8a9f3b7aa33e6e29090e5ca7847878c2d6a38d4ac96ec9db5ff63232189","2026-09-23"
"10_S老师IP资产\_asset_notes\D_Evan_video\zhuyiming\output\ip_v6_work\frames_alpha_25\00498.asset.md","asset-note","c6940a25d40eba3c3a84fde4e13bbec194b3e396a23cdea6c3a76369d91bc4ff","4da5fedf29cd8a7d49a5ea09c853f7c6f662f82dccdc0d96a17b0c58d5843a52","2026-09-23"
"10_S老师IP资产\_asset_notes\D_Evan_video\zhuyiming\output\ip_v6_work\frames_alpha_25\00499.asset.md","asset-note","ca9046c64e4032b0a329b51eeeeb5c28554da6aed57170620f94c9b7b2838208","a3f13857e8b87fa4f746e482747cfdd8942578f5de7a70dbb9b498e41d59e789","2026-09-23"
"10_S老师IP资产\_asset_notes\D_Evan_video\zhuyiming\output\ip_v6_work\frames_alpha_25\00500.asset.md","asset-note","b852aa65df6b171c44aecdd6e909eed449bc33776357210936b841f524488b26","55d59b26448fad2decf218236f0db66b9ce4e832c069453df6b590910f629729","2026-09-23"
"10_S老师IP资产\_asset_notes\D_Evan_video\zhuyiming\output\ip_v6_work\frames_alpha_25\00501.asset.md","asset-note","4034a69e49a5485e989bed2c93986767cc28dbe3617a0789551ea2472aba89c0","14a1b2822b2bd1c9379e9e01ed4d6dcc3dee75058171b75ee65f9ff31ef6b9d8","2026-09-23"
"10_S老师IP资产\_asset_notes\D_Evan_video\zhuyiming\output\ip_v6_work\frames_alpha_25\00502.asset.md","asset-note","4ef102776630fc2a4a90a96cfe175c33dee865ef68a1fe4dea826633906dc020","ff1ab4f8f85419c82d064fe5850ec287393393795d4d320b1728cad3c5371b07","2026-09-23"
"10_S老师IP资产\_asset_notes\D_Evan_video\zhuyiming\output\ip_v6_work\frames_alpha_25\00503.asset.md","asset-note","f283be2f1657837a53fe12105594a3fca314c8ab5a5d3ef252900e1d00153ee9","8a17f700bb2a2319aa056e50e481cb40e751a7ecd28e3e91c29bff99ed4f9e24","2026-09-23"
"10_S老师IP资产\_asset_notes\D_Evan_video\zhuyiming\output\ip_v6_work\frames_alpha_25\00504.asset.md","asset-note","4f8db4cb66395f6d51f6086ee0940969d14c7f80e245cb1d5a701bfc9275ed32","c2c5a2627ce63053f14f2bf7dd91c703ac957730b81ea79c450099700f681ea3","2026-09-23"
"10_S老师IP资产\_asset_notes\D_Evan_video\zhuyiming\output\ip_v6_work\frames_alpha_25\00505.asset.md","asset-note","a0b5fa25568c19d3a6d8dbd5dbbb60fa4f039bc3053f0976a6893aee507de74e","35b690514ee489824738ecfabce8b723d4759d94699f559533ab7770797f85cb","2026-09-23"
"10_S老师IP资产\_asset_notes\D_Evan_video\zhuyiming\output\ip_v6_work\frames_alpha_25\00506.asset.md","asset-note","24d9d7a2b4d513373e85061a6f823b3a1c197a7b54e0229e2591244ed76b5140","31c4db91779d5b27e458a0b734929d185f6dd5778b0f650fbd33f2bb7479149e","2026-09-23"
"10_S老师IP资产\_asset_notes\D_Evan_video\zhuyiming\output\ip_v6_work\frames_alpha_25\00507.asset.md","asset-note","103ae99fde03b9faa8328c441c76e3c60bf0074a0a7182b53ccf8f3dcba0dead","09c14f76a73f4c43ed275fee4d3cb0eec95ebac52af0ea3572be0b30392974b2","2026-09-23"
"10_S老师IP资产\_asset_notes\D_Evan_video\zhuyiming\output\ip_v6_work\frames_alpha_25\00508.asset.md","asset-note","47105b9f17fd83a959d08e10f623073c75319428820389cbdab5ef66e3936fab","98fc2d5c2a56dcb6d7c75b7e6b6bddee5a0274a7a51e17817fa3366b6dc4d2ef","2026-09-23"
"10_S老师IP资产\_asset_notes\D_Evan_video\zhuyiming\output\ip_v6_work\frames_alpha_25\00509.asset.md","asset-note","7b90af3bd4e83ebe174b9534a3bcebb64f0fc8b1498775d553e7bd32af5bc32c","cb865d1bfbe19ad29f7d6a4e988c6bfa3ccc117ee3a785a5473881dc5fa84a32","2026-09-23"
"10_S老师IP资产\_asset_notes\D_Evan_video\zhuyiming\output\ip_v6_work\frames_alpha_25\00510.asset.md","asset-note","1b086ab92993fd0d86e1e337cdc03f7fc90d13d2cedc6b4471dd66118043d24d","674abaaabd1735a60875e41f3890e20253e4548754e3767fbd9d7b21f5aba57c","2026-09-23"
"10_S老师IP资产\_asset_notes\D_Evan_video\zhuyiming\output\ip_v6_work\frames_alpha_25\00511.asset.md","asset-note","eecab20e721cf9e420b5a7b05fec862dd400d78a50742f3406ae069850478637","1d3a8f90375cf6389749dcf96277f370975864de9f9be5f14757254740ab30ae","2026-09-23"
"10_S老师IP资产\_asset_notes\D_Evan_video\zhuyiming\output\ip_v6_work\frames_alpha_25\00512.asset.md","asset-note","f3fd03f52d2dad2d9e82a21beaae591fca5b582cdc3aa58729b99094f00a9c98","7d45b257cefbe0b4a2fe3293020f8bedaf9d66e0d4cb05619ee080af6007eb50","2026-09-23"
"10_S老师IP资产\_asset_notes\D_Evan_video\zhuyiming\output\ip_v6_work\frames_alpha_25\00513.asset.md","asset-note","56f1250677d6d2bc588245e99a88def82c3723272c284a7caaeefff4287096fb","c44c7c0b6f1fc48a491da3aec7a9d8d910e060eb2c1666cab67be4ba178eb36e","2026-09-23"
"10_S老师IP资产\_asset_notes\D_Evan_video\zhuyiming\output\ip_v6_work\frames_alpha_25\00514.asset.md","asset-note","f3e96ff078724ac714147443d79a9d14707bbcbee360713c73d6a98a6888fb46","eb1ead63658787be6e789ab379c3c58f84794b85c93501dd9e549edf93d64ced","2026-09-23"
"10_S老师IP资产\_asset_notes\D_Evan_video\zhuyiming\output\ip_v6_work\frames_alpha_25\00515.asset.md","asset-note","e317b1a5c82ef6c73553a8444a078b5b573c612e781e83bf323c7d6f5b7f376f","3fbc7d67abb77020bdbfdfb84df1d5d434877e6700acb11cdd723372be78646d","2026-09-23"
"10_S老师IP资产\_asset_notes\D_Evan_video\zhuyiming\output\ip_v6_work\frames_alpha_25\00516.asset.md","asset-note","625f761d923c2c2b40ac0686f334342099be4584c044cccc1354011961c5e9cb","5332de80747b21b0edcc41698935da247384419e82ee5136840d73615f16f670","2026-09-23"
"10_S老师IP资产\_asset_notes\D_Evan_video\zhuyiming\output\ip_v6_work\frames_alpha_25\00517.asset.md","asset-note","0d1e5ac768442d8dc195d0e620f962cf30ac9dcc5b30da3e80f4ac4ce3ba097f","bf170f4dec01bcd89e35c8cd4c8159a20262e500f912faf9e6ecf903e688e1dd","2026-09-23"
"10_S老师IP资产\_asset_notes\D_Evan_video\zhuyiming\output\ip_v6_work\frames_alpha_25\00518.asset.md","asset-note","fdb66b4eb3bf40c42e16e3ff9c2a461c3322bf7220fe30e2210299feb5fed375","07ba5d1923111f523f7a390f7b3f42901a063ba00aded4a32865a1147265910a","2026-09-23"
"10_S老师IP资产\_asset_notes\D_Evan_video\zhuyiming\output\ip_v6_work\frames_alpha_25\00519.asset.md","asset-note","3079c0896fad2e4868f129095ea977e1c4629f1200bdf7eb90afef5ae185da42","047073f87b974501e304dcb5c071fee0a751d75780f015fde73f2c69080a9f63","2026-09-23"
"10_S老师IP资产\_asset_notes\D_Evan_video\zhuyiming\output\ip_v6_work\frames_alpha_25\00520.asset.md","asset-note","e7e9d68de6035d2f562d10af6bf63ee499ae9613a9b5bbe78c78c5aefb0da9ce","10dd89ca12e1c614b6a362cb6d5fb55f6a00143d425df06a0a28874d0fa41d57","2026-09-23"
"10_S老师IP资产\_asset_notes\D_Evan_video\zhuyiming\output\ip_v6_work\frames_alpha_25\00521.asset.md","asset-note","11c17fab279008c5b3fda7464408433ef9068f907c6474a13bcdb67c0efd6b3b","d134e257c412944ba0742eb40876fabdc56d8a0a31a218897e99ca10dd6d815e","2026-09-23"
"10_S老师IP资产\_asset_notes\D_Evan_video\zhuyiming\output\ip_v6_work\frames_alpha_25\00522.asset.md","asset-note","5d429dfe13767cb6e022b26a3c2b415439eb7f6bc66e874391636469d060c0da","92f2db92b087368734dde8d8c33e18be89e46d3fee6f4d9080c98fe4d5763903","2026-09-23"
"10_S老师IP资产\_asset_notes\D_Evan_video\zhuyiming\output\ip_v6_work\frames_alpha_25\00523.asset.md","asset-note","fd3878f7ab30157a45df6745046635cbe5745554b37eb8eb089321e6cb41b207","78e2de988851b6ada0cb3307f7f16824787c11b30d169f2391e6342782604c98","2026-09-23"
"10_S老师IP资产\_asset_notes\D_Evan_video\zhuyiming\output\ip_v6_work\frames_alpha_25\00524.asset.md","asset-note","9a1fe4688e045bd10f1939cfccd5abbc47455162613f0198d0a45f054b6a7c6f","ecdcc6d091545dcebee90c71647f7744c386c1636e19ca3e29dae33d10b30e22","2026-09-23"
"10_S老师IP资产\_asset_notes\D_Evan_video\zhuyiming\output\ip_v6_work\frames_alpha_25\00525.asset.md","asset-note","c87fab375bfbe4655de5e427634526df04111d0529b91b9c8510c435fcd4601a","084cbb6f05f2b74c9e67ec154c57d9ca80dcf04338e77a2ff43387d57e4ef558","2026-09-23"
"10_S老师IP资产\_asset_notes\D_Evan_video\zhuyiming\output\ip_v6_work\frames_alpha_25\00526.asset.md","asset-note","274d668c284cd678cfe1f007ae7eac7b55465187832a015d17550026baefafbd","0056feddf38dc0cac781121ccfa12ec793be9e21b7c06fee56ef2be973771876","2026-09-23"
"10_S老师IP资产\_asset_notes\D_Evan_video\zhuyiming\output\ip_v6_work\frames_alpha_25\00527.asset.md","asset-note","e976a97d80281dc399b2301c8468128c6a68a6f4447eeaabdc5a36df0b9badeb","c60721a10ff67518ac00e46bc813c97b06a890482f9a1fc091fc9bc04698754b","2026-09-23"
"10_S老师IP资产\_asset_notes\D_Evan_video\zhuyiming\output\ip_v6_work\frames_alpha_25\00528.asset.md","asset-note","bea65bf0a92c59dd0f4684e8bba6a1bb9a0033e6d6d6d724219f0c96f61813a7","6eff916ea3ad89da39e0cd838d91504e223f4133fef8bd74b1347648830e8a46","2026-09-23"
"10_S老师IP资产\_asset_notes\D_Evan_video\zhuyiming\output\ip_v6_work\frames_alpha_25\00529.asset.md","asset-note","9b73fa8f636905546b983397081a7fb480b7adc037073c2c0b5845fd8ae224a5","08fc3d2e53ba9cceb037e93da39f976d4c57a60417c0cf937614738007520c39","2026-09-23"
"10_S老师IP资产\_asset_notes\D_Evan_video\zhuyiming\output\ip_v6_work\frames_alpha_25\00530.asset.md","asset-note","4462439433077ff850d9185b3c96846f320070dc5397d92570fed35a0664d2b8","a8f85f89d2b699edfebc5b4df26708798d8e4012e71bc593ab2c35d0bddcb1bd","2026-09-23"
"10_S老师IP资产\_asset_notes\D_Evan_video\zhuyiming\output\ip_v6_work\frames_alpha_25\00531.asset.md","asset-note","a8c3e52eeccf1dd6f499db726049bab24efebf65239c54e254beafb2dcf4b024","3b4196761bbc79a4c63b62708334791ed213120bebd42406a73f4c28eb1146c9","2026-09-23"
"10_S老师IP资产\_asset_notes\D_Evan_video\zhuyiming\output\ip_v6_work\frames_alpha_25\00532.asset.md","asset-note","b6344174a15920083db5ed8d8c6d5d394df21d3703d50435b0d5cbf730cb65de","18850ade3702012364f564c3b7e576ebb739cfe04eefcbad2a698804594e562f","2026-09-23"
"10_S老师IP资产\_asset_notes\D_Evan_video\zhuyiming\output\ip_v6_work\frames_alpha_25\00533.asset.md","asset-note","37bc51704e04cc26038b9984356eb4bccdd3f40a05172a50c111f12c58f97410","d1e0da4ef43630712f613551c50572ee8a381e247fd45eb0d7703390ed0b7f92","2026-09-23"
"10_S老师IP资产\_asset_notes\D_Evan_video\zhuyiming\output\ip_v6_work\frames_alpha_25\00534.asset.md","asset-note","c74033622427135bbf58d75f03df16acb25fb67ac446fa4d3fb5e17f34ea197b","e97d754e729b3e56cb5695191976e032a4ad219b821d975cb698fa651ddbe2c1","2026-09-23"
"10_S老师IP资产\_asset_notes\D_Evan_video\zhuyiming\output\ip_v6_work\frames_alpha_25\00535.asset.md","asset-note","6f99111866764dbd1ba9cbfe81e5744ed1c92cfe8ce156c67fac7c6574e1e5fa","455126e18779ff0eac0995dceace405fb0a4c6633f949e21796ad9bfa6d081b0","2026-09-23"
"10_S老师IP资产\_asset_notes\D_Evan_video\zhuyiming\output\ip_v6_work\frames_alpha_25\00536.asset.md","asset-note","ec412362fc46c4bb63285d0d1cd076239f0927611d5f953e0809c9fcbf9ca85d","6a148df89e2920e36faf4c910af8687e76da3be6b3ee34b4434a19068e67106f","2026-09-23"
"10_S老师IP资产\_asset_notes\D_Evan_video\zhuyiming\output\ip_v6_work\frames_alpha_25\00537.asset.md","asset-note","5c8157869b4a04c8a4309cb07c97ccd144a9dca0af02a0d0066ec0e1c946aca3","a171f5ad51af437f0e8759364a9624cb4795633d42ca68bef491f035ed78a0aa","2026-09-23"
"10_S老师IP资产\_asset_notes\D_Evan_video\zhuyiming\output\ip_v6_work\frames_alpha_25\00538.asset.md","asset-note","c9372436c6b177ed6c8742634cd85892bb8c6c55483ade047259507ccefca45e","a52a918fc9ed161526f36bedd89ab23ce88f6cbc2cfeca2251f74cda34c4aa5b","2026-09-23"
"10_S老师IP资产\_asset_notes\D_Evan_video\zhuyiming\output\ip_v6_work\frames_alpha_25\00539.asset.md","asset-note","05c1363db11a3b58b1f322c80f061ba1a0c956a5f2f9f67418d4e7033522b677","a3f1e2dd531ce9adce6b325165f9ff4c3af31f4055a0925882a9a8395b82d803","2026-09-23"
"10_S老师IP资产\_asset_notes\D_Evan_video\zhuyiming\output\ip_v6_work\frames_alpha_25\00540.asset.md","asset-note","c490366b004fecac6ff21875aa6078ddd063101c35245db1172a4622be9e3ba5","d1d5e18cc47ae44ccd549b7163ac956d1426e7f971bcadef75b391db10fa3ef5","2026-09-23"
"10_S老师IP资产\_asset_notes\D_Evan_video\zhuyiming\output\ip_v6_work\frames_alpha_25\00541.asset.md","asset-note","2bd886f0d6c974a59a7f3dbc97ac1eefaf739a7592c307dc31a4deac8109c4c5","8cfb455aabe9907d73279f2fbc220e1aff09b40faefa6ecffd39b5924a3fc28c","2026-09-23"
"10_S老师IP资产\_asset_notes\D_Evan_video\zhuyiming\output\ip_v6_work\frames_alpha_25\00542.asset.md","asset-note","1f10468123f85b6ca2c1116551d2d3b8266e8cdeb1b948be6e12129d38f6b9e2","1509d369166f8e6cfc4c39adcb7b9bc1f90b1638b51021fa3eaa2ab95db9f5f5","2026-09-23"
"10_S老师IP资产\_asset_notes\D_Evan_video\zhuyiming\output\ip_v6_work\frames_alpha_25\00543.asset.md","asset-note","28b04946f7a0c0ea99690891be27f2604d400804cb905f1e10740c2fcac355a3","f743bc54619b1fc9d3f80912a164051f137bd6d34612d657d1e943ff93fce63a","2026-09-23"
"10_S老师IP资产\_asset_notes\D_Evan_video\zhuyiming\output\ip_v6_work\frames_alpha_25\00544.asset.md","asset-note","aa858a4a44bb81e7f84a9e6d6c74a7466483a236a52629b4d0568e7526d81a69","abaeb4e33ced4565065749e1835c4620ac7f076a63fbfdc12969a297cba586af","2026-09-23"
"10_S老师IP资产\_asset_notes\D_Evan_video\zhuyiming\output\ip_v6_work\frames_alpha_25\00545.asset.md","asset-note","46d1d18af16cd14702db79c6d0bbabba64011814f5251665834e19c4a4c1900b","2c2d4051c4eb4f81911b980e8b6d9a3100e6952510f63bbaaf50b017f3fef2b1","2026-09-23"
"10_S老师IP资产\_asset_notes\D_Evan_video\zhuyiming\output\ip_v6_work\frames_alpha_25\00546.asset.md","asset-note","57da3d4666487971cdf56d563bfe7901f9a6aebdebb0c92e47e75ea086d481c9","a96824336e947613e7ffda00125dfcad26304ba962746ff8d3a38848c5bb4fbe","2026-09-23"
"10_S老师IP资产\_asset_notes\D_Evan_video\zhuyiming\output\ip_v6_work\frames_alpha_25\00547.asset.md","asset-note","6a9dd2aba6f4e051ad8e4d7b0fb18a17d6ea038ab85c0a4d53739942cf1c9b28","ba480c03aa3e9d534d78dfd05974d7728ec1e36d44646605b60704baf05d8036","2026-09-23"
"10_S老师IP资产\_asset_notes\D_Evan_video\zhuyiming\output\ip_v6_work\frames_alpha_25\00548.asset.md","asset-note","9b3a2c94b25b9867adcc048876d29b560dce1195c5f82c95c4d45d76c1a7e920","c1edded33e18dacd96dcf2bd33111a208f6bf184d142235b01bf65c3d591c45f","2026-09-23"
"10_S老师IP资产\_asset_notes\D_Evan_video\zhuyiming\output\ip_v6_work\frames_alpha_25\00549.asset.md","asset-note","40a0dc5f0ba33b5321981e909df5cb73e5f371c6c643523098b9fa68f1aa2c78","70f6244e8458f9bac1f8cf0e4779a5f5b8fbdc0358e855c2b9260abd030687d4","2026-09-23"
"10_S老师IP资产\_asset_notes\D_Evan_video\zhuyiming\output\ip_v6_work\frames_alpha_25\00550.asset.md","asset-note","73c2c93a7c015b1d5aa660880451a07193f8428492b3b06b76d97c9cea27e736","a11f160ae3d2f338e93bd233c65abc4d41f52ae4a6a5fd0afee8fbb10f0ef3cd","2026-09-23"
"10_S老师IP资产\_asset_notes\D_Evan_video\zhuyiming\output\ip_v6_work\frames_alpha_25\00551.asset.md","asset-note","c2a5d64624f68c6edb606edb62364dba5f4f697802d132565a13e88151855cb1","47d5e782fb691fc01f1c846de1772135d8e7c6ef95760b7db0fe16209e859851","2026-09-23"
"10_S老师IP资产\_asset_notes\D_Evan_video\zhuyiming\output\ip_v6_work\frames_alpha_25\00552.asset.md","asset-note","78590e8a0dbe9076375d18c5d03ce60acc6a9767b8061b50d602ff9201fe9c72","88b2511eeee54177c2244c0de0e31b208118c0759f2149f48d32d7f9100db123","2026-09-23"
"10_S老师IP资产\_asset_notes\D_Evan_video\zhuyiming\output\ip_v6_work\frames_alpha_25\00553.asset.md","asset-note","d963005d6f2ede6e25d7be21271e9a7cdb6c7121f8d3749b42c7bb6258fdc7b4","c84ee12978c36d581c9990ff8dfedce1356cd687af6969f414db09def1f644ba","2026-09-23"
"10_S老师IP资产\_asset_notes\D_Evan_video\zhuyiming\output\ip_v6_work\frames_alpha_25\00554.asset.md","asset-note","e17fd9dd82ac9460628eede4dbcaa037a7575aa71e57aa6f9691ea33b07d0306","cd10d7e400bd21094ba8397cde7d1553aa075f261d1ee7680c89aec9ab36e7a2","2026-09-23"
"10_S老师IP资产\_asset_notes\D_Evan_video\zhuyiming\output\ip_v6_work\frames_alpha_25\00555.asset.md","asset-note","d786fd609ea46382ba454033484aecf82d6968138032189daeb654f2b8de4b46","d023e1a715ca0b664f5bd4eba16ebaed12a428b8568b66edf1b76ca2b90de294","2026-09-23"
"10_S老师IP资产\_asset_notes\D_Evan_video\zhuyiming\output\ip_v6_work\frames_alpha_25\00556.asset.md","asset-note","1988376f9316318e4b5b5ad78c67e58feb9d574cd6539b84bd99500c3f028844","4b3c27eb7c8fd6c3d8b7ced31cbada0eb4d9fdc75a37273b00ae89203ade7b10","2026-09-23"
"10_S老师IP资产\_asset_notes\D_Evan_video\zhuyiming\output\ip_v6_work\frames_alpha_25\00557.asset.md","asset-note","2b47c5fc037b728f62fb3c0c89e18294cf041b1e0c992d1cc6e1361acf663d33","ea3b5e388274fe579e2290e770158aa7b7bab74eaddaca80d98102d1366e8899","2026-09-23"
"10_S老师IP资产\_asset_notes\D_Evan_video\zhuyiming\output\ip_v6_work\frames_alpha_25\00558.asset.md","asset-note","c0068d7629b8a06287658e64f0194be1760013b5c626502c59a50cfc98fb96b0","7a929e2f0fb0f4d895e60ad21c911138ee0f6b4299f5b4f7cc5dbe32221e59b3","2026-09-23"
"10_S老师IP资产\_asset_notes\D_Evan_video\zhuyiming\output\ip_v6_work\frames_alpha_25\00559.asset.md","asset-note","6fab6e740019d91d6ec2eceb4f649c577ef4b987214a60a1c17a5a7b0711fdb3","7951a9afaf77991163aa8fd1195bcd9e2d0c5aae3585d65d1c2e16b3e24395ef","2026-09-23"
"10_S老师IP资产\_asset_notes\D_Evan_video\zhuyiming\output\ip_v6_work\frames_alpha_25\00560.asset.md","asset-note","392dbba1f6966fed391658c71418277622dab5f43a2fd87ee96a51a270c481bc","bbc8b41b501e1ffbce13183af3cf8b60303900d98be5479d2cf3b669a9cb5cee","2026-09-23"
"10_S老师IP资产\_asset_notes\D_Evan_video\zhuyiming\output\ip_v6_work\frames_alpha_25\00561.asset.md","asset-note","690635ec0804c01677835f2e3629e4282b52524dca782d86c59e2c2fe26c5886","fd0e30fcebfb6b2ee428ed974006dd2f9b18472c4ee0ad0eae7dab2d40537d5d","2026-09-23"
"10_S老师IP资产\_asset_notes\D_Evan_video\zhuyiming\output\ip_v6_work\frames_alpha_25\00562.asset.md","asset-note","5a8cfa219321591aea5b94439139afc7bc715f77c41038daa923c8e34d0a141e","6b96b3230480672781c42cf17c7d07f9d981e8d0f901c7c97fdb181ab2a13668","2026-09-23"
"10_S老师IP资产\_asset_notes\D_Evan_video\zhuyiming\output\ip_v6_work\frames_alpha_25\00563.asset.md","asset-note","1e94baa188fef838ef586bcd0ef87f0d5928a563e077a42896d78383243e7a85","bf30a6a3a1bd15a5f9ec68a402ad17bc86d436e22aa3f089814c24ca6deed415","2026-09-23"
"10_S老师IP资产\_asset_notes\D_Evan_video\zhuyiming\output\ip_v6_work\frames_alpha_25\00564.asset.md","asset-note","02c570f36a1679c90437f0704131f379760d3cc40469aefedf684d30b9d6ea5b","d54718653881dcce8db9b2b05d442230697dc320fcf1961bb64c9cab7868007c","2026-09-23"
"10_S老师IP资产\_asset_notes\D_Evan_video\zhuyiming\output\ip_v6_work\frames_alpha_25\00565.asset.md","asset-note","63641cbdbf189e9ae5034d44dd871c91e3b9e5d7e2727788549542d2d80ef4c8","75216254aae304613f3ad12fb258e6e78c9f13a5c09ec6e72f2014024de6d32c","2026-09-23"
"10_S老师IP资产\_asset_notes\D_Evan_video\zhuyiming\output\ip_v6_work\frames_alpha_25\00566.asset.md","asset-note","2a888c06b2ccd8a66a118e32cac4d672a2be2a4fc25c845b67918cc66e0c5ce8","364684b4a1c1742e67e8d73b4829c8e53413627b339b9a09e95c6fd5c9ef4bd1","2026-09-23"
"10_S老师IP资产\_asset_notes\D_Evan_video\zhuyiming\output\ip_v6_work\frames_alpha_25\00567.asset.md","asset-note","7f7d5b54a5b693bfcf8fbd9e44bfc4a7de72864d3045dd729a162c0db8304b9b","3a77f3318bd366a4ec1790f3f32237756a7bddc2c0b215098c6b2e8ea015bd87","2026-09-23"
"10_S老师IP资产\_asset_notes\D_Evan_video\zhuyiming\output\ip_v6_work\frames_alpha_25\00568.asset.md","asset-note","601faaeadc0d62aad9f1cc01ea776e82a64227d7312065c101d20dd863edd946","059c9d12702b57f853f6815958e5ff4e042ba3dedd3968e0722618489feea9cd","2026-09-23"
"10_S老师IP资产\_asset_notes\D_Evan_video\zhuyiming\output\ip_v6_work\frames_alpha_25\00569.asset.md","asset-note","3d498dad3974aa8dfd99b29288bfde5bbfbe98b48b33a6837dee37b51d5a5e63","6a39c074c3c934dd6158837a2aacb23dbc53dfa6bd2d7e0ab67ff580d79f6e4b","2026-09-23"
"10_S老师IP资产\_asset_notes\D_Evan_video\zhuyiming\output\ip_v6_work\frames_alpha_25\00570.asset.md","asset-note","77f937725f2a0e8749c3190c4c6a7bd1257ecf785c14addf0c28e7af7059dbb6","c08ac085d2e9214e7b6c05b02dbc36817bd14bf01f5887957764c90643f07643","2026-09-23"
"10_S老师IP资产\_asset_notes\D_Evan_video\zhuyiming\output\ip_v6_work\frames_alpha_25\00571.asset.md","asset-note","e9e9f9cc7c99749a2f777358dab5046342a75f70d7025c170a18951ec8a215f1","bcdaddc5f99d0d08919e039f30813d9da50f6607bc102cfa847262a001fe4811","2026-09-23"
"10_S老师IP资产\_asset_notes\D_Evan_video\zhuyiming\output\ip_v6_work\frames_alpha_25\00572.asset.md","asset-note","497d684f98c92240bac7201f983256c2f048ddc94e6bf8c6d27c2611e4616395","a06ecf2ff3c1267830701e3aad4e68dfa6143d784277c7f2bba2cb6cda448fb5","2026-09-23"
"10_S老师IP资产\_asset_notes\D_Evan_video\zhuyiming\output\ip_v6_work\frames_alpha_25\00573.asset.md","asset-note","04150e2f4219a3eb458ebf941d9562f4305388656b1962850668807a5389fe15","a2d8c20d550086d39bc76a7b14fb54f3a51950891c2d570b203e539eb43574c6","2026-09-23"
"10_S老师IP资产\_asset_notes\D_Evan_video\zhuyiming\output\ip_v6_work\frames_alpha_25\00574.asset.md","asset-note","c83eb68e6d0f0b70998b0b4cf70a824dec141db12584ceba0697993f528be039","e89daac54e056263e80a56e1f5546adcea13bea9a9da1da7b1f3974d1714a54f","2026-09-23"
"10_S老师IP资产\_asset_notes\D_Evan_video\zhuyiming\output\ip_v6_work\frames_alpha_25\00575.asset.md","asset-note","022c570dd3f65d7767e8d823d9621a68abb3f373ab2515d41aabaec5d81aa83a","027c826f90e795f3841eb65f392af0a2bc4b75828e189cf80ffd5110a8530c08","2026-09-23"
"10_S老师IP资产\_asset_notes\D_Evan_video\zhuyiming\output\ip_v6_work\frames_alpha_25\00576.asset.md","asset-note","a02a77150ee31fe09135dc944e9c1305953f2b946bb9d2328efe321d361266fc","4b7e8f2cc53163ecd7844d5c54f6bdfe0c48924728194e73caf05f0a021d12fe","2026-09-23"
"10_S老师IP资产\_asset_notes\D_Evan_video\zhuyiming\output\ip_v6_work\frames_alpha_25\00577.asset.md","asset-note","250d0ff283a290f888f4fd31b6e3e4ac9e0f298adc1e96c18df5fcd540cc34f2","92d74159f434d2ecac2496e2efa33dc5b7932f43c7bcf167404315482ada2f7a","2026-09-23"
"10_S老师IP资产\_asset_notes\D_Evan_video\zhuyiming\output\ip_v6_work\frames_alpha_25\00578.asset.md","asset-note","f982d3b7fe1391113c8998136eed6d96c93288ee765ca74b6e691deeef8a985b","49ea97f1ee1c48b4deb8ea82b29e9257f84dcf5705e113f6731ce575d6da72b8","2026-09-23"
"10_S老师IP资产\_asset_notes\D_Evan_video\zhuyiming\output\ip_v6_work\frames_alpha_25\00579.asset.md","asset-note","fb670eb0cced683a81bb10f03a6f7b02c9f44a75bfa67cea8f743319e93a0abb","b3fabbb796a4182c59ae5279c38b4a50aaa6c8b7ab87d44386c502d7028dde00","2026-09-23"
"10_S老师IP资产\_asset_notes\D_Evan_video\zhuyiming\output\ip_v6_work\frames_alpha_25\00580.asset.md","asset-note","8ed8616cefdca5c50664dbe82b68309395f22e531e8b5d14b27d7f06a5649de4","4576923b5824f7c1f14b739624680418fed44df907032a29241422aeb0786e37","2026-09-23"
"10_S老师IP资产\_asset_notes\D_Evan_video\zhuyiming\output\ip_v6_work\frames_alpha_25\00581.asset.md","asset-note","05c188c6276768501ac51bbc4ece21bf7612b115c4839016e28218b84f39622d","70e50c47ecfa3f55161635893012332793de89b4c8a4d5ff2db3ac29b911d5fd","2026-09-23"
"10_S老师IP资产\_asset_notes\D_Evan_video\zhuyiming\output\ip_v6_work\frames_alpha_25\00582.asset.md","asset-note","053c4fddb05179d3cc1868ce47616fccbd6752ace0973456c0e3ca1e877385d2","81311b43a21c207d45c2e6b40331f7a3d30d907f8486a2ea2fe60099d72ba324","2026-09-23"
"10_S老师IP资产\_asset_notes\D_Evan_video\zhuyiming\output\ip_v6_work\frames_alpha_25\00583.asset.md","asset-note","1579309717883a9c32bca51d89420acecb09dff638afe85d3a02f48b30dc49ef","628f07eefa304259ed9a26d6feb0b4d1ffef314d8e51a6b9db682130ed698fd6","2026-09-23"
"10_S老师IP资产\_asset_notes\D_Evan_video\zhuyiming\output\ip_v6_work\frames_alpha_25\00584.asset.md","asset-note","bf940ebc24f1ae82c53c6b45c97e9b141a48bca35aa2bb3355447b917bc22886","68176e3484047bc62ebfd7baaaf604d20f2f60de50d0658aa37a82585cf95b04","2026-09-23"
"10_S老师IP资产\_asset_notes\D_Evan_video\zhuyiming\output\ip_v6_work\frames_alpha_25\00585.asset.md","asset-note","6bb7e9fc64e572d363cd9c4eb79df7448931c7b28a810e3e49b83b07bac1b34d","2793d372d7313acb5219b8a846480f7242945a84b86b883143d040ce539ed592","2026-09-23"
"10_S老师IP资产\_asset_notes\D_Evan_video\zhuyiming\output\ip_v6_work\frames_alpha_25\00586.asset.md","asset-note","95c78ed3b8e0c555ab33f111dbafedc2765aa40ac16cc5dfbc55696cea70a5a5","dfddf8bd4bfb6322d4d4a470a7141d4c3aa76e6bea1fc28a5a7867148a86a78e","2026-09-23"
"10_S老师IP资产\_asset_notes\D_Evan_video\zhuyiming\output\ip_v6_work\frames_alpha_25\00587.asset.md","asset-note","c59c6c22d25996b3faa8553bfe59d6afe878a94c767cd5d9baa158739f0a9c4c","012fd8c1f0da9983f02903e06d53d3564f028fea554f148a7330fa6bb208b40e","2026-09-23"
"10_S老师IP资产\_asset_notes\D_Evan_video\zhuyiming\output\ip_v6_work\frames_alpha_25\00588.asset.md","asset-note","144bfe8b455c29bf9a5999083d749e87bb4f8c76b2c832a1ff8cdeea1bfbbb45","c6ef804c96ed4fa1f049f1630a34ac9690dd7fef021aad2333d28e3b0895cf3d","2026-09-23"
"10_S老师IP资产\_asset_notes\D_Evan_video\zhuyiming\output\ip_v6_work\frames_alpha_25\00589.asset.md","asset-note","b810c20695b6c1ae10050200699c6e80c096e3c1c7f0b4d2e27100d698a18269","673b59c5372da49a4e0572eda05cd29b859a9ad544cb5e5c43cec0e88783b4f1","2026-09-23"
"10_S老师IP资产\_asset_notes\D_Evan_video\zhuyiming\output\ip_v6_work\frames_alpha_25\00590.asset.md","asset-note","0f61c1ca367128899e254e7af103898a3c68e3be17f0d5dac3460645a819925c","1d4f3eab9506926c42cb309f64a06672f9620edfca698394f049ee0d47dcfec6","2026-09-23"
"10_S老师IP资产\_asset_notes\D_Evan_video\zhuyiming\output\ip_v6_work\frames_alpha_25\00591.asset.md","asset-note","8807fa04a9d5fbdc8f712c7514b0d0742bcc0cb16ddf1c8fcbc12423662abf34","66aec0ffdd6753b68de35aa0a2a8f47aec55286e4c77cf9e78f340f9c058253e","2026-09-23"
"10_S老师IP资产\_asset_notes\D_Evan_video\zhuyiming\output\ip_v6_work\frames_alpha_25\00592.asset.md","asset-note","14187ffc936ea21356002cec25b4790abaf892fc805b2cde2e8a9b3326885335","18c5ba69a94460cc425fe2f0b9fcce98e28ab2084ccf087a97d2e092f578edf9","2026-09-23"
"10_S老师IP资产\_asset_notes\D_Evan_video\zhuyiming\output\ip_v6_work\frames_alpha_25\00593.asset.md","asset-note","6dba8e6ebdc230da80d925590a44a0fbdd1eea6231eba62710c30e0d9b3adcd7","f264812fa8f571cc51a57694fb8315a4453492deba2af0529c1aee5ab607e5d7","2026-09-23"
"10_S老师IP资产\_asset_notes\D_Evan_video\zhuyiming\output\ip_v6_work\frames_alpha_25\00594.asset.md","asset-note","24cfaf2814ae14d2efdffaeab51b62d9564b74c45a821691dd9b2f6b19ce067a","f4ca6feeda32de426c8517d5a3981b7af631f2ad5ef7ecafe831d47a954d8d7b","2026-09-23"
"10_S老师IP资产\_asset_notes\D_Evan_video\zhuyiming\output\ip_v6_work\frames_alpha_25\00595.asset.md","asset-note","9fc67d1f5e369150d11ce36b6e4354aa754e2fb68c608746471693123c286046","fae3bdc784eebd22f5eec12ad5b21a62cf111d274c177e8a9d53e57c15fdfccc","2026-09-23"
"10_S老师IP资产\_asset_notes\D_Evan_video\zhuyiming\output\ip_v6_work\frames_alpha_25\00596.asset.md","asset-note","7c4b4ef1be78e28194fe251b726ad90e175b6deccfa2760d86be13ecf6c315d8","e7e0cd7389b325c1980009d0f90e311cfb9daae0e5bd08f2fc26cdc23153c839","2026-09-23"
"10_S老师IP资产\_asset_notes\D_Evan_video\zhuyiming\output\ip_v6_work\frames_alpha_25\00597.asset.md","asset-note","7ed2634a80d9a5d4b38cdee7f59fa29bcb4145b267639f63d9f147e196b8f98a","1e4164335322ebbe5c36625bf54eface90d6b68cf6c370177fe3e8d6662ef2eb","2026-09-23"
"10_S老师IP资产\_asset_notes\D_Evan_video\zhuyiming\output\ip_v6_work\frames_alpha_25\00598.asset.md","asset-note","4e6f8b3a70a4c31db3e18a81918c2b1715b3bb86f66efebf62454d8242094412","8d1f6a1066cc8d9034aaa612c6080a34e417a8411c315e28267ab65955c8dd97","2026-09-23"
"10_S老师IP资产\_asset_notes\D_Evan_video\zhuyiming\output\ip_v6_work\frames_alpha_25\00599.asset.md","asset-note","522b2a08b6b94f99dc671ca9fe18be8c0c98a4f3494895ab91b9ff1d43cf8592","6185c1e6d4cdd472e5ae1722b4efcd29436fefc6f17f7968fbd1e4552b33b884","2026-09-23"
"10_S老师IP资产\_asset_notes\D_Evan_video\zhuyiming\output\ip_v6_work\frames_alpha_25\00600.asset.md","asset-note","4946a48104bed21e25e89a87cd875aaddd5942d71f41278e1b7d6b40736e354f","d2ec2065b79d83f25c5830a9ca99872a01aa09a0371c6629373115940f6c3df8","2026-09-23"
"10_S老师IP资产\_asset_notes\D_Evan_video\zhuyiming\output\ip_v6_work\frames_alpha_25\00601.asset.md","asset-note","f8bbba0f8cc3ad0068ed428d0095011bba629029e258681f703e80718900d7eb","5011919255c1d0d24f9fa859dc0451f90b00504c1de3ddd672507d846c8804d6","2026-09-23"
"10_S老师IP资产\_asset_notes\D_Evan_video\zhuyiming\output\ip_v6_work\frames_alpha_25\00602.asset.md","asset-note","ea0da36fa4cadb78eabdfa1ba5cd8fa332b355ecbe906199ec0930f59c583b43","0ad267dadef1eaf891dc7e0c9023a5eb67806e95bf789cf972280bd511d3e184","2026-09-23"
"10_S老师IP资产\_asset_notes\D_Evan_video\zhuyiming\output\ip_v6_work\frames_alpha_25\00603.asset.md","asset-note","d33dbc5c1f308d1d53e4717a10edbff07bb0dc7e3548c19a43e6224a1247fbff","6626173b45bd1f7e4310fbb2f58712637301f9f5f305905d1a5bcb9cdd8d45c7","2026-09-23"
"10_S老师IP资产\_asset_notes\D_Evan_video\zhuyiming\output\ip_v6_work\frames_alpha_25\00604.asset.md","asset-note","39bd27dc3b066628ed405ee8c4d616df5c35d2d5f17ddb6524459192e7fa8f67","1e46e1084a0aa2f64e986c42eb493d8bac7aaf3d2d0485737f4dde15ccc3b281","2026-09-23"
"10_S老师IP资产\_asset_notes\D_Evan_video\zhuyiming\output\ip_v6_work\frames_alpha_25\00605.asset.md","asset-note","de60a405f0bee4028f93eb777d16abbd52ea36a16299b951732a15b209e7374f","9a79f7244457a7970d4a58332063f06bb634b43592fe328ff721ae8a952c4e59","2026-09-23"
"10_S老师IP资产\_asset_notes\D_Evan_video\zhuyiming\output\ip_v6_work\frames_alpha_25\00606.asset.md","asset-note","2c648df209b6289c5832ed2df965aa69721b0f64576e75783f2d93784a3efca5","890a1f084715371e1b7d27535a700cbb7469947a780eb1e08f09bb4fadaa4714","2026-09-23"
"10_S老师IP资产\_asset_notes\D_Evan_video\zhuyiming\output\ip_v6_work\frames_alpha_25\00607.asset.md","asset-note","58c63dabd085b473aafedac8d0b58134295da611ef8911170ec6a18e91b0f9a0","34623bd44b91ee666f585b13853233d348ae9a1c79d7f347188616ac6fe2facd","2026-09-23"
"10_S老师IP资产\_asset_notes\D_Evan_video\zhuyiming\output\ip_v6_work\frames_alpha_25\00608.asset.md","asset-note","c55145ef96c19b5c64c4f8bfbe2f4700486706c1a84689ce8f23332e1f64923d","e5dc202a368984bbdea2fd3fba6823aee1cf793e77bcbefaa5a07c0f593a5027","2026-09-23"
"10_S老师IP资产\_asset_notes\D_Evan_video\zhuyiming\output\ip_v6_work\frames_alpha_25\00609.asset.md","asset-note","c553ddb72bf60ef7c54531febc94977db23670a54435a6c87c1f62c29e01a872","94d66dd74e09ff1168b8a567f04671befcb98d61216f29937b7d86bb86dbf992","2026-09-23"
"10_S老师IP资产\_asset_notes\D_Evan_video\zhuyiming\output\ip_v6_work\frames_alpha_25\00610.asset.md","asset-note","37d95277812baf451ea6719473561c2e8c9eb1b490655f7083d1beeacaa39324","1a874426eb2fc22a04d2ae3305fc62d77edb2759b1c761da60cf01131fbc13d6","2026-09-23"
"10_S老师IP资产\_asset_notes\D_Evan_video\zhuyiming\output\ip_v6_work\frames_alpha_25\00611.asset.md","asset-note","5018fa503c81dbe5438abdabb7b9b80d6d554cbdc9f2330c4aa16de5667172fa","dfc5fd38ec0fed869c5cb8227d045e58ca29a35106eba4e7924f989830b2779a","2026-09-23"
"10_S老师IP资产\_asset_notes\D_Evan_video\zhuyiming\output\ip_v6_work\frames_alpha_25\00612.asset.md","asset-note","a4dab0bbc5135bc472162b2ab61bf672ffbf86ba2c9a6afa8ea42825629970bb","c4bd42fd6e1c4f6bb5a80801595093a0b70d88d22ca898eb0df2dc60360ade20","2026-09-23"
"10_S老师IP资产\_asset_notes\D_Evan_video\zhuyiming\output\ip_v6_work\frames_alpha_25\00613.asset.md","asset-note","8a59838e92c173c37be119202f904000de8ad79c69498a3a57e14a7ca145e381","09d8508b6c3c9e4fd90504a40b7021ff95ff1f907993a3d4bee93a98ebfd29ba","2026-09-23"
"10_S老师IP资产\_asset_notes\D_Evan_video\zhuyiming\output\ip_v6_work\frames_alpha_25\00614.asset.md","asset-note","3711aa86396c6ec21677423c6c0d751ed986a4ecfebf778a15dcc0f2d45b01f2","7a72e1907a128802aabeb996223dd826216cb3ac3e4864b1f40b72f3b9ebd8b5","2026-09-23"
"10_S老师IP资产\_asset_notes\D_Evan_video\zhuyiming\output\ip_v6_work\frames_alpha_25\00615.asset.md","asset-note","d802e7d03ae833810588a796d7649ef49cae5eb0d91b9d8c6823bbccdc1749de","212b6ba93343de4f6dd13e63d831eeba37ca472a7f1c8876afb0ce3a1099000c","2026-09-23"
"10_S老师IP资产\_asset_notes\D_Evan_video\zhuyiming\output\ip_v6_work\frames_alpha_25\00616.asset.md","asset-note","dfb9bd778fba718587e5a7721e23f7258eb32fb560feb5e014facd2b0b46e476","d27d1a4a97bf601d1ea3868491ba93128c3cd5ca84a0a918a6b92ed289ab2a20","2026-09-23"
"10_S老师IP资产\_asset_notes\D_Evan_video\zhuyiming\output\ip_v6_work\frames_alpha_25\00617.asset.md","asset-note","8e1783c63364612a88bb7113af855b5f6ce79a4e0cb24227b2a9906984dba998","410eea8d6f29b4dc55d609543265153b4f897350d770240443b39e10b1176888","2026-09-23"
"10_S老师IP资产\_asset_notes\D_Evan_video\zhuyiming\output\ip_v6_work\frames_alpha_25\00618.asset.md","asset-note","e229706056d60695f1d3e24c1c21837535fece41cc3f1781fa1de19d299f99ca","e0c0064b71fbfd0be563e216d0d14663c837fbc8a15808e0c15ae6c7faf9529d","2026-09-23"
"10_S老师IP资产\_asset_notes\D_Evan_video\zhuyiming\output\ip_v6_work\frames_alpha_25\00619.asset.md","asset-note","20570ce9c8fb970a644846597a4f148992aaee7b14c816b8d70ea527a77d7c52","e5013737335a572481cd61686836d95961626ddad3165b7d3d8f75c74905f534","2026-09-23"
"10_S老师IP资产\_asset_notes\D_Evan_video\zhuyiming\output\ip_v6_work\frames_alpha_25\00620.asset.md","asset-note","913ff9d61bbbb5e23b108704ef4c2ad6610948176d55d28f699083d1a65192b4","0666a91ef08b0a1f3f88704dc79d819246ce6d127746d6a0cbf90c0aff74d7a0","2026-09-23"
"10_S老师IP资产\_asset_notes\D_Evan_video\zhuyiming\output\ip_v6_work\frames_alpha_25\00621.asset.md","asset-note","1066b1d61b96f71d458a67f8f6fd1a30d7ebe6c5c1c660dede3b369fad26606b","a1a8832be3d20c41148abd3120529808c49e3c0b3cef4ecf9eb10b3051d1cdba","2026-09-23"
"10_S老师IP资产\_asset_notes\D_Evan_video\zhuyiming\output\ip_v6_work\frames_alpha_25\00622.asset.md","asset-note","372e26325f03323e5f2fb45ada729c787cb817b6b257bac2e848667c2fdd28af","831259ed5e8241090e0dfa6447571910c626bfdb41dfe09bab3c5881bb391b60","2026-09-23"
"10_S老师IP资产\_asset_notes\D_Evan_video\zhuyiming\output\ip_v6_work\frames_alpha_25\00623.asset.md","asset-note","be23f97585c53819e7f4f8a79492ae7ebe19cf53a5fc963e3293a83d698237f9","82b3402cd85e2bd96ae80bd14f49a12a2e836938327ad0cd63e076089ec4d9b0","2026-09-23"
"10_S老师IP资产\_asset_notes\D_Evan_video\zhuyiming\output\ip_v6_work\frames_alpha_25\00624.asset.md","asset-note","793095a6f5103d0ab916ef46670fcb32be4da916509b9d5ac2472f10fbf66cf2","448dbab1d00845475ce5b387da0fc49049a5c46ac59fac016fef67ec1789f100","2026-09-23"
"10_S老师IP资产\_asset_notes\D_Evan_video\zhuyiming\output\ip_v6_work\frames_alpha_25\00625.asset.md","asset-note","b9eee96a53b83345fd8d313c37dccd4fee81cff046b1e74a6a0cb9797a989701","84df245aa8cd32bf01066ee90bc54ccb1861ba5506dae7724490d243e7dc98fe","2026-09-23"
"10_S老师IP资产\_asset_notes\D_Evan_video\zhuyiming\output\ip_v6_work\frames_alpha_25\00626.asset.md","asset-note","558c3f4502f32d85282197b33e14b0553958579dd583c864d3b3434d91d28652","535c5631146bf79090c37790b5efd2fe61698f90ba89dd6b5b9472c6ef57a51a","2026-09-23"
"10_S老师IP资产\_asset_notes\D_Evan_video\zhuyiming\output\ip_v6_work\frames_alpha_25\00627.asset.md","asset-note","cd7ce7df42c4553bda8a92f40043e5badd3edb2ab945e9483dfda4fd7edfc405","4c2426a63ac1a460862ace5ad067bdb39ea7b513da5d0b00540d3812fcd40db8","2026-09-23"
"10_S老师IP资产\_asset_notes\D_Evan_video\zhuyiming\output\ip_v6_work\frames_alpha_25\00628.asset.md","asset-note","f8eeb8abcf99d427de3816cf0a7421cf54d5b685c3f5dce439b0d9191779053c","307c786c73b3673673c0db6e55c325a29a1dd70cd1fcdcce3ddc3189c2d363e3","2026-09-23"
"10_S老师IP资产\_asset_notes\D_Evan_video\zhuyiming\output\ip_v6_work\frames_alpha_25\00629.asset.md","asset-note","3b4de3a9517cb133b3c0d7846b7b9f527ab1e835139d66f6c2807b29d6b435da","3208583d857a32709a23b14779399198cdfed297872abf3ddac866cb3cd9b38a","2026-09-23"
"10_S老师IP资产\_asset_notes\D_Evan_video\zhuyiming\output\ip_v6_work\frames_alpha_25\00630.asset.md","asset-note","622f71e2bf8aca79f9d8dae8b06fcd04d036cc9f1e08a0ed57d3e46ae3067c5a","44b3ee3717bc9a166190e449e26dc8c33e230d13f13bbc81116a25f2d2c68589","2026-09-23"
"10_S老师IP资产\_asset_notes\D_Evan_video\zhuyiming\output\ip_v6_work\frames_alpha_25\00631.asset.md","asset-note","c601259c6bd388b9e3194609f282cafb3ecf017b1bee3a70961074cf6f11740a","8e547c07d4cf0b5bc770b366f1d23b4f1e0566170bd463d918c895de6a35f6de","2026-09-23"
"10_S老师IP资产\_asset_notes\D_Evan_video\zhuyiming\output\ip_v6_work\frames_alpha_25\00632.asset.md","asset-note","dcade5d754cf0af511e086703fab13f7b35518e2fd59ae62429b32f3d0a54b55","e40284ecdfb6e3caa0fbd998054a902e916cc820f1aaa7871d2554320e4ad5b6","2026-09-23"
"10_S老师IP资产\_asset_notes\D_Evan_video\zhuyiming\output\ip_v6_work\frames_alpha_25\00633.asset.md","asset-note","c5eb7572c8cb7775b360c69990bb39e0fea579dc29a567c452a0e0416169bd58","567dc73f2d1cf9c7bd34ebdd7d33e1487f39b4849cbe9d6945c5c798c4c5419a","2026-09-23"
"10_S老师IP资产\_asset_notes\D_Evan_video\zhuyiming\output\ip_v6_work\frames_alpha_25\00634.asset.md","asset-note","7c448f70509b42760af2f68f83b0fa651a9079663634e80e12215b7bc251836e","c382548769d588d655f513ec6b393579c2f13712e5d58d3a5ea4e8bd3ea21045","2026-09-23"
"10_S老师IP资产\_asset_notes\D_Evan_video\zhuyiming\output\ip_v6_work\frames_alpha_25\00635.asset.md","asset-note","650530ec04841041a3eb21945ab15f38853b993351209e3ea33a262d69287859","2cdfbedf53038a1edd5b6e6ee4042cb14568e07b805969ef55925b465cd00e1f","2026-09-23"
"10_S老师IP资产\_asset_notes\D_Evan_video\zhuyiming\output\ip_v6_work\frames_alpha_25\00636.asset.md","asset-note","15311eb695231ebd7b79262fabc8af9c6f2276e6a32fce3d07d5ce02b1f06b34","bb6f39a5710496875b92876647f3b966a39d58129e2ceda497211b68836d93a6","2026-09-23"
"10_S老师IP资产\_asset_notes\D_Evan_video\zhuyiming\output\ip_v6_work\frames_alpha_25\00637.asset.md","asset-note","fdc897d04489fa1a17df96ca682b6223039db60f552d9640ff8c8cb68d0177b7","def0f14a15c988f15806bc2e7e8021076b854ab5d2de44ba4f04119d258ec89e","2026-09-23"
"10_S老师IP资产\_asset_notes\D_Evan_video\zhuyiming\output\ip_v6_work\frames_alpha_25\00638.asset.md","asset-note","1c24a9c3f561e45c005c65de56a767f982af8b3e6860094ecadcceb290049d6a","897b109d8b36d3fabfb31ba28daf7952fb6b0ce59ae6a1a35d6ba518669bd10c","2026-09-23"
"10_S老师IP资产\_asset_notes\D_Evan_video\zhuyiming\output\ip_v6_work\frames_alpha_25\00639.asset.md","asset-note","761ea51d749458830e4626049249f58297ccadc85e4b09284fb9d16f5e3c4312","cbe3a1f461239d6edbdc852b0ecd733684ef678a59a6bb96db65b6c70f3ada91","2026-09-23"
"10_S老师IP资产\_asset_notes\D_Evan_video\zhuyiming\output\ip_v6_work\frames_alpha_25\00640.asset.md","asset-note","008f02e50e7cd58213657ab610b3e7e94689cfadd060b2ba607b6125a67fe2d1","17fc3486ea46a25411c60b745f4e7cbfcdc1d99b47edbbeca257913507dcc8a0","2026-09-23"
"10_S老师IP资产\_asset_notes\D_Evan_video\zhuyiming\output\ip_v6_work\frames_alpha_25\00641.asset.md","asset-note","c83297438a2bbd8fbd1debb2038a5f0aec648ceefe166fcd0571226c4574d7b2","f7a28345e4ff2409b84593125c47e556d48ba147a3f6d266affae08dfa0bfead","2026-09-23"
"10_S老师IP资产\_asset_notes\D_Evan_video\zhuyiming\output\ip_v6_work\frames_alpha_25\00642.asset.md","asset-note","6e1bbe4e89812c63a447b8102f86a7904917a9ad876e3e7984d0c935a3ae005a","fc6b27c260f502fd5c83a2e5f94aac8450aa29c9b621062b0dd7bafefd7c170f","2026-09-23"
"10_S老师IP资产\_asset_notes\D_Evan_video\zhuyiming\output\ip_v6_work\frames_alpha_25\00643.asset.md","asset-note","feb6f7416ead5e8da177390d150f5c4bff44e6b801f7c476f76e971b2276726f","e9e97312592db04a0b9424b776928a7e9a628f534bfaafb10e92794b8ffa8f1f","2026-09-23"
"10_S老师IP资产\_asset_notes\D_Evan_video\zhuyiming\output\ip_v6_work\frames_alpha_25\00644.asset.md","asset-note","3cc02d0008aec7170a6b305f17d54bec48cd6a124dc0043aeb618a5dea5b5a93","20e822f8662fc5ce504e951a90a714cf9de6fecaa65cef94addba7fe2aec46a5","2026-09-23"
"10_S老师IP资产\_asset_notes\D_Evan_video\zhuyiming\output\ip_v6_work\frames_alpha_25\00645.asset.md","asset-note","f66da3330c477dde22cdc24fe9831bdceda1380e3a017d8301dd581e7fd73f6a","2902d2de7d74d4bb408ca0ca95e7b0690fea8ff2a6f6cafd84249d80f6a2bcba","2026-09-23"
"10_S老师IP资产\_asset_notes\D_Evan_video\zhuyiming\output\ip_v6_work\frames_alpha_25\00646.asset.md","asset-note","8a4f874bd85dd8854e9a6c203c7e37100f5d0238628e47d522cecaad316a7166","cfd46e704a77526238912f0e95220e79ad9aa7ab85f8edee2922b41746573ff9","2026-09-23"
"10_S老师IP资产\_asset_notes\D_Evan_video\zhuyiming\output\ip_v6_work\frames_alpha_25\00647.asset.md","asset-note","ed4d90963cb99ba2f1a4e90f753f0311694a8c0367941deaf6df5ca3c05e3c85","73e9e41b953c15b8ca09f0b391dd460a7f99742a7ff364b3dd93eb1a1ce556e6","2026-09-23"
"10_S老师IP资产\_asset_notes\D_Evan_video\zhuyiming\output\ip_v6_work\frames_alpha_25\00648.asset.md","asset-note","78c21e9692fbd107d40293771f0e3339f07ea8e9ff512ea07c00f3ada16742e6","5dce2bd22ae43daa446def1994ea6218e4eb10335554ccc6e37f55334cd72c23","2026-09-23"
"10_S老师IP资产\_asset_notes\D_Evan_video\zhuyiming\output\ip_v6_work\frames_alpha_25\00649.asset.md","asset-note","d76b6885a8aaeb73cd0c7712fc339b2d820549d9b1f2d5288380091930a48dc5","4bb5599c3e05aa19ade685cbdea862dd97762699ef6dbdf9ff8c4b01931689a8","2026-09-23"
"10_S老师IP资产\_asset_notes\D_Evan_video\zhuyiming\output\ip_v6_work\frames_alpha_25\00650.asset.md","asset-note","ae6e686fa3929bb0e55f30bccf649b6cc0f1b8288b27a545b688bf679eac0e78","634284ad7316ba16c439abbbeb72f40640c8881cd84b4bb7494af990020ebd7c","2026-09-23"
"10_S老师IP资产\_asset_notes\D_Evan_video\zhuyiming\output\ip_v6_work\frames_alpha_25\00651.asset.md","asset-note","d8634036ee863fad38d729e5adee93680227e4c77af8966ddec75606763d81d9","4c458799a198a7c2e4dd0964cc99a6894a9ee58e6a8a4f741b1647c1b07ad222","2026-09-23"
"10_S老师IP资产\_asset_notes\D_Evan_video\zhuyiming\output\ip_v6_work\frames_alpha_25\00652.asset.md","asset-note","1664224e6aff1e1a9189dc4d08a57e90e26c4f49e4c6e5766d509aa35e352436","144ad947bb7bc07c0e1a8d3ea82fe22d49479657b77c0b22d9a5175bc772ce0f","2026-09-23"
"10_S老师IP资产\_asset_notes\D_Evan_video\zhuyiming\output\ip_v6_work\frames_alpha_25\00653.asset.md","asset-note","18b881e01482591b98ebcf3c668c70f96b682871f1c8864e631483365d5aab4f","6c39ea71db7b9f34cefefd4f59a5754662c96e22bb21d1add211f48c3390b0a3","2026-09-23"
"10_S老师IP资产\_asset_notes\D_Evan_video\zhuyiming\output\ip_v6_work\frames_alpha_25\00654.asset.md","asset-note","f8f13056a4fb5ad71e49ef042ce867c26ca51230940c1d5800596e487f99c87c","ceff4165ae7e1ed5f5f9c6621eb56386346864ab73c71a86dca1b6c00fdb77fc","2026-09-23"
"10_S老师IP资产\_asset_notes\D_Evan_video\zhuyiming\output\ip_v6_work\frames_alpha_25\00655.asset.md","asset-note","ed67a1257d3f5c12dd93cff01598be696a965b139fc00667d6c7c2c880375abe","e26781a654c4f1c3b9ac4ea828cee495bdd49c1bf73006105bdb3d75e672bda0","2026-09-23"
"10_S老师IP资产\_asset_notes\D_Evan_video\zhuyiming\output\ip_v6_work\frames_alpha_25\00656.asset.md","asset-note","db3a0dbaeb2b870890c5501fee28055de9126cf41897e0d46122846223bccd2b","cb958ffede12a16061eada761caf0ffec6238b4102af437396f718e73c55f88e","2026-09-23"
"10_S老师IP资产\_asset_notes\D_Evan_video\zhuyiming\output\ip_v6_work\frames_alpha_25\00657.asset.md","asset-note","c1465c90910f1cfe92e145118e77f65c24a5c6c5cc8c131b1aee39606e279bbe","7d625d4e58517d3c6dc9cb7e6bfb4625eb7912c54079f841e810f6404105c8f9","2026-09-23"
"10_S老师IP资产\_asset_notes\D_Evan_video\zhuyiming\output\ip_v6_work\frames_alpha_25\00658.asset.md","asset-note","98d7c3f0d6737512d4fc959715ce6a40d2d85f9989c52bd2ac9b63c89b54127b","ee2906b24f95fe34477ef8a9222528530723b448223b5dc5315eb77a2107b7d1","2026-09-23"
"10_S老师IP资产\_asset_notes\D_Evan_video\zhuyiming\output\ip_v6_work\frames_alpha_25\00659.asset.md","asset-note","a94d698a5ef2c5ff6c92fa924cf3cde7fb81b501972069df9c7525a61968426d","fccc3261d9bc34239a61e31184e02b2d2aabfbdd2f8fe97b2697c248ca0a280b","2026-09-23"
"10_S老师IP资产\_asset_notes\D_Evan_video\zhuyiming\output\ip_v6_work\frames_alpha_25\00660.asset.md","asset-note","5fb394697315f1ec2d7521d3102242945e7d2013bd6dafc148c6e207545f76e3","328df245046a062a3b5448193b782a080e6a7f0fa29a4d823f64a4888a062c02","2026-09-23"
"10_S老师IP资产\_asset_notes\D_Evan_video\zhuyiming\output\ip_v6_work\frames_alpha_25\00661.asset.md","asset-note","2d5ac957eb9a51161ea9cc13455dbfe3b6d64eff615b4225ae53d59fc20043a6","fbaa097ce2f0aab89bf5777dd276a426f1e45c919a9fea9ce4fe99542eff9717","2026-09-23"
"10_S老师IP资产\_asset_notes\D_Evan_video\zhuyiming\output\ip_v6_work\frames_alpha_25\00662.asset.md","asset-note","885de098e1157be6e781f0cc20a4ce2056cd42965ad87ccd883a711d86a201cf","f7bed656a03f09df36c4128e81a116296f2594dc97aa8a73f1d91808997e844f","2026-09-23"
"10_S老师IP资产\_asset_notes\D_Evan_video\zhuyiming\output\ip_v6_work\frames_alpha_25\00663.asset.md","asset-note","c232fac1303e8f19a7c04e19d8b463a267594cb5fad99017eb4510965170603d","dfc9d823ea8eba9ee7fb9dd8c8260e74c640a5610e047f40a51b369f06c36506","2026-09-23"
"10_S老师IP资产\_asset_notes\D_Evan_video\zhuyiming\output\ip_v6_work\frames_alpha_25\00664.asset.md","asset-note","859854de67c690a04ef654e46312e6bd0b74099803e93e46e5c586a3b8b8ba74","4fc8139bfc04e2796ca34ef5421fa64fa6dc6e5e5471abc8aa87f14062175bd0","2026-09-23"
"10_S老师IP资产\_asset_notes\D_Evan_video\zhuyiming\output\ip_v6_work\frames_alpha_25\00665.asset.md","asset-note","8794d4642552384801a5c60fc99e72cf639fe7b745bee2f2dca2812fcea8b384","af157df496a92426813afb0eb0e97cb9e826791bf45888cd627e356bb0f464cc","2026-09-23"
"10_S老师IP资产\_asset_notes\D_Evan_video\zhuyiming\output\ip_v6_work\frames_alpha_25\00666.asset.md","asset-note","13c516e9845c179458b75627a2205bd75d9b21787a43c938d4081d587eaab66c","94167d249a829982c73e255fc98800cfb5223d17ba3c403c47b2f3b935ea825d","2026-09-23"
"10_S老师IP资产\_asset_notes\D_Evan_video\zhuyiming\output\ip_v6_work\frames_alpha_25\00667.asset.md","asset-note","266f34192043e478f9d713d37b0aeabc19951de2c1c9ccef867aa551001b6d1c","9655b2f3b8a646eedef72f726dcf2d84b3fdca3d75e1398cdabfc0aa7f29c139","2026-09-23"
"10_S老师IP资产\_asset_notes\D_Evan_video\zhuyiming\output\ip_v6_work\frames_alpha_25\00668.asset.md","asset-note","0181c3cb7c4a4ba6c084012c4dddf9deef94b652398359f3f52be90ec571d480","c45eb9fc98f33835060751884fb89f5a4a1c145f03e2dc2589579843b0006afd","2026-09-23"
"10_S老师IP资产\_asset_notes\D_Evan_video\zhuyiming\output\ip_v6_work\frames_alpha_25\00669.asset.md","asset-note","33a27b0b872efafbbfd2b3bf4c1f644830f15f2f86ce336cb7b124271b0d92ff","f9efacf57eaa5bb0a9e0ff5a4ea329bd83a1984ff2eaa805a55a019933a4ff78","2026-09-23"
"10_S老师IP资产\_asset_notes\D_Evan_video\zhuyiming\output\ip_v6_work\frames_alpha_25\00670.asset.md","asset-note","cc2112fe2306dda100451bebd4e1f96cae4c4100d2cf933746a1c1c8de25d358","1c8e1c0216c7f262b49f7ee230a3cba53133bfadb6d67c4ba8a38f30e8853040","2026-09-23"
"10_S老师IP资产\_asset_notes\D_Evan_video\zhuyiming\output\ip_v6_work\frames_alpha_25\00671.asset.md","asset-note","c85112a98b7e907af17ade7bb062843dfa9e28fa7eaa363b83902724c714c65b","275bd879e775cca99fac2187bc7dde13ad627baaac4810ac14e1fab6ef9dcee9","2026-09-23"
"10_S老师IP资产\_asset_notes\D_Evan_video\zhuyiming\output\ip_v6_work\frames_alpha_25\00672.asset.md","asset-note","48ba37155b250ce3ce450f2c06073d669d694e1341ceec1aa1425bebbc2248ab","f2e622c4f4c7300dae42e6cbd87eb370f3a71c575a4d6c305b992255ad566801","2026-09-23"
"10_S老师IP资产\_asset_notes\D_Evan_video\zhuyiming\output\ip_v6_work\frames_alpha_25\00673.asset.md","asset-note","6fcbe9d20d6e96bc62ed9436103a29584941af0f898e336873e7ddd3c529e20f","b8b52fdfd338eff003f85c963c98bd89117d37167186c8caf50f753a2ef77ea5","2026-09-23"
"10_S老师IP资产\_asset_notes\D_Evan_video\zhuyiming\output\ip_v6_work\frames_alpha_25\00674.asset.md","asset-note","94ecafb875916be5d6c60d01c6d6dddaea73ccb8162b753168be7ccf6fe35fe1","7a3a92519de9fa4124affe36e0fc5a272859025694d4c48137dc1b78eef52240","2026-09-23"
"10_S老师IP资产\_asset_notes\D_Evan_video\zhuyiming\output\ip_v6_work\frames_alpha_25\00675.asset.md","asset-note","c631dad14393c780e4a7045287f66979b5a9a5ebab9126c3f68576955a31f34d","8d40503dd2764a3c02b007ac9be901314b3c58875d46d52e16023875fbf0dcf7","2026-09-23"
"10_S老师IP资产\_asset_notes\D_Evan_video\zhuyiming\output\ip_v6_work\frames_alpha_25\00676.asset.md","asset-note","fc5f0138621c282c2e34586a23e34be5f8f5dbd01f46b943a6e49b3aa4c43ad4","507ac6620d2f9ce8e28457e2bf93d4de954252c89e4471dcaa123ddeeac887d1","2026-09-23"
"10_S老师IP资产\_asset_notes\D_Evan_video\zhuyiming\output\ip_v6_work\frames_alpha_25\00677.asset.md","asset-note","4db31a1c39094f3f9e5a9c0b94c2ff967511180ca99ef6726b511ef460c7ef49","8bccb676ce83da6acab54a5a280e3646a44689ef5a9a6661fc102a6cdad1d18d","2026-09-23"
"10_S老师IP资产\_asset_notes\D_Evan_video\zhuyiming\output\ip_v6_work\frames_alpha_25\00678.asset.md","asset-note","b4d19e900aa6202dea6de474d510adf8e9d2e0b1ee4cc20f777413a6ddf8cd80","4908bce97e5f49ab4567a7b1a9172450921aaff1ae1d5bbc3be804f90ee73f73","2026-09-23"
"10_S老师IP资产\_asset_notes\D_Evan_video\zhuyiming\output\ip_v6_work\frames_alpha_25\00679.asset.md","asset-note","09b2289c67cc4f5bed9008986bcd335f0ab7238b3f9f3e8778170111a7869b31","8b67c213e43284401e9f7f3524665ecb5f72cb0d339307579eb52c52ebb516b1","2026-09-23"
"10_S老师IP资产\_asset_notes\D_Evan_video\zhuyiming\output\ip_v6_work\frames_alpha_25\00680.asset.md","asset-note","2e527c96c03426f1381f5fc7c951701ff4b3be6d0a71bf1093b62e34e28dc5e3","4c4d4bfb7cf5f0a0d5262aafb9351b0e3bff9ca18d6a92f7d6d4e9ee41bc86e4","2026-09-23"
"10_S老师IP资产\_asset_notes\D_Evan_video\zhuyiming\output\ip_v6_work\frames_alpha_25\00681.asset.md","asset-note","94a5f460848f351e9cb68c685e78cf3cfa8c64191491bf73fd0ed86018151d47","35e7fecd9c544021420ac6a20f6df9a8bb1601933f2bdf5ec69a8dd807c6e594","2026-09-23"
"10_S老师IP资产\_asset_notes\D_Evan_video\zhuyiming\output\ip_v6_work\frames_alpha_25\00682.asset.md","asset-note","75d978d96ac8da9d1fef99f4a557f5419fea596bcfc78eff11e3e7f215b952dd","0992c0cd29d6e2c6f0a319a38c551e63d66dcb09d939fd995f33fd7671d7f6ab","2026-09-23"
"10_S老师IP资产\_asset_notes\D_Evan_video\zhuyiming\output\ip_v6_work\frames_alpha_25\00683.asset.md","asset-note","068e9cab4ed094af8b85ee841d1d1b13a259a353f98652d794043672e506dd86","c5d58e6942325b4f6af04e27a0b4db64c37a344b99a661ff404728111c3eace7","2026-09-23"
"10_S老师IP资产\_asset_notes\D_Evan_video\zhuyiming\output\ip_v6_work\frames_alpha_25\00684.asset.md","asset-note","b7925db95ef22a0f08774b693e1d42ec92d82413f154fa0f6d72c67480485f09","f724982f3d45acdf03ca12e99da92923cd0eb9309da4ca309d135b829888ce3b","2026-09-23"
"10_S老师IP资产\_asset_notes\D_Evan_video\zhuyiming\output\ip_v6_work\frames_alpha_25\00685.asset.md","asset-note","99cb3a6bae7487c81d7ea5acb8b0eb2a8d886fecbc23156c1ab1b15aa59a9de1","13992e2387bfbd377613657470e028451c6ed97a0299368870308bc9b3ccd685","2026-09-23"
"10_S老师IP资产\_asset_notes\D_Evan_video\zhuyiming\output\ip_v6_work\frames_alpha_25\00686.asset.md","asset-note","b5b75733ba1c35bc855b3ec86225984c63700e713f06761c7f59297f0f99ecd0","60a54b5125af04284fd3874161975827b20db0030a0c0d1142d27c2f186975cb","2026-09-23"
"10_S老师IP资产\_asset_notes\D_Evan_video\zhuyiming\output\ip_v6_work\frames_alpha_25\00687.asset.md","asset-note","fafcb11304796e31140b10d88c1e4c58505ea4ac3a1120dfa266a7dbdc37074a","1d589312d50c65310b9a7d96a6cdf3b84f174f645368b2dc079762910825990e","2026-09-23"
"10_S老师IP资产\_asset_notes\D_Evan_video\zhuyiming\output\ip_v6_work\frames_alpha_25\00688.asset.md","asset-note","da14b86a72ae575e88ab5fd6967ecd8113e36f5085d73bcca70d5f7c8d07b4c3","23ec23fbcb94a689d15b494404915ed5d60a76ba8d74f993829be988744aef35","2026-09-23"
"10_S老师IP资产\_asset_notes\D_Evan_video\zhuyiming\output\ip_v6_work\frames_alpha_25\00689.asset.md","asset-note","a7bd5c117fad9f02a8a19af32b5c2ad5847323d308a41bfb4c9d1ff2a8955126","a8ba99e394496ebbbd2bedadc693b49b6a321c3a24673451b216916f1cd8250a","2026-09-23"
"10_S老师IP资产\_asset_notes\D_Evan_video\zhuyiming\output\ip_v6_work\frames_alpha_25\00690.asset.md","asset-note","5caf900e77771bc88a072f3cc19d5a716648a9183b7f389590b926f7887ebf1a","303f263c49209b61500566342ec464a3059156e482247eed150ca760ed373ad5","2026-09-23"
"10_S老师IP资产\_asset_notes\D_Evan_video\zhuyiming\output\ip_v6_work\frames_alpha_25\00691.asset.md","asset-note","fb97934aa6ad1238ea6f8e92b64cd2bfcab161b56199f915bac5e1d1c362fbd8","49650175d482f6e6ca1e66d549e6f2d7eebe9265882abacde2c7777db058ac3b","2026-09-23"
"10_S老师IP资产\_asset_notes\D_Evan_video\zhuyiming\output\ip_v6_work\frames_alpha_25\00692.asset.md","asset-note","72cca5f0ec9ae2468f51d3d4b72005d260e00b8f16d407a9a41211be0c90498c","73c8d9af5a3f12714c7ec6fa64840a2109bd6311e78e438f4fd56be6232bb27d","2026-09-23"
"10_S老师IP资产\_asset_notes\D_Evan_video\zhuyiming\output\ip_v6_work\frames_alpha_25\00693.asset.md","asset-note","23ccacaa69bb9c64382379fe9c601b2ca876f4f40b8bad6bec4fd554c118d028","f7a5be92d7dff34881353dd809f97346695379c91020c0a7f34fd9521fd3f98d","2026-09-23"
"10_S老师IP资产\_asset_notes\D_Evan_video\zhuyiming\output\ip_v6_work\frames_alpha_25\00694.asset.md","asset-note","1278850d8a616bc3d875b6a807006713001e4240d0bdebe96faedec243b6e075","c16b27773c38eeeb5997da27a743e6c069874057d93e437a925897591caa8994","2026-09-23"
"10_S老师IP资产\_asset_notes\D_Evan_video\zhuyiming\output\ip_v6_work\frames_alpha_25\00695.asset.md","asset-note","a5e8875a747aa981f359c2f50991254665502fba917a9555f09a443f4913938f","27fbd59fbc3e7eb74008175e9a8fb2bea9b48a9d75d344bc8324b5103c7d7b2e","2026-09-23"
"10_S老师IP资产\_asset_notes\D_Evan_video\zhuyiming\output\ip_v6_work\frames_alpha_25\00696.asset.md","asset-note","5639ebe46aae4b0284cada2a83162b1da3dd3e054056e3efb905d96b18f6246b","8e8e0152a412d19eda789eb48d8cf06581626dbf80cc3ae89a1734a18b40d91c","2026-09-23"
"10_S老师IP资产\_asset_notes\D_Evan_video\zhuyiming\output\ip_v6_work\frames_alpha_25\00697.asset.md","asset-note","6377bdfc74b280e21d2a4bff4dd5be0f8a35a44c594404b0e15e3e02d17c159f","da5ffa21805e818e579691433b4073991f9060146062329731aa61a791a4b964","2026-09-23"
"10_S老师IP资产\_asset_notes\D_Evan_video\zhuyiming\output\ip_v6_work\frames_alpha_25\00698.asset.md","asset-note","350be9aa9f296e1e271e6bd69dbe08d45f7103859ab2d3c4573ffd529c6d9d78","8e2465469dd846184ae99eb6f9aaf57ed67800e285445840b45b85fed2c27065","2026-09-23"
"10_S老师IP资产\_asset_notes\D_Evan_video\zhuyiming\output\ip_v6_work\frames_alpha_25\00699.asset.md","asset-note","088b73e0b3d2591ba520bd6d8e1319c62cc8bd25266425247d61e66d88e2337b","f4213013676c6d9d5ab0f19ce24c863bec78083122731ff0c46dcae639a6b150","2026-09-23"
"10_S老师IP资产\_asset_notes\D_Evan_video\zhuyiming\output\ip_v6_work\frames_alpha_25\00700.asset.md","asset-note","215342debb31254f46f30b1a98596325273352876a5787dc4740e70f8493bb96","4a834b965b8d73b598e0f1396adc9b16ec1e864f43c6d1cf1df58e706e55e1ed","2026-09-23"
"10_S老师IP资产\_asset_notes\D_Evan_video\zhuyiming\output\ip_v6_work\frames_alpha_25\00701.asset.md","asset-note","7b6d2ead3c1b4a765fe65c46fa930caa68c1ee2e4e0f6a12805d883ba04633a2","705cb5c245244bc66542c152d38e8249c78b573512d1aa20316a7a13bb3403a1","2026-09-23"
"10_S老师IP资产\_asset_notes\D_Evan_video\zhuyiming\output\ip_v6_work\frames_alpha_25\00702.asset.md","asset-note","971ff97472d7411ffa828368708b28a789472cc951faf5bc09a834af278db81d","da5caead2dc1345592e55bedcfc62f5f1acbba614d800569b20688599ca3486a","2026-09-23"
"10_S老师IP资产\_asset_notes\D_Evan_video\zhuyiming\output\ip_v6_work\frames_alpha_25\00703.asset.md","asset-note","be6aa18e0072ab90330bf4280f5081492c0b25be0593905fe16bd660f43fd195","77f888859690742b8c8ad241e85a4d6c29f53ec32524dcdd5e7c2cf4f2ea0010","2026-09-23"
"10_S老师IP资产\_asset_notes\D_Evan_video\zhuyiming\output\ip_v6_work\frames_alpha_25\00704.asset.md","asset-note","5d8f572e61cc73b12669bfdbbab94de59f4917ce43fb40cb4ccef86175cd4ea8","14c5189cc09000254dca02c65ee7a8dead3c064020d2e27c5c5d51ad068718fc","2026-09-23"
"10_S老师IP资产\_asset_notes\D_Evan_video\zhuyiming\output\ip_v6_work\frames_alpha_25\00705.asset.md","asset-note","ce9c38b6a2b5af291d34d7f365791569a77ad85cf5c613fbd422327eace2073f","41def478f8709ce855698d79b0d6c425307ae68a24ebc565306bddee76ada7f7","2026-09-23"
"10_S老师IP资产\_asset_notes\D_Evan_video\zhuyiming\output\ip_v6_work\frames_alpha_25\00706.asset.md","asset-note","0e4b9df5865c3c950af13387c19497b5307eeb207f82d7bb23f8f7636c3afb0c","fc25bcb008a00c1593617dde34403e7256ed4fe95d163d441fa9775f1f55f035","2026-09-23"
"10_S老师IP资产\_asset_notes\D_Evan_video\zhuyiming\output\ip_v6_work\frames_alpha_25\00707.asset.md","asset-note","e723e3728bdb024215ca2559f2e3bc07de234ff106d52894715ca96d02f26d7a","fde74edcdb868d5e15de6cc610730be9998d2c23e76bcacb7d255b6740139b00","2026-09-23"
"10_S老师IP资产\_asset_notes\D_Evan_video\zhuyiming\output\ip_v6_work\frames_alpha_25\00708.asset.md","asset-note","de6ed9d045813fab9dbe9edc475e21442816751ee604587a97e278295d47b3c7","d7cba7f929a19e492a058bb1c8bbe48f2acea49f92c4949f34ae8b35a013918c","2026-09-23"
"10_S老师IP资产\_asset_notes\D_Evan_video\zhuyiming\output\ip_v6_work\frames_alpha_25\00709.asset.md","asset-note","50f089bfa17b91a6bfee2abbfaeee47eb8df7d64c3c3c601b1c29a34a1c236b6","f0e47ad4def162b5df5073c94b3d125c3bd5b70d513f3fb706630b06310eed35","2026-09-23"
"10_S老师IP资产\_asset_notes\D_Evan_video\zhuyiming\output\ip_v6_work\frames_alpha_25\00710.asset.md","asset-note","584ec158f3e0bb9235aad10fae3e8e3eec9fee3425ae6d6c8406dad8929ed984","18566a194387aa608e02ad86e26a5cc8c79798127285e6c7f930ad4159870ed5","2026-09-23"
"10_S老师IP资产\_asset_notes\D_Evan_video\zhuyiming\output\ip_v6_work\frames_alpha_25\00711.asset.md","asset-note","b266ce77f420a0890f05ca516f5953e69ed8bea81dbd9f483b090301faf277be","aea2ae1f7841a74bca110061d93c0aba77beda4e7b29842f197af4436db147ef","2026-09-23"
"10_S老师IP资产\_asset_notes\D_Evan_video\zhuyiming\output\ip_v6_work\frames_alpha_25\00712.asset.md","asset-note","fcfa012570a184d0073cfdd7a97d201f14f82c175b24eccd370ad8bd29364ca7","5d7ccdc95fe9f33b9c6162544b4e2fed6fc6179c71935ae14e7cdaf09a5bcfd2","2026-09-23"
"10_S老师IP资产\_asset_notes\D_Evan_video\zhuyiming\output\ip_v6_work\frames_alpha_25\00713.asset.md","asset-note","85b1d500126d6e998c56a74c8f1a0c318774c9305090f1c263828f5d11ac07c4","bd946ea3032167f255337d75d2e7c3176b429ead4984c07cc91bca11cb787f5b","2026-09-23"
"10_S老师IP资产\_asset_notes\D_Evan_video\zhuyiming\output\ip_v6_work\frames_alpha_25\00714.asset.md","asset-note","715dde3512164182389f6d04d8bc5d0a4907a04f1fd9adefecf144854151a295","c6742337825faaf522cd1944d8f493d6c9db2dad7db1a55a3d41151f051829c4","2026-09-23"
"10_S老师IP资产\_asset_notes\D_Evan_video\zhuyiming\output\ip_v6_work\frames_alpha_25\00715.asset.md","asset-note","0c7945bfd86c94f81bb7863096f5ad8912b26d6f2cf73ea807af4b52cca8fa0e","4a5aec67cbf1c1c54896d671949072db38c5ca94f46d40bfbeeab13ac3d8718d","2026-09-23"
"10_S老师IP资产\_asset_notes\D_Evan_video\zhuyiming\output\ip_v6_work\frames_alpha_25\00716.asset.md","asset-note","4c6a98e1aded03bdcd8821be4a566755207e2973f1db4a27b52844e8c0d76878","85541c1ba75c5042d0feb1f15b55e0fce81cba1691dae720954b95f280a7c0f3","2026-09-23"
"10_S老师IP资产\_asset_notes\D_Evan_video\zhuyiming\output\ip_v6_work\frames_alpha_25\00717.asset.md","asset-note","90cdd39d48969c3ee287cf8936fece3a94d6ad3e23f8c0eef5e48184d63284a8","4689f582d2378b0952cf9e9449adc45c0167a7426459cbe288fd974c249f94ea","2026-09-23"
"10_S老师IP资产\_asset_notes\D_Evan_video\zhuyiming\output\ip_v6_work\frames_alpha_25\00718.asset.md","asset-note","db745f2f976e793ea7c79bc6df9aa8e13e600c330f882a359efa3efbd8e4c61d","3b483b8c034f7e63e2b757c4bd014e8cfa94ab995f21173da7cfc95adceac906","2026-09-23"
"10_S老师IP资产\_asset_notes\D_Evan_video\zhuyiming\output\ip_v6_work\frames_alpha_25\00719.asset.md","asset-note","763e0dd4b0b4ca2a6b73826422fba9f9210df8f49589c8aa1357897961bef20f","0a39f75d7dbc474718452cd657cedd097c5ab6e3226592b8b2b046ce4b6cd26e","2026-09-23"
"10_S老师IP资产\_asset_notes\D_Evan_video\zhuyiming\output\ip_v6_work\frames_alpha_25\00720.asset.md","asset-note","7aad66c1b0ef3019ee6a49ced37a2e88d4539aacd36fc769497592bffe941858","ad381c1d5ff5cf9eff7229a938d856cbd571d092786819aa29ebb376c918de9b","2026-09-23"
"10_S老师IP资产\_asset_notes\D_Evan_video\zhuyiming\output\ip_v6_work\frames_alpha_25\00721.asset.md","asset-note","34df68d2bf93ee624fdc954d39dbc4ac6fbeac9408f8fd05f3c5c66f32efddd9","d70643cc6605617fdff192e7af15028995846ccd2f5a62c5df3f155e93665368","2026-09-23"
"10_S老师IP资产\_asset_notes\D_Evan_video\zhuyiming\output\ip_v6_work\frames_alpha_25\00722.asset.md","asset-note","15ab49740a71d2adce6d2b255ae746d7e0044c577f91583c58be93d81ebd0223","6e4dfe785fd750a86456b5f6e2cff5d0b8469c187cfd194252991b55927b7519","2026-09-23"
"10_S老师IP资产\_asset_notes\D_Evan_video\zhuyiming\output\ip_v6_work\frames_alpha_25\00723.asset.md","asset-note","e8e09a0ab8a6a3dde8eeb35d6237393eb4b7cecd14dddb12cd283ea7baad08f6","2edd31d22b3fe55acaa42fb6bdb0402f22750af4911c1d9a9794730c268de16e","2026-09-23"
"10_S老师IP资产\_asset_notes\D_Evan_video\zhuyiming\output\ip_v6_work\frames_alpha_25\00724.asset.md","asset-note","5cbcb6b7c4002aeb5876fab66fd9e2647b1303068b036e887bcff961b61481c9","825c57db86878869dbf71e12b289439acd3282a9f4f6e5254e7bde7f5832a097","2026-09-23"
"10_S老师IP资产\_asset_notes\D_Evan_video\zhuyiming\output\ip_v6_work\frames_alpha_25\00725.asset.md","asset-note","b83c04c19e56130212cc024831fea9773fa3a7ea6935bdc725b307d5872dfcbf","a53acb5aabe7f5ee747f16f722befec65a3095af4f262e2205d1f35e6d2ace3f","2026-09-23"
"10_S老师IP资产\_asset_notes\D_Evan_video\zhuyiming\output\ip_v6_work\frames_alpha_25\00726.asset.md","asset-note","62122876100cd73644910af1f2096b5a20a1cf03482f308c7d35965877160c22","b87541c7782095cbe63b2970e37c9f79f3defdb1551777e44713778bdf117021","2026-09-23"
"10_S老师IP资产\_asset_notes\D_Evan_video\zhuyiming\output\ip_v6_work\frames_alpha_25\00727.asset.md","asset-note","cd8741b581bf7b7bd155611fcc5c9e76e1cd35ab0394daefb6a479a592ddccc6","f1e495d9e21157f43d50459f0b477a37a995d0a585516cf79b15a96cb3f0d2c8","2026-09-23"
"10_S老师IP资产\_asset_notes\D_Evan_video\zhuyiming\output\ip_v6_work\frames_alpha_25\00728.asset.md","asset-note","b28daf2fb18d7b6bebfb8d4a06cd03551b8105709ae50fb0e214d1f9d89af630","03fc45eaeb293dfa550deb72c84a97fef321393adb64f20ecce43f2848669d8e","2026-09-23"
"10_S老师IP资产\_asset_notes\D_Evan_video\zhuyiming\output\ip_v6_work\frames_alpha_25\00729.asset.md","asset-note","cc16ee7ee7562b8b0262e2b5b799bb160568d4ff636d27de658503a9a22df187","a5e8d85fcb0a192f90ba377a6ddd13a8eacbd5831a1790ce5314f10c8ecb02f0","2026-09-23"
"10_S老师IP资产\_asset_notes\D_Evan_video\zhuyiming\output\ip_v6_work\frames_alpha_25\00730.asset.md","asset-note","f12217b2589cda17a815c13430fa8c50b8b248eecb87557b02791268dbf91301","9259203f590533f367e4bb78a8f6b59b01658363bb09a3e2f6732c59cbd91975","2026-09-23"
"10_S老师IP资产\_asset_notes\D_Evan_video\zhuyiming\output\ip_v6_work\frames_alpha_25\00731.asset.md","asset-note","8a9119ee1539b6331f7b5b7f064deb3a92b3d4b11a2ccd353511e80be2f3deb6","e60b86a8a22601860881da4169f9dc4b5a98da5cb23e766e233a6603129e47ff","2026-09-23"
"10_S老师IP资产\_asset_notes\D_Evan_video\zhuyiming\output\ip_v6_work\frames_alpha_25\00732.asset.md","asset-note","5ade49380516393fc681461e8efebe0a2d61bfd58065eb25f5508c2748d7a64f","3c83c61e25df3969d36782e29e44f75689270fe896e2591aed73dd12c3c9002a","2026-09-23"
"10_S老师IP资产\_asset_notes\D_Evan_video\zhuyiming\output\ip_v6_work\frames_alpha_25\00733.asset.md","asset-note","a13cb8b6600d26692309677df19564399abdfc2d2318f9f4c1f2828c569c63cc","951df58e263b443e801e830e93ffbdd557d7eccce1f7762774b8e1c9adc0b4ee","2026-09-23"
"10_S老师IP资产\_asset_notes\D_Evan_video\zhuyiming\output\ip_v6_work\frames_alpha_25\00734.asset.md","asset-note","291b60467a6f584a35feb1bcd0dfb5275538d151735f401db3d4df23565cb999","9519abc6e947f0f64c35de87dfe3439d0714f18d68269281760c2350e1b596db","2026-09-23"
"10_S老师IP资产\_asset_notes\D_Evan_video\zhuyiming\output\ip_v6_work\frames_alpha_25\00735.asset.md","asset-note","cccc2eb1bf427527c91b60f9c272ef5c4519beb7b92e9e4a90e7ca18b86affcf","1f8679dc1e42eab7ce9818d14939111eb69bf48142a58a31456f38a0122408b7","2026-09-23"
"10_S老师IP资产\_asset_notes\D_Evan_video\zhuyiming\output\ip_v6_work\frames_alpha_25\00736.asset.md","asset-note","d56908e783a03c82a042883cf10b926e7572b8bac282ee8869370fa791e84b69","6760df66fd68cadd5a5aa0344ec7f2dd179feb5b3bacbc9199e7c3991f91c90c","2026-09-23"
"10_S老师IP资产\_asset_notes\D_Evan_video\zhuyiming\output\ip_v6_work\frames_alpha_25\00737.asset.md","asset-note","5b2c86b76aae1f1ccf90e5c815c026e0b804c6f9e09b7702a53822630d62ec69","af0ff770a2f5a55c9c8082eb38ae8ab3a13930a72e2da8ccd4787e733c4143e5","2026-09-23"
"10_S老师IP资产\_asset_notes\D_Evan_video\zhuyiming\output\ip_v6_work\frames_alpha_25\00738.asset.md","asset-note","3f0c1f328271fab35860923599b5892508008d99f8c861cec87c3153fd7fec0e","95037f6afff8ce415669188e0e67cd37af9551c2201f02a90497769653fd35b8","2026-09-23"
"10_S老师IP资产\_asset_notes\D_Evan_video\zhuyiming\output\ip_v6_work\frames_alpha_25\00739.asset.md","asset-note","884fde2f14437f99ee9ab3d58a057b1c06471bc20f0b8494659bee2c079d1caf","27fef9bcf0e2d1ecabf87f5d67d23dc340133e2ad408372c3e003c15d9265756","2026-09-23"
"10_S老师IP资产\_asset_notes\D_Evan_video\zhuyiming\output\ip_v6_work\frames_alpha_25\00740.asset.md","asset-note","1636cf61c4d7088b13c54703e33ca70c71e66a2a0c908632d7d3d2b41b87762b","f6704aa4320285689a56d663af1d040ab0f3589dad54cec389429d6b9ba0a74c","2026-09-23"
"10_S老师IP资产\_asset_notes\D_Evan_video\zhuyiming\output\ip_v6_work\frames_alpha_25\00741.asset.md","asset-note","092bfd830dc9b35653f3c8917b7c6d5d0cbf1ff8eeb10ca32708aea03c316102","9ec5dec481455f93d7e05a96f40e6a7f65dc121e9a5545fb54d58cdd536a9d91","2026-09-23"
"10_S老师IP资产\_asset_notes\D_Evan_video\zhuyiming\output\ip_v6_work\frames_alpha_25\00742.asset.md","asset-note","6da4c338c9119a3ecd532d595490e3272fb7d063dd2c567e3955af6daf7c2ca8","d64e7d05110c66e14392d671b897c67c29fec80d90e4899a6a55d90d068f1cf3","2026-09-23"
"10_S老师IP资产\_asset_notes\D_Evan_video\zhuyiming\output\ip_v6_work\frames_alpha_25\00743.asset.md","asset-note","e58940d2a603fde8556c5950c984c4c2db25a60490294a1d2ff7bfd55811d6ea","b003d33783836b0b169d1eb62c1c9e4ba868492007d2ccd3a12769b5f0573c08","2026-09-23"
"10_S老师IP资产\_asset_notes\D_Evan_video\zhuyiming\output\ip_v6_work\frames_alpha_25\00744.asset.md","asset-note","aae173f436d1afb6678988e901d441ac6153b66fce70ca6525573e4126c8b19b","8dc4390b3242be5bffef2afcc42a6d6c3c1dc67f039b7bd79ea448bed40b632e","2026-09-23"
"10_S老师IP资产\_asset_notes\D_Evan_video\zhuyiming\output\ip_v6_work\frames_alpha_25\00745.asset.md","asset-note","181cd0dc80c26c7808aced3b5e1ff5e39cb57303e4df60bec6046620fae4ab51","5648d580e26c280816e95e8df0a533734db622bcd40d300a3761f7267e3173a9","2026-09-23"
"10_S老师IP资产\_asset_notes\D_Evan_video\zhuyiming\output\ip_v6_work\frames_alpha_25\00746.asset.md","asset-note","2e14db40f8d39d41bfcb4fae6f49f293bfb5dd4a84d75e180877dd826c49d25e","fd9648531d87564671cd229f5f5f1a716835f8fec2265da689c0b59c2eeadeae","2026-09-23"
"10_S老师IP资产\_asset_notes\D_Evan_video\zhuyiming\output\ip_v6_work\frames_alpha_25\00747.asset.md","asset-note","5b2535e70dd2f9a07a7c24c2bfd122147a40580f273dd8588d09d0106d176ddc","46ea26406254a9c7c70a800bc95ebe8551922beb06580e3ed206b65ec4d529d1","2026-09-23"
"10_S老师IP资产\_asset_notes\D_Evan_video\zhuyiming\output\ip_v6_work\frames_alpha_25\00748.asset.md","asset-note","4e430e0c0fb1b1365f5c89801cf1f58492990d0928a105db600027e55a688034","ce20e1b3c98db86a0b19e1b6866c8087e74d37e6536af71e0ab79e0b32a6eb1a","2026-09-23"
"10_S老师IP资产\_asset_notes\D_Evan_video\zhuyiming\output\ip_v6_work\frames_alpha_25\00749.asset.md","asset-note","42ca592acd1f9ca5a667a68ae30ddd388fc5a7dee581657f536bd9441ab4495b","42232fb55bab9c15ae0c882b30e95b357476b0b135b6c853de2e03b53710a881","2026-09-23"
"10_S老师IP资产\_asset_notes\D_Evan_video\zhuyiming\output\ip_v6_work\frames_alpha_25\00750.asset.md","asset-note","d77dff1b5ad18ba25aaee4f930dc3d44d12e39e1bac1a74216d8c52318445c3b","e129fbf3c3b85c44eef3993da0c50e59aa49eaa52bdc9f73170df2a652dff496","2026-09-23"
"10_S老师IP资产\_asset_notes\D_Evan_video\zhuyiming\output\ip_v6_work\frames_alpha_25\00751.asset.md","asset-note","465286f60047b3a40023ef421d9028de1c15ec2b5407e9614786ef6d22459119","6cead913f3c73465c9ff43f3dca1c1ed668d91b63a8261f8bfd967dd5af284a0","2026-09-23"
"10_S老师IP资产\_asset_notes\D_Evan_video\zhuyiming\output\ip_v6_work\frames_alpha_25\00752.asset.md","asset-note","d1bdd3e08f26e76581563bcfb2250fed502cc870f150de9725415004ea4095f6","2afe84ab4bfbbae1fc9193af7b45da7a1407ab9751cde1f5159b82cac64d9ad9","2026-09-23"
"10_S老师IP资产\_asset_notes\D_Evan_video\zhuyiming\output\ip_v6_work\frames_alpha_25\00753.asset.md","asset-note","fe6bf57ec3e8f221189663d0f2f9290b167d100090380aa498ead6c839b00d9e","023474a316ab3ff434212402982fa74ca05399a93d4a0373d159a65aa5b38c74","2026-09-23"
"10_S老师IP资产\_asset_notes\D_Evan_video\zhuyiming\output\ip_v6_work\frames_alpha_25\00754.asset.md","asset-note","fd888fe8e33ca1aaf05227abf72b30c7b1116996aca55f2f635a7abf26a36f68","b5ab732bdd4ab06c13bfc8ca8e5f922f6e5c4ec69a9bff9e4eb4d4b6c9ca033f","2026-09-23"
"10_S老师IP资产\_asset_notes\D_Evan_video\zhuyiming\output\ip_v6_work\frames_alpha_25\00755.asset.md","asset-note","a6a6cb318590ada7c785897ec85929f467bd938fe5c5240baa477068508d376d","d69877587283fc1eb7afe9ae56aa028fed512c05622530e119ee6baf691740c0","2026-09-23"
"10_S老师IP资产\_asset_notes\D_Evan_video\zhuyiming\output\ip_v6_work\frames_alpha_25\00756.asset.md","asset-note","02aa1c2ac87e499ca42064f6ab9d5b586d4ab356a2f8b1264c5e376c3313d401","7efe3d3c120611d69c7dd0372b0c04a659cbdcb6197a6704a93ff1126458ebf1","2026-09-23"
"10_S老师IP资产\_asset_notes\D_Evan_video\zhuyiming\output\ip_v6_work\frames_alpha_25\00757.asset.md","asset-note","2b7348fa72bcb51eb1a7e9867b170c98792dba15a260427de1dbe70419a960ac","70ee4cb40898c84a6d167b8651780ef46bde727db11d3d14a838eae84057d48c","2026-09-23"
"10_S老师IP资产\_asset_notes\D_Evan_video\zhuyiming\output\ip_v6_work\frames_alpha_25\00758.asset.md","asset-note","8a35b007ac4110a73da4c2bf9c31e199cb7e42cedd26e6576f42f341baba2a56","ab1f9c85ebf69caa3959af8365198be0ee5b3d0d70803ece5abb9149762a5892","2026-09-23"
"10_S老师IP资产\_asset_notes\D_Evan_video\zhuyiming\output\ip_v6_work\frames_alpha_25\00759.asset.md","asset-note","489bc323a6330615187f830cc4fdc030f43451a29fb5a7b06067c6e030f5fa82","850b14cf2cdb8293c2a0c502f941bf784fa903b1946046714ca4367c2b988cd6","2026-09-23"
"10_S老师IP资产\_asset_notes\D_Evan_video\zhuyiming\output\ip_v6_work\frames_alpha_25\00760.asset.md","asset-note","82359a9b89da2379ac550fb65fb2a7c922f9c76544b29d585f341ac73cf28abf","39d2d91b399eac4de6316b5244c79d57070f868131a2c06ac0f325d5042e06b1","2026-09-23"
"10_S老师IP资产\_asset_notes\D_Evan_video\zhuyiming\output\ip_v6_work\frames_alpha_25\00761.asset.md","asset-note","a0bc592145c49eb606673c59a35e417a52d7d4a1d47608b98be51c5e380f74a7","1e3efe6edfa36cffbefe98468761153bf622b049263cd18cf1f928fe13599cb6","2026-09-23"
"10_S老师IP资产\_asset_notes\D_Evan_video\zhuyiming\output\ip_v6_work\frames_alpha_25\00762.asset.md","asset-note","70559ab5a6b16b9972881435e69ba7db24a909e9217a53a38a368b6bf5172898","f390af881607725f8352855496229227c33c22ae30bff49912c71810d20f0f6a","2026-09-23"
"10_S老师IP资产\_asset_notes\D_Evan_video\zhuyiming\output\ip_v6_work\frames_alpha_25\00763.asset.md","asset-note","eeaf6e13bd9b6b4ef927ff0b6e37f0a461cb4a6c10fc9112f3052877464d8f2d","039e66f41f47a93eda8e8a9dbedc8f5eda7ec821b1eeefb61920cd611a73ec8e","2026-09-23"
"10_S老师IP资产\_asset_notes\D_Evan_video\zhuyiming\output\ip_v6_work\frames_alpha_25\00764.asset.md","asset-note","a2831cdd6413fb1b28b47552f11bc5c581c71bb7691b56c989d30a956ba173bb","38c9596efde538fb2ebb08cd0e27e9eddb19cc2a041e47e29c5cdf68268b7840","2026-09-23"
"10_S老师IP资产\_asset_notes\D_Evan_video\zhuyiming\output\ip_v6_work\frames_alpha_25\00765.asset.md","asset-note","59dd721958b91463d58f19f1640cc041e50aa9764f2e4aea60c923f832e54d6e","a9b2c0886dfde063ee7b0971cc97971234a8d6268f2ce4a0007c82508832fe5f","2026-09-23"
"10_S老师IP资产\_asset_notes\D_Evan_video\zhuyiming\output\ip_v6_work\frames_alpha_25\00766.asset.md","asset-note","25bb70a7a7736bdaa577dd47b8721831fd5afb78dbdfa85cb2b6a4114f1c8797","5d94223b5a3e1e0beb1fb08238098476331bf884026a11b0304253d52aedba0a","2026-09-23"
"10_S老师IP资产\_asset_notes\D_Evan_video\zhuyiming\output\ip_v6_work\frames_alpha_25\00767.asset.md","asset-note","240673dfb8eed90d230322d9f9076a30c2cd126a3fa3681b118fb00efb497e3f","33c0d240047379b63116ebcb1d6f6a1dd0dd6979fe1eeaa55e75e0a17abc3159","2026-09-23"
"10_S老师IP资产\_asset_notes\D_Evan_video\zhuyiming\output\ip_v6_work\frames_alpha_25\00768.asset.md","asset-note","d18e4c9b7e138cd48f91dd71894e5e7305b5c2f2140767bea87a93db459e69de","66af1acb7a8bd4a762d2c622d71722e091f4e3f5e92b81b7db91c47e6a956a25","2026-09-23"
"10_S老师IP资产\_asset_notes\D_Evan_video\zhuyiming\output\ip_v6_work\frames_alpha_25\00769.asset.md","asset-note","5e7157fbea8840ecf44df84f796436a7625f4469ce968c775f38b97f9b9ef292","2dd6d2e6422d9a8cb778ba09a4fced0a8c0ea891b3bc5709e5397f9323e5dc96","2026-09-23"
"10_S老师IP资产\_asset_notes\D_Evan_video\zhuyiming\output\ip_v6_work\frames_alpha_25\00770.asset.md","asset-note","86ce22ee01d6051e3d53463e5e1d2c502bc3db59c3542823cbcfab2170ea7b15","c12e6a6d7501956a642f24029b379a186a51376843063e023a878620ec5aeaef","2026-09-23"
"10_S老师IP资产\_asset_notes\D_Evan_video\zhuyiming\output\ip_v6_work\frames_alpha_25\00771.asset.md","asset-note","759fcfd7d16ade829539669d62ee749cf3b2d31bc53296d4aa4ca38b14004899","a9cb675c9bca23a83e4e2ea559f8ea88592c745f06a8b908e33af1493e497939","2026-09-23"
"10_S老师IP资产\_asset_notes\D_Evan_video\zhuyiming\output\ip_v6_work\frames_alpha_25\00772.asset.md","asset-note","4bedea39b5bfd8c0b919ea609dd7642914db278aee520690902789f902b2f7e3","101e115524e3b2ec01630c083e0d7701c8c194d13eb72db30db26e3ac55d9810","2026-09-23"
"10_S老师IP资产\_asset_notes\D_Evan_video\zhuyiming\output\ip_v6_work\frames_alpha_25\00773.asset.md","asset-note","5fbc9afa41dbea0dce8ffd4fbfaea7568b0b57bd219dea775a7aad9c4e973acc","6036f55db166ea1cfeae44ffee574c35558c0f8032afd6430c11ccc59c72436c","2026-09-23"
"10_S老师IP资产\_asset_notes\D_Evan_video\zhuyiming\output\ip_v6_work\frames_alpha_25\00774.asset.md","asset-note","6a98c506d21314b576a488a377aa619f7789a4ad253cafcd5730dd5ccde17236","d19f83b2b2cc444709f33464e9b6d1ffec921caae11f68614fe4e5b08243fd5a","2026-09-23"
"10_S老师IP资产\_asset_notes\D_Evan_video\zhuyiming\output\ip_v6_work\frames_alpha_25\00775.asset.md","asset-note","12d8be83c751488d802b4d443de6ec245b386d5a7414800bd0e0707dec33d8a9","53896e8577aa74428cdb9993a53483d9b79c1f64d13d183ec0f3744b55c9d5a1","2026-09-23"
"10_S老师IP资产\_asset_notes\D_Evan_video\zhuyiming\output\ip_v6_work\frames_alpha_25\00776.asset.md","asset-note","866f2bd6e88b56f28a7d613709cbc124655441108d362f626b33779ec6e6fa61","a01c66cbd7f4701d823bbe5caaabdbd81e9728e1dfb4a4c18a4b8367088f3342","2026-09-23"
"10_S老师IP资产\_asset_notes\D_Evan_video\zhuyiming\output\ip_v6_work\frames_alpha_25\00777.asset.md","asset-note","e408e0f6202404e2c81f69a92975632980df4ae9d77deb15f0618b759f0874bc","9e528121eb2323682143c69c6f99fd6743ff79738f183c538f07780e42e0d6c5","2026-09-23"
"10_S老师IP资产\_asset_notes\D_Evan_video\zhuyiming\output\ip_v6_work\frames_alpha_25\00778.asset.md","asset-note","a5cf921c8a694624fab0edc471abf9ad673182828fa654d44979dc743c7d3f15","212ce11b6df6d32405a2cb2a1bb9618620832ece0233ef61302c53d8ff95c2a9","2026-09-23"
"10_S老师IP资产\_asset_notes\D_Evan_video\zhuyiming\output\ip_v6_work\frames_alpha_25\00779.asset.md","asset-note","64f712eb69d87ac6b5a97fadb8bdd688897de8caefe7473cedca77116ae5e1a5","f5b64e216f3b39fd66e33784b500bf620330c23a9d11f0e6bad81e82e8ed507e","2026-09-23"
"10_S老师IP资产\_asset_notes\D_Evan_video\zhuyiming\output\ip_v6_work\frames_alpha_25\00780.asset.md","asset-note","eb89c33d5870a70f7c14b2307086924b543ba771642759174c2128383bd1a9c0","e97a6559a4ae4163440bfc6866f97685194f3317b9e6603e867228120326a322","2026-09-23"
"10_S老师IP资产\_asset_notes\D_Evan_video\zhuyiming\output\ip_v6_work\frames_alpha_25\00781.asset.md","asset-note","a496065fbd30a7969322800f8bb3247b875091f93172487ba5a383b990620353","8e5e27bd49c7583954f73e24e1db7a2a974693d6ec666bff022c31b2a8885d80","2026-09-23"
"10_S老师IP资产\_asset_notes\D_Evan_video\zhuyiming\output\ip_v6_work\frames_alpha_25\00782.asset.md","asset-note","8022ac11ed1a03517377c8e4e5e704c2b8774be28bdbb59d28f2f410203f7259","6ca504bb194cdc2dbe5f27125d2d9fed08f7b2a67558696945c49588a9c722fe","2026-09-23"
"10_S老师IP资产\_asset_notes\D_Evan_video\zhuyiming\output\ip_v6_work\frames_alpha_25\00783.asset.md","asset-note","abc0996832a25c300376b7a1e007bcd5634b4944a617d94c12feb0d4cd789ebd","d46cb4384a9e4dea64b99051b47ff269d144b894c6cfcaa74c3384ebc46dcea2","2026-09-23"
"10_S老师IP资产\_asset_notes\D_Evan_video\zhuyiming\output\ip_v6_work\frames_alpha_25\00784.asset.md","asset-note","5b71124abbe663730d1aadc749593c36128bd42435db7f875d25fbc5c6ef183c","f9d7e7c86456e675285d948a3b6b4b0696090ff3f62bc150710aaa3d2dba72ce","2026-09-23"
"10_S老师IP资产\_asset_notes\D_Evan_video\zhuyiming\output\ip_v6_work\frames_alpha_25\00785.asset.md","asset-note","d06808c90351745423f75c46ced398a7ba2886e46927f8fda7162cf2f3ab9e74","e4bb7968937ddc80cd36a40cb3c736b4f69c9e0fedf366bae83176d73fe37c62","2026-09-23"
"10_S老师IP资产\_asset_notes\D_Evan_video\zhuyiming\output\ip_v6_work\frames_alpha_25\00786.asset.md","asset-note","79e33ec60194edc322222ac9394ba2b92513aa8120c3a005d5d3da57125f4cd8","6659554de9c01cdcb64f4e1acfe6ca21473eda893d320c4172bd04cdca49a7fb","2026-09-23"
"10_S老师IP资产\_asset_notes\D_Evan_video\zhuyiming\output\ip_v6_work\frames_alpha_25\00787.asset.md","asset-note","66578b46166851b0f38c6b200bcb0875ccb8635010338c2ecb40c65e42265f1d","e0359a45f3eae888e70a5952769017312a7fb1245ed6b24729c3b6dc45b4aaad","2026-09-23"
"10_S老师IP资产\_asset_notes\D_Evan_video\zhuyiming\output\ip_v6_work\frames_alpha_25\00788.asset.md","asset-note","4250869bd05d639379408f200428a02bf032476cf97d123a777fabbc48039535","07bc0f1ec092c97dee46ea729609b63f0dae8030acdf3b6e3d3007f4bf8818fc","2026-09-23"
"10_S老师IP资产\_asset_notes\D_Evan_video\zhuyiming\output\ip_v6_work\frames_alpha_25\00789.asset.md","asset-note","b2ac585d7e37072561ac7741201cf55b4ed93876ea7cf1058b209748b1b9c5b6","42ad7cabbf5698d6b611b20ad1e2eb2df5e25846b2e9b6033a2d70ca29fe8676","2026-09-23"
"10_S老师IP资产\_asset_notes\D_Evan_video\zhuyiming\output\ip_v6_work\frames_alpha_25\00790.asset.md","asset-note","5e88df756bbf78933cb62d909b8039afc0eabefcaddc2f2db555650a202433d5","f9eade06f24fbf45df123f5bc34e6b232c99be095c775b7ce90852fdc2fdefd0","2026-09-23"
"10_S老师IP资产\_asset_notes\D_Evan_video\zhuyiming\output\ip_v6_work\frames_alpha_25\00791.asset.md","asset-note","b6784bdc0d3eab9767d4d2f63e42332fa615a6de448a6297ea1352dfe7588fda","f874625220f87cb3c1ae877b7fd64363594b3015c90071e3e4da2fe463da5218","2026-09-23"
"10_S老师IP资产\_asset_notes\D_Evan_video\zhuyiming\output\ip_v6_work\frames_alpha_25\00792.asset.md","asset-note","8eb4400146d56c1d3c2c27357f347e651e34fc27af654d336ce4ffd60ce004ee","6c450316b28994c04b43d99e68333342d0b172cd6528c5113edddc70b943ef60","2026-09-23"
"10_S老师IP资产\_asset_notes\D_Evan_video\zhuyiming\output\ip_v6_work\frames_alpha_25\00793.asset.md","asset-note","e0507a2c88798826d41673092209dbed08d5f4c3601bfc818fbd40a9b792de0a","036f99342e6084932845b102805095eeec1552ccc1b4846f19fdab4fc5b0a2e3","2026-09-23"
"10_S老师IP资产\_asset_notes\D_Evan_video\zhuyiming\output\ip_v6_work\frames_alpha_25\00794.asset.md","asset-note","c1f64dd08762d2e835829bdda43dee2d1ecc4927362d1ad686294bd25141216c","affc94ec4edb0c1dca52dbe3ab86d4c57aef545ca60097ff34bce7ee68012e14","2026-09-23"
"10_S老师IP资产\_asset_notes\D_Evan_video\zhuyiming\output\ip_v6_work\frames_alpha_25\00795.asset.md","asset-note","961d1e9b07c764a8eff09473ab44e2fe282984c3e9dd2a063ca5984f5a9bc569","9b28ff4025a9f9ce3ea8f729ff8e00a99848244473a8ad90d2db83507d35383d","2026-09-23"
"10_S老师IP资产\_asset_notes\D_Evan_video\zhuyiming\output\ip_v6_work\frames_alpha_25\00796.asset.md","asset-note","c7e761765a3532de0c5aebf307175c26577558fbe6017237c696ac49b6b7754c","87158a5aec3aeee1f2f35940f05913c76920469276a8ae537cb91894bcf11ed6","2026-09-23"
"10_S老师IP资产\_asset_notes\D_Evan_video\zhuyiming\output\ip_v6_work\frames_alpha_25\00797.asset.md","asset-note","c0f6ea7c23e17c0006c48e2384e904fdb0868266a30c9e3f21634604386f6100","f7de94f67725fb136589108e572a207decbe73c76024d97767205abe7a537fa5","2026-09-23"
"10_S老师IP资产\_asset_notes\D_Evan_video\zhuyiming\output\ip_v6_work\frames_alpha_25\00798.asset.md","asset-note","f38c3e6f323473ce1d05989c0575d5c2e66c41fe9ca82054a60b214bb5a3f954","df1a73bff0f471055212604f5fcd8a40c1b0b3007c1aa6320bafc1a1d3c80f63","2026-09-23"
"10_S老师IP资产\_asset_notes\D_Evan_video\zhuyiming\output\ip_v6_work\frames_alpha_25\00799.asset.md","asset-note","fb5040f91eedc02f830a60a704754e00dc00d363bf5ca185a6542a21e5a2ad30","1d304b1efa925bb7398517c28c57a262fa95306fc368d2af81b179fbf4b2f1b2","2026-09-23"
"10_S老师IP资产\_asset_notes\D_Evan_video\zhuyiming\output\ip_v6_work\frames_alpha_25\00800.asset.md","asset-note","69a0387efa6bc5cad8dbfbd5e65e1b119ad1b9ad8bd29578080c8db7320ade34","6ba78e3da7131bfe602029b9698ce348bb2ac1188c31c53994baf3f3237de584","2026-09-23"
"10_S老师IP资产\_asset_notes\D_Evan_video\zhuyiming\output\ip_v6_work\frames_alpha_25\00801.asset.md","asset-note","4b4c687a65ce4741ad4e72f297b031175724bf0b296c8f333077ea0ed7789d26","856e900648e0daf7520ac6644c70676c0f33b60310eedd0c7243abc9adb8e087","2026-09-23"
"10_S老师IP资产\_asset_notes\D_Evan_video\zhuyiming\output\ip_v6_work\frames_alpha_25\00802.asset.md","asset-note","b5651e7ea809fb571a4e0b327c3f827ed07c43391635d33038e57f6d5493d211","50f7229821104e5bf99df5744d7ee01c14a6a8cd2334e193e93a58b83f426e8a","2026-09-23"
"10_S老师IP资产\_asset_notes\D_Evan_video\zhuyiming\output\ip_v6_work\frames_alpha_25\00803.asset.md","asset-note","d977d34652ea43b2c81ead210fae4f5ea162b7f6516669c272046f1b452ae8fb","998f603bb793f870d9460de75ed67e9d2f0e0afa18404219b4f200e1588b0ec5","2026-09-23"
"10_S老师IP资产\_asset_notes\D_Evan_video\zhuyiming\output\ip_v6_work\frames_alpha_25\00804.asset.md","asset-note","f3773c182fd9c2c854bb9a9cabb05b5d0097e82497f5ae19b0cf51d2451b7a17","bb09cd6296b42b6d951317d68fcf4b69f5e9870384befce7c1d74de487b0e778","2026-09-23"
"10_S老师IP资产\_asset_notes\D_Evan_video\zhuyiming\output\ip_v6_work\frames_alpha_25\00805.asset.md","asset-note","c0c20f4b28b52724ff43c96d211c93c10317b2e7216bf4dbec297090c7a48244","d1712bf0137a3a3c219dc30d61a09ea275eb95237648411b524e482a28d56dfd","2026-09-23"
"10_S老师IP资产\_asset_notes\D_Evan_video\zhuyiming\output\ip_v6_work\frames_alpha_25\00806.asset.md","asset-note","f2176efa04db568d8d888d06a5ad8f5f779adf7dee4fd6804f4560e6250ab02d","45fdb033304bce706f7a8b25fccc4eeefb35710de9e24a821c5c5891c175e84e","2026-09-23"
"10_S老师IP资产\_asset_notes\D_Evan_video\zhuyiming\output\ip_v6_work\frames_alpha_25\00807.asset.md","asset-note","305cd88c911f661434312cd42450b878e1f97658dd2db0392f588a35f0f191a4","e02f84e2dee88343955affb52bd2d48fdacbf55e5c1baf012d17e1190a9e2478","2026-09-23"
"10_S老师IP资产\_asset_notes\D_Evan_video\zhuyiming\output\ip_v6_work\frames_alpha_25\00808.asset.md","asset-note","5ffac243b4d176b62a1c29a12c416f5389023ec47a6d4a698a38f0a0734fa370","f7f195e5a7898ed273d005a7aa2eaf04e40186dabeea9d3290ad7136f2b4d228","2026-09-23"
"10_S老师IP资产\_asset_notes\D_Evan_video\zhuyiming\output\ip_v6_work\frames_alpha_25\00809.asset.md","asset-note","75b7759c71ea667c3a353a2489e2eea92e35b79571b46cf5c0c4f55d05bc5a5d","ae3aeb4f8a57819850cbaaf6f70f777813ba31d6b54ecab5742a83aafd718096","2026-09-23"
"10_S老师IP资产\_asset_notes\D_Evan_video\zhuyiming\output\ip_v6_work\frames_alpha_25\00810.asset.md","asset-note","b9553124fed63b303e6bd00e73b224bc1bb97dea70d793c9ec50c8fcc3c51351","8f65a1aab52d2658bd33c534ad81038b6c0d44557a45bfe787038c4454abbe0e","2026-09-23"
"10_S老师IP资产\_asset_notes\D_Evan_video\zhuyiming\output\ip_v6_work\frames_alpha_25\00811.asset.md","asset-note","a5a8d6f49d5ec4699a23ec6577b4720f07c346dcfdd171cffdac117b67df912d","aa4efec66c240285c99c37cbaa392386f9f4c717e84cfa454bc4594eb43e9408","2026-09-23"
"10_S老师IP资产\_asset_notes\D_Evan_video\zhuyiming\output\ip_v6_work\frames_alpha_25\00812.asset.md","asset-note","413a9b2ada7b6aac28290dfe6ac9642cb8f5b7f167d9a555c3d0742bfb6ad9fb","3266a6779e59cbf6a6d264f564b8440718dab6e0b51be9d74848cb1e565c5db8","2026-09-23"
"10_S老师IP资产\_asset_notes\D_Evan_video\zhuyiming\output\ip_v6_work\frames_alpha_25\00813.asset.md","asset-note","c9b0625d2f4deef2b8d0f9e9b7ff0dbf4dcf6d775eccf7bf27ecd100676d453e","5051a86fe93c06c2629eca2b91074b3930241050639c5b0fbc002a083132214b","2026-09-23"
"10_S老师IP资产\_asset_notes\D_Evan_video\zhuyiming\output\ip_v6_work\frames_alpha_25\00814.asset.md","asset-note","428a684d9a24021132e17148da41748bf510469ff3fa4db246aa1536cc517cf4","1318916a489639dda830937d0d848260ad7523b85d85dea75799cfc77e165399","2026-09-23"
"10_S老师IP资产\_asset_notes\D_Evan_video\zhuyiming\output\ip_v6_work\frames_alpha_25\00815.asset.md","asset-note","37a177f6531131efffcaab605d7a07efcc6b0bf5882c664d7c06b769a857f9d8","8f42e780d656805c33a427b5b6d69528d8bf6c2c96e2fabb2d6218d17cd0f6ad","2026-09-23"
"10_S老师IP资产\_asset_notes\D_Evan_video\zhuyiming\output\ip_v6_work\frames_alpha_25\00816.asset.md","asset-note","ac81c6a101d07d7785ee393b8a02006408e69fd17535d19b3843ae7033445660","2018c2d26587a9f54ae1ba541be6015008553e4ab60cd815dbd300adbd359b7f","2026-09-23"
"10_S老师IP资产\_asset_notes\D_Evan_video\zhuyiming\output\ip_v6_work\frames_alpha_25\00817.asset.md","asset-note","b6bfbb337b803cacca40273371f5e995ca5696e1460943755b2efef8eef3e849","408c9b351301d3870ce51ab3891efcb0d5138a70380868135d645274e3dc7d1e","2026-09-23"
"10_S老师IP资产\_asset_notes\D_Evan_video\zhuyiming\output\ip_v6_work\frames_alpha_25\00818.asset.md","asset-note","028584adea3cc1b0e07a27351d89728673158cd01b60f1579c53a7b40e7f08d5","943ec1fdfdcd6e2a2a071ce70954b46cb3824c6a3a2ff57ff56978a02d275ea4","2026-09-23"
"10_S老师IP资产\_asset_notes\D_Evan_video\zhuyiming\output\ip_v6_work\frames_alpha_25\00819.asset.md","asset-note","56afe797cc530bab4465e090e6d08d30637758ea09825b919b8179584bf876f5","0b39112aedb969ce9e4605063b025c1fbebf09878bc0cc9b324102ffd247536b","2026-09-23"
"10_S老师IP资产\_asset_notes\D_Evan_video\zhuyiming\output\ip_v6_work\frames_alpha_25\00820.asset.md","asset-note","33627c2b555b7e9bc31cdbf2c38f54dcd8634164c5f5c83cd728644fdf08421b","fb893e16a487a13f66e07df54e65be8704527b285b518f872df739775bf0a41e","2026-09-23"
"10_S老师IP资产\_asset_notes\D_Evan_video\zhuyiming\output\ip_v6_work\frames_alpha_25\00821.asset.md","asset-note","1be7d325e0bee7ebbfb4da2bf459621308ad6ff351425768d8dfafc37333dacf","d68124194983d9a69352a188fbcb8875f5d5b24818dc374454c481b86929dc26","2026-09-23"
"10_S老师IP资产\_asset_notes\D_Evan_video\zhuyiming\output\ip_v6_work\frames_alpha_25\00822.asset.md","asset-note","68b913f77f739286a7fe5c7c857ec20ad68d41492106cb4fc81f62b0868ba0b8","4c73d2ff37da134cb3117f39116df761aefe62c4477db03aa0524034589609f7","2026-09-23"
"10_S老师IP资产\_asset_notes\D_Evan_video\zhuyiming\output\ip_v6_work\frames_alpha_25\00823.asset.md","asset-note","5b179729e36dedbc2b3b2bdc48fc388df10f9af5a73102ec39fd43ac71245618","d031f7c4a69e8c1aa9d7a5a90721fe401ce783c9cf13421ea015e9716db2538f","2026-09-23"
"10_S老师IP资产\_asset_notes\D_Evan_video\zhuyiming\output\ip_v6_work\frames_alpha_25\00824.asset.md","asset-note","adfe7659a274df03efc44df5abad1a6a971bda6769f3ce00b2578dccd2ef351a","7a59c355c7b741d321e50d8f4bcf0c9ab50e5d95aee34f231263d4ccdfb23994","2026-09-23"
"10_S老师IP资产\_asset_notes\D_Evan_video\zhuyiming\output\ip_v6_work\frames_alpha_25\00825.asset.md","asset-note","897f8f59abaec379172d92617133bcdff13e8d228fa16e27ca3ceefec5fcc1cb","8f25167ee0f5403c86b542fa7ae4eb0182fd73528c4c5e3c55b12e9e776ef7aa","2026-09-23"
"10_S老师IP资产\_asset_notes\D_Evan_video\zhuyiming\output\ip_v6_work\frames_alpha_25\00826.asset.md","asset-note","1e3214a8abc0defcc4443a4771225efe17e234cf60e66149de763787a74899aa","a5aa456b8dc83a11fd75ed46f55df91e4657c408a4ff75b67856445973a3cde2","2026-09-23"
"10_S老师IP资产\_asset_notes\D_Evan_video\zhuyiming\output\ip_v6_work\frames_alpha_25\00827.asset.md","asset-note","72457cb7a5a6f515fe34a80244ac909321495567f6b387edecbdbbcaf38878bf","5d2cb1c95826c6c77d1377145f8fe2bb1ed25ce2dec2ba89df9570dfd7038f34","2026-09-23"
"10_S老师IP资产\_asset_notes\D_Evan_video\zhuyiming\output\ip_v6_work\frames_alpha_25\00828.asset.md","asset-note","327adaa30a28cb2dcc8f41b5c3ffafc4cb88385aa88c90fe2f32020a004a5292","b14c5e9afc9a39343bbe2b670cb1e83319687a6f4b64adff208cd03402a2cefe","2026-09-23"
"10_S老师IP资产\_asset_notes\D_Evan_video\zhuyiming\output\ip_v6_work\frames_alpha_25\00829.asset.md","asset-note","9992d8fbaddf68887a33b0215e30e589cecac1accc0df8ff4d096eb53fc9ad7a","586469a5493de3f1d1c01c2e48f627a50cc0925f731110ee3470b9af54381e31","2026-09-23"
"10_S老师IP资产\_asset_notes\D_Evan_video\zhuyiming\output\ip_v6_work\frames_alpha_25\00830.asset.md","asset-note","fe5d104167e456618f40547c72f9ed8ea2edccc9f36b66dc697e4b5ff5bee369","9fd0fa53dbeef631bb0a78a22ad57e7acdf5531e34515db1053f68e8246b40ab","2026-09-23"
"10_S老师IP资产\_asset_notes\D_Evan_video\zhuyiming\output\ip_v6_work\frames_alpha_25\00831.asset.md","asset-note","054e8ae2f186ad99f4cba502f48e1cc9e63e4773125b92dc2917a3d72a53f5fe","67cf513e33ad12604d7cfeaba1b7058649844f7920d4f5b7aed59fe5497e2271","2026-09-23"
"10_S老师IP资产\_asset_notes\D_Evan_video\zhuyiming\output\ip_v6_work\frames_alpha_25\00832.asset.md","asset-note","35a828b9bf168941ebd32e1db1ec7c86db2ba169a05150ca520b216321cca8c0","5c2d9f4feae081750817850b324a48f4af7ce2deffcf05a72f90f9983860e35b","2026-09-23"
"10_S老师IP资产\_asset_notes\D_Evan_video\zhuyiming\output\ip_v6_work\frames_alpha_25\00833.asset.md","asset-note","787fa43468991cfb17867a0f967e1f93c56715b4baaa2839415d0c2290d00f34","cf7c77d12862c94e5536575f31a0b0742a45211b6d0e806cca57cc9fc789657f","2026-09-23"
"10_S老师IP资产\_asset_notes\D_Evan_video\zhuyiming\output\ip_v6_work\frames_alpha_25\00834.asset.md","asset-note","0f412c8a7bdfc1dcb06f63934c548b0a707962ed1f7b6267e7a25ac3335793a0","77bfce315213f02a14207c4ea98b33a892e930736fda39a18e4386fce7efe450","2026-09-23"
"10_S老师IP资产\_asset_notes\D_Evan_video\zhuyiming\output\ip_v6_work\frames_alpha_25\00835.asset.md","asset-note","2ad915fa3fc1e236b551138ce84c9351a488dac1b0e57398368645162adb5668","c47ffd9e079993eeb3bfb785e39cff5920cac029e859e14cb9d974a165334a47","2026-09-23"
"10_S老师IP资产\_asset_notes\D_Evan_video\zhuyiming\output\ip_v6_work\frames_alpha_25\00836.asset.md","asset-note","8df5b2ee4b72604884f02eef3fa8d74ccd606d7759421f407713903935cc614a","130225ced2a65cd7970774a727d9eb008c4fcaef4ae3db21fe4868a2c78bfa2a","2026-09-23"
"10_S老师IP资产\_asset_notes\D_Evan_video\zhuyiming\output\ip_v6_work\frames_alpha_25\00837.asset.md","asset-note","c6a31a3d9eb8efd1a528603a53a04952ad856b98c60d42b19b1f777ec9de84f7","c752a0e9341a96b6a86d6fe271272b3235236a231b2360b747dd9e94a4fd8bd1","2026-09-23"
"10_S老师IP资产\_asset_notes\D_Evan_video\zhuyiming\output\ip_v6_work\frames_alpha_25\00838.asset.md","asset-note","80a7da87ecee1c994d42ed1c49037cd4865c474bcb7678de1199428600911b89","7f86d6d381d67d36d3957bf7d072dd2a14f3fdc70aead3c2e65a3c1d53ae27f5","2026-09-23"
"10_S老师IP资产\_asset_notes\D_Evan_video\zhuyiming\output\ip_v6_work\frames_alpha_25\00839.asset.md","asset-note","8aa4fa95179a7e8a7c10208f7925b1d474536f4cf0064b99c7d1fc29f5b9d332","0951ef2bd5576258ca2e517ad46ea6c779e2ed7f6444480d70913d3ec6df5832","2026-09-23"
"10_S老师IP资产\_asset_notes\D_Evan_video\zhuyiming\output\ip_v6_work\frames_alpha_25\00840.asset.md","asset-note","f9a65d08f09afcc4fc54f7beee936073534f543a206ffae49f8c6a318bea9a3b","391c3b49413041b9513f1d3c571f4d871a1263539d159889e220c0abc71d22a1","2026-09-23"
"10_S老师IP资产\_asset_notes\D_Evan_video\zhuyiming\output\ip_v6_work\frames_alpha_25\00841.asset.md","asset-note","490ed02be4ea022235c5a0f0c2b14db64752c8e296387cd4a1d47cb5c4de148c","dbe3986eec0d7129f217dc4e3e5710374656c5920857152b55c724b1240ea15a","2026-09-23"
"10_S老师IP资产\_asset_notes\D_Evan_video\zhuyiming\output\ip_v6_work\frames_alpha_25\00842.asset.md","asset-note","6d8f6ec6a908dd1906dc3591350dba5bc835b4f9d6c950e00f2beeffe220300d","eeb9328f9485b560aaacee69960ff5e85ff11ac179b31791a8a165bf3a1df970","2026-09-23"
"10_S老师IP资产\_asset_notes\D_Evan_video\zhuyiming\output\ip_v6_work\frames_alpha_25\00843.asset.md","asset-note","eb7c90b1fe24c72ad4a496338a01b0e38d4c84a3a5bc2513589d6d1f3d885060","65cdc021e788511f42e31ca296c3dc57baf318d1218d909389073558b314cd33","2026-09-23"
"10_S老师IP资产\_asset_notes\D_Evan_video\zhuyiming\output\ip_v6_work\frames_alpha_25\00844.asset.md","asset-note","83aef2814b63f3de4025bd11a8fd4fe2daf0d0281349b0a58967277b845f8ecc","576139ec0a39f82eadc80c6a5e7e1da5f3b9b73fbf2c05639a9564c1fdee3142","2026-09-23"
"10_S老师IP资产\_asset_notes\D_Evan_video\zhuyiming\output\ip_v6_work\frames_alpha_25\00845.asset.md","asset-note","6a7c78b0b0263295ddc35e7555735f2d2c3cb92151e7e86be8d9297db2b04bdd","6b9ab20f4181faf23986d70f0211d5b7b11fc9d7a02c497bf576c72d54b1df17","2026-09-23"
"10_S老师IP资产\_asset_notes\D_Evan_video\zhuyiming\output\ip_v6_work\frames_alpha_25\00846.asset.md","asset-note","36789b729c6b6a9760a7ed443a74ba1ce381f867dea23e3f313ad0d3d4cd93d1","6e0bc9b9d83aa36372c1973535547c2279b5c1611b6a7e5e3070ac477f3356e6","2026-09-23"
"10_S老师IP资产\_asset_notes\D_Evan_video\zhuyiming\output\ip_v6_work\frames_alpha_25\00847.asset.md","asset-note","821576dd2605c302673cc9a4a508e7167f246d4fcb1f09f98651cf3893bb66d2","c050c885166b5b7ae961a6afa11fc97b14cd012e1448c1015fa6869f46f07ea6","2026-09-23"
"10_S老师IP资产\_asset_notes\D_Evan_video\zhuyiming\output\ip_v6_work\frames_alpha_25\00848.asset.md","asset-note","46003bae10744f160fdf49e10ff2a0db1a42c8b3529cc9939ea1758c1932634b","2c7374d018b0aeb1e3a53b8f0106d7d59c2c33183562f43aa9411e7d2e7fe01c","2026-09-23"
"10_S老师IP资产\_asset_notes\D_Evan_video\zhuyiming\output\ip_v6_work\frames_alpha_25\00849.asset.md","asset-note","e5a4c5ae7457d5273853465392023616675cc8f2a2897c6693e2b727930c7fa8","34ab7563d81f429142db8df4b68010cffd9ff98a03ce8039ae605214ec9802c7","2026-09-23"
"10_S老师IP资产\_asset_notes\D_Evan_video\zhuyiming\output\ip_v6_work\frames_alpha_25\00850.asset.md","asset-note","8cf94392a11ca99b5ef1cc3e87b17cea1171a49ea4a271be2e19e48d3c0b29d6","8b2fe1d2c3cb0556a266c08bf231ee216e49298c3a22b08860ef1baa88d0e026","2026-09-23"
"10_S老师IP资产\_asset_notes\D_Evan_video\zhuyiming\output\ip_v6_work\frames_alpha_25\00851.asset.md","asset-note","4fbc06c66a26522800e3d682dc428f46232e06fd179f2057c0d2c860f0ca0d72","fc92168407568d3344502ab705c43871a1296312d1bdc1fa50c63620c73431c5","2026-09-23"
"10_S老师IP资产\_asset_notes\D_Evan_video\zhuyiming\output\ip_v6_work\frames_alpha_25\00852.asset.md","asset-note","72ad5fa2b85870a6ac7fe8b0ac84336f3ecc2ad5ca627ecafbe41c1935c5665e","9e2b20b36b236272463b92a56cccce03693fc92756ddaf27a72c54c0dcc9d3f0","2026-09-23"
"10_S老师IP资产\_asset_notes\D_Evan_video\zhuyiming\output\ip_v6_work\frames_alpha_25\00853.asset.md","asset-note","40178b2a377999e6216ef746a2654e5b2fed0c590051d10e1a42d735c0e9e678","ffc56be5deaa22a71fd5b4aa94a4d1f9af50582824b74a2092f116bca51e6ca6","2026-09-23"
"10_S老师IP资产\_asset_notes\D_Evan_video\zhuyiming\output\ip_v6_work\frames_alpha_25\00854.asset.md","asset-note","5f2585fd84285fcf538db96b18324085c687a101a2302415e2765fa909483fb5","782f4b856002c5de6429c8d0b1f7356378784f0d7222b1521c867583d1bbb836","2026-09-23"
"10_S老师IP资产\_asset_notes\D_Evan_video\zhuyiming\output\ip_v6_work\frames_alpha_25\00855.asset.md","asset-note","ad3b7a269c257f4371670a4b8b471e997db696e20615d136b3f86c5f18e1d574","362de8e55e516e52e75832dff174012013b06ac61cb35e8f2b27df9d4ed09d04","2026-09-23"
"10_S老师IP资产\_asset_notes\D_Evan_video\zhuyiming\output\ip_v6_work\frames_alpha_25\00856.asset.md","asset-note","9360f9415969993898d6630e5ef8962feedab63730869572e92726b3b063faac","51059ba8e039df609f1d691c3294e18d08ffcf0439d193d1a6d2e2e65a5682a7","2026-09-23"
"10_S老师IP资产\_asset_notes\D_Evan_video\zhuyiming\output\ip_v6_work\frames_alpha_25\00857.asset.md","asset-note","82b9c6750a12f86f5ffe7ae73d505666a745ebcb5bebfefc10967041ecb62006","7f0b542cc6bc7434335613618e09dcc1efea847ffdbd26f428b47dcb6c4b1a02","2026-09-23"
"10_S老师IP资产\_asset_notes\D_Evan_video\zhuyiming\output\ip_v6_work\frames_alpha_25\00858.asset.md","asset-note","e1e158ce157c26fc3fe92329a58bc782ba11c3b9b1ba8ec2aae3cd92cf6048c5","9c2f220c0d167e2671339956f412d80069ecd122447c5f91114882e96dac9d74","2026-09-23"
"10_S老师IP资产\_asset_notes\D_Evan_video\zhuyiming\output\ip_v6_work\frames_alpha_25\00859.asset.md","asset-note","1397ff47ca7154dab9746e6f4ebeb75977628d4b8cd3333ce2251b8d22e55f39","f8c0dcafcf9f3d98db08de635dff9fdecdb25ca9ed5f796a5a09d86eb152f5eb","2026-09-23"
"10_S老师IP资产\_asset_notes\D_Evan_video\zhuyiming\output\ip_v6_work\frames_alpha_25\00860.asset.md","asset-note","5c4360a60cdb8515067778c51615ec282be38049865e7d34c1b26db54fd1611a","06d838ce691fde65e7c59c19fcfa9514451b495e30fd1ce6b2dd2e74d8d0755a","2026-09-23"
"10_S老师IP资产\_asset_notes\D_Evan_video\zhuyiming\output\ip_v6_work\frames_alpha_25\00861.asset.md","asset-note","6024ece1f68edb102f9aaeb12e6d1c26dc2371ccc88df65a00524ee15f08f94d","2dd4dde551c8275a69d824ae3787a96b87f5a0b5950186aaacb3e90ae44e00de","2026-09-23"
"10_S老师IP资产\_asset_notes\D_Evan_video\zhuyiming\output\ip_v6_work\frames_alpha_25\00862.asset.md","asset-note","1ae78525718aa277200a4d770c8d7369014bd361837db5203758613f001a660a","ccdc4296cc9d7546547721aeafba6a61b1bc83d1d6c2055655aa275895b2247e","2026-09-23"
"10_S老师IP资产\_asset_notes\D_Evan_video\zhuyiming\output\ip_v6_work\frames_alpha_25\00863.asset.md","asset-note","d50359f6b0806a6038db38c3d4c1cabcc5a45d0d61f2bc23047557db74c7fd6d","b995a619d079d2ba01c0209d2af2ee022162f022a82285f1a729a34b118217d2","2026-09-23"
"10_S老师IP资产\_asset_notes\D_Evan_video\zhuyiming\output\ip_v6_work\frames_alpha_25\00864.asset.md","asset-note","3b1d99406fc3dca4a2267aacb47088ab3d0efd43dab4a465b724ba2f96794c9d","30a6428961950ef2dba13c6cf331e10cd90a99d0bf3707a6fa3781ce11151ba8","2026-09-23"
"10_S老师IP资产\_asset_notes\D_Evan_video\zhuyiming\output\ip_v6_work\frames_alpha_25\00865.asset.md","asset-note","5cd2dd9f4b9e8879f3c36b3384e8fd0f2a5bebb572c8b35f64074f13fe547e66","831a56a05a1c59f6b5ba144d00c342101b63695adea84d347ce9c37202297082","2026-09-23"
"10_S老师IP资产\_asset_notes\D_Evan_video\zhuyiming\output\ip_v6_work\frames_alpha_25\00866.asset.md","asset-note","580aa43efc5e81ed91f09040c91c8835643c58c2d5085edda215f04b5401537a","0539de802608ccf48adbe2a24c1cbe9de60421ec8ff8f9680cc804aac7804e79","2026-09-23"
"10_S老师IP资产\_asset_notes\D_Evan_video\zhuyiming\output\ip_v6_work\frames_alpha_25\00867.asset.md","asset-note","ca30c1e58cd965a666549c0b6c090030ef2d5c12d86025c269747f82f0d2fe1b","e34693f476139a441fe9aa50b5a13d0a04f668d5656f237a4d63a935568daa25","2026-09-23"
"10_S老师IP资产\_asset_notes\D_Evan_video\zhuyiming\output\ip_v6_work\frames_alpha_25\00868.asset.md","asset-note","047e43373836140ac4706db321bc6f77951d2307a894c8ed8d86564a6c0b996c","b24303b4cd0e92ee2a4f54bc3a370de1a251c0f28677651c825a3fee43611f12","2026-09-23"
"10_S老师IP资产\_asset_notes\D_Evan_video\zhuyiming\output\ip_v6_work\frames_alpha_25\00869.asset.md","asset-note","2729649dfa2d30dc91ec52a046bda189ca0fa13fca496571bb9349543ad1fc1b","47ee8e2a4606d79eeb1eb4cc7d9bf82f319f98755716bbbe036e13439863b5a4","2026-09-23"
"10_S老师IP资产\_asset_notes\D_Evan_video\zhuyiming\output\ip_v6_work\frames_alpha_25\00870.asset.md","asset-note","044d0026c9995f4cf1430f4cccba47b43b96b5ca70e4f5890aa6d054f8e2de9f","e80d01c4ac55b7bb100dd492c5ec0d768b6d2c91dfe452cb432909c586bdf8d1","2026-09-23"
"10_S老师IP资产\_asset_notes\D_Evan_video\zhuyiming\output\ip_v6_work\frames_alpha_25\00871.asset.md","asset-note","22f90608d054d58c5e0dcb0c71c7ead184f35a8744c9b29fc3af2febd6e766ce","cec94933700e6ab0cf0ea23b9d897c50c8ead7e78036b3e80d60a88899eb8abb","2026-09-23"
"10_S老师IP资产\_asset_notes\D_Evan_video\zhuyiming\output\ip_v6_work\frames_alpha_25\00872.asset.md","asset-note","32b531dd90f1ae1dc53bf65ea8275f4cea257ba1c7c3a1a4aa73d1f8df9c8ece","5c651681a9490bead5ca9f806bc7878fcb096768ce3d56761694ab0d8a2dec81","2026-09-23"
"10_S老师IP资产\_asset_notes\D_Evan_video\zhuyiming\output\ip_v6_work\frames_alpha_25\00873.asset.md","asset-note","b83ea2bab5152e2a75e1ff1a629e0e80f19115bec016c4df7a1f56c737cc7c26","7deb4f0262a451aa71734b5b57d9919581a200c70c2908041353c7dab87f9857","2026-09-23"
"10_S老师IP资产\_asset_notes\D_Evan_video\zhuyiming\output\ip_v6_work\frames_alpha_25\00874.asset.md","asset-note","1b3a36a89e8eb522ee9c5b0914e9c1b3a6ffa10e8b10708b557f9627e18f2d96","8d2750409388b123f22ef7e5b111495a2977538d63dcc7093dcdb1ffaa0cde56","2026-09-23"
"10_S老师IP资产\_asset_notes\D_Evan_video\zhuyiming\output\ip_v6_work\frames_alpha_25\00875.asset.md","asset-note","55c3cf18b6cf6156ff4769250924967b18668b19ebc82e2f4a47348ab801ac3b","1549660fb8e9b119f3a60cd20d739793fdb6b7f039265daee638f759f3656513","2026-09-23"
"10_S老师IP资产\_asset_notes\D_Evan_video\zhuyiming\output\ip_v6_work\frames_alpha_25\00876.asset.md","asset-note","f7868c9a5dd009f45b37e3a9ecb22e64cf8f025b0ea3b7a79b42f2fb2ef3e673","ef39a6524eec822c621835f03058f4df540f6bcdd4b79aac6ab123f5c709d22c","2026-09-23"
"10_S老师IP资产\_asset_notes\D_Evan_video\zhuyiming\output\ip_v6_work\frames_alpha_25\00877.asset.md","asset-note","5d0aee0e8a1f8abf96992116da8fda409dd06f1939baa9f725a3ff293f6fe67e","8284dc21d02f5926aef80091e582c03d860ce47e213d4b989f3acc9a2673e077","2026-09-23"
"10_S老师IP资产\_asset_notes\D_Evan_video\zhuyiming\output\ip_v6_work\frames_alpha_25\00878.asset.md","asset-note","1519432627d8051641d8b5e1f3e9a63683e8a207937b94ef981425fce9c5d497","80305cd8d30e4b1f13a40f6999796d4b3506f69d19e84d56f33ed8d3125a996e","2026-09-23"
"10_S老师IP资产\_asset_notes\D_Evan_video\zhuyiming\output\ip_v6_work\frames_alpha_25\00879.asset.md","asset-note","b1a1bc2ad8e142fc1abd947bb7e0fd47e3adcc6d8be9bd247a0698dd36b91278","26bbbfd0e29d03794bfe21a4c736d434b104874b2fcf0a81ecb0b0c6a57e8909","2026-09-23"
"10_S老师IP资产\_asset_notes\D_Evan_video\zhuyiming\output\ip_v6_work\frames_alpha_25\00880.asset.md","asset-note","4323ca7b0852d9bfe224b07ab2ad4fb3260f0489904b8656c8d8bbf8d42bbc92","ed3e1c523d8df6dae1af80d9e46563536fd896fa73dea528423d7d05c7e28b68","2026-09-23"
"10_S老师IP资产\_asset_notes\D_Evan_video\zhuyiming\output\ip_v6_work\frames_alpha_25\00881.asset.md","asset-note","4c6759dcd2411c0f2eed3e0e98379a901065e56ed67a12a1ecf7c858ab2e91c6","03ad7338ca380fa412d5467e50aa241ca819842ba406755f23e44740306389d3","2026-09-23"
"10_S老师IP资产\_asset_notes\D_Evan_video\zhuyiming\output\ip_v6_work\frames_alpha_25\00882.asset.md","asset-note","1d263d3dbc2e6c7a0ee69c99ffa573bab84e24b8450a7fb48b4e6089c97b2e1c","74c0422887e88027949b5691d3805c2c887917d4502343a36d7fdd452b520f9a","2026-09-23"
"10_S老师IP资产\_asset_notes\D_Evan_video\zhuyiming\output\ip_v6_work\frames_alpha_25\00883.asset.md","asset-note","4836fcc0922f3771cf773ce11a01e59cec1e31015f84ccad502518145f3ec356","22455bf80b5287d0b8b517e5afbcec6bca1be577ca78672f5ab709edee70109a","2026-09-23"
"10_S老师IP资产\_asset_notes\D_Evan_video\zhuyiming\output\ip_v6_work\frames_alpha_25\00884.asset.md","asset-note","af9fcf0a6dfe649bfa01034855affe1d36bcaa3f25a11bd0bc1d03e1bf82b479","c5710557af75ac68d24ebedcfb8ea5826d07988061a537466cbdc2d4fd44adbd","2026-09-23"
"10_S老师IP资产\_asset_notes\D_Evan_video\zhuyiming\output\ip_v6_work\frames_alpha_25\00885.asset.md","asset-note","2fd7d9b708ae2d6260915d8c76f8ed8c8dc0c785fe5a794afe210a4348e3eb2a","b38173e85124a4a1b0fdaf3c023a58e0e75d1e49e44eb519d5a232c53f51fb6d","2026-09-23"
"10_S老师IP资产\_asset_notes\D_Evan_video\zhuyiming\output\ip_v6_work\frames_alpha_25\00886.asset.md","asset-note","ce71b3cd333800ccd1cac4a0d824314b4cbdd72c05d3c4599e72e792248ac3e6","683b68cdf31968a38d6d82be9003d7249e3ba89551d0b1b99fac4d9dc95bc7a1","2026-09-23"
"10_S老师IP资产\_asset_notes\D_Evan_video\zhuyiming\output\ip_v6_work\frames_alpha_25\00887.asset.md","asset-note","7a8de6dafa0f3c49ee12c346379b4285c4d97a05337960333ad4acb147d30bb5","e073e9435d0491c3d95be6cb55fee1572a8d01e8ff51965954cf0d3f5572285f","2026-09-23"
"10_S老师IP资产\_asset_notes\D_Evan_video\zhuyiming\output\ip_v6_work\frames_alpha_25\00888.asset.md","asset-note","66109d382fe28b7be37dc41541145d4b5777e1012369c8a6db19a81a77a1d8b6","ff0187e4284fb58b2b4ea12c72b550f64d8a6a7a3458d10256e7d7698ea11454","2026-09-23"
"10_S老师IP资产\_asset_notes\D_Evan_video\zhuyiming\output\ip_v6_work\frames_alpha_25\00889.asset.md","asset-note","84fe518bb21098b2d5841e2f8dd634f1cce1b38ef3140aa11f05e7f461c98b5a","f69099e0b7ab1402a448c77e2dc608f6bb866bbdcc3094a5e9dcc380b1a0c3f3","2026-09-23"
"10_S老师IP资产\_asset_notes\D_Evan_video\zhuyiming\output\ip_v6_work\frames_alpha_25\00890.asset.md","asset-note","a09e02fba871ad5db0aa142f071639d68c66cf000c101c975800542e88e60f4d","5ff4184b2fc44d3959d1dfaf4f8805e79ea6e43b234270420ab92ef7645b5b61","2026-09-23"
"10_S老师IP资产\_asset_notes\D_Evan_video\zhuyiming\output\ip_v6_work\frames_alpha_25\00891.asset.md","asset-note","8f9af844c1cecec246601d5ea1bb72cebe64224bb1afad048398924f0fc1ad83","4a3ac41758d323823e1d68ffcaff65016436b379fb87bfeb46c692b690d236f6","2026-09-23"
"10_S老师IP资产\_asset_notes\D_Evan_video\zhuyiming\output\ip_v6_work\frames_alpha_25\00892.asset.md","asset-note","24661ba3d27574e6b10d20f41af88cac691fee58f5ec1feec40827330b33dfb6","2488e5c58d07bdfea178f3b1428bf561c6e997ab03db7fae23147f5c6af2a7fe","2026-09-23"
"10_S老师IP资产\_asset_notes\D_Evan_video\zhuyiming\output\ip_v6_work\frames_alpha_25\00893.asset.md","asset-note","4b87910399aa8113ca9f32d3381333e72744abf679fadbc82959d9d16ba3972b","1a73029f50bf055502821aa89b2a63dff2d224f776a247af6f9902a6e4aad0a8","2026-09-23"
"10_S老师IP资产\_asset_notes\D_Evan_video\zhuyiming\output\ip_v6_work\frames_alpha_25\00894.asset.md","asset-note","f0e0f3ed98cca0836cb385db63e8730e4def40f46a797233216ddf8fea5b3b07","ce9fd9f7aae476d3352e05e464d6ce71f5eecb125324d0880b7e828811545cd5","2026-09-23"
"10_S老师IP资产\_asset_notes\D_Evan_video\zhuyiming\output\ip_v6_work\frames_alpha_25\00895.asset.md","asset-note","bd9da9f98987c734793bb7472d818f08024f3f85a07437b41bd9123880685b0f","9c12163a9eff69812a023f68fdeca19152f88d783ebdbad0b3972d14294c0c55","2026-09-23"
"10_S老师IP资产\_asset_notes\D_Evan_video\zhuyiming\output\ip_v6_work\frames_alpha_25\00896.asset.md","asset-note","927f354d1c09edc44b5c308ac33d46a621b1dc0d7bf89da4ca6508f38cfc4ca7","5be298583ad8346e9177cca4d22c0a9d565eae6f9eb4f8eed251c34a94fa69cd","2026-09-23"
"10_S老师IP资产\_asset_notes\D_Evan_video\zhuyiming\output\ip_v6_work\frames_alpha_25\00897.asset.md","asset-note","15edd455ba123719f6f29536b17cbf042f34976ab83cb4c20d9fc49b0b07cbb0","bcc55aa3cbc2ed8c18dbd0a389c8fcf2c1211114b26bda451d34f787176e8350","2026-09-23"
"10_S老师IP资产\_asset_notes\D_Evan_video\zhuyiming\output\ip_v6_work\frames_alpha_25\00898.asset.md","asset-note","e5e7e509d8560f7817e0b38e59679d56584520a8c6878b87a1c25145af70ffa5","d8d590bdd342c1d757ba34da932460502fabae442d91c428d9b4ca638192f082","2026-09-23"
"10_S老师IP资产\_asset_notes\D_Evan_video\zhuyiming\output\ip_v6_work\frames_alpha_25\00899.asset.md","asset-note","f1d228da823288b3a4436335507cfe015791b8604ee33aaae67e10888fb8cd3e","5abd490d143502deb141b631ac25224489914caa14e9bf03bba6347c94286291","2026-09-23"
"10_S老师IP资产\_asset_notes\D_Evan_video\zhuyiming\output\ip_v6_work\frames_alpha_25\00900.asset.md","asset-note","87b0f087632c843f1c1ed851ce098649258b48740793c2957ba0aecc65140185","52ec7117aa70caf7e7f1dba2d7cb79a426798b58f945cd5e7b62ad38ad71df41","2026-09-23"
"10_S老师IP资产\_asset_notes\D_Evan_video\zhuyiming\output\ip_v6_work\frames_alpha_25\00901.asset.md","asset-note","c32c51a30da2f349c54ef2ab40f4b675fcd0030c08bc576b4d1eae045cf66b3e","dc3af5c03d7ea3c9cdac516e286e9887f472639b584c72c23a02b184dad3e7f1","2026-09-23"
"10_S老师IP资产\_asset_notes\D_Evan_video\zhuyiming\output\ip_v6_work\frames_alpha_25\00902.asset.md","asset-note","ce9834a28808a227ff808b05d0993434b11a8cf192e502978c5fb23a60f21922","eb23021b7da97a6c00dbdaf15e8ae46bcd3f287008be5dd67603d616342e71f1","2026-09-23"
"10_S老师IP资产\_asset_notes\D_Evan_video\zhuyiming\output\ip_v6_work\frames_alpha_25\00903.asset.md","asset-note","a755ad4582524688adb04869c30c75056e075f8b2f8cef7240bc2b2d0d2d05f6","261199daa972a01de8d8836b50bf538479086e28e79aaac51adc1c739d36a1b2","2026-09-23"
"10_S老师IP资产\_asset_notes\D_Evan_video\zhuyiming\output\ip_v6_work\frames_alpha_25\00904.asset.md","asset-note","91a7811b70022ae68b32ee4bde639a4973c3dba5e26e90d238fd373dfa81cc04","187960302d0f6c38594cff2fa629d2ee1657d4272bda08027079fa3ee3b34c21","2026-09-23"
"10_S老师IP资产\_asset_notes\D_Evan_video\zhuyiming\output\ip_v6_work\frames_alpha_25\00905.asset.md","asset-note","c042cae6f85b829c7b3cdb04c6c2747564fa3e6b64dd76b9304cb6e4bc980225","230c68972dca73e2ede05f87c2ef7fd5b743c06334fdb99eaa08ba0ac25a42b0","2026-09-23"
"10_S老师IP资产\_asset_notes\D_Evan_video\zhuyiming\output\ip_v6_work\frames_alpha_25\00906.asset.md","asset-note","8f60ef7a4ddbcad16dc735e35e77e6219e66f568dd411e95a8852c5c42f6dacf","5aa9736476df28f9e6f3f1ede249b53cfb72474a10ae453ac625aad013182b5b","2026-09-23"
"10_S老师IP资产\_asset_notes\D_Evan_video\zhuyiming\output\ip_v6_work\frames_alpha_25\00907.asset.md","asset-note","498d2b6211f165293ac51160bd087cfe0e28299b7b8bf5030056c8fd81ef6c3b","449a3011c12f9c8982dbb1dd2fba543efea52311fe0d7f7a54ff11e0204f746b","2026-09-23"
"10_S老师IP资产\_asset_notes\D_Evan_video\zhuyiming\output\ip_v6_work\frames_alpha_25\00908.asset.md","asset-note","065be933e0ecf07a7f0ab5796860e8583c6d71eb13574f1e7b70ed4fbd5b8b73","8ebece596df60baf5251e6470acaa3ed3162840f15cbe8c707564291bd640217","2026-09-23"
"10_S老师IP资产\_asset_notes\D_Evan_video\zhuyiming\output\ip_v6_work\frames_alpha_25\00909.asset.md","asset-note","ef9bc4f120e920bf52c6d80d720ae42cb5777892a2f5416338b9b9c2ef21ab64","969ec9049a2fa61b745a85ba5afee58305721fc45145d4b66fa2ad862371d3a6","2026-09-23"
"10_S老师IP资产\_asset_notes\D_Evan_video\zhuyiming\output\ip_v6_work\frames_alpha_25\00910.asset.md","asset-note","7f9f2982303597fed5ec1a6adf6a81f78c0444ed0bc3fa72cdfc3c575daebe51","21c7f514a08d0bf4c28ff070e6aa383fdd652eb34e3d5d08ce8fd38b5633f185","2026-09-23"
"10_S老师IP资产\_asset_notes\D_Evan_video\zhuyiming\output\ip_v6_work\frames_alpha_25\00911.asset.md","asset-note","acd3309efea2bbb431178e3ddd02c0d45830808010504a2b880cbf4f8558a342","ee8565d1c0d8166c3181be2be4bccf97d6385c91a33f58ebfb74997e1cd495df","2026-09-23"
"10_S老师IP资产\_asset_notes\D_Evan_video\zhuyiming\output\ip_v6_work\frames_alpha_25\00912.asset.md","asset-note","fd4d146a58b965f67c00c4a26ae59bb89ad09b1c47f898854d0bf9bc735b1520","5d1d0ff94d91de5a9d28f8edd585870bfbdc3461293e54cf96039d96c78628e2","2026-09-23"
"10_S老师IP资产\_asset_notes\D_Evan_video\zhuyiming\output\ip_v6_work\frames_alpha_25\00913.asset.md","asset-note","cb5139079abe865a922ef65d701df71393de2cb4d5b4bd71022be7ffcbc467b0","981f61ea36afc32f16645cecc821935283c27f61001fddab33346f4991a36bb8","2026-09-23"
"10_S老师IP资产\_asset_notes\D_Evan_video\zhuyiming\output\ip_v6_work\frames_alpha_25\00914.asset.md","asset-note","404e3865dc22fd1ee7c93d69cfd0a954d1b1863044936288f824f2bb9aafb50b","4c08b3ef5ec2b975bb46ed1cf36db5eb9000b1fb29cd1411fba350279f56779c","2026-09-23"
"10_S老师IP资产\_asset_notes\D_Evan_video\zhuyiming\output\ip_v6_work\frames_alpha_25\00915.asset.md","asset-note","b94ab6c1d8e2faed76fa2d7d0a05d560a407f9c5733a801774ee4d51b1c86292","e1429e1c737099637ff1dfb079f733f6757592b4594eae927f49818fe49aa4f3","2026-09-23"
"10_S老师IP资产\_asset_notes\D_Evan_video\zhuyiming\output\ip_v6_work\frames_alpha_25\00916.asset.md","asset-note","da77755ac4d50d119e00592198b7368971efd5281530e813f6fc9ebdcffffe0c","ec186c20a50c150748eed22bd00a4facb2585371220df0734c39a9aa98b2994a","2026-09-23"
"10_S老师IP资产\_asset_notes\D_Evan_video\zhuyiming\output\ip_v6_work\frames_alpha_25\00917.asset.md","asset-note","bfcf570e95483b305d40160ff6bb54af76a250910adc65ae0a95d5cf86e0cd40","dd634e8a682c485ec3f8e9c97123a9265ab0bb5ce6b73c347f35aa56818864ed","2026-09-23"
"10_S老师IP资产\_asset_notes\D_Evan_video\zhuyiming\output\ip_v6_work\frames_alpha_25\00918.asset.md","asset-note","cb6025ce8908028fb05adb77d0007290b6b382624c7c8ee63be78307dadcadea","e0a67a255fcf0697a2c5894a9d1b9e01618126a545c3d9a1f0ffaee6f77498af","2026-09-23"
"10_S老师IP资产\_asset_notes\D_Evan_video\zhuyiming\output\ip_v6_work\frames_alpha_25\00919.asset.md","asset-note","8bc003b73a02a87dab975c3afefb3dc7e137297247227f95137f60e460bee635","e5cc73f6fd8f485cf0e75f1ecd023e74a8f9cc0b60e6a77a41ba988c059b8448","2026-09-23"
"10_S老师IP资产\_asset_notes\D_Evan_video\zhuyiming\output\ip_v6_work\frames_alpha_25\00920.asset.md","asset-note","f1929f6fd023d11c73644ef01e7cca217a61212f4fa139995148892aece74b06","67f9a8879e844af46d8ce6db3fc535e7fb758a3feb46244fe1af12782f80fcac","2026-09-23"
"10_S老师IP资产\_asset_notes\D_Evan_video\zhuyiming\output\ip_v6_work\frames_alpha_25\00921.asset.md","asset-note","2a6260d57226bda3026237d72f89e07dea9550fe65d9aa2e192849f525bf339b","d2ecb85fc95ff2e9494025a64752a8ef73e98427040bd8972fb6333c3de243b3","2026-09-23"
"10_S老师IP资产\_asset_notes\D_Evan_video\zhuyiming\output\ip_v6_work\frames_alpha_25\00922.asset.md","asset-note","0241d678c625bf8459819d2cf82a00ad04434b320a228fe7742f31f817a51e55","890b08f01e6c71690ebb65a4dfe875942d956440d0ab3618a8f01f5835e74498","2026-09-23"
"10_S老师IP资产\_asset_notes\D_Evan_video\zhuyiming\output\ip_v6_work\frames_alpha_25\00923.asset.md","asset-note","578cecd8298207055f42ec533647906edecb8da1fdaa17180e8943fe25d35730","da0afe643153ef58b11555a055aa87004c6e7e9d680f125d0f6b02d5deccabe5","2026-09-23"
"10_S老师IP资产\_asset_notes\D_Evan_video\zhuyiming\output\ip_v6_work\frames_alpha_25\00924.asset.md","asset-note","ee5e049482997e913a1091a4ac9d1d4bb38e7f6af1647fdce21a1c29b51f2b70","2f2670932dffc201a4687525b78531e3c7f68d213cb5228c712f006f1bd0783c","2026-09-23"
"10_S老师IP资产\_asset_notes\D_Evan_video\zhuyiming\output\ip_v6_work\frames_alpha_25\00925.asset.md","asset-note","9204131d8f079223925a1648dfe1700c61cd58bbe7700887493a3aed0270e9c0","6e7f80c4d336c03e8320b77f3201e03cd6727c97b29099a160a39c7de96c3a77","2026-09-23"
"10_S老师IP资产\_asset_notes\D_Evan_video\zhuyiming\output\ip_v6_work\frames_alpha_25\00926.asset.md","asset-note","40bf1c721a63a660bfebc2041c24c87063c73bdc03249929e172039313beba12","f088cb41c4e799c9a12f5fbce955359cfd0f53a362a0471727dbf1937d462a96","2026-09-23"
"10_S老师IP资产\_asset_notes\D_Evan_video\zhuyiming\output\ip_v6_work\frames_alpha_25\00927.asset.md","asset-note","f595f294dab257f132ba78f4916de2b87ddc6f6a92b00bf655d9eb4aa8696b94","24fb9504664e5fc466284f581711bd309dc9381235fb614ecd59131e3bcf5f56","2026-09-23"
"10_S老师IP资产\_asset_notes\D_Evan_video\zhuyiming\output\ip_v6_work\frames_alpha_25\00928.asset.md","asset-note","ebac2f35849308264eac1e929f7badb9d09c590ab6fed7a39352b0cbf3f99c49","cb2cfc6d74f88244e872b563283f4d65c9174732184e3e4ac1748ad821f09c3d","2026-09-23"
"10_S老师IP资产\_asset_notes\D_Evan_video\zhuyiming\output\ip_v6_work\frames_alpha_25\00929.asset.md","asset-note","ada4c41bd9f78569f8beedd50c3aca837735c777aea877ff6a39b1b6f2d4b4b5","3d1b278590fba9d497605c00dd4c71cab4d3635e344d6abf161de6584812b55f","2026-09-23"
"10_S老师IP资产\_asset_notes\D_Evan_video\zhuyiming\output\ip_v6_work\frames_alpha_25\00930.asset.md","asset-note","846ba5c3a62e74f6a6b9a2f75e225aff53dd04c8c592220dfb01d9d9848285ba","80a1c9c8fe102c2a3af2c93f7bd5c9fe6ad0ed6f83fab97131c1deb3179175c5","2026-09-23"
"10_S老师IP资产\_asset_notes\D_Evan_video\zhuyiming\output\ip_v6_work\frames_alpha_25\00931.asset.md","asset-note","203f4861078c2ad387d8c454e8d392be9ff6486727996fbc153fa60f5967522c","18f62f89fe698b30006e07340d891824d713f50de58c1562f5fb6c7ccf5e271e","2026-09-23"
"10_S老师IP资产\_asset_notes\D_Evan_video\zhuyiming\output\ip_v6_work\frames_alpha_25\00932.asset.md","asset-note","36f4503f8f6dd2b78c8a201907157fe829ee11a3dc6bbfa10bd06d8f71aecc9b","63f4369579969b019d3eaf24b22d07a7f055968e9290e13ee9013ac05d3a96f0","2026-09-23"
"10_S老师IP资产\_asset_notes\D_Evan_video\zhuyiming\output\ip_v6_work\frames_alpha_25\00933.asset.md","asset-note","8805d21a11853694928fb77a007baebf8c138954c5dc8f6106353af6c010ce65","43cc14d995bf60bf9febcd72313d68f65da39cc0669b9c73992418ea0434522d","2026-09-23"
"10_S老师IP资产\_asset_notes\D_Evan_video\zhuyiming\output\ip_v6_work\frames_alpha_25\00934.asset.md","asset-note","f7b5b5fbbb1f406f637d635b662da50ad445048f23f9cead7c68936f391ef2ce","bfd036fad3dc2ab20a0f92050c1f67ee96d98f021a29c06e1e057ec02d785fe8","2026-09-23"
"10_S老师IP资产\_asset_notes\D_Evan_video\zhuyiming\output\ip_v6_work\frames_alpha_25\00935.asset.md","asset-note","e1216151e4750d4a2eebac42b8ace54f0aa438c86b62b9e34350c1ef40f7eb96","ade4602212e0000f1444e74b805d08ce233ca68b506df12d6822bb7d0832d6ad","2026-09-23"
"10_S老师IP资产\_asset_notes\D_Evan_video\zhuyiming\output\ip_v6_work\frames_alpha_25\00936.asset.md","asset-note","23d8b65f1a8462143e5c4badfe23470f231483aa2c1909ef56a4b354510dc957","f330855c3ae01e8a1b1e17839c971339c463209db2482ad6bd6a64cab94f38b7","2026-09-23"
"10_S老师IP资产\_asset_notes\D_Evan_video\zhuyiming\output\ip_v6_work\frames_alpha_25\00937.asset.md","asset-note","7a6dace6ab23523a82adbeec9b3cb19611ae5cd72d2db33f2046950df17a4e29","be775dc491e8b7c99c47fe0f76a515487ff151986a93d2c25acf8511d2c922c1","2026-09-23"
"10_S老师IP资产\_asset_notes\D_Evan_video\zhuyiming\output\ip_v6_work\frames_alpha_25\00938.asset.md","asset-note","7e5e71e3795280982cba37babfa0adace003f017567904a6fa63e3013a2cfc31","1ad51fc7859acfd0f6b2e71b45679abdb3c7a185d97c5af2ccdcd1668848e6dc","2026-09-23"
"10_S老师IP资产\_asset_notes\D_Evan_video\zhuyiming\output\ip_v6_work\frames_alpha_25\00939.asset.md","asset-note","6f4901db4758da13967b6e7fbcea3a59837a8a321e702d131e8ab2cdaf89c12c","0c2210c7b96325ffaa73c70050a01672a6fe9774cae8c2bb55753a6162441bc0","2026-09-23"
"10_S老师IP资产\_asset_notes\D_Evan_video\zhuyiming\output\ip_v6_work\frames_alpha_25\00940.asset.md","asset-note","a002bdd5e87dad3a87a2689cd2fba8ce3c92a3f5dcc8851abd89371f602578a7","6cee8c62f5d4cd4ebff39d76f19931633590ca1920df5754a799176b8c44ed62","2026-09-23"
"10_S老师IP资产\_asset_notes\D_Evan_video\zhuyiming\output\ip_v6_work\frames_alpha_25\00941.asset.md","asset-note","f728835a67b3cf869dbb179f34e7bec20d63892cc942cf9cc9a0df94aeebca53","43bce8a55815a647d3357c12a9a4599a70c018985aa2dd9698a0ef2a08433fcf","2026-09-23"
"10_S老师IP资产\_asset_notes\D_Evan_video\zhuyiming\output\ip_v6_work\frames_alpha_25\00942.asset.md","asset-note","b167304bea8696a53839a288fd645304d11be1d43b6347ad6366ff453445083d","32e2b175132e40b6f18dc22d8663910f768e282e7b31096c01a7479a63c9d00a","2026-09-23"
"10_S老师IP资产\_asset_notes\D_Evan_video\zhuyiming\output\ip_v6_work\frames_alpha_25\00943.asset.md","asset-note","47d5d0ac28628cf9ee4e6afe37940415f5b12c7c7f91160dc7572e9be0a7df0d","adb50e8fac49d7af9dcb3df4c58d5db0c0969b2d8b2762061fe67b0360639fd2","2026-09-23"
"10_S老师IP资产\_asset_notes\D_Evan_video\zhuyiming\output\ip_v6_work\frames_alpha_25\00944.asset.md","asset-note","8ab39ad48873405bf3abfc2592bfbffc66023dba7c9a2eb3ba27348a1cd8c469","a705b7260232fc89f2e54d0a27ca686cb83d7a3e3a82274e81fbc0f0db094d1e","2026-09-23"
"10_S老师IP资产\_asset_notes\D_Evan_video\zhuyiming\output\ip_v6_work\frames_alpha_25\00945.asset.md","asset-note","3718879c34d8cd890398aaf27e4c38776ca4dc029886c6d8117b166d6e64bfb5","04a0a719b55f4840780da87956a8d6af07cf0f047939bd04733e5fa843c5128e","2026-09-23"
"10_S老师IP资产\_asset_notes\D_Evan_video\zhuyiming\output\ip_v6_work\frames_alpha_25\00946.asset.md","asset-note","9f9ce06bb106c38fa179ae443f2787c1332f05912ba3aec991dc55f4d06e7d21","c6de572c657c04af64ccd58d53f033adb28cebd619a32ae3039254e474e0891d","2026-09-23"
"10_S老师IP资产\_asset_notes\D_Evan_video\zhuyiming\output\ip_v6_work\frames_alpha_25\00947.asset.md","asset-note","3df549d48a5380278fc6980e65fb53f52157eb7574c891b24851dcb0a807a962","97bef5bc90c878c9c6adb37e5987cd3ed749c4c730b59a7c00375d09bff40bcd","2026-09-23"
"10_S老师IP资产\_asset_notes\D_Evan_video\zhuyiming\output\ip_v6_work\frames_alpha_25\00948.asset.md","asset-note","7f74bc0768a8da990a7ba4e3fbf891d25db59613fb8e863436417d7677a6934d","895babb4de993e69fee16e9e6df747f65cf6d332d4a8ad897496ee4cf37b0848","2026-09-23"
"10_S老师IP资产\_asset_notes\D_Evan_video\zhuyiming\output\ip_v6_work\frames_alpha_25\00949.asset.md","asset-note","801fe47616ecc4af088d1f9ce8cce6385e2b4ba310d2b5a92e25bc44e7f123ee","54a3595209cbd990e72e9d9b78919f1ab660a16bd2815dd87433383a349b2e34","2026-09-23"
"10_S老师IP资产\_asset_notes\D_Evan_video\zhuyiming\output\ip_v6_work\frames_alpha_25\00950.asset.md","asset-note","dee39a55b1e8452acf3af80620c0783d74e39d605bc390356f88ee552f16d494","2fd81cdd480620e7ca11a750faffb7b545499ec31f1973fc82dcaed6f15508f7","2026-09-23"
"10_S老师IP资产\_asset_notes\D_Evan_video\zhuyiming\output\ip_v6_work\frames_alpha_25\00951.asset.md","asset-note","ccdafa79f29c9242881a61caa978c94623350f9c68c8a490ad63b61245b34702","4e2a1784f4e9d69f7cff0a2eabbd92bc299c22d813753ec426b9b713da7be1f9","2026-09-23"
"10_S老师IP资产\_asset_notes\D_Evan_video\zhuyiming\output\ip_v6_work\frames_alpha_25\00952.asset.md","asset-note","e3a5c0307221c81c65361181684c8d774d1719cd7713988e9ca775640e2ac44b","bdc76b10cc074bbcf917f8efb80dfed30123716050dfe34228180e7cd83929b0","2026-09-23"
"10_S老师IP资产\_asset_notes\D_Evan_video\zhuyiming\output\ip_v6_work\frames_alpha_25\00953.asset.md","asset-note","28ebc6e91c8c9a94d6e74411105c63a4ea8e56791fa2f1aab16fc48532582c87","084b1de30aa820f574b65803cfbc364b8387e6087fcf9b597f5dc70605b75334","2026-09-23"
"10_S老师IP资产\_asset_notes\D_Evan_video\zhuyiming\output\ip_v6_work\frames_alpha_25\00954.asset.md","asset-note","2a80edd8021904e5b444148362ad7e93b0aef7525739bc3f2881a07362e50ee9","e30efb295385c862ad615e1d22e09a26ff8abd6301deb951cf7d7be9ad753cf1","2026-09-23"
"10_S老师IP资产\_asset_notes\D_Evan_video\zhuyiming\output\ip_v6_work\frames_alpha_25\00955.asset.md","asset-note","5a156c33da075e2098264ae1831a063cbc58cc264f146319bb4ac6cc7ca7755b","e448e7f373df2d21aa801e62e81a45aa7cb47257757dae8938c72f267a63752f","2026-09-23"
"10_S老师IP资产\_asset_notes\D_Evan_video\zhuyiming\output\ip_v6_work\frames_alpha_25\00956.asset.md","asset-note","cdf62a000c37e94cf0c8472cf027c291693d9d5e3120c7340e1ec24090ca5f7f","fe1c0e827bbf518df009a5976db849a832061944730a32f031b8705722bd44e9","2026-09-23"
"10_S老师IP资产\_asset_notes\D_Evan_video\zhuyiming\output\ip_v6_work\frames_alpha_25\00957.asset.md","asset-note","52e9c92be7020049b028523ee9a17e4449857f4925ae36977e253447e9058845","1240825007061ccf7954f8d138522d75db748560819e92a378ac0220e5ff1645","2026-09-23"
"10_S老师IP资产\_asset_notes\D_Evan_video\zhuyiming\output\ip_v6_work\frames_alpha_25\00958.asset.md","asset-note","9fcb17b7d9114d2e8f10a0f37df72cd24103dd3139d79b9f973356b02c7780fb","260aa1d4209df22ea0a0fbeb3dab5e72cc9d25a47acb7ce8e4a9ce6f01d224da","2026-09-23"
"10_S老师IP资产\_asset_notes\D_Evan_video\zhuyiming\output\ip_v6_work\frames_alpha_25\00959.asset.md","asset-note","c8ee4910e1aa2be0b3e6d08907254cc5e91afeb890542e3269700c0c84972288","bc49ae6823716481786958659e49cc22703431b6a2002c99ae69d44af17141af","2026-09-23"
"10_S老师IP资产\_asset_notes\D_Evan_video\zhuyiming\output\ip_v6_work\frames_alpha_25\00960.asset.md","asset-note","576f94f1012a0939921b9aa96dca865605ffd73e45c0ff726c284fa2ea623880","9a6eb80393a91bc18ad213e7d5e5292abbc837bbd643884ce8b4d7aef6538aa5","2026-09-23"
"10_S老师IP资产\_asset_notes\D_Evan_video\zhuyiming\output\ip_v6_work\frames_alpha_25\00961.asset.md","asset-note","3ec10fd0b1419bb9f6e3271324c969cf09bc4fa24bb3a404c4bda90ea1d6f71e","0cfcbfc4926cc976c4c56396bb904c32f90c8bb887d16e7de56634d36a1c1eee","2026-09-23"
"10_S老师IP资产\_asset_notes\D_Evan_video\zhuyiming\output\ip_v6_work\frames_alpha_25\00962.asset.md","asset-note","4dddf3e584cb5fccb1a87cf186e9eb8d286e3703cb8c531285e02c9a5e88b3d7","0d19fe675aaf27e099144c547a443d361289bb6ab3d44da8d5b73b8161a41f05","2026-09-23"
"10_S老师IP资产\_asset_notes\D_Evan_video\zhuyiming\output\ip_v6_work\frames_alpha_25\00963.asset.md","asset-note","531503a12f5e4440d4f9a36b18092764aee7717895491f221b4b1ba8a585df74","109ff92d1f8db66887e9457af1f5809d2de31c92cc4a7d00c1d78390d82a7ba8","2026-09-23"
"10_S老师IP资产\_asset_notes\D_Evan_video\zhuyiming\output\ip_v6_work\frames_alpha_25\00964.asset.md","asset-note","68d720ae8687b3140b71f040ecb4ac208373fa686cbb7db015752d1d6bee2f73","38fbb40271350a1e8ba50b992feaba8adfdc0191b472eedc5c03a2fdb8019844","2026-09-23"
"10_S老师IP资产\_asset_notes\D_Evan_video\zhuyiming\output\ip_v6_work\frames_alpha_25\00965.asset.md","asset-note","f35eeb0028d3e6c19fd6fb0c71ffcca2f02c03ffb460922d5d90fe29864c7b72","5b394bce6aefda31b584db553a82efecf76286a52b1d3178e765f9e7e65e8cb1","2026-09-23"
"10_S老师IP资产\_asset_notes\D_Evan_video\zhuyiming\output\ip_v6_work\frames_alpha_25\00966.asset.md","asset-note","7c51a3b38cbc7a487acfe8efc3f173ae49beb34766f6a71a16697bc9ddb39653","2eb2cae2d25739945a427afb7b810b11a321bf2def61c5ad722d54c31310362e","2026-09-23"
"10_S老师IP资产\_asset_notes\D_Evan_video\zhuyiming\output\ip_v6_work\frames_alpha_25\00967.asset.md","asset-note","d07eae5180fe31e3af0002d0d79440fd60ad90518cc82c026e9ec5a392cc54d2","cad3db35d3fdbb5ee7d37a27eb21a5f31c7a1c8c696f9e1f7971b2c74381d3b7","2026-09-23"
"10_S老师IP资产\_asset_notes\D_Evan_video\zhuyiming\output\ip_v6_work\frames_alpha_25\00968.asset.md","asset-note","8285a3376e195b0e00a83527ba5de4e42b0c275058606ebe84a529a185b6d01d","0872accbe1a87b0ab3bcfed6630ed375fedab13a2b2b46fdb4b7da952113a300","2026-09-23"
"10_S老师IP资产\_asset_notes\D_Evan_video\zhuyiming\output\ip_v6_work\frames_alpha_25\00969.asset.md","asset-note","36b1c49fe8c36c0c9f95d453fd9dc7575adbfaff7275b7aa16a0dfd0aae19da7","50d37637f97b993b86096fad529c642fb634a32352a252b04ea758ba87425427","2026-09-23"
"10_S老师IP资产\_asset_notes\D_Evan_video\zhuyiming\output\ip_v6_work\frames_alpha_25\00970.asset.md","asset-note","b0bdbfcb201be4329f52d39f952e72b6499e870727fc4093945d7357cbfd65aa","54298170857e0def9acf2d99aa9364d86ef3ef3d5ada02f2a4c9f81453002a3c","2026-09-23"
"10_S老师IP资产\_asset_notes\D_Evan_video\zhuyiming\output\ip_v6_work\frames_alpha_25\00971.asset.md","asset-note","74f45b9cc0aa9dd13b0a5e022097b54278054d2e35000f7af2775bcd4adabe94","3eb6ab5a4cb29053144d8fd2dd01ed2bfac85489942d954d216ce1d3d4df35e1","2026-09-23"
"10_S老师IP资产\_asset_notes\D_Evan_video\zhuyiming\output\ip_v6_work\frames_alpha_25\00972.asset.md","asset-note","dd0ac2d5b94b263e3e9e60992cd2c9d5ad08e91f09b063accda880b72a83b4c3","5cfbf37c3dce8b552f6ef0b55f9fa8cc538849464e22fd6c2dbb69832c03bd4b","2026-09-23"
"10_S老师IP资产\_asset_notes\D_Evan_video\zhuyiming\output\ip_v6_work\frames_alpha_25\00973.asset.md","asset-note","bf6ac28528344439f5cc0462c35521a32b70bdfbc7f971e83db48be463126062","1423cd427d63b72048b6ef00b8f6d334f7c65b4693da103f18832c9bf7d7e952","2026-09-23"
"10_S老师IP资产\_asset_notes\D_Evan_video\zhuyiming\output\ip_v6_work\frames_alpha_25\00974.asset.md","asset-note","60c5d76a083b9f5b7905af7dabb2ec8a7dd5161c394d695d5eac1b9631208705","a082ea0ec3ee73a011fe4ee37685d66abc2dce390b549ea4c2708818e0a39c03","2026-09-23"
"10_S老师IP资产\_asset_notes\D_Evan_video\zhuyiming\output\ip_v6_work\frames_alpha_25\00975.asset.md","asset-note","99b33eb2b28e4b2d8daa70b8fa99478cbd4f38bfa6ec344995ad20c336285975","03f7df8e45869c971ab8024e822ec3b8a694ad5b6fe7118df7effd288468c1ac","2026-09-23"
"10_S老师IP资产\_asset_notes\D_Evan_video\zhuyiming\output\ip_v6_work\frames_alpha_25\00976.asset.md","asset-note","0d4a9dcb2fe516db04780ad9b37c3627286c805a711b93d8a3442300bd547cdc","dd5fc355e84042bb6936c1bbe5eabd987b6026f7f5aafa227ffe55f32daba0f2","2026-09-23"
"10_S老师IP资产\_asset_notes\D_Evan_video\zhuyiming\output\ip_v6_work\frames_alpha_25\00977.asset.md","asset-note","4309760b67f6f3ec078d423ac1ef0166ecf8423ebd2063e2f3ce5d1873e05c82","8b72f1136ad76786bfd4e20ca038a4dee9f6de32e1b56d8440abbcd4674070ae","2026-09-23"
"10_S老师IP资产\_asset_notes\D_Evan_video\zhuyiming\output\ip_v6_work\frames_alpha_25\00978.asset.md","asset-note","89582468b95e993a2723668932ea51950ffb7e4e6eabf7713f2a22f996ba0a82","9615391b9a97100709d1f601aa19b828a4799a761e0d6589416269e2e51ae3c8","2026-09-23"
"10_S老师IP资产\_asset_notes\D_Evan_video\zhuyiming\output\ip_v6_work\frames_alpha_25\00979.asset.md","asset-note","4241435343f90b431da66f2fab416559c72fb941aa87792fd8e63a76f8185e5a","6a725463be9a41567698b29441f17be460fc25a376ad4d7638afe4bfbd100c3d","2026-09-23"
"10_S老师IP资产\_asset_notes\D_Evan_video\zhuyiming\output\ip_v6_work\frames_alpha_25\00980.asset.md","asset-note","2ae671cf40261d181b297c754ea91989976771e8b0654cbbce20441f4d3e0f96","228b3cb23ca1e5fa833a3b51f1dd9f5fc127a834dd2c9f6d259019dde62315bd","2026-09-23"
"10_S老师IP资产\_asset_notes\D_Evan_video\zhuyiming\output\ip_v6_work\frames_alpha_25\00981.asset.md","asset-note","35c571d8096bc8f095e6f95f234b1493bf35dda435770c42bd3cb2e1b7f4a810","9080846686613012f3c2a313a5b3a9b50ae3168bd47deccfd0b39708be4b4e22","2026-09-23"
"10_S老师IP资产\_asset_notes\D_Evan_video\zhuyiming\output\ip_v6_work\frames_alpha_25\00982.asset.md","asset-note","0e540e57e6509fa61eaf7d010ad9dececcef78653e67e644528292525f19029f","650dd64d24e3db99db00932143da82be0ac066407283ed464f40334f75203c50","2026-09-23"
"10_S老师IP资产\_asset_notes\D_Evan_video\zhuyiming\output\ip_v6_work\frames_alpha_25\00983.asset.md","asset-note","1ea7bd5e4ab08952816b9c11926985403384ca7fc51b12bfc66fb0f5d96b4dac","9236e49c8b8b220ae436b375c905e09d6671cb37cbdf840ea98db56dabefeaab","2026-09-23"
"10_S老师IP资产\_asset_notes\D_Evan_video\zhuyiming\output\ip_v6_work\frames_alpha_25\00984.asset.md","asset-note","1998a35ae576f2fea8fec9c67fe7e2475ae8053849d912ca1b77786128dc488a","ac2a660cc88417084b9f8cb24253e2679fa3b24b10e144b616e8bd45b102d2de","2026-09-23"
"10_S老师IP资产\_asset_notes\D_Evan_video\zhuyiming\output\ip_v6_work\frames_alpha_25\00985.asset.md","asset-note","e851c90e18e243b94f718d5235097ef43164e9180d99d7b8ea0b7091843f2bbd","b618df64b0801e3bfa02699c514ae19b07a938cc1c95e62635a8bf9b48fb4105","2026-09-23"
"10_S老师IP资产\_asset_notes\D_Evan_video\zhuyiming\output\ip_v6_work\frames_alpha_25\00986.asset.md","asset-note","fcbc44df22273b6154a0fb05cc95390a92e2d33c6001a3c7c85c669748d225ab","f568372f04ebdc17ce56dd21b3ead70d4bf9e229f3124562c59be10835c8df40","2026-09-23"
"10_S老师IP资产\_asset_notes\D_Evan_video\zhuyiming\output\ip_v6_work\frames_alpha_25\00987.asset.md","asset-note","c789c858fb2f4565318c363d091c5d66b9694824c53ac0720ac00c4402e8ba8f","26e84cc4418745e2ab0fdcd6f00a2963d85b65710b2f0a56c4b114328ba86c5e","2026-09-23"
"10_S老师IP资产\_asset_notes\D_Evan_video\zhuyiming\output\ip_v6_work\frames_alpha_25\00988.asset.md","asset-note","bb7f6a80610e82316df634de800098c0b934043d2414d57084939b23522243ee","560947df6c25d4c3054ea29bb1400cfedf5eee027a366dc8bb61d7a9d013ee4c","2026-09-23"
"10_S老师IP资产\_asset_notes\D_Evan_video\zhuyiming\output\ip_v6_work\frames_alpha_25\00989.asset.md","asset-note","a9b0135bb5139caeea40656b49e64cbae586b6ffa99a2cf468d9393c9c3ceadf","329a61da652aef6a2c4a30d2058bfafb491754a6dc1137c6e7ce3a8f01b5857c","2026-09-23"
"10_S老师IP资产\_asset_notes\D_Evan_video\zhuyiming\output\ip_v6_work\frames_alpha_25\00990.asset.md","asset-note","fc7a37faa69f00ce6a326a1b80a18fdb63c07f4a09604ad957357ad1eaa20a60","52349f42a8dfe973fed5b2b09ce40a2fdef96940e514fac66f37f91c66454bb0","2026-09-23"
"10_S老师IP资产\_asset_notes\D_Evan_video\zhuyiming\output\ip_v6_work\frames_alpha_25\00991.asset.md","asset-note","eae193e572dd18ebcaf49d9ff015a2dafe1c1eb01837238d10ff82a4ea47ca29","52a336644dc0cb9a8619377b5e8addbba28d42b0160fc01dca05d510a0e39cae","2026-09-23"
"10_S老师IP资产\_asset_notes\D_Evan_video\zhuyiming\output\ip_v6_work\frames_alpha_25\00992.asset.md","asset-note","0c9f45dc8e5135aa54e4baaaa86f12c6e5cc222834e87ed6801df185c805573e","c205d96b632c324baa0578419a50b1b07e1725c61422f64305fe06895d509d25","2026-09-23"
"10_S老师IP资产\_asset_notes\D_Evan_video\zhuyiming\output\ip_v6_work\frames_alpha_25\00993.asset.md","asset-note","881e532ff5ca46603feb3696a291dde6a99ae854d01e1835f871d9ee91f9455b","04680994e8405a6b872d3b9acb6d55dcb91289d025091303ccec1fcb9d79c00d","2026-09-23"
"10_S老师IP资产\_asset_notes\D_Evan_video\zhuyiming\output\ip_v6_work\frames_alpha_25\00994.asset.md","asset-note","117f7333eecf1c7bf2f6098fd5212c8da9667ed235def3fa3fa4ac39f3b3e4b2","5180d7fea1e390622fe4f9d52ab97ff681fcc80d6dc406666c705c29e43e6b64","2026-09-23"
"10_S老师IP资产\_asset_notes\D_Evan_video\zhuyiming\output\ip_v6_work\frames_alpha_25\00995.asset.md","asset-note","c1495d9fc708114ebb9ca8a051075df40d5c422900876eb1223fed712af9c655","d84815acb41251c0b1c93b841c043e6f825221412a382509e22aa3181efc4d2b","2026-09-23"
"10_S老师IP资产\_asset_notes\D_Evan_video\zhuyiming\output\ip_v6_work\frames_alpha_25\00996.asset.md","asset-note","f519f5fc1919cb686651c52513f8317d610e2ce22bbfba17332d7a721908eaba","51cf856237dcc8ebb2f496718c4acec49b4256f0beadcfedde427398f40ccc50","2026-09-23"
"10_S老师IP资产\_asset_notes\D_Evan_video\zhuyiming\output\ip_v6_work\frames_alpha_25\00997.asset.md","asset-note","f25fef98348bb168509743ad74c6a664c0c34c6502802df8459ce8ca47784e0f","6d123c4f04df3f3d84012f1c9f2fae9cbc2f375c8e3f24ac3724170ba65ea55e","2026-09-23"
"10_S老师IP资产\_asset_notes\D_Evan_video\zhuyiming\output\ip_v6_work\frames_alpha_25\00998.asset.md","asset-note","99bf7292271b34434aac14465c173d6a1151e7fa0c0697a4cd9ac9aeebf89967","16862775a5db4a542ee825f37ca0055d8d51243f2039370638d986df6de86db1","2026-09-23"
"10_S老师IP资产\_asset_notes\D_Evan_video\zhuyiming\output\ip_v6_work\frames_alpha_25\00999.asset.md","asset-note","5235c41b64c28b6771116d5305ec5c3c373c8dfcbcf3f8a94d8e6a82c52e9b61","30eb62577953e041df0abc04ec4ad080d48746a665117a99e2c026b3f18c9fb1","2026-09-23"
"10_S老师IP资产\_asset_notes\D_Evan_video\zhuyiming\output\ip_v6_work\frames_alpha_25\01000.asset.md","asset-note","23a46a946709ebd46f9c2e43b513b66a1bf17b1c4750be69e9543a40967cff41","671e66c9e285b0d7fce5702fa96e92ba033d679bf5ee1e8298a53eb99b6968d9","2026-09-23"
"10_S老师IP资产\_asset_notes\D_Evan_video\zhuyiming\output\ip_v6_work\frames_alpha_25\01001.asset.md","asset-note","8fd3dc30d5e18a850938cd74db1ea920753a84f6f5442330a898133d28c93099","7e0449e2d44fa25e9f3fdf3ebb4a20a0d69ef0753e0fe49ea8a1a57d80eb9a55","2026-09-23"
"10_S老师IP资产\_asset_notes\D_Evan_video\zhuyiming\output\ip_v6_work\frames_alpha_25\01002.asset.md","asset-note","2a52bb83549dc011e3acf291bd66732c70c9df46a7e5a78dd95799d4261a9074","05d16265b338261a725d6b7327b3025525d0e0a6cfa61aaf31fcf38f98dae8f0","2026-09-23"
"10_S老师IP资产\_asset_notes\D_Evan_video\zhuyiming\output\ip_v6_work\frames_alpha_25\01003.asset.md","asset-note","33b9682209c8e00500f6ee0aa9e0a596d8090e15b2d9ee49756ac593a925a66a","985fbe43342feb9f36c72dc3d0768a9a95547ff4a13e81e55769ee3b8d90cec6","2026-09-23"
"10_S老师IP资产\_asset_notes\D_Evan_video\zhuyiming\output\ip_v6_work\frames_alpha_25\01004.asset.md","asset-note","870775eba43e68327497679610029897b562758ad468f7bc91ce38ab96b28c51","139b0b504340e7f9a4b053ee842afefe10e7dcca96cff090da7c68d26c0ef2b8","2026-09-23"
"10_S老师IP资产\_asset_notes\D_Evan_video\zhuyiming\output\ip_v6_work\frames_alpha_25\01005.asset.md","asset-note","15e05d9b5d5ed000fdfbbcb452c70026aae5a950ed430659eb241837a8eb508a","c8c10e311708a94a988594cfb50405263d87e4ee7af55eb1de3ce668f0eac4ad","2026-09-23"
"10_S老师IP资产\_asset_notes\D_Evan_video\zhuyiming\output\ip_v6_work\frames_alpha_25\01006.asset.md","asset-note","fd989edabd03b90babd3bf4ad5b53cf10794db3c64c3dcc9e3dd88aa13c6271e","8ae349d524752da5737e9faff28ca47324ab5b53cb03a8a4d2da03982feb93d3","2026-09-23"
"10_S老师IP资产\_asset_notes\D_Evan_video\zhuyiming\output\ip_v6_work\frames_alpha_25\01007.asset.md","asset-note","2f6290919bc2f002e657e9a9ae1f94dee205eeb7af4c2c7ae20b7e3bab92ae76","0fe0d2ff8f1abab56d368a608b53931346120d428fe024dce673730841c36afa","2026-09-23"
"10_S老师IP资产\_asset_notes\D_Evan_video\zhuyiming\output\ip_v6_work\frames_alpha_25\01008.asset.md","asset-note","b14ed06601a502da560ae790ae42bae523b8e89c41ec4d10cfbc4482990211c0","d6b3890a7bf70ebfaf1eef5aabcab3ad49a87f02e2ad1cf397083b406ef51f7e","2026-09-23"
"10_S老师IP资产\_asset_notes\D_Evan_video\zhuyiming\output\ip_v6_work\frames_alpha_25\01009.asset.md","asset-note","6bcffb55d8013b6abf560ae5849677ec7820fa575a6d532c05ad0992e4263994","8c9d3f2fddd04e7e613c5726bb5572a28073fd0db9374dd9808421768b2e2504","2026-09-23"
"10_S老师IP资产\_asset_notes\D_Evan_video\zhuyiming\output\ip_v6_work\frames_alpha_25\01010.asset.md","asset-note","dc1a26bf290b0f23ec8ad1c8e8f78904d8da9ee027a10af77e521235d46ad5ca","1bc41c30bac519a8540b695c310699ea85329b094c517b08c7367af4071e57bf","2026-09-23"
"10_S老师IP资产\_asset_notes\D_Evan_video\zhuyiming\output\ip_v6_work\frames_alpha_25\01011.asset.md","asset-note","e9f9772bd37d1369f293b08579e598553de03daf495d4f3d93d3fd79991b20ab","55b47c345ec34a0a337770572bc5f0b4c385012832336b18e5ffa4cfb4019bd5","2026-09-23"
"10_S老师IP资产\_asset_notes\D_Evan_video\zhuyiming\output\ip_v6_work\frames_alpha_25\01012.asset.md","asset-note","d56745b527a7886ba769f380d4362121bdfa33cdb940f6b222ddd02a7419ce0a","6dda217bc5439f78017fc54c53cdb9a171c5b982ba8ab70ac6bddbecc41d3232","2026-09-23"
"10_S老师IP资产\_asset_notes\D_Evan_video\zhuyiming\output\ip_v6_work\frames_alpha_25\01013.asset.md","asset-note","774a4e3d846b7fdad8aaa85f7e79fabbf2ab1b22a43f91e83920b9d9ea2b059d","fb381b4d942f432d356506adb5a29cdf5ee8b12a16be45ca3738f0b4dd7d3d1e","2026-09-23"
"10_S老师IP资产\_asset_notes\D_Evan_video\zhuyiming\output\ip_v6_work\frames_alpha_25\01014.asset.md","asset-note","ffa88649ab8b5c0c4dc15387182c3b6836a9362a8ec104bb23b979f003cc1a27","7c78db99595a320392471966ed583907610922a1cd9341f9bc9e1238c4d904cd","2026-09-23"
"10_S老师IP资产\_asset_notes\D_Evan_video\zhuyiming\output\ip_v6_work\frames_alpha_25\01015.asset.md","asset-note","8b86bfae0e654c78034105b7cee51025dd1ce48537af0040cfe9eb7909834300","14b4348b3edce47d3515e5d36e8b560f5fb2d39885bca7a68834cf1da41d326c","2026-09-23"
"10_S老师IP资产\_asset_notes\D_Evan_video\zhuyiming\output\ip_v6_work\frames_alpha_25\01016.asset.md","asset-note","bfbcfae8ecab94734966049a21e2d7d8336fe79edeee193d753d013b91e02e1d","6eb89e7f920437d02eb35c4e8277a325b0ea2ee0b020601139a5eb47c9f9f3eb","2026-09-23"
"10_S老师IP资产\_asset_notes\D_Evan_video\zhuyiming\output\ip_v6_work\frames_alpha_25\01017.asset.md","asset-note","1818e9aaea2cd8b6606dc805491d54629d559ddf7bdf825567678f4e78e320a0","167dd9c19f2e454d9614018537ea43a04ccc1b81ea6b9c0fbb940c51b35f86b5","2026-09-23"
"10_S老师IP资产\_asset_notes\D_Evan_video\zhuyiming\output\ip_v6_work\frames_alpha_25\01018.asset.md","asset-note","c100eb18edbf6085e4acee06936be455606e908e9a6a6db114e10ff8fa4d31ac","7b3944d7bb4b44c4dab341cc015219f598712ac56c85e239a706f6f9c73ea2d0","2026-09-23"
"10_S老师IP资产\_asset_notes\D_Evan_video\zhuyiming\output\ip_v6_work\frames_alpha_25\01019.asset.md","asset-note","c6dc04b37faf171b96401dd17ac6514aaaf80c715b9dc298a6353735c4d500e1","813d491bda866dfda3add6a5cda83e2ef3e6e2796f1cf9c25ad46d8ab42cc924","2026-09-23"
"10_S老师IP资产\_asset_notes\D_Evan_video\zhuyiming\output\ip_v6_work\frames_alpha_25\01020.asset.md","asset-note","7c6514ea97b8155a491605612992593607c6dcc7470bcfddb7934d62543a97b7","a091281e711fed7f7a24956b89a167568b287b2caba3df9106b8d2178b7c50ce","2026-09-23"
"10_S老师IP资产\_asset_notes\D_Evan_video\zhuyiming\output\ip_v6_work\frames_alpha_25\01021.asset.md","asset-note","72e6e99461ced0141ee5142a8080d98f3536dc20af87f1110f8579146a3afa90","4f837d91a9c4d3abf7bef8c2ad4c71c52d980843e57b6e20da34a8154e06ad87","2026-09-23"
"10_S老师IP资产\_asset_notes\D_Evan_video\zhuyiming\output\ip_v6_work\frames_alpha_25\01022.asset.md","asset-note","6ec8bc2feb53278843bed9a240ad2a8ebb68baf4125c94fb36d9b6765e9c6b09","485b0c13fcbd1a4a5f49221c6918b210b1eafc2fdafd60a6495be7fe580d5661","2026-09-23"
"10_S老师IP资产\_asset_notes\D_Evan_video\zhuyiming\output\ip_v6_work\frames_alpha_25\01023.asset.md","asset-note","ddf473245863c2538908bc0f94e028d3ac596d519a0a90b0d3f90cdc0c4348e8","5936a0a10d26d0e462a89a8744810e786f0626dfed09475b6664b5cdd89c9bd5","2026-09-23"
"10_S老师IP资产\_asset_notes\D_Evan_video\zhuyiming\output\ip_v6_work\frames_alpha_25\01024.asset.md","asset-note","d116a5fc892d375dfdb82fc341878acd2f6935654a4c48209c804426e23a30be","fe7ab0d1cec81ab781d1a2742b274fc3ed84b7216b4f02509f24fd13eb951d1b","2026-09-23"
"10_S老师IP资产\_asset_notes\D_Evan_video\zhuyiming\output\ip_v6_work\frames_alpha_25\01025.asset.md","asset-note","69be0a159ad85c7196749f64e26bb7cfc77569de8634f59586d3644fa597724e","0fa0dea1a324eb37daf9acc4b997f8fde6fe6ae1fe0cc627346a58dce4abba0d","2026-09-23"
"10_S老师IP资产\_asset_notes\D_Evan_video\zhuyiming\output\ip_v6_work\frames_alpha_25\01026.asset.md","asset-note","a2fc256a4c5a8b4ac0c0a355accf4a8c10c9a683ed8779c413663fdd3ba8534d","6b4f74b106938edd90f7f9b5fc50de43bc7817045eb3b8c0a8b08c2bc3418cba","2026-09-23"
"10_S老师IP资产\_asset_notes\D_Evan_video\zhuyiming\output\ip_v6_work\frames_alpha_25\01027.asset.md","asset-note","d4faaa7f03755fa3bb8e00f8c19d102d96a315602db325b8d17f65ac69773a5c","0ca17c50a0abc9134a3e575a5c67811ed382058c441cae1c9132c401034893a9","2026-09-23"
"10_S老师IP资产\_asset_notes\D_Evan_video\zhuyiming\output\ip_v6_work\frames_alpha_25\01028.asset.md","asset-note","eee7b30e9e964df1e31b1cd1dee0bf3aee765f6c35d0ba09b435935c96576d85","dcfe52a77acfcc6eb5a7f225ee3c911797e6d6898b15328372ba8e069289f7ba","2026-09-23"
"10_S老师IP资产\_asset_notes\D_Evan_video\zhuyiming\output\ip_v6_work\frames_alpha_25\01029.asset.md","asset-note","5fdaa7d706aa883371c9ff4fc4aaf6f1797bd9269e34a0bf48308fd436f7d5a9","4e402fde41f4d30c9e5c405853d5ca24a8b22dbfcbb97ee18674ec68e882c2cc","2026-09-23"
"10_S老师IP资产\_asset_notes\D_Evan_video\zhuyiming\output\ip_v6_work\frames_alpha_25\01030.asset.md","asset-note","40828be029c38eedcb04f37b7a02085066b126edcdb0962cd454dace63410fed","badda6a25576c88d7cf89449c953518d5211ffc4c8cd310578ed1b6b4b3ffc4e","2026-09-23"
"10_S老师IP资产\_asset_notes\D_Evan_video\zhuyiming\output\ip_v6_work\frames_alpha_25\01031.asset.md","asset-note","a0ed46edc48188890842d2502562a0386369be2440e1b21ada71414072fadfdd","70c630c06ca40c825c541d79643a06fb308aa5b4e2da42f004f6f63fb3f14540","2026-09-23"
"10_S老师IP资产\_asset_notes\D_Evan_video\zhuyiming\output\ip_v6_work\frames_alpha_25\01032.asset.md","asset-note","3aa71ac6b9b096ecfb7c70ee022a558a1c2743eb625b4b76515d47ccf612db8c","2a326d697093b48b387ba7c48b8b666e1bbe7b34031016e38cd2978952273ce7","2026-09-23"
"10_S老师IP资产\_asset_notes\D_Evan_video\zhuyiming\output\ip_v6_work\frames_alpha_25\01033.asset.md","asset-note","99aee85a08ba4f6c3c2c3a2c250766a2a683e012ad6f60b19ca2e6956d8f98af","742d3819d879377b628769dd8971d9a3d47def645f12171ac126e1a369d4b8a7","2026-09-23"
"10_S老师IP资产\_asset_notes\D_Evan_video\zhuyiming\output\ip_v6_work\frames_alpha_25\01034.asset.md","asset-note","cd4989440456f71eb94497a0dfd9428cd75676837e08c10258b686abf87dc747","6429ec24438265a1f0d0e5a4885d87b5f1f38ce56f24f80c7481124d0bdc4bb3","2026-09-23"
"10_S老师IP资产\_asset_notes\D_Evan_video\zhuyiming\output\ip_v6_work\frames_alpha_25\01035.asset.md","asset-note","434e8860cbfecbd0a790a6844f9a45244865524f151272d79409da1f88a49628","3001f65dfa4f23b492e17e6d076134282b81a2b8b17e208fdca4ff2dcb29f19e","2026-09-23"
"10_S老师IP资产\_asset_notes\D_Evan_video\zhuyiming\output\ip_v6_work\frames_alpha_25\01036.asset.md","asset-note","0002b34bf9681f09c6b0b3465f209c49e22ee4cc81351e67c4b822a2580bf8d0","f9ca0c303541bb50abaa1e671385de5d6a94611e0819de45f8db592d5c7d7617","2026-09-23"
"10_S老师IP资产\_asset_notes\D_Evan_video\zhuyiming\output\ip_v6_work\frames_alpha_25\01037.asset.md","asset-note","e8b10d8fea0cef24f3eacb0dd285a4320b030be512c7d9cdd284d208954dfc6b","124f2605a100bdef8f2437d74d9f59fc858a2af17ac39809c95d6500e028ba16","2026-09-23"
"10_S老师IP资产\_asset_notes\D_Evan_video\zhuyiming\output\ip_v6_work\frames_alpha_25\01038.asset.md","asset-note","554ad04f5ef26f0dca33efab2ab8055b9fe8bb1bd2e22ae02f05fe41ff472114","5a177e27698568f1ffe0a8b733af2823e47b1dee84f03a57696f7f1c3c98e78d","2026-09-23"
"10_S老师IP资产\_asset_notes\D_Evan_video\zhuyiming\output\ip_v6_work\frames_alpha_25\01039.asset.md","asset-note","643bd5495ca5feb572dba512e8f24abe32ac68efc6c29b9210b20260ed83bded","8ff9a18c2eb88f61310ad784e4c8cf1a519e67f9f35d10ffb8dfdb4b8af21997","2026-09-23"
"10_S老师IP资产\_asset_notes\D_Evan_video\zhuyiming\output\ip_v6_work\frames_alpha_25\01040.asset.md","asset-note","aa696edb7cf48f3ca48ddbc9fc0b841a7b430fa44500a75a50728323e74257cb","fbdde9e665887283a61767c8d6b3e4e29b42593c791f924840b821e830556c2b","2026-09-23"
"10_S老师IP资产\_asset_notes\D_Evan_video\zhuyiming\output\ip_v6_work\frames_alpha_25\01041.asset.md","asset-note","7b1bf0eae63b84895dc20176a78d9d2014ac5a9f123c00b9042a48ada78f2837","c81e6e16aaaf1b0a6e9cfc7ae800f943f142f4519bb8baf0507b6fdc3fb1d28f","2026-09-23"
"10_S老师IP资产\_asset_notes\D_Evan_video\zhuyiming\output\ip_v6_work\frames_alpha_25\01042.asset.md","asset-note","f71e473f71a9f007ec181b8201e5c383b89ef89e41a0bfeb7e6bf7b9995be636","92fc3aa241c7520467747092a5b9164e5e0db1799412d009d6e6ca445190d20b","2026-09-23"
"10_S老师IP资产\_asset_notes\D_Evan_video\zhuyiming\output\ip_v6_work\frames_alpha_25\01043.asset.md","asset-note","567d81e77a7bb64def4605649b0856b1f4dc75abed47fe6be75f8ecf26e1b1d5","522425b593d6afefb0eef6e4e6413cdc627bf0c2478b8f169b90b1f8eae321e9","2026-09-23"
"10_S老师IP资产\_asset_notes\D_Evan_video\zhuyiming\output\ip_v6_work\frames_alpha_25\01044.asset.md","asset-note","cab18107a56d1c7785103538afeeb8ecb04397cb7d482ac485f1064799d07d5b","dbcd8c1f587e80200c93cb39360a4d2c382cbd5825031e4ff90b6fee946a955a","2026-09-23"
"10_S老师IP资产\_asset_notes\D_Evan_video\zhuyiming\output\ip_v6_work\frames_alpha_25\01045.asset.md","asset-note","9f877298504690e9b9d339f3b1769ab418d0a7d8d060260fd562544bce037290","d6cd83688cc6acba1f9188c3b34f043817f5fb45ac356a0cdfe2d3b665598bff","2026-09-23"
"10_S老师IP资产\_asset_notes\D_Evan_video\zhuyiming\output\ip_v6_work\frames_alpha_25\01046.asset.md","asset-note","535e35d9d7d54617da83eefea623c6a25e84eaca63e9347ba202e618302ae61e","0d2e78e088dd9be63df97efbf1ab369ce534dfc553748f2eada5f39739c4ee56","2026-09-23"
"10_S老师IP资产\_asset_notes\D_Evan_video\zhuyiming\output\ip_v6_work\frames_alpha_25\01047.asset.md","asset-note","6c6c2d07795cc25616b4b9ebdb630203ccca04dc5fe1cb30ad8fcc38ea7dd14b","766011e8362632445664e80834246328b61ba4e965d352aacf44d1c1f1f924b7","2026-09-23"
"10_S老师IP资产\_asset_notes\D_Evan_video\zhuyiming\output\ip_v6_work\frames_alpha_25\01048.asset.md","asset-note","d9c71c57195f4eb40af33464795c277ea775aeff7af27e21815e997721c0805c","f8f006f0e9a803090c9e2aa4f3ba9c543788930c5c185714116e705c36b1c910","2026-09-23"
"10_S老师IP资产\_asset_notes\D_Evan_video\zhuyiming\output\ip_v6_work\frames_alpha_25\01049.asset.md","asset-note","623aaf79459989610af9c4269abbfbc423094e5bf68162583f6d5149cf0c637f","b7709df605377af72430906095b26bb95246a34b0ad80904cbc59a3c6772097c","2026-09-23"
"10_S老师IP资产\_asset_notes\D_Evan_video\zhuyiming\output\ip_v6_work\frames_alpha_25\01050.asset.md","asset-note","c111843f4123c28ac2b88a795f6dcc9cfeb233dafc236258a2eacea6fae7d433","2f67d313985c502ea372438fb8ed7b05703ea395c4c2afc192b066af29babeeb","2026-09-23"
"10_S老师IP资产\_asset_notes\D_Evan_video\zhuyiming\output\ip_v6_work\frames_alpha_25\01051.asset.md","asset-note","037b2b50c01b82f820de0620b89bdacfd02aad4fecd70dbfb6462657b0e89906","df3c46f93112c931d6453c0f77bfa9afc2c252a2df38302b5b9728f7fe63c34f","2026-09-23"
"10_S老师IP资产\_asset_notes\D_Evan_video\zhuyiming\output\ip_v6_work\frames_alpha_25\01052.asset.md","asset-note","80a70fee6fbed6713b96c3ca01e081c0e9f607e46764b352aafab55248fe5017","aaef06b9653fb28fb960eadff21de73ba17b6a7f237f66a47c6a60535e6cfde6","2026-09-23"
"10_S老师IP资产\_asset_notes\D_Evan_video\zhuyiming\output\ip_v6_work\frames_alpha_25\01053.asset.md","asset-note","cb1a45066e5c9b64cb749e827d6b4632c0ca8acbc4995dfd4906fb8f4f33c5c1","0d57f4d61472dfcaa995420c526d75b8645abf9a8d6a32679a32cdcd9debfb18","2026-09-23"
"10_S老师IP资产\_asset_notes\D_Evan_video\zhuyiming\output\ip_v6_work\frames_alpha_25\01054.asset.md","asset-note","7fba28601e6bcd2326a5e82a3f78cc0633004b358f6d72d5a9d43f6fa5a90a8b","365f0f85126b38ea75bf5523ddb6e24bdd43fe3f5116c3975c7817961de51c64","2026-09-23"
"10_S老师IP资产\_asset_notes\D_Evan_video\zhuyiming\output\ip_v6_work\frames_alpha_25\01055.asset.md","asset-note","9b1cd74df53cd3631d68c77a97026301e5a72479c406b09c8611b8a45926d957","2dc559a91a256f7446abdade9c04db9be45d1f8934364ff508d022f5a8d2b6ea","2026-09-23"
"10_S老师IP资产\_asset_notes\D_Evan_video\zhuyiming\output\ip_v6_work\frames_alpha_25\01056.asset.md","asset-note","c3df2e8fb8cbf24e134dd541c672997f731c3313ac4adbe1dd717e093d94a5ae","fe8c5d15fca87c6774c4c2b175577b9578b4882da7852a7f717dfb286d8775d2","2026-09-23"
"10_S老师IP资产\_asset_notes\D_Evan_video\zhuyiming\output\ip_v6_work\frames_alpha_25\01057.asset.md","asset-note","d56f75ed221c9cd110d4568b43fd266b680d4ebdfa04fd7aaec9a636176fd79c","b7ec99b0c2cb4945b2576f40921aa104402bc8b7933d2e66b5a053fdacf1da3c","2026-09-23"
"10_S老师IP资产\_asset_notes\D_Evan_video\zhuyiming\output\ip_v6_work\frames_alpha_25\01058.asset.md","asset-note","7aa64b003fd8c9e677fb4a3a467014fde2997e4c0360261b209788724c5bb0cf","6d2e48dfae6f36239a015faf8977c32113aeb8d5575dfa75bf13b7efa4f48f2c","2026-09-23"
"10_S老师IP资产\_asset_notes\D_Evan_video\zhuyiming\output\ip_v6_work\frames_alpha_25\01059.asset.md","asset-note","1c14a473ac872d8cfa97f4882e64a6c69d9c8daa51cc806f1aff5b5966c20f1b","98beb5f4e6ff3f4f42bf8279ff463b9832910a21dff7b964dc1b655827e8a5d2","2026-09-23"
"10_S老师IP资产\_asset_notes\D_Evan_video\zhuyiming\output\ip_v6_work\frames_alpha_25\01060.asset.md","asset-note","d004c5772220a7ee72b3133814700c860483b279f4e1b37e0c535b0f0f694d0e","d9f4438e63f87697212e2a4bb1ccc8be4c04e3b9709c2f38c4ec935adbcb49e8","2026-09-23"
"10_S老师IP资产\_asset_notes\D_Evan_video\zhuyiming\output\ip_v6_work\frames_alpha_25\01061.asset.md","asset-note","088d3dee31665f8ca9e79f6c78dc1f4f308081cd5f03c54467d51df2edf376a9","56cac7f6de7dc5f5baf70fe90d5f89448e336f1c30cc69aff669ef45d0db6285","2026-09-23"
"10_S老师IP资产\_asset_notes\D_Evan_video\zhuyiming\output\ip_v6_work\frames_alpha_25\01062.asset.md","asset-note","cd1cc596e57d8fcff641ff1b43c500792097c81846ce991eecb7087f968ca732","a676806c0b642afd7164a6275f7714d343551ed1e006a8214893c74d7402cc8b","2026-09-23"
"10_S老师IP资产\_asset_notes\D_Evan_video\zhuyiming\output\ip_v6_work\frames_alpha_25\01063.asset.md","asset-note","a8e41cfd0c61c7c08c4096018286a6686aeaba0aff567cd7fe2969074a7f299e","3d1c501f9c27f90301678d319ee92f58fcd53d9d6b6c356e9782a6949c51266b","2026-09-23"
"10_S老师IP资产\_asset_notes\D_Evan_video\zhuyiming\output\ip_v6_work\frames_alpha_25\01064.asset.md","asset-note","54ad2278779b57761f6f4e9d51862a70c09c814f691bdd4e1d3bae0807dfbf6d","57c404643633e99607f2669e8b1c2efc349066a1e593584bee36c00e63545ce6","2026-09-23"
"10_S老师IP资产\_asset_notes\D_Evan_video\zhuyiming\output\ip_v6_work\frames_alpha_25\01065.asset.md","asset-note","94aaa89c67a1a38f62f1c0b7e73799b43021a0d04a130118c502c5829d5b16a9","400826afb9503aad6fceb2597ec90493de6ee782d3d5d8440725f0a39b2b40c3","2026-09-23"
"10_S老师IP资产\_asset_notes\D_Evan_video\zhuyiming\output\ip_v6_work\frames_alpha_25\01066.asset.md","asset-note","9b8db3dc318ae8046774acad91a0216214e79618f64fd3bb96208643d571cb5b","b19a27313f200449a9f533fae8da8fb66cd0f22d86c606de0f8fae9293ec7423","2026-09-23"
"10_S老师IP资产\_asset_notes\D_Evan_video\zhuyiming\output\ip_v6_work\frames_alpha_25\01067.asset.md","asset-note","93e3373b8c1383ad039b3569e810533a99a5603ac5882d6442e9ae41e62896ad","2825f54bf3be9a965a4da224ab8f6a6691c101b2d4b37401afef24395ce5c9df","2026-09-23"
"10_S老师IP资产\_asset_notes\D_Evan_video\zhuyiming\output\ip_v6_work\frames_alpha_25\01068.asset.md","asset-note","14d83a20fe1c9f1c9f75c9741b43583d37bbff3e3da1d866f169b99d8171a776","dde4bf1a0cb8312479c27b5c06da623e4628c42fbb6b937aaaf27f1d06d5d3d1","2026-09-23"
"10_S老师IP资产\_asset_notes\D_Evan_video\zhuyiming\output\ip_v6_work\frames_alpha_25\01069.asset.md","asset-note","59517be32f42a63e1b0c889593bbde72573fa25657b24667a7bf0441dc4780f4","9c211ed141ef774e5855c4062e70c60a8df204bf80a3620a599127973156160b","2026-09-23"
"10_S老师IP资产\_asset_notes\D_Evan_video\zhuyiming\output\ip_v6_work\frames_alpha_25\01070.asset.md","asset-note","776673e11dc5389f94c55e7eb3966805671f340ec4a38848fac900dd251ff3f1","fbecab719bace5843017b8f5a54ca9c5abb550d169e435f4546084de8fa5f7b9","2026-09-23"
"10_S老师IP资产\_asset_notes\D_Evan_video\zhuyiming\output\ip_v6_work\frames_alpha_25\01071.asset.md","asset-note","ae4dc5ac12ad36c405035b956156c53175473b83d3cd356a5e95928671d3b32e","a89be765ecf2a40030e2e7b9c67728f124197f82222d3a2dd19bf540343ddb21","2026-09-23"
"10_S老师IP资产\_asset_notes\D_Evan_video\zhuyiming\output\ip_v6_work\frames_alpha_25\01072.asset.md","asset-note","afef708844a22f1edd8828f77a2a2a75b21bb16b2539f3e5fd8310ba132002fa","d70e5fab0aef5a97d11de3acd0a51f6033e1a8e3d111a89c092593b27202c7ef","2026-09-23"
"10_S老师IP资产\_asset_notes\D_Evan_video\zhuyiming\output\ip_v6_work\frames_alpha_25\01073.asset.md","asset-note","86b9e3140239bdbe91245729d84dd57f25eaf914086433d5d33c0b9803869841","c869f76328817f7a67db4080c595c9f3b1d60b3e65a090eb17be5e6f0ba03fdf","2026-09-23"
"10_S老师IP资产\_asset_notes\D_Evan_video\zhuyiming\output\ip_v6_work\frames_alpha_25\01074.asset.md","asset-note","2a6a7cbdb9e6fe8c380c3cb97c9eefd31e5009e91d338c13db1095a57ce49577","cff9ccc981d428f277df5a1e731e5d1dbf1cddfd06e57612e68710883d1b203e","2026-09-23"
"10_S老师IP资产\_asset_notes\D_Evan_video\zhuyiming\output\ip_v6_work\frames_alpha_25\01075.asset.md","asset-note","66d40ea12550c22cbea273b4deca02415fabfe1697fdf6245e8794e32e8826e3","b607780ded98cf0ce087bb9070f8ac319880588f0efc6339ff72e9d1a52c783b","2026-09-23"
"10_S老师IP资产\_asset_notes\D_Evan_video\zhuyiming\output\ip_v6_work\frames_alpha_25\01076.asset.md","asset-note","abe2e1f2ce0cf467e6d1d13fca1e4d9f44c9e6716c53f123559861d3a55f7f0f","1332d777685ceeb9ccc5e8a84d7532a296cec1abc3a4515b151b0f489228ae9c","2026-09-23"
"10_S老师IP资产\_asset_notes\D_Evan_video\zhuyiming\output\ip_v6_work\frames_alpha_25\01077.asset.md","asset-note","009f8b08460d98568c60ed2107f32ee6b87a7a78d94f33aa155d4b61f59e7c25","8604069826342dd2837bf865812347db99ed28e376897614b6f5f00cd7d95657","2026-09-23"
"10_S老师IP资产\_asset_notes\D_Evan_video\zhuyiming\output\ip_v6_work\frames_alpha_25\01078.asset.md","asset-note","0926c1248f2b841f7f319ce011bdfec1bca7f2f2d074153d74167a82daf55e93","44f8ade3c85d1d8533b5821cbe54a60ff2cc7ea42297aa85eb6850b9d5ad9e21","2026-09-23"
"10_S老师IP资产\_asset_notes\D_Evan_video\zhuyiming\output\ip_v6_work\frames_alpha_25\01079.asset.md","asset-note","497afa21878fcdf20b9fcabc9adad66c91b7d690e8128afb2b2e8dcc165414d5","d20ee6917be0baf8af766a32e7f55675c15f6a1c08269271bf4e2ee9087dbda5","2026-09-23"
"10_S老师IP资产\_asset_notes\D_Evan_video\zhuyiming\output\ip_v6_work\frames_alpha_25\01080.asset.md","asset-note","54d648afbb9657b2ecf43a4b3087ea53b002623b4a51cd27690444a5be003633","6502981bab8f612ed74e50f29f527128c41d4d0454ee289020cb484be9a458d9","2026-09-23"
"10_S老师IP资产\_asset_notes\D_Evan_video\zhuyiming\output\ip_v6_work\frames_alpha_25\01081.asset.md","asset-note","3fc0c38bc230fd461af7d77383233d548e5543c50104f4e4e4911c26f651f00d","05f2776bacba6d75ca8eb8c8cd2c3a24191b1f405375c8c7172c4d4b6dd34e95","2026-09-23"
"10_S老师IP资产\_asset_notes\D_Evan_video\zhuyiming\output\ip_v6_work\frames_alpha_25\01082.asset.md","asset-note","d2bb01129126d3b094943145151325771dd3b687add97c2d7a1099da95803519","28520cead048b11a50daaae222df6a00b86fb872db38472118c878fa99c466f4","2026-09-23"
"10_S老师IP资产\_asset_notes\D_Evan_video\zhuyiming\output\ip_v6_work\frames_alpha_25\01083.asset.md","asset-note","4e60b89c62f041d5c8227d071583d1b132b64e62b78c6c4cbeec6a11090e402a","e22a7aaddfff61531f789edfe1447ae9e1ae6bfb5d928608e056d843997aaaa4","2026-09-23"
"10_S老师IP资产\_asset_notes\D_Evan_video\zhuyiming\output\ip_v6_work\frames_alpha_25\01084.asset.md","asset-note","726c2c97407c7fcbe10d27181fa6f93b577035e5f0c257d3d2b5dd7b5bf639a3","9dd808e892daf0b42d63847e139372858704f8e13d4c606fc74888634214dc32","2026-09-23"
"10_S老师IP资产\_asset_notes\D_Evan_video\zhuyiming\output\ip_v6_work\frames_alpha_25\01085.asset.md","asset-note","e611218dd9ba31497ccddc3514857935b939db6039034c26cde09f6fb49ce85d","3bc7638afcaf6bb275e725413ff25b07830a8f2dee65b516e4ca3c8c428dbe1b","2026-09-23"
"10_S老师IP资产\_asset_notes\D_Evan_video\zhuyiming\output\ip_v6_work\frames_alpha_25\01086.asset.md","asset-note","9776e0bd329aee175d7f8ee8c5e16052f44e7470010279ca7532b468f32f9cbf","319fa63f5f8d3a7e9c0c6764353c2adf03e33e479ab961e5ecd45062d64d3aaf","2026-09-23"
"10_S老师IP资产\_asset_notes\D_Evan_video\zhuyiming\output\ip_v6_work\frames_alpha_25\01087.asset.md","asset-note","80a61fca19540348965a57e40e3b272ddc6c2a8444a37a857a68f3a3437a4b2e","c19d3bcc76f5ba35556efbb97fbc4020af36683f0a64988b58d1c128206e68e1","2026-09-23"
"10_S老师IP资产\_asset_notes\D_Evan_video\zhuyiming\output\ip_v6_work\frames_alpha_25\01088.asset.md","asset-note","9f9028bfd70429ea03d7444c554c4399e51be09c474f720b31fbb60807fa61c2","23045e1e95f1818403cb61b5e1443c694c42f50cd02974128e215431fef6d138","2026-09-23"
"10_S老师IP资产\_asset_notes\D_Evan_video\zhuyiming\output\ip_v6_work\frames_alpha_25\01089.asset.md","asset-note","1e9a7f394dc3df0099b0f3f7ee073fa3388ed367723b396b1d29a3efeebdf5c0","29d1be4cb8ea7d97b14cc3caa58ac04c0c72d981d9d21f2ab38629141c432644","2026-09-23"
"10_S老师IP资产\_asset_notes\D_Evan_video\zhuyiming\output\ip_v6_work\frames_alpha_25\01090.asset.md","asset-note","6c31a60389587d576e1d31d57a60a8debecacf4e9677478c4270c092234cc1a6","590642d70c8d601457b40fb1ceea81789957d00f45d5b7e9d84ae5fcc052f74f","2026-09-23"
"10_S老师IP资产\_asset_notes\D_Evan_video\zhuyiming\output\ip_v6_work\frames_alpha_25\01091.asset.md","asset-note","1b9406df1d9b3bf290802c39381f4a2827cdc6a9ba360c87a6ec9d4bf25dc1db","8621400120431346a8849bad14f2f21685ccdc9581323d6c5863999b5569b3ae","2026-09-23"
"10_S老师IP资产\_asset_notes\D_Evan_video\zhuyiming\output\ip_v6_work\frames_alpha_25\01092.asset.md","asset-note","a43ec000cf9a80125d8045ffd78a95530ca767939de2c5113cf5ddad1fccb703","7ece6ba6a45ae78657299655cb3dc4b6b2b84dcf076152c39578193ef459f40f","2026-09-23"
"10_S老师IP资产\_asset_notes\D_Evan_video\zhuyiming\output\ip_v6_work\frames_alpha_25\01093.asset.md","asset-note","25b2007d49fc8ae45552a0a92bacfe280803272e5216a180033c99f7299981a4","2c45371d0c2f1085dbc655a6d819ec863d83b503fa6713d383bed231c14d12c5","2026-09-23"
"10_S老师IP资产\_asset_notes\D_Evan_video\zhuyiming\output\ip_v6_work\frames_alpha_25\01094.asset.md","asset-note","8fa12a0ae02f705246bc21fcbb9d1db48661d1c1718ebe2cc82056838b4c641d","1dbff32ea85968e240c21bf8c5604d33a1a48968372582052597cec7c61667e3","2026-09-23"
"10_S老师IP资产\_asset_notes\D_Evan_video\zhuyiming\output\ip_v6_work\frames_alpha_25\01095.asset.md","asset-note","3152b015c79c6315ac9fa55e166f20719d825dbc613ea6560131e0b1e5af375d","7d120a0ea9be6b4c3eec3a49df1b69aa785f99a235dcb153d9b2ad06f9dfa8ff","2026-09-23"
"10_S老师IP资产\_asset_notes\D_Evan_video\zhuyiming\output\ip_v6_work\frames_alpha_25\01096.asset.md","asset-note","6f9238895032a8aec6e8cf4d308f7d3ae05b1fd7f026ae8c317dadb93f18f196","82415b33d50e4e1216b39bbce92c0e495ef2abf094bf486d1950f1315f78b51e","2026-09-23"
"10_S老师IP资产\_asset_notes\D_Evan_video\zhuyiming\output\ip_v6_work\frames_alpha_25\01097.asset.md","asset-note","8e7a821d0a28238a94ad9f8b68ba6d09a0fbda58f0d456cbe2945b439fbb173f","f8578811ae6875c773aac6d59a08c4cb111e22d38b669b64d21bfb70803a3dff","2026-09-23"
"10_S老师IP资产\_asset_notes\D_Evan_video\zhuyiming\output\ip_v6_work\frames_alpha_25\01098.asset.md","asset-note","d6b37a5232a81445b28ca22ea1e6ec80142e67fab04c7b2bf51bd1f261a74b2d","89df7de6171aaa764b4bf16bd824e11bd62a4a7475614fa0274de6a4767219e7","2026-09-23"
"10_S老师IP资产\_asset_notes\D_Evan_video\zhuyiming\output\ip_v6_work\frames_alpha_25\01099.asset.md","asset-note","789f8753969a79d07e599d0d523096cc1356e04f13be9709cf99c43cda7c028a","a7c8a3c27a444f93b049e743355b9f9486e58f2a1b208a37f12b89ef32bec7ac","2026-09-23"
"10_S老师IP资产\_asset_notes\D_Evan_video\zhuyiming\output\ip_v6_work\frames_alpha_25\01100.asset.md","asset-note","d4fa93aa1d374119f7ec2a8dd2df890f607c0eda85e3579ed478958168f545a1","b7db33a89383c12c186a004f8f2e9b97cbad371c7c90345ba406948edd92cf1b","2026-09-23"
"10_S老师IP资产\_asset_notes\D_Evan_video\zhuyiming\output\ip_v6_work\frames_alpha_25\01101.asset.md","asset-note","d1113f277e69eaffd22685ff400474a2ed9c7a93e0ece4161e5d51011194afcd","1c6adf0d7f73971b058eab2c5704af7be2f045fc55faecf1902d0351269272f3","2026-09-23"
"10_S老师IP资产\_asset_notes\D_Evan_video\zhuyiming\output\ip_v6_work\frames_alpha_25\01102.asset.md","asset-note","ac3e95cc436957816e9c0e17d14f04a480d98b37c25fbcc27ac081d5b7329d2b","936a0f381ed933728db0b5410385c44b14e58b83af1459756a1209cd9c2a2eec","2026-09-23"
"10_S老师IP资产\_asset_notes\D_Evan_video\zhuyiming\output\ip_v6_work\frames_alpha_25\01103.asset.md","asset-note","ea444c8710a5d696cee87e7eb8e77de568e6df37174b9942aed5a500b1af14cc","f97b99569008dd8c0cee96ba414e79c12e7ee915b8c1433391fb6249508a68c2","2026-09-23"
"10_S老师IP资产\_asset_notes\D_Evan_video\zhuyiming\output\ip_v6_work\frames_alpha_25\01104.asset.md","asset-note","8335478b1213ff633b4461ef747d70709d81e3ad2bbea752c0d710ab176c69f6","613d08855d6ec3e21f2f3c129c8225335b469c23c53dc28811219ea9fb0aa927","2026-09-23"
"10_S老师IP资产\_asset_notes\D_Evan_video\zhuyiming\output\ip_v6_work\frames_alpha_25\01105.asset.md","asset-note","8e2ac6a813f6f02b27b4ec2674bed130c0132a1c744d64fa3b236e3b1b79b715","18bc2087bed245c21bb102f653dfd3cb8502a60bf60ce81c3fab2f57e99f203e","2026-09-23"
"10_S老师IP资产\_asset_notes\D_Evan_video\zhuyiming\output\ip_v6_work\frames_alpha_25\01106.asset.md","asset-note","402a9b57ca26d7aa98384e3029ae15cc84ed69037236f605224e835142c36be9","f82684fda286b24821bf5920f34dea9fa5e01f6d940f911dfb350dfe4ecdc3de","2026-09-23"
"10_S老师IP资产\_asset_notes\D_Evan_video\zhuyiming\output\ip_v6_work\frames_alpha_25\01107.asset.md","asset-note","bb32afc255ff74382ebe2138d3edbc57d973822612aec860e963a38cbd9d28a1","c0214f3d2ec4831e56b6dfb882d95a997ad5bbc013038fa5418897dcd7f7c848","2026-09-23"
"10_S老师IP资产\_asset_notes\D_Evan_video\zhuyiming\output\ip_v6_work\frames_alpha_25\01108.asset.md","asset-note","761825c9daf9c7c76c5288258206fa99a76d0da4f58f0ccda9f4d326227f355b","18fe2751ebe50762fd743322b405297f84009c83c6372fbe3c540fdeb67e2a61","2026-09-23"
"10_S老师IP资产\_asset_notes\D_Evan_video\zhuyiming\output\ip_v6_work\frames_alpha_25\01109.asset.md","asset-note","5729a76d14c3df1bef3732f9baeabafb9caf5e58b4c99970da56c60580f6abd2","fbdd327262def07b805b10f357b5342329ea1f847a9bcd1edf3400e53356c7e4","2026-09-23"
"10_S老师IP资产\_asset_notes\D_Evan_video\zhuyiming\output\ip_v6_work\frames_alpha_25\01110.asset.md","asset-note","1e9db51a9810f9dfb6d3836f79c9134bae88256291c4722582ef16a1aaa9b099","032537412184646ba1e9daddf49f223366f4aa9d1532d18139da491ebdaf0a61","2026-09-23"
"10_S老师IP资产\_asset_notes\D_Evan_video\zhuyiming\output\ip_v6_work\frames_alpha_25\01111.asset.md","asset-note","6767b15ceb086cfc5c4c4db6f9e002ecb514003fcec1245d4f97766d49a3a5d0","b8c4c01320d1f97a2c4ee0f3200f3c79dc4f23ae6c7c4812ab2a5d5c9bb42769","2026-09-23"
"10_S老师IP资产\_asset_notes\D_Evan_video\zhuyiming\output\ip_v6_work\frames_alpha_25\01112.asset.md","asset-note","81f77b68ad4b7e4163db5dc9c3d01e3810c1b55dd53591fa106742283586c0a7","b13905c6bc3f6f072b21de2b318352c8ea4a401701cbc3b6439b6cadc62deaf3","2026-09-23"
"10_S老师IP资产\_asset_notes\D_Evan_video\zhuyiming\output\ip_v6_work\frames_alpha_25\01113.asset.md","asset-note","10f112f5406259bf8431d4883236d5c74d513024c53f07c284c5dcd52e2742b0","3bd0316e5cea9b5aedcf42f147f15e46f905bb28677e90644182780f217cf2ec","2026-09-23"
"10_S老师IP资产\_asset_notes\D_Evan_video\zhuyiming\output\ip_v6_work\frames_alpha_25\01114.asset.md","asset-note","2f21751f1111e5ef55061867e154e8ea82546041ecc1988f9fd5a2d12711c15e","a3d52d3df3516c48a8fda2ed7db9cac93597dca4c1f3c24720252c78e130752a","2026-09-23"
"10_S老师IP资产\_asset_notes\D_Evan_video\zhuyiming\output\ip_v6_work\frames_alpha_25\01115.asset.md","asset-note","52014c7cab4d516cf330acf6736655a95eee17aa30adbcf28a85b4db13dd7666","55bbcce37c969dda4f60b0a4d73fe18922328996f691555ad116f863793f3012","2026-09-23"
"10_S老师IP资产\_asset_notes\D_Evan_video\zhuyiming\output\ip_v6_work\frames_alpha_25\01116.asset.md","asset-note","d4980ce8fb565921fd5b3b45b0aeac2063887ce15eb74c2b2c0f1c6742e7b472","47ba9cb4fd532c153fe97d91b14c2a83088cf72f7ed312d7416e07dfb1b4c62d","2026-09-23"
"10_S老师IP资产\_asset_notes\D_Evan_video\zhuyiming\output\ip_v6_work\frames_alpha_25\01117.asset.md","asset-note","9677fc546665f08f2461424612fe0a54357cabcf0608c3a490b5c88ebaaedb95","c00320fbbd61f1a40f175d7bf69b6cc79414425527f0582ad8940d9a1fd9d63e","2026-09-23"
"10_S老师IP资产\_asset_notes\D_Evan_video\zhuyiming\output\ip_v6_work\frames_alpha_25\01118.asset.md","asset-note","0b910f7d589cdb6a71f527febaf7749ed638664fcab8198711f129c4048ae9eb","651053c15d95cdc3e950ca06429cf35d6001f567e0d30a919f97f1b0ef6da33f","2026-09-23"
"10_S老师IP资产\_asset_notes\D_Evan_video\zhuyiming\output\ip_v6_work\frames_alpha_25\01119.asset.md","asset-note","48c0243271f5bbb0f3cab41ff7c44d36ceae97645d343ec7264433f8fef693fc","e17dc2e3b11024e162182e6e4bb4ab232b59beaa0917ba1ed426a66244efbc7f","2026-09-23"
"10_S老师IP资产\_asset_notes\D_Evan_video\zhuyiming\output\ip_v6_work\frames_alpha_25\01120.asset.md","asset-note","e7654fc93bbda9634c89b52792b8fcaaf489d7aef4938ee8033aa6dded0128f6","42449e471f6b3beacf74653aa799b2dc48c4bbb469cabf6c790ea5e4e57b7f15","2026-09-23"
"10_S老师IP资产\_asset_notes\D_Evan_video\zhuyiming\output\ip_v6_work\frames_alpha_25\01121.asset.md","asset-note","91b375ebd807f6efbda926e70485167c05153286578cb60dcb38942eed536541","44b70f18c230378f790195ceedb4ee106e74ddd2f280fc4d7603532611315896","2026-09-23"
"10_S老师IP资产\_asset_notes\D_Evan_video\zhuyiming\output\ip_v6_work\frames_alpha_25\01122.asset.md","asset-note","08bdb0960f95084808b9bed3a50ce371737f77149d0f438a9fb05aaf39867f8a","a0d886f9e0841c4a0118f1b2e96b13e17433f2bb5b47d46da9035cf458ba0adb","2026-09-23"
"10_S老师IP资产\_asset_notes\D_Evan_video\zhuyiming\output\ip_v6_work\frames_alpha_25\01123.asset.md","asset-note","20ebe257e16db8260a8afbf2e84624212a487df8199f4dd17f753456e9ba1d28","44e948ceeee193de8e4de5d700786ea1d2e174b6c15bd2e8cf62e10a30a85efb","2026-09-23"
"10_S老师IP资产\_asset_notes\D_Evan_video\zhuyiming\output\ip_v6_work\frames_alpha_25\01124.asset.md","asset-note","44698439f2c1d9ca0fae5748bcf041989bbe02f5eb2835b9e03f63b7e824952f","f86f8dc7fcd97f701639fa910bcc429dc1aa2c2e93126e804f9e9bccb8e11a89","2026-09-23"
"10_S老师IP资产\_asset_notes\D_Evan_video\zhuyiming\output\ip_v6_work\frames_alpha_25\01125.asset.md","asset-note","eaaaf5121f92af22b27dc36e383a30772485f9ac421f08d9c6161aef62fe33c2","fccd77123683f727f935fe6f14465546bd0d937f778c02ba5e5ae18e9696f97d","2026-09-23"
"10_S老师IP资产\_asset_notes\D_Evan_video\zhuyiming\output\ip_v6_work\frames_alpha_25\01126.asset.md","asset-note","11299c684c58b8d5ddf0005dfb831547023730af7860603ad9a464aa9bcc5785","e029590a650b64af5b779b6e770c386decad0810901885bae183ed546f966a9d","2026-09-23"
"10_S老师IP资产\_asset_notes\D_Evan_video\zhuyiming\output\ip_v6_work\frames_alpha_25\01127.asset.md","asset-note","4709c836024038cdb993b850f075e14c5dc3651dbdd48ff8f0a45c7530419afc","348fb0f87531073eb4691cc1eea1179c512ee40e8d3559e5820a8d837e77c196","2026-09-23"
"10_S老师IP资产\_asset_notes\D_Evan_video\zhuyiming\output\ip_v6_work\frames_alpha_25\01128.asset.md","asset-note","c3da5a54f382831f9a617c9d3d60e3bf0b08eef58cd1e3dfb1fdc9d69e7a2003","318cce1a80802101de76997930ddadb386de0be259c6049ff60eb5c25292a41e","2026-09-23"
"10_S老师IP资产\_asset_notes\D_Evan_video\zhuyiming\output\ip_v6_work\frames_alpha_25\01129.asset.md","asset-note","b3eb436c284895408f2744053f16f4fa2a15f1c0b112b4f2bb6951981846aaf3","0af7e12a8e2410c78625cfff75de7bfe2719b48833531af3c6a83c62d8507323","2026-09-23"
"10_S老师IP资产\_asset_notes\D_Evan_video\zhuyiming\output\ip_v6_work\frames_alpha_25\01130.asset.md","asset-note","88bb4ee6b7c7b4029d546e3eea175eced2991319bcbcc932b58b3ffa65c9e494","b2ba277c43c4943218af3d786d1ea4e4e4e8491be687ebd469eb9c8e974d5a27","2026-09-23"
"10_S老师IP资产\_asset_notes\D_Evan_video\zhuyiming\output\ip_v6_work\frames_alpha_25\01131.asset.md","asset-note","6d13332f02274990966f4d43aa229375e1e12810a8102f8ae4f6ec5e42d46927","4176b63f445d4405c556a5627a99b9d0adb5bbf7095cc37d2df5868ad1e864c4","2026-09-23"
"10_S老师IP资产\_asset_notes\D_Evan_video\zhuyiming\output\ip_v6_work\frames_alpha_25\01132.asset.md","asset-note","6cc85f33c9fa52db4a8d062395db3211c96a898ea6dd64acb81aad9500a80269","310bfbcb4143ad77ce04fb2520540222d7533ebdf5295d7b51bd47b33f7470f6","2026-09-23"
"10_S老师IP资产\_asset_notes\D_Evan_video\zhuyiming\output\ip_v6_work\frames_alpha_25\01133.asset.md","asset-note","d3c0bbe94aae0442ff727b97ab5b476b5e960d20aefcc8cf32591211b1976ce3","6dc3a1469924e4b7f170ae1a0fabb77e2ecdcbf7986345c91e480795262350aa","2026-09-23"
"10_S老师IP资产\_asset_notes\D_Evan_video\zhuyiming\output\ip_v6_work\frames_alpha_25\01134.asset.md","asset-note","5f5640d3f9c2acab3deae9039355228865e444b2b61cddb3d4b68d38df52d56d","ef455d389c999fc24a80372bd8d5f40dda41af8b9ec2d24cab17cdb17b91287e","2026-09-23"
"10_S老师IP资产\_asset_notes\D_Evan_video\zhuyiming\output\ip_v6_work\frames_alpha_25\01135.asset.md","asset-note","872573568f12b84fbb133e9f49528ef029894d10463f883364ff30588bf3b07c","b353851961db938e84a64be1db7b22c0965e75b212b2efd139c6fe48a0525adf","2026-09-23"
"10_S老师IP资产\_asset_notes\D_Evan_video\zhuyiming\output\ip_v6_work\frames_alpha_25\01136.asset.md","asset-note","401eaaa9f51cb4f2c96bfddae7c25241753643419a0dee4742db4e914639bf66","cd92ef54d0f5c0a54c5e13318f725137edc3db7ccd594b2c139b539b942653de","2026-09-23"
"10_S老师IP资产\_asset_notes\D_Evan_video\zhuyiming\output\ip_v6_work\frames_alpha_25\01137.asset.md","asset-note","adceb737275c66ec00a5a77a8970dfe13316e8682751591e6e49954f5fbecb44","fbca523b79b069e29ff20918d8411acbc9a5caafe11e8c4c8ed32005c3d6c515","2026-09-23"
"10_S老师IP资产\_asset_notes\D_Evan_video\zhuyiming\output\ip_v6_work\frames_alpha_25\01138.asset.md","asset-note","71750e9504123ea8f21141f5f49d79b6589d73b209be7ce84fc1c016c50375f4","a604985cb94493d14e320d56c71126a5002d76899149ca2885e948f600c2d595","2026-09-23"
"10_S老师IP资产\_asset_notes\D_Evan_video\zhuyiming\output\ip_v6_work\frames_alpha_25\01139.asset.md","asset-note","728e1d26ead6fef84d3cb279b57f6d42e71b2633cbf19cf4da55dba7da5752f5","00054069ea43cac3382a358739947abdc48eb8f474cf063cadfdcdab6397478f","2026-09-23"
"10_S老师IP资产\_asset_notes\D_Evan_video\zhuyiming\output\ip_v6_work\frames_alpha_25\01140.asset.md","asset-note","3bcdcd3fa3cdc8361aef9d1c20fdc77c357a1ec58cfe7896730e6f4e1ef6a9f2","40e2b42b2062128006d7ea01829af01689ee5656e81a6e012aaac9142979dbfa","2026-09-23"
"10_S老师IP资产\_asset_notes\D_Evan_video\zhuyiming\output\ip_v6_work\frames_alpha_25\01141.asset.md","asset-note","c821432931429f2923189d18f377591dafd13f22566cf701df2361b3f9eff685","b3d4e8cffc5ac7d846499576df07439bda998132262c6a6b719f9e959dc2bf7b","2026-09-23"
"10_S老师IP资产\_asset_notes\D_Evan_video\zhuyiming\output\ip_v6_work\frames_alpha_25\01142.asset.md","asset-note","8c56c43fd509b044a1a0d370163a83864138ac182b47b2ff2ff449f000566b3b","ea4f8b890663a714bd725a8fd95b7f0acb48f8c3b7ba53036f6c2f3c0814a072","2026-09-23"
"10_S老师IP资产\_asset_notes\D_Evan_video\zhuyiming\output\ip_v6_work\frames_alpha_25\01143.asset.md","asset-note","06ff4b79cda7d6d07a2c8081cc22438e183e6ba460dbdd4e558af6b56ae2d086","050dcd9113eb072122533cf725ddef5381849529b5ca24c3ccdff2bd47348238","2026-09-23"
"10_S老师IP资产\_asset_notes\D_Evan_video\zhuyiming\output\ip_v6_work\frames_alpha_25\01144.asset.md","asset-note","22765f9dea3f9c206c331da710c73e8db2caed2302bf58e4d0cafb319487398b","86f0f00e89ac781f790c74d7988b0ece597417a1a1e1aef3e1dd971395261d89","2026-09-23"
"10_S老师IP资产\_asset_notes\D_Evan_video\zhuyiming\output\ip_v6_work\frames_alpha_25\01145.asset.md","asset-note","9202a190594e363dd5428912bafc98c492f695b31541a6a0c970e06e8d47aa8e","530ff2ec28bb0c4906ccd9feeb2c33b096732a597a72e583b8a66c05581def34","2026-09-23"
"10_S老师IP资产\_asset_notes\D_Evan_video\zhuyiming\output\ip_v6_work\frames_alpha_25\01146.asset.md","asset-note","98622c84ecaafbc5285fe34ed6f11d44ee233ff25a926f79af387cbaa563f391","c53009be870ff846504ce8a1fd17d2fae57302c6579c95fcacc19fa8a4714f68","2026-09-23"
"10_S老师IP资产\_asset_notes\D_Evan_video\zhuyiming\output\ip_v6_work\frames_alpha_25\01147.asset.md","asset-note","053fe426bdf9f6a5c5153104597831955a2b423fdf3471da448182adf0125e20","ae934110f3ea7139c2dd687326bfa14dc3300e51e82d3fa0625c9c8b151206d8","2026-09-23"
"10_S老师IP资产\_asset_notes\D_Evan_video\zhuyiming\output\ip_v6_work\frames_alpha_25\01148.asset.md","asset-note","c26c68c2dbe2862cd9fd041d47abbc47629ef5db4956b3c2594fc9fc4b7a023a","686a11e05c8d1e197b75c664154b7aaa4aaa801cffb5ee925e82cd8ca7e05152","2026-09-23"
"10_S老师IP资产\_asset_notes\D_Evan_video\zhuyiming\output\ip_v6_work\frames_alpha_25\01149.asset.md","asset-note","c78581878f34c5fd73bc35f418ebef711c10c9bf4658c8204c0f94bd9e1185b8","0d9c8a454fab4358b0172629dfe05dda49ac2b36595bfba7bab8fa5df8c52c04","2026-09-23"
"10_S老师IP资产\_asset_notes\D_Evan_video\zhuyiming\output\ip_v6_work\frames_alpha_25\01150.asset.md","asset-note","93713d5b3da0b830bc098cf0adbac53d3a6504b80f9d606aa99e8751f08a7ce1","a4705abdb144253f6bc546706f88f8de08502aaa53e507a554dd436ad16eb83e","2026-09-23"
"10_S老师IP资产\_asset_notes\D_Evan_video\zhuyiming\output\ip_v6_work\frames_alpha_25\01151.asset.md","asset-note","6b99ea8d2ecd7521a7fd5fd063c6764991f95dd0e3a14792062e444a2c19f143","903a3783a312dce1f10f469816fba2f94f4ce1afd6fa96603ae7e70f5c4c1798","2026-09-23"
"10_S老师IP资产\_asset_notes\D_Evan_video\zhuyiming\output\ip_v6_work\frames_alpha_25\01152.asset.md","asset-note","75345537101788c497e6cc5a585b84eabf0bd9c0c7fb7a2a8ff3ecda75aaa79f","3ab8cbce8dc0d1d37a12ec7b1852268337473c00dbcdf41365fc6560a8e68eb0","2026-09-23"
"10_S老师IP资产\_asset_notes\D_Evan_video\zhuyiming\output\ip_v6_work\frames_alpha_25\01153.asset.md","asset-note","6e904810a49895fb6b34f7c3666151c380aebb9b825d26affa241ae95e35ddfd","eaa40358583a72d356d305f2b43285bcc4ce2583cc03f4e2358bd1eeaf56bdb3","2026-09-23"
"10_S老师IP资产\_asset_notes\D_Evan_video\zhuyiming\output\ip_v6_work\frames_alpha_25\01154.asset.md","asset-note","c446630abc67496656a0321d498abcd8886d3b475047cb361c46fc37e806fce3","a495f96410a64b3fe5d43dfe86949758baa33add7bc70a1470b0b9ec555d97b5","2026-09-23"
"10_S老师IP资产\_asset_notes\D_Evan_video\zhuyiming\output\ip_v6_work\frames_alpha_25\01155.asset.md","asset-note","ad471db253b2e8e7f14c0ba317eb9f9228e7fefed565dde5cc78f99b6bcf63e8","87608137f8b5ef0a1ffb26e376dcb84d906076c76ff966afb7eed474a4bde392","2026-09-23"
"10_S老师IP资产\_asset_notes\D_Evan_video\zhuyiming\output\ip_v6_work\frames_alpha_25\01156.asset.md","asset-note","99597f6636b74fd4025b87003338d9339bd76c6fea6185421a0f3939b89fb6eb","d0810f93247df2aed603ac07b20281ef9c07e39284bd10f768ea95263d37309d","2026-09-23"
"10_S老师IP资产\_asset_notes\D_Evan_video\zhuyiming\output\ip_v6_work\frames_alpha_25\01157.asset.md","asset-note","fb12a64ce0017c59a348c7b4eaab1bcbcdd1d06b6572015a8a7683e27d84e8d7","7aebc01d2f479d87e403dc45b245b863c6459d837a4660ce06f64eb919c59f9d","2026-09-23"
"10_S老师IP资产\_asset_notes\D_Evan_video\zhuyiming\output\ip_v6_work\frames_alpha_25\01158.asset.md","asset-note","1924ebac7bff883038c7d0a9f8072d536cd2deb241b27f6296ff83c2d53f4980","9aa458d9b3bf92d195775be2184a66a916ced630c506deb4a6aa6313c7b0803e","2026-09-23"
"10_S老师IP资产\_asset_notes\D_Evan_video\zhuyiming\output\ip_v6_work\frames_alpha_25\01159.asset.md","asset-note","6992a02b9ecb511e259573e7befa186d23311cd96a59b31c36e1f1837af933fd","36d17689557c0291ada24d65a7a0bca9e6e66da958e0892a15ee02e40fc7100c","2026-09-23"
"10_S老师IP资产\_asset_notes\D_Evan_video\zhuyiming\output\ip_v6_work\frames_alpha_25\01160.asset.md","asset-note","0fba0531a07b12386c476a434809fb46b9e191ff763238cd4a4ca54023af872c","c5636a3a14e8ee81b02b0f8b34114804589d5fa34d99fcd27a5378efa9f8370f","2026-09-23"
"10_S老师IP资产\_asset_notes\D_Evan_video\zhuyiming\output\ip_v6_work\frames_alpha_25\01161.asset.md","asset-note","77daa577be7079482ecfd37ddb2930a65f2c9d4cb88cbebbd3952b0f4c7db53e","79c8c1c1ff75e50bb8adab88e2eeeb0a60e1a71015e99d7e2ade36fc67bb22dc","2026-09-23"
"10_S老师IP资产\_asset_notes\D_Evan_video\zhuyiming\output\ip_v6_work\frames_alpha_25\01162.asset.md","asset-note","6dcf9dd98dbfb4e9868a94914844325f5fa3cc55aea3cabd1f4cf12bff57aa9d","8a73c90cb2f3bab5eb8f97f90405e90e0ef67bc8da48ebdb68532629c6bfbe75","2026-09-23"
"10_S老师IP资产\_asset_notes\D_Evan_video\zhuyiming\output\ip_v6_work\frames_alpha_25\01163.asset.md","asset-note","5b0dd316102e0ce92395f759e4194069cb73544bc7ea7aeaad50c5c530624f76","30c9c1788cd8613fe9d6ea8442c0664df3f6f973cb3c77ce36d729dd8754c70f","2026-09-23"
"10_S老师IP资产\_asset_notes\D_Evan_video\zhuyiming\output\ip_v6_work\frames_alpha_25\01164.asset.md","asset-note","1f4893c6869649f895f1d4ad8626cf901932a4e1f02845e036745204533c23d8","3de6d8d1482ff81722a57308957302c466a0e69090bb1d8f6f09fbeb34e9d231","2026-09-23"
"10_S老师IP资产\_asset_notes\D_Evan_video\zhuyiming\output\ip_v6_work\frames_alpha_25\01165.asset.md","asset-note","5eca8d09c6a14be6d61a5d49eb2ee22d233646048016b44dd09517ba3863070c","89e85856b267df798aaf61b93626545aeeac72181c540cd42f4c2d5c2b48eaf5","2026-09-23"
"10_S老师IP资产\_asset_notes\D_Evan_video\zhuyiming\output\ip_v6_work\frames_alpha_25\01166.asset.md","asset-note","2813e1dec016367bb517126110b4a3fe95642a544364b74cecb746b7052bfd86","2be1d647a649a149a511efeac16f51036137a5b3c6396c5fbe0b1a3c5d8cfeea","2026-09-23"
"10_S老师IP资产\_asset_notes\D_Evan_video\zhuyiming\output\ip_v6_work\frames_in_25\00001.asset.md","asset-note","d3bfc0bee6ea4f6956e4c84d69f7135d9c90f0cb45ebb7a24a893446f23552bd","d985b30bd51626ae7db1119e46746c415c1739de417bfe65d9d369c4cc4cb958","2026-09-23"
"10_S老师IP资产\_asset_notes\D_Evan_video\zhuyiming\output\ip_v6_work\frames_in_25\00002.asset.md","asset-note","197740b6181fcfa9efd51f7d369adbe9c8dd6198a67d9ead9341a6b72555d552","3146e58123bcb57eaa493b9d9e2edee1b2ffe82dd907cf71e9c75e57cf4756eb","2026-09-23"
"10_S老师IP资产\_asset_notes\D_Evan_video\zhuyiming\output\ip_v6_work\frames_in_25\00003.asset.md","asset-note","e7b2fa659db434af29a756b8ef038a13d9a1f5629635c0ebfd2b8b7b862d7655","1a91e5dbd78e5e7c84029bf50c3bc57140988fcdb19a2f4876226441913684c2","2026-09-23"
"10_S老师IP资产\_asset_notes\D_Evan_video\zhuyiming\output\ip_v6_work\frames_in_25\00004.asset.md","asset-note","9f967ff3d4bc432aa057062f6171733b5eb1c21b8a27199a715ef85486739e92","2a7c5d7b9c622ab74a1bc62804f3ec4dc22434010421886ce10201a5fcc31cf5","2026-09-23"
"10_S老师IP资产\_asset_notes\D_Evan_video\zhuyiming\output\ip_v6_work\frames_in_25\00005.asset.md","asset-note","0ed86fedcb307d7a15cf432dba161f01eec0db2dd335552ba2633f8946ddd3b9","96149d2716dd68bbb0447813a9d2d684acffa4a5ea288802ffe97ada919e246c","2026-09-23"
"10_S老师IP资产\_asset_notes\D_Evan_video\zhuyiming\output\ip_v6_work\frames_in_25\00006.asset.md","asset-note","aaf7dde233e41bb9adddf9e05351988f8c762bafe7ab10605eb7f03d99570655","0b579027db15d91911386f2d7da64b60797d2c2f5d75591688dd7a6cc9bd6a00","2026-09-23"
"10_S老师IP资产\_asset_notes\D_Evan_video\zhuyiming\output\ip_v6_work\frames_in_25\00007.asset.md","asset-note","b47e3b41ab8fc5ac659f2ab5f0677be021d5a06611da1cf6bc9e541c43b584b3","3e8f8a1185a19e915a2e21c539684f9122620440a956e2d59bdf770c1d600c63","2026-09-23"
"10_S老师IP资产\_asset_notes\D_Evan_video\zhuyiming\output\ip_v6_work\frames_in_25\00008.asset.md","asset-note","e495c9aa7996fdc5ee51be94f4c66a6f63761708e1b6d9ca60a81fdd4681ef59","8653adcb1b840ca34d6e16cf554fb20b7df93a934e33031cd701ad35c03938ac","2026-09-23"
"10_S老师IP资产\_asset_notes\D_Evan_video\zhuyiming\output\ip_v6_work\frames_in_25\00009.asset.md","asset-note","34683bc1386d7210cfbd75daa41b0ef63aa41fb3f0f54b5744d03eff635c3f8a","0448eb145d03b9fc38968a3c5e8454755fc184647276b7e69033520905212c3c","2026-09-23"
"10_S老师IP资产\_asset_notes\D_Evan_video\zhuyiming\output\ip_v6_work\frames_in_25\00010.asset.md","asset-note","feed70c649bcc97669420cf0d99956e7ff3a4c08a9c4591d11a99b0059bbaad1","f98d00e1607079b996272829bb1cf565bffa54d7a9d32cdf42cc4b64b4c1ef80","2026-09-23"
"10_S老师IP资产\_asset_notes\D_Evan_video\zhuyiming\output\ip_v6_work\frames_in_25\00011.asset.md","asset-note","749c9e3dbe40ea7512cf4c9b5534775a33e64597a1bcfad4ca98530a28c90a86","66fa2e1e8863c7bf636e87d1fa50215192ef72395f63259c7bb992e69944e4f2","2026-09-23"
"10_S老师IP资产\_asset_notes\D_Evan_video\zhuyiming\output\ip_v6_work\frames_in_25\00012.asset.md","asset-note","b9f2b536a87dab418665512ba0cd7f135048a318464b190e1eb2ad2e3a4fb386","032cebee7199c661b1f3acab85969cfd2b623224a258abb28b375788b6f9c01e","2026-09-23"
"10_S老师IP资产\_asset_notes\D_Evan_video\zhuyiming\output\ip_v6_work\frames_in_25\00013.asset.md","asset-note","09f625897f8449c7a77b94b44c68e574a7e9e880e4d15450adf0d9317f5ed122","caeba954f4c5be8656d024d366ae2d7cad4d114ad5f17c23385a5f44b25abe8e","2026-09-23"
"10_S老师IP资产\_asset_notes\D_Evan_video\zhuyiming\output\ip_v6_work\frames_in_25\00014.asset.md","asset-note","9ae8bcb505fe690fa804251bca0728c433db40f7f2f8cdc488f71261747ce8f9","1057354356bd54b597a6bdbead897dcfd16c6950dbbffd12a252317233f6c5c1","2026-09-23"
"10_S老师IP资产\_asset_notes\D_Evan_video\zhuyiming\output\ip_v6_work\frames_in_25\00015.asset.md","asset-note","d1723cd23f9bfc776f0a53843d7bf6e99bc997914ac5aab5e47721e2c2f855d2","9242f14e57bbda37f827599690add727bee3d978cc6fa57f517028e7b1f775c2","2026-09-23"
"10_S老师IP资产\_asset_notes\D_Evan_video\zhuyiming\output\ip_v6_work\frames_in_25\00016.asset.md","asset-note","1f184aa692840b7535d425d8c8d326cf8512edfb75e81f90f211c169e43cc9b0","9c0172b63235d2f248b502a219d8d4c6cd97c2512eeb50912933f967d6cc64b8","2026-09-23"
"10_S老师IP资产\_asset_notes\D_Evan_video\zhuyiming\output\ip_v6_work\frames_in_25\00017.asset.md","asset-note","a9bcb89112795293d54a3c841665d559d5fb68449ed21f325993a9e13e76029c","90f0e2d32f5b41732ede06d695f541b49521474e6fd9434d8cb49cff65952e81","2026-09-23"
"10_S老师IP资产\_asset_notes\D_Evan_video\zhuyiming\output\ip_v6_work\frames_in_25\00018.asset.md","asset-note","8e7f4426fb5770b62255ea879fec504f49bf9308f3873fe5040e7ca6ddeaa31d","abc6bceb04d2fb3f8b270b134dc46da77074d23c5202baecd588aacb19671e5a","2026-09-23"
"10_S老师IP资产\_asset_notes\D_Evan_video\zhuyiming\output\ip_v6_work\frames_in_25\00019.asset.md","asset-note","2eb879b3ce193a1c6967b37081a1a4f2ef35f359f6a8c36532c65d052e2180c2","977adfad44ffce1d174e8084548bd137f1b8ff96dbe0ad0cbdf99a0ffa6394d3","2026-09-23"
"10_S老师IP资产\_asset_notes\D_Evan_video\zhuyiming\output\ip_v6_work\frames_in_25\00020.asset.md","asset-note","34768df7d065f83f5d2b3709275993fa24f1ac4fd17aef85398eab2de1994cfb","0cbf1e930fb7ffe92c9b5a368e2e5e1f366351f03150c09766848040b58c7243","2026-09-23"
"10_S老师IP资产\_asset_notes\D_Evan_video\zhuyiming\output\ip_v6_work\frames_in_25\00021.asset.md","asset-note","89d97418cee16ea311f30eaefed30016d656355c91a5164ce6049f7cce0b6090","033424e6c8d1fc011f985584c23879ee27408563e1442d004a4a4c48edf0e00d","2026-09-23"
"10_S老师IP资产\_asset_notes\D_Evan_video\zhuyiming\output\ip_v6_work\frames_in_25\00022.asset.md","asset-note","c8f1aecda304001fedc8a9c44253c0febbe9588ec2d8f5ef7ed45043c27af60c","6030d4f8d748e6eb045923d80a72556aa2083c155842fbe3f5f792bf3e156bf3","2026-09-23"
"10_S老师IP资产\_asset_notes\D_Evan_video\zhuyiming\output\ip_v6_work\frames_in_25\00023.asset.md","asset-note","c1c7d6828e6aaf47240115836adfca33433167cb7f01072586dfc7bba8a33aff","84aac88ce22b4a523bc83b65e2dbe3b36a39415c793f2e12a3ff63efb1571244","2026-09-23"
"10_S老师IP资产\_asset_notes\D_Evan_video\zhuyiming\output\ip_v6_work\frames_in_25\00024.asset.md","asset-note","ee3fe652dabc94749d7e5d866022266d7c47176a3a3d5d112293e2d2c7edaa3b","64238641631af0086847adc6aa2c498bfdf4fb1652f28e73a82c4e7ded964049","2026-09-23"
"10_S老师IP资产\_asset_notes\D_Evan_video\zhuyiming\output\ip_v6_work\frames_in_25\00025.asset.md","asset-note","5a74d2013390e7e559a2e284acbde58eca64718bc0ae453c0f7917f1ae04cda2","4aa2c574bac018a85670d770c07e2b4698f38832865402598f45417b6381fe22","2026-09-23"
"10_S老师IP资产\_asset_notes\D_Evan_video\zhuyiming\output\ip_v6_work\frames_in_25\00026.asset.md","asset-note","43cb8b910955df2ad44f66ac43d967ec72614c145f7a31e131c722cd1c3a73c9","831bb441f7d39b75cbc30a6ef399b4a55f843b36d9c469904d32905fb6673b06","2026-09-23"
"10_S老师IP资产\_asset_notes\D_Evan_video\zhuyiming\output\ip_v6_work\frames_in_25\00027.asset.md","asset-note","4633fa1befd26474c6a705ddcf2d40bf34e229bcdd399fa915759afaf67c106a","91a86706e7e575f5908ac36f85310ffd8fb99e09ba72e1816478e2de8f77c13e","2026-09-23"
"10_S老师IP资产\_asset_notes\D_Evan_video\zhuyiming\output\ip_v6_work\frames_in_25\00028.asset.md","asset-note","6e6ff724900fbd49038175403288a41684a9cd5b627d87c47425332b1caa6c13","6c936128af960c6aab197b05d513a8678b2a98f911b4c7e22da5718d8e797ce3","2026-09-23"
"10_S老师IP资产\_asset_notes\D_Evan_video\zhuyiming\output\ip_v6_work\frames_in_25\00029.asset.md","asset-note","1ac6ad4adfca0ec6584b9e87356b10fc941a10bb81e22d37f4b864edb16d558c","c57ebfbafb804fcd1783932ae8fc5be2d34c0e043ecf99b38bd6555099549caa","2026-09-23"
"10_S老师IP资产\_asset_notes\D_Evan_video\zhuyiming\output\ip_v6_work\frames_in_25\00030.asset.md","asset-note","9ab18089baed8a836e0d1b6b96bec7d86fd191e4a02d8bba4903436c44474456","0cd8b8d5332d08930c3354a629e97b485351a1906d7c1827f5054448b43a2095","2026-09-23"
"10_S老师IP资产\_asset_notes\D_Evan_video\zhuyiming\output\ip_v6_work\frames_in_25\00031.asset.md","asset-note","9fa7aecdc2c3b9d141e1467f34b02bb9841ec5b74e9748e57f2d66ca7ed42378","09e6bad617aa179883a4ab8eadb775d20034a583413045619cac1f0bee2271d0","2026-09-23"
"10_S老师IP资产\_asset_notes\D_Evan_video\zhuyiming\output\ip_v6_work\frames_in_25\00032.asset.md","asset-note","d33ffbdc64bfd7a07c9f1feeeb9164e7cd8dc97ca9711e37df2616ca6ca86864","239484b84a89fa67fa2e8efa1671e23aeafca9f274d901535abf32d4752c3794","2026-09-23"
"10_S老师IP资产\_asset_notes\D_Evan_video\zhuyiming\output\ip_v6_work\frames_in_25\00033.asset.md","asset-note","52f2dabdf5ed6d89f053f2c3c0b7e297edff6b3ec6e5d88280bcf9fc9a477b60","bb097b7f4b3fedd2d8cee170bd2b85269246fc70df411e0fb7c81a19b78dda8b","2026-09-23"
"10_S老师IP资产\_asset_notes\D_Evan_video\zhuyiming\output\ip_v6_work\frames_in_25\00034.asset.md","asset-note","1969b5170cd785ae0776d8808ba2f1b586db7ff27817efcfcfca90594da0a1f8","3dc8d41bf7f29921e434856d688eb10289225a79fdd0a08cf28bea224b930f23","2026-09-23"
"10_S老师IP资产\_asset_notes\D_Evan_video\zhuyiming\output\ip_v6_work\frames_in_25\00035.asset.md","asset-note","3cf62ee557c5eb6f7d0439002c6350922b2a6f052e6108389c4225f1808edece","1c9e7839205b26e06f2ec06348a0eae060151753fa3c39a39a6c3ac8d735f4c7","2026-09-23"
"10_S老师IP资产\_asset_notes\D_Evan_video\zhuyiming\output\ip_v6_work\frames_in_25\00036.asset.md","asset-note","dea59fbd60846cdfbc4c147e1bfecaece1e9a7b99c85ff3bfd31a36199ba18d5","518cea30486ae9f196b42de0e0bf43d144d232b99a8407c40070aa2193bcaab0","2026-09-23"
"10_S老师IP资产\_asset_notes\D_Evan_video\zhuyiming\output\ip_v6_work\frames_in_25\00037.asset.md","asset-note","6744c650e25141200e63689f6f0376c22aa37a6c32858108e6dc24a076173a76","b9c7e79d055b02756a7b4abacb542fc62e948ce5316e0195c29bbbdf707e087b","2026-09-23"
"10_S老师IP资产\_asset_notes\D_Evan_video\zhuyiming\output\ip_v6_work\frames_in_25\00038.asset.md","asset-note","f40517f1c9b645b38bd0fc830691a538e52555671c35a94b96ae2a0330f8f7ee","e6de15c74165b223159385ecded43ceda026ddbd939286d94b8249af29e45ff3","2026-09-23"
"10_S老师IP资产\_asset_notes\D_Evan_video\zhuyiming\output\ip_v6_work\frames_in_25\00039.asset.md","asset-note","71ad94e91de44ee5e89f0502e526a2c7b3ff7141302eebda99003e0dbd379f5d","8f69c624f9d36c27682e7661a38a95e5e657848ad3763625d8442fc8610c1e2c","2026-09-23"
"10_S老师IP资产\_asset_notes\D_Evan_video\zhuyiming\output\ip_v6_work\frames_in_25\00040.asset.md","asset-note","9884eab6460db80dc807aab14237746e30c00e7b970c3940813f06ad1fcb6fc1","7e0245f73c622912af1c0fc2fd2bcdd67dd171d042f43007b46a3f431be26071","2026-09-23"
"10_S老师IP资产\_asset_notes\D_Evan_video\zhuyiming\output\ip_v6_work\frames_in_25\00041.asset.md","asset-note","353fdd922be5f8a97903f591fdc2148d6b8fd507db7329f628f820b3e9577be5","131e4dd3efb0b22ff70114da6ffc49b8cfbf424188edf8a948fa79d576069075","2026-09-23"
"10_S老师IP资产\_asset_notes\D_Evan_video\zhuyiming\output\ip_v6_work\frames_in_25\00042.asset.md","asset-note","f0467143d01ade66be80d9591648c5b7c29ce1551055a9a97ebef1515c402d5c","cf6d7ebbe05b44a749deafe9b2738c2c56ffba5960665acf870439a0f3bae198","2026-09-23"
"10_S老师IP资产\_asset_notes\D_Evan_video\zhuyiming\output\ip_v6_work\frames_in_25\00043.asset.md","asset-note","bc2d49423341af552cb418be93fab11c2e2a12f75e107da371a1049522f5114b","834d99f03e29a123192a1601e1d941f34da74501651903718cefac88eae7d982","2026-09-23"
"10_S老师IP资产\_asset_notes\D_Evan_video\zhuyiming\output\ip_v6_work\frames_in_25\00044.asset.md","asset-note","c83aeb2648da6004ff710fd8ba8a86c16642ee4c6bc37d28040543dc73e79f40","50fc8fe9308446d1f172191b3406fa62bb81540d9515796866b07c796ac4b26c","2026-09-23"
"10_S老师IP资产\_asset_notes\D_Evan_video\zhuyiming\output\ip_v6_work\frames_in_25\00045.asset.md","asset-note","ef4278344f10399fd394f43e676d25fc2056f2c66eb1a696446ecac42af06307","2e57487c1768b15959cf4b9148fc1f9ac6a161abd1484622213b1f015371a702","2026-09-23"
"10_S老师IP资产\_asset_notes\D_Evan_video\zhuyiming\output\ip_v6_work\frames_in_25\00046.asset.md","asset-note","0610cfe8f3c733376b588e77f93573f2c4a04164c22d7e9a3f1b52e805da9d04","bdd6d5f8b96b1e87b58b9e4e3ece1079ea05df535ad3520ec0c0bbcdfc5fd134","2026-09-23"
"10_S老师IP资产\_asset_notes\D_Evan_video\zhuyiming\output\ip_v6_work\frames_in_25\00047.asset.md","asset-note","eab1cb477eb30cc7ba73ea0f5c3101af73ec5899a6caf0cde202f1c71dfa9505","babb37c275d1e016169d6afa3b720dc7772311bba6605b9c5e7c38f58603d03a","2026-09-23"
"10_S老师IP资产\_asset_notes\D_Evan_video\zhuyiming\output\ip_v6_work\frames_in_25\00048.asset.md","asset-note","155bad021735480e4bb3bc640c40e533da5024e80607923d47050cc6da6a3ee8","2739a3d8df56761f4a0d97cc3a8d174ec13b102e7a05b41119ed8afeda14d27c","2026-09-23"
"10_S老师IP资产\_asset_notes\D_Evan_video\zhuyiming\output\ip_v6_work\frames_in_25\00049.asset.md","asset-note","c518a611a7a63ba4089908ab0c55238235872afc647cfcddae6050544a57c3bb","05aa0bc0c1b62495591a8a1bfde046f3911b48772ac03a6890b2106dcd32ffd6","2026-09-23"
"10_S老师IP资产\_asset_notes\D_Evan_video\zhuyiming\output\ip_v6_work\frames_in_25\00050.asset.md","asset-note","acbb058abba1c5c6eded13454fc35aee2d13da2144ff3532111b6a712564bda8","ef4d5bf1a7463741738431ff02d9ea24022bde3e0e5d5008997f70d9d2b73ce8","2026-09-23"
"10_S老师IP资产\_asset_notes\D_Evan_video\zhuyiming\output\ip_v6_work\frames_in_25\00051.asset.md","asset-note","41eac5be227be81d188ca665f114f0da53f50d2da7086abdd00f2f44578f712e","a245e36f948114f09bc2526027b8fe00a194475fe267b0ac0bf7cdf5fa508bd6","2026-09-23"
"10_S老师IP资产\_asset_notes\D_Evan_video\zhuyiming\output\ip_v6_work\frames_in_25\00052.asset.md","asset-note","ccbb024478930a65f50841ea1ce79706e10e4f3d780e1ce4bd0f56bd9f9549bb","b68731becd1037295f380783bc38665b9ee389b871ee1582a9e27f9eaa5c8f60","2026-09-23"
"10_S老师IP资产\_asset_notes\D_Evan_video\zhuyiming\output\ip_v6_work\frames_in_25\00053.asset.md","asset-note","1480ff7f880b82ef20ec1b8c5560ae898170a5e9df7f1e8ef388ae34fd32cbc8","77e6b5d6dcd70dd8557ed534d1352caf4700ece6ba6bee58561e702ce2e0d9b4","2026-09-23"
"10_S老师IP资产\_asset_notes\D_Evan_video\zhuyiming\output\ip_v6_work\frames_in_25\00054.asset.md","asset-note","f2f3621be222e9ee544a3bd5c8774a6f6801e8969d341b5832b2c493a005b7d7","426be62ce454fe9696742d2aafa1f36f49153e5f0f93bcc525b217c3df6a536e","2026-09-23"
"10_S老师IP资产\_asset_notes\D_Evan_video\zhuyiming\output\ip_v6_work\frames_in_25\00055.asset.md","asset-note","b55eb2aa9b8133e7152a6eec4d769b19608c67b4d6c0043b6797ff16f3d0ecf2","778c3b0e23e2a5df54ab0b90fc40b1152aedce033fdbc67a1e9e8f4dec2112a3","2026-09-23"
"10_S老师IP资产\_asset_notes\D_Evan_video\zhuyiming\output\ip_v6_work\frames_in_25\00056.asset.md","asset-note","4039da0b5fa9d5d1b68174b53a195b7fc0b4e4aa112e07f45968f8bc2af91ffd","02cf16147b7d37af625a0eac3df2fc431d162d8be12b994fc343d53e4d0e8575","2026-09-23"
"10_S老师IP资产\_asset_notes\D_Evan_video\zhuyiming\output\ip_v6_work\frames_in_25\00057.asset.md","asset-note","ce3d2a95a1b2ab039962eb5a941adee6d3503b7d1d2d5f80bd786d225f0ee0a5","29509cf91cefb9f5205b00354f91b3d1c693ad07d72b4ea055618e1ea0f67a4f","2026-09-23"
"10_S老师IP资产\_asset_notes\D_Evan_video\zhuyiming\output\ip_v6_work\frames_in_25\00058.asset.md","asset-note","ee53079376d7c796e18d2ecf21a323f9e4600fe1410ba6c63e5a1c26d64cd893","1229fdfd380e8c6301b24947fc729f9543283f2aee18fd24f0601aab17a737c1","2026-09-23"
"10_S老师IP资产\_asset_notes\D_Evan_video\zhuyiming\output\ip_v6_work\frames_in_25\00059.asset.md","asset-note","bba14676218c876c880c84bbcf7c630940dcf31f32443b697d219700571e4b49","220e1aa96e4b9e15249812f0b8c7054ef908722c7275c036d819a5a03f07ffb0","2026-09-23"
"10_S老师IP资产\_asset_notes\D_Evan_video\zhuyiming\output\ip_v6_work\frames_in_25\00060.asset.md","asset-note","29ff556595179bec373b1797d674f2b7a79464ec2b0208bd5bf85e3b0e40cd5e","f9c47085aba1f9133985366cbc1f66472078f60c7626922414e7c75d2895b97e","2026-09-23"
"10_S老师IP资产\_asset_notes\D_Evan_video\zhuyiming\output\ip_v6_work\frames_in_25\00061.asset.md","asset-note","375220198a606c1f6e7b49848a22edd2cd7ef936245aee7a99ca6df26042fd8a","b5f73d99ec4472fbf4c885176b02d11d0c3d479e31dd0baaf37bb0bab64fbe1e","2026-09-23"
"10_S老师IP资产\_asset_notes\D_Evan_video\zhuyiming\output\ip_v6_work\frames_in_25\00062.asset.md","asset-note","799aa49d8399fb0c47d9c119eb471c847a380a9079c03a755167704edf1ec75c","ddd7351882263faf71340bb549b18b95622a0bb56bf31ec92a058ebb32e4c35f","2026-09-23"
"10_S老师IP资产\_asset_notes\D_Evan_video\zhuyiming\output\ip_v6_work\frames_in_25\00063.asset.md","asset-note","42f005a280e845781185e54621ec70776517f9f2d8c2b3a7c5ebc7a2b20dac8d","aa7bb6ab429fd4a0f06bbca2b08bf0fb95220653224edb8340704baabbb3f748","2026-09-23"
"10_S老师IP资产\_asset_notes\D_Evan_video\zhuyiming\output\ip_v6_work\frames_in_25\00064.asset.md","asset-note","5c69083ee579705668932b8bbd75ab271f650bc46fbf9d123fc75bd1a1593a56","16cb06226146844aaa724ff0b5d338eafac4c4812f07ddb2ea96a3765b340b29","2026-09-23"
"10_S老师IP资产\_asset_notes\D_Evan_video\zhuyiming\output\ip_v6_work\frames_in_25\00065.asset.md","asset-note","6822be3184cbdb337526c7f9131664107cafcea4d2b5ec6ef9d73cc3d428334e","f9f70e7b7f6bda1f511b4ce1e2a6bdf48e12a35aeda3a8502b1f9918aaf35d00","2026-09-23"
"10_S老师IP资产\_asset_notes\D_Evan_video\zhuyiming\output\ip_v6_work\frames_in_25\00066.asset.md","asset-note","308d7c42babe2d5409cfbb0b73382aab5b49d0194910eee9395f1e74ec47cfdd","799e9d97a24fd40efea6ac3a8d762c407c19755552f7a5ef551414a1e91a1695","2026-09-23"
"10_S老师IP资产\_asset_notes\D_Evan_video\zhuyiming\output\ip_v6_work\frames_in_25\00067.asset.md","asset-note","758b36c6d964e7f4e68220547afd8d27c37089b3477ffa87b2e5544707b88ee0","a560a717abc2b8743e98b2f5f4afa68780d673cca8a700eaa0e20470d233468c","2026-09-23"
"10_S老师IP资产\_asset_notes\D_Evan_video\zhuyiming\output\ip_v6_work\frames_in_25\00068.asset.md","asset-note","47f2e88791734b6a55099dfcb3a9bbc55984ae99126cb99f0124c747f58f8a20","42d46f0c302a00b06587c948359dbeb064223b1658ec634d2f35a081e11ea144","2026-09-23"
"10_S老师IP资产\_asset_notes\D_Evan_video\zhuyiming\output\ip_v6_work\frames_in_25\00069.asset.md","asset-note","4209d08741410609ecc3a859eaa2cd2af09e5db43445433d20ddf2f38541683a","05b2132ddf30c3c06bf904f2e10a56831fa0963a46ae4e61ba0c7a4287fd6a06","2026-09-23"
"10_S老师IP资产\_asset_notes\D_Evan_video\zhuyiming\output\ip_v6_work\frames_in_25\00070.asset.md","asset-note","8a6b20b09aadc9c8d063c0e25da16076e9d01a4b22446689d70caae27f714ab5","736d8cb594d4372baa413868cdb5b5c9ae6446f48893eb615799fcd340637e46","2026-09-23"
"10_S老师IP资产\_asset_notes\D_Evan_video\zhuyiming\output\ip_v6_work\frames_in_25\00071.asset.md","asset-note","f3bfb6ea0c3cb1c72754e2b5107536ae761f3dc98e03766c43b958bd5941353a","7acf1b5a7e7cd1bdba2c0a1234b06a8e43b3c0ab7ddcdc8b7abc612c5af0c778","2026-09-23"
"10_S老师IP资产\_asset_notes\D_Evan_video\zhuyiming\output\ip_v6_work\frames_in_25\00072.asset.md","asset-note","1f5b359812939d6ce3208b5e79db4e8cd130be7a2cad4faac8f83e332688fb72","92cd536e154dc6fb52e530edff85f047b92cd206bd82508704f20ec5eb8fa3e3","2026-09-23"
"10_S老师IP资产\_asset_notes\D_Evan_video\zhuyiming\output\ip_v6_work\frames_in_25\00073.asset.md","asset-note","9d8802a865ebd958f98aa36a5ef706c7414dfa0d87f4366dd677a2e94f944d2d","d15e05c0a8c7c8f61f40b33d1deb1c7b66a977fa130756df4387c1b4c872490c","2026-09-23"
"10_S老师IP资产\_asset_notes\D_Evan_video\zhuyiming\output\ip_v6_work\frames_in_25\00074.asset.md","asset-note","953873f50d135506843875ac6f68fe1a66ed3dc6360fc99d7a09e674103cde5a","3af96e0b2e0fdc89daaf13911549c27921e85d7e65af803056bc8339ba628825","2026-09-23"
"10_S老师IP资产\_asset_notes\D_Evan_video\zhuyiming\output\ip_v6_work\frames_in_25\00075.asset.md","asset-note","432e0b832f4ad20c3a2c616df6731deed408d5205982f75fd55b278db6a61c1d","16e42c71b31ee345ce3203601b2add6db1df78c8278fa9e81eef17e00dc06d32","2026-09-23"
"10_S老师IP资产\_asset_notes\D_Evan_video\zhuyiming\output\ip_v6_work\frames_in_25\00076.asset.md","asset-note","00c6d2a9387d67ab61cdab099972edd2e48fb8a76c03f26ad983770e8bad44cc","2f3bea5264b0785e7a276cc44831dd77682f205574d02fcd77888d4b0c3d2380","2026-09-23"
"10_S老师IP资产\_asset_notes\D_Evan_video\zhuyiming\output\ip_v6_work\frames_in_25\00077.asset.md","asset-note","7417d95bc0538eba489fe684c99a4e57014b3ff9ff80f0bf554820587ff02479","116bb27146e2c2fe91b7885c7edc4e717ac82724571e011cd595c62b262458b8","2026-09-23"
"10_S老师IP资产\_asset_notes\D_Evan_video\zhuyiming\output\ip_v6_work\frames_in_25\00078.asset.md","asset-note","f446e719981ee16d033eb0593c08d6f101de13fab45a6ee4e9f656027538c69b","a36fecf475029f20f557e5340a51b7092b1d39fc222c814ac90c16b9f89fc25d","2026-09-23"
"10_S老师IP资产\_asset_notes\D_Evan_video\zhuyiming\output\ip_v6_work\frames_in_25\00079.asset.md","asset-note","b4cecefe292519a20513310ed71a9ba37ec8f904eff398b552ba6f4b989cfa3f","3a1db7e472ee5057ad389308380b178cc9ca399bb7157d7ae1624ef8230d1cd6","2026-09-23"
"10_S老师IP资产\_asset_notes\D_Evan_video\zhuyiming\output\ip_v6_work\frames_in_25\00080.asset.md","asset-note","affb386da4dce7d4a0ed9b014cdd54b20f266d0aaa2b79835c028b98d922ce90","a035446381917492102f09e674903c9f75726b3c325f9e798f3fc58c929988d0","2026-09-23"
"10_S老师IP资产\_asset_notes\D_Evan_video\zhuyiming\output\ip_v6_work\frames_in_25\00081.asset.md","asset-note","ffa4f89dca509877154d26e89358779ebbe639d99fa8165a0c3735832a199c13","2a4537369c518e2b8b01772ad9fbc00bfed3067111fa2d118b1329aab3ffb3ec","2026-09-23"
"10_S老师IP资产\_asset_notes\D_Evan_video\zhuyiming\output\ip_v6_work\frames_in_25\00082.asset.md","asset-note","7ca19cecf68abf8b5cd0678f7404a947d396d8202a2921b7bc2fb5892abb1aef","89534b260bf75397030e3824a11929476bdeb0b913ec66da59c6a57de570b54d","2026-09-23"
"10_S老师IP资产\_asset_notes\D_Evan_video\zhuyiming\output\ip_v6_work\frames_in_25\00083.asset.md","asset-note","e2b20f89397563050745a1eaee5c86a60924d267978ddfad9b98b5e3acc51716","5039e1409e8e29c8b834cd3667c3e1a0480e35541d7396f9e8671379d10916c3","2026-09-23"
"10_S老师IP资产\_asset_notes\D_Evan_video\zhuyiming\output\ip_v6_work\frames_in_25\00084.asset.md","asset-note","6fd78edb8a4af6fe4d9708cb757c704c8bf43b4eabcd925fa7cbc6e9a820d85f","2612fec70af02f5cee3424f9a8535ebba51fa612d0d481a9d506f8e1b9966672","2026-09-23"
"10_S老师IP资产\_asset_notes\D_Evan_video\zhuyiming\output\ip_v6_work\frames_in_25\00085.asset.md","asset-note","0416ee51425547ce6c5b677bf7db0df3ca59716cbaafbb6140c2ded37db64f81","c81c81bb7af82a89a7cf956c79fd6c18e9e03d5055c49ae7e23b15ef39bdbcb4","2026-09-23"
"10_S老师IP资产\_asset_notes\D_Evan_video\zhuyiming\output\ip_v6_work\frames_in_25\00086.asset.md","asset-note","287f09192ed4abd53fa13a5f3d24e59e795ec28c811908257fb61d80a28edf09","16e3edb19863bca3f468c0d684a20c146bb00ebceae28fdbcb8251c3b0581357","2026-09-23"
"10_S老师IP资产\_asset_notes\D_Evan_video\zhuyiming\output\ip_v6_work\frames_in_25\00087.asset.md","asset-note","d86f3a827155d328559e69acba519fea2eb513ad5a3b2fa7979c6dc8b6ab3947","b5f70b23b3ff926f2b275316338aebb14f443834957db3c775336b3fbae3d988","2026-09-23"
"10_S老师IP资产\_asset_notes\D_Evan_video\zhuyiming\output\ip_v6_work\frames_in_25\00088.asset.md","asset-note","5e6760766d8b897a4c68a0f0c546159ccbacc58d7469d97d76faa9d01f05efc3","aafca4243bed2da8495a6a0b0f3b2e73ea9754e1b0aafce22c604b8aca1c820b","2026-09-23"
"10_S老师IP资产\_asset_notes\D_Evan_video\zhuyiming\output\ip_v6_work\frames_in_25\00089.asset.md","asset-note","23afc5f7790afcfd7d410e42a5759e33b586801b1a2a02310921d0db730adc61","9028496f3f6c08a2bedda1ee6f759ea3cfc6c1e6ec63edf22268a639cf00690e","2026-09-23"
"10_S老师IP资产\_asset_notes\D_Evan_video\zhuyiming\output\ip_v6_work\frames_in_25\00090.asset.md","asset-note","affa705dcd80979527f4036b9bc63c1466ee006df0d2cf250fe5b1111e8380a0","37cc9704ab3d45ab7d76e7e64f4d2354d45ebc319faf8d6f2dfbc0d3f2e98e59","2026-09-23"
"10_S老师IP资产\_asset_notes\D_Evan_video\zhuyiming\output\ip_v6_work\frames_in_25\00091.asset.md","asset-note","44d5d19b8f6a4e2de106f35204d4cef8f8abfefd2dd5f9c9b32bcac34137c46e","c860f3f41c5b3ec456aee18b6fa7ac0b67a656bb99f96fc6370477e86849ea5f","2026-09-23"
"10_S老师IP资产\_asset_notes\D_Evan_video\zhuyiming\output\ip_v6_work\frames_in_25\00092.asset.md","asset-note","10effae8c81279d0d906fb8b2cc8a02c1d464ad6dd5de09c0b886e52754eeeed","19b2db8670395214a8338679f20661f810da5c7c4043ee28998837c4b4760dba","2026-09-23"
"10_S老师IP资产\_asset_notes\D_Evan_video\zhuyiming\output\ip_v6_work\frames_in_25\00093.asset.md","asset-note","ca7ec0f2c6170709fa351719b94afdafd8c95450b983444c92c84475943dbe83","ba04a8f125bd53f6c214df9b86a2d00a2c09420b5ed3b5a3071d5cfbae4f6aab","2026-09-23"
"10_S老师IP资产\_asset_notes\D_Evan_video\zhuyiming\output\ip_v6_work\frames_in_25\00094.asset.md","asset-note","badbaa8208ffae881d0b7d7fcfa238b95f4cffce7fb7ad0e0ff1c144d9a797d8","3d29a224d332f83154a3c3bc53605dc71de7ba07b4b84befa0afc29115b60692","2026-09-23"
"10_S老师IP资产\_asset_notes\D_Evan_video\zhuyiming\output\ip_v6_work\frames_in_25\00095.asset.md","asset-note","e775ecae155070f3fa79cd0c9e308d8e44ed927a2111a6c1f11d03ff307e547f","4f9328a96fdb6031caa9cef51e7dde521139054c784f3b388f3424b8b48565e6","2026-09-23"
"10_S老师IP资产\_asset_notes\D_Evan_video\zhuyiming\output\ip_v6_work\frames_in_25\00096.asset.md","asset-note","080cb0c7ba1416a0a3d00749b619cf2b44f4a538a789daef879f34bee51c0734","d4a4e0f0085faf6ba1f0948d910b77006579251614ba8f56cb312eb14c3f7965","2026-09-23"
"10_S老师IP资产\_asset_notes\D_Evan_video\zhuyiming\output\ip_v6_work\frames_in_25\00097.asset.md","asset-note","3e3135a65b89f1a187c3e30933b23f39eb550c54cf70fe14cb60017161292b9f","61d58c6909879492d91be38dd1a03b01971b9260ba026a8cb24d7c2cc472b92a","2026-09-23"
"10_S老师IP资产\_asset_notes\D_Evan_video\zhuyiming\output\ip_v6_work\frames_in_25\00098.asset.md","asset-note","4761ec5356ea76fb9d1eb38a15f90324e55deeb5934c979651eebc346141279d","929c07e2fac86bd72ddfd1c83e8b5be0cfc16317dda42cfac4615e92289efde4","2026-09-23"
"10_S老师IP资产\_asset_notes\D_Evan_video\zhuyiming\output\ip_v6_work\frames_in_25\00099.asset.md","asset-note","27e2f0059a7e305f2888b6e112db7ee57463f5209c13fd22f3a03fcecb4f3b96","72baeb86f2acfcd6d69034f174545cc3c19e27786ef3458fac2fd91a5d45f6bd","2026-09-23"
"10_S老师IP资产\_asset_notes\D_Evan_video\zhuyiming\output\ip_v6_work\frames_in_25\00100.asset.md","asset-note","7ad9971f7210ef0932607207331f9d1b07fb7ef4d3023d29f1e7cd6d8ba4f49c","cd3329693f0eb458e2bcff1ab0ffdfcba7a2f67ba49c081c40d508407d2b8076","2026-09-23"
"10_S老师IP资产\_asset_notes\D_Evan_video\zhuyiming\output\ip_v6_work\frames_in_25\00101.asset.md","asset-note","66d72c8135845e35dbefd9dc1cdcd9dad579d964be58e9873f89364ba454d016","3a4401230f01a80c0c74d55b75786904d16cfc0abf95218c8534e14197ee4fac","2026-09-23"
"10_S老师IP资产\_asset_notes\D_Evan_video\zhuyiming\output\ip_v6_work\frames_in_25\00102.asset.md","asset-note","ba3a8d91c98908ed09d68aaef6757c9c7bee5e25c6612142664d487e3c2f4dfb","f4bacefbe317869f418d3475936996c73f321e27a9c54051a49814649effff07","2026-09-23"
"10_S老师IP资产\_asset_notes\D_Evan_video\zhuyiming\output\ip_v6_work\frames_in_25\00103.asset.md","asset-note","dc9cbca005475bb3648440662dadaf42624a390a3b1dcb18d3d5f9e7655ad0c4","940df5a11956639a71ef032a96f8659cd6ae67a5846cb549bea455b83bcea098","2026-09-23"
"10_S老师IP资产\_asset_notes\D_Evan_video\zhuyiming\output\ip_v6_work\frames_in_25\00104.asset.md","asset-note","2522aa39d8eb52903542d1e287078c48c9b1489117a17d88a0919ccd4c583f0d","884c8f06edde09a381a4686317c06abcf5f3d5a00ad6bab59b7d600fa77d7492","2026-09-23"
"10_S老师IP资产\_asset_notes\D_Evan_video\zhuyiming\output\ip_v6_work\frames_in_25\00105.asset.md","asset-note","b347063f346ff510269ef5d061b50ef01f2a1c2a507dabbab3a9a1889f00a6e5","e589d712bc493f4213e742afa0cd65d62aff5d05dde19ebfc05f3a4bf5e1d7dd","2026-09-23"
"10_S老师IP资产\_asset_notes\D_Evan_video\zhuyiming\output\ip_v6_work\frames_in_25\00106.asset.md","asset-note","7d76b862fdf3430df07de49fb47aabb6e88ab494b5f94fbdaea4ca38890a6700","ccc983b2c2521e95f9753ccb497d769aab70006b8874949f7bcf6ebac87a068b","2026-09-23"
"10_S老师IP资产\_asset_notes\D_Evan_video\zhuyiming\output\ip_v6_work\frames_in_25\00107.asset.md","asset-note","6627ca30b945d22178f3fafe82df730187389fcce68169893019055c9b962c82","2ea89e44d28408e5e7d7bb0f7f9527df102705c5e82c9e7377f99c11ccc863d2","2026-09-23"
"10_S老师IP资产\_asset_notes\D_Evan_video\zhuyiming\output\ip_v6_work\frames_in_25\00108.asset.md","asset-note","3ccbe46fa5bb04a12f31f8243cf48f9930ae7df9d6072a539407d087d5a2e5be","2da0a845da3cb304c028a77aa191b9f19bea84e881cee56f574f1413f3624cf6","2026-09-23"
"10_S老师IP资产\_asset_notes\D_Evan_video\zhuyiming\output\ip_v6_work\frames_in_25\00109.asset.md","asset-note","7b793e3706b94f7a83f41fa700d738ef221c0472d459f7d8f55161bc36dc43b2","a46af2da148f3402ca18b274e42596740bd4552e80d7f18a8980487ef19da49c","2026-09-23"
"10_S老师IP资产\_asset_notes\D_Evan_video\zhuyiming\output\ip_v6_work\frames_in_25\00110.asset.md","asset-note","a6035e2d5d4f5ec0a703c4d4c89d6bfd6f33c02832bce06b7745f7e1c3537b05","35cbff0858cdf21ecb981f48ae75ae452f78713efa4a12ace252ed00f9b8f50e","2026-09-23"
"10_S老师IP资产\_asset_notes\D_Evan_video\zhuyiming\output\ip_v6_work\frames_in_25\00111.asset.md","asset-note","a7f278697067d7e4eca39a04c36fbb95ba11d7c2c39a042adf0929f2a6e16f43","51614432de66d653a1431c64040ddfcf5cd327e1600429836b267cdb2f97cc43","2026-09-23"
"10_S老师IP资产\_asset_notes\D_Evan_video\zhuyiming\output\ip_v6_work\frames_in_25\00112.asset.md","asset-note","e49ab892aa44c619dbd625944b331d23c755b10aa352792b089fd84d34c809a2","b6142f7fd4e44374607ad1a6012e9b83476d33b90e889ff08486a3e8106bcc6d","2026-09-23"
"10_S老师IP资产\_asset_notes\D_Evan_video\zhuyiming\output\ip_v6_work\frames_in_25\00113.asset.md","asset-note","b9e616c3a826fc137c422d88a0b239ae808dac93a5de6ba303744277e6e77794","8a465c645589b1a8e8841637014c0c0d672ddb0f9b67c574f810c7ff829d0491","2026-09-23"
"10_S老师IP资产\_asset_notes\D_Evan_video\zhuyiming\output\ip_v6_work\frames_in_25\00114.asset.md","asset-note","e9518b08be2d769bed2226b9f076aa1b08e7e8e99c89650547aec4e31f413a83","f86f389a4ebb11f29a8b922e0fe02e1a0a8ee38d8778345ec48d50014bbe9cec","2026-09-23"
"10_S老师IP资产\_asset_notes\D_Evan_video\zhuyiming\output\ip_v6_work\frames_in_25\00115.asset.md","asset-note","5377358f2721ecbc6cb83de0f3164b4964c32d8e5b604c350a777c6c313c6327","e13c634ffb97a40b384b499ff5f34d34172f60517b4f65ad734648ab5c6bf9ec","2026-09-23"
"10_S老师IP资产\_asset_notes\D_Evan_video\zhuyiming\output\ip_v6_work\frames_in_25\00116.asset.md","asset-note","7c975affe8832c45738cbbfe7e2b2b2c8edb552c8ca253b5436ec518653615f6","cb89689ec749a6485ce110dd119c6ec6829484bf23069607bc6de82fc3289382","2026-09-23"
"10_S老师IP资产\_asset_notes\D_Evan_video\zhuyiming\output\ip_v6_work\frames_in_25\00117.asset.md","asset-note","f9c414faebe77fac15f4d616d3ae82f5b71c5f73d5cc05cee4c9857a16c4f92c","8cb4020c51b9cf26aa7d6c14f75fdd56db73d8c38076a3adf1f10a2a44e24635","2026-09-23"
"10_S老师IP资产\_asset_notes\D_Evan_video\zhuyiming\output\ip_v6_work\frames_in_25\00118.asset.md","asset-note","5654363e93eda7feff3d996405a48ed7b5a1b1b9248b9315197fe8a24e36b6ac","edb3778b269d8f9937838d059c2bbd59bb74874663a8182635d290c2e14b3f95","2026-09-23"
"10_S老师IP资产\_asset_notes\D_Evan_video\zhuyiming\output\ip_v6_work\frames_in_25\00119.asset.md","asset-note","9b91f28748200092883d4e6a5687fdea99e9d47ffb1b042ee2cdbe8a970ccd0d","d27f5413372dd9906894d018353e04883c54c445c6be54b6b90ee068ec52594b","2026-09-23"
"10_S老师IP资产\_asset_notes\D_Evan_video\zhuyiming\output\ip_v6_work\frames_in_25\00120.asset.md","asset-note","d343e250a022130e4ac0c28d48e70587bb7225472467dea8b7a4ac7beea64b3c","2e26c66e647f4027e230d051da37681690126db5dca82b2cad924c4a0683ef7e","2026-09-23"
"10_S老师IP资产\_asset_notes\D_Evan_video\zhuyiming\output\ip_v6_work\frames_in_25\00121.asset.md","asset-note","0ffd494bbb395ae0cdc63aec87b80e6c524a14ee853e672c7dab616cbf1d3522","b2978b4404f5d9e8207e3967431024b69bd8dbb4fc2f54a644a5fc1384bde975","2026-09-23"
"10_S老师IP资产\_asset_notes\D_Evan_video\zhuyiming\output\ip_v6_work\frames_in_25\00122.asset.md","asset-note","bde450307987c5c64219abe4663bc7b53a0d49fbd00654c3cfd4213980f37210","35f77c02edbf20eafa27521399604a54078c1b0addf31dbaf754c921d8ae2e8e","2026-09-23"
"10_S老师IP资产\_asset_notes\D_Evan_video\zhuyiming\output\ip_v6_work\frames_in_25\00123.asset.md","asset-note","32089a7333acc3556457c29403c600557c9e3c4d4a52ce04a96787f7a1f363ed","9004f6d3eb2faaa0446c435e2ebfe7285ce6ffd8871fd55271e2e0859df0d45d","2026-09-23"
"10_S老师IP资产\_asset_notes\D_Evan_video\zhuyiming\output\ip_v6_work\frames_in_25\00124.asset.md","asset-note","99f932fc0a2f3c40a9998cd5eb2e657a639de7a0901b5f2fad0b585c317ac6a8","d0c7b38287f864e8d44fe606053e3b3d26db9298dc73e8a6d66f9cf62e82f24f","2026-09-23"
"10_S老师IP资产\_asset_notes\D_Evan_video\zhuyiming\output\ip_v6_work\frames_in_25\00125.asset.md","asset-note","6b26f5eb5994a001426a40fcceaa5dbefdfac811fc736d009aa32eb2255a30bf","d13e09e319a6a57d6dee6f6e35ab2ce20a343aa9ba44bd0022a6193d801b27f7","2026-09-23"
"10_S老师IP资产\_asset_notes\D_Evan_video\zhuyiming\output\ip_v6_work\frames_in_25\00126.asset.md","asset-note","6e1b74b846e4eefd57801f08dddd260037fa2b274c352db6e2ba117ec43851a7","38c6bf42ce7d470bd997fe921d13444b3298e194a018589426ef37732eb18c0f","2026-09-23"
"10_S老师IP资产\_asset_notes\D_Evan_video\zhuyiming\output\ip_v6_work\frames_in_25\00127.asset.md","asset-note","931496050e6b6fcaabf4b6b3e594dae4da2eea486817bf7384058290ca74bc26","1e472ee8d75ceecbf5359127387b1a875175a50ef68b744d21485ccb3e728f19","2026-09-23"
"10_S老师IP资产\_asset_notes\D_Evan_video\zhuyiming\output\ip_v6_work\frames_in_25\00128.asset.md","asset-note","1567654474868eb5ee591800a8f16127968955e5d3c98566f5efa25f2efe7b23","20bfc5f938269c62799a0dac0b682e7b90261c9459a6d79ff4f1e929c42483a9","2026-09-23"
"10_S老师IP资产\_asset_notes\D_Evan_video\zhuyiming\output\ip_v6_work\frames_in_25\00129.asset.md","asset-note","4d21499044887c9429172a3312f6e17b35cef15ff53c16a3d8a88823f6499ea5","1a1dfddfc960c1c349edf32c8fd05a4015dab09a811441960aad813cc43051fc","2026-09-23"
"10_S老师IP资产\_asset_notes\D_Evan_video\zhuyiming\output\ip_v6_work\frames_in_25\00130.asset.md","asset-note","d30580793ea25aee2c01e9e4d9867d490f405ccbc8e02c63a516c86478221800","fb8b29d8ba524ab53ed5f9e7b7b08c3b851d5b5570c41a9f2411fd122fbcad76","2026-09-23"
"10_S老师IP资产\_asset_notes\D_Evan_video\zhuyiming\output\ip_v6_work\frames_in_25\00131.asset.md","asset-note","6b58cc32c5d8e21970cdd3125fe2b8be437eef17328635197eca98ce5b6871d1","84274810bea9df3b030244ef4e6c75c1a6ed294feaacc1e66200225845709c6a","2026-09-23"
"10_S老师IP资产\_asset_notes\D_Evan_video\zhuyiming\output\ip_v6_work\frames_in_25\00132.asset.md","asset-note","d4473cd6c2135aba7f1ac4c5f8fd6003f7bab48484866989f2fc97b0adf75bd9","87955e3fa2c1348150322117b6047b6f5c9985d2de2083295da5071e1732a449","2026-09-23"
"10_S老师IP资产\_asset_notes\D_Evan_video\zhuyiming\output\ip_v6_work\frames_in_25\00133.asset.md","asset-note","37a46aa55bc397124c9c36097b39659d7ed2edd0842817793ab52698a29d8cd3","7b7c3279b858525474e246e0c2123dbc49aef812d5e8fc8c72ec17f1485767a8","2026-09-23"
"10_S老师IP资产\_asset_notes\D_Evan_video\zhuyiming\output\ip_v6_work\frames_in_25\00134.asset.md","asset-note","95983b0e0011da5470eff8449bca6eb96283fb178e65e6f63472932dc666d26e","7bbd484926ce393ba85e36de25bb05a9f96718518b8ed3c3f08e16ec015c04dd","2026-09-23"
"10_S老师IP资产\_asset_notes\D_Evan_video\zhuyiming\output\ip_v6_work\frames_in_25\00135.asset.md","asset-note","74f05a16d1c2e61da6e11f9f18de91f0891017f8ce17b33f7564eaf00d3b8045","66ce76bd793a3b7a0dd3fb777bf75022b96469cc1ac6f317c309938506f26dc6","2026-09-23"
"10_S老师IP资产\_asset_notes\D_Evan_video\zhuyiming\output\ip_v6_work\frames_in_25\00136.asset.md","asset-note","484e46f659c9f9bb7113592008315ab921c596587d30efd0941005dbff4ea590","eea28cf5ab204fd8d2857420429062dd9d357c866553a49224488a85f0ef5355","2026-09-23"
"10_S老师IP资产\_asset_notes\D_Evan_video\zhuyiming\output\ip_v6_work\frames_in_25\00137.asset.md","asset-note","21119f18adb364f48b5fdacbc619b910de498f1b47ca5f132525de0f56a76805","5bdac2d6d9235e4309cee2bb59b0c2bf959c1169bce3699950e82867c5a994a7","2026-09-23"
"10_S老师IP资产\_asset_notes\D_Evan_video\zhuyiming\output\ip_v6_work\frames_in_25\00138.asset.md","asset-note","187246aa1dbce0663370e555d81b5dc349f67cb0c346db7da6e6476fee5beae1","8e27d1acac29ecbbc1669de5fa3bd93ce9e8544cc87c56d45d9647caa15ad63c","2026-09-23"
"10_S老师IP资产\_asset_notes\D_Evan_video\zhuyiming\output\ip_v6_work\frames_in_25\00139.asset.md","asset-note","324e0b3fedbaede95eb771cef13d1757ee155eea5fbb028826786d94434bdc6f","46105602ff3102b61330e0956d998c24bc8b5cf58a1a9e5e299ae00525521fef","2026-09-23"
"10_S老师IP资产\_asset_notes\D_Evan_video\zhuyiming\output\ip_v6_work\frames_in_25\00140.asset.md","asset-note","9b3cb7f111ac6b2c3dc603e41b882424917b62c04cf44f7e79aaeb8564d73221","50fd410d40a7f58772317b8256612a299c16834eddb243536a0bbe1d692e26e7","2026-09-23"
"10_S老师IP资产\_asset_notes\D_Evan_video\zhuyiming\output\ip_v6_work\frames_in_25\00141.asset.md","asset-note","c2c2aa5e5a10f174eecd14a6c8eb04fc3235b8b3b32dd33a83398f78ff8f470f","33ce8d1baf260c194200adc9f8766d073b8ac39e440b86a13254e178ad3e0bf8","2026-09-23"
"10_S老师IP资产\_asset_notes\D_Evan_video\zhuyiming\output\ip_v6_work\frames_in_25\00142.asset.md","asset-note","4d4832407ab5b658e818d3d78a9544e4e31c968f28b09921a346297cad560b34","506c49030e1e78e4289257814081650e67b6edfa21fe95d485fb01d2d1278b77","2026-09-23"
"10_S老师IP资产\_asset_notes\D_Evan_video\zhuyiming\output\ip_v6_work\frames_in_25\00143.asset.md","asset-note","88b6828d63646f5b07a1442936ce0f8ad9e0e1b070c4cf9e0c5599bbfae9ebb8","10a8b221649dc85111c999d6f60bbc29b35a5e1f33c3ceb2fbae60d9ed22e47e","2026-09-23"
"10_S老师IP资产\_asset_notes\D_Evan_video\zhuyiming\output\ip_v6_work\frames_in_25\00144.asset.md","asset-note","7f57f3e06910054e695f1c698d5ccf933812b5e1b9554c84605c5ac134170419","064ee1ce39218404dcf7e89d1f4cc019478a6beca38fd3b875e7aaa477c5a634","2026-09-23"
"10_S老师IP资产\_asset_notes\D_Evan_video\zhuyiming\output\ip_v6_work\frames_in_25\00145.asset.md","asset-note","23119aef6092f89e736d5b2e47d58705b35342044d146bd2b63615ce146d6920","ca762ef28a5c74cf46fd6892e9daac5806f28e4bb0878cb69d83fbdc779df7a7","2026-09-23"
"10_S老师IP资产\_asset_notes\D_Evan_video\zhuyiming\output\ip_v6_work\frames_in_25\00146.asset.md","asset-note","8268b9816b8b260d3e4202cd7abe98b827c4447cc9c9cd13e335b607dcd45d77","c4b63ea7030164867dec2ef5cf48d8fc40603ad17e1b1e008bbc23d71b663d7c","2026-09-23"
"10_S老师IP资产\_asset_notes\D_Evan_video\zhuyiming\output\ip_v6_work\frames_in_25\00147.asset.md","asset-note","7c4d98e937c8d04b29fba3ac03d0f0ec4a0fe7ba500c0bd731c2a7a1e82557d3","25b9367b3b87842472f9b61526c20a4723aec7154c3631cb190dd5e6e2af8941","2026-09-23"
"10_S老师IP资产\_asset_notes\D_Evan_video\zhuyiming\output\ip_v6_work\frames_in_25\00148.asset.md","asset-note","eb9c3ea2b3e90749421318e3b4d8ecae520063a4b982d5f59a53dbc3c673c876","b63d9e7957c77b9eb04c47e791f8e9f13f9819b4209dbef48ad99d38503de307","2026-09-23"
"10_S老师IP资产\_asset_notes\D_Evan_video\zhuyiming\output\ip_v6_work\frames_in_25\00149.asset.md","asset-note","c216b93f50566e386ab78a6ca544d00a9d34d64cd441eaeeaed50b133da2d98c","050a41b2dbaf2c8deed53b5c36ae1150d11b6a951ca1d8f9a9d5cea249965a9a","2026-09-23"
"10_S老师IP资产\_asset_notes\D_Evan_video\zhuyiming\output\ip_v6_work\frames_in_25\00150.asset.md","asset-note","5c5b355ca3c105c06c715926d2ff2d805b0ce4ecaabfdd6fc854c0e83a94147f","7d581cfa87fe180de1e41abcbfb4d0d18dcd51662e7cbef5b03b2521f63ac174","2026-09-23"
"10_S老师IP资产\_asset_notes\D_Evan_video\zhuyiming\output\ip_v6_work\frames_in_25\00151.asset.md","asset-note","666be7edd459d2227e4c0e295ac7a878bb9bf713f66def5dec031e505b03bfec","94584600d70fd46faa561e6fd700ae868bce0e599adc607dc7f87aa43d9586f9","2026-09-23"
"10_S老师IP资产\_asset_notes\D_Evan_video\zhuyiming\output\ip_v6_work\frames_in_25\00152.asset.md","asset-note","2b4967ec8fa87f51a573e7deedd80b7e061b810c8b1beac5c4fe034b78750113","b25394ce59788e949ba20126248ff7f39da148e2089655bc147abef565accd0f","2026-09-23"
"10_S老师IP资产\_asset_notes\D_Evan_video\zhuyiming\output\ip_v6_work\frames_in_25\00153.asset.md","asset-note","639f9a636c990353e8c44576b2f8f68d91d4fc39649b84e8e7d82fccd3c9c0ed","23223c242e0570160c6dda0898fdb3cb27d3cc484b1c6b57b88b6432967f4b2a","2026-09-23"
"10_S老师IP资产\_asset_notes\D_Evan_video\zhuyiming\output\ip_v6_work\frames_in_25\00154.asset.md","asset-note","850bdb45ab624a48b656c2b86f8f9842d0ef34894df63cb0c139db206cac478d","2060c57407069cd6fde3e97bb547bec8fc295c851455d6e4c0a71bbe000bdfaa","2026-09-23"
"10_S老师IP资产\_asset_notes\D_Evan_video\zhuyiming\output\ip_v6_work\frames_in_25\00155.asset.md","asset-note","92d04fb00bb5b90ce67a8ae22a875b8eb8e1d632594f5c10d305c32f9447bfd2","ee96d4c460109c295b5cdd31332091944f814491049b02c51c95b839faa5384d","2026-09-23"
"10_S老师IP资产\_asset_notes\D_Evan_video\zhuyiming\output\ip_v6_work\frames_in_25\00156.asset.md","asset-note","e29b09e0664aecfad334ef089306e6437a2ee0eca82ae5e14315269301ad2dc0","12b84c40095a1421a18aa485e817a574cc7ac7f673f798ac0d9b60440069b185","2026-09-23"
"10_S老师IP资产\_asset_notes\D_Evan_video\zhuyiming\output\ip_v6_work\frames_in_25\00157.asset.md","asset-note","3a38a0d8576f455351d349c7b728324407e201ec3cabcc261bfd2011b4ef8a34","fd659802bd71ee797e1af9e5b7382a6787483182c5e088814e3276a8a7e242c7","2026-09-23"
"10_S老师IP资产\_asset_notes\D_Evan_video\zhuyiming\output\ip_v6_work\frames_in_25\00158.asset.md","asset-note","4ee9c1a4c3c97a8487dc2de7dbdb37e29e88f7ae6293a0eda8357e494aec9bf1","47dd47aa504494943c669b64f608cac19e15603603b627ef015d28474f88e858","2026-09-23"
"10_S老师IP资产\_asset_notes\D_Evan_video\zhuyiming\output\ip_v6_work\frames_in_25\00159.asset.md","asset-note","f1b1500e6d117efc4379c13b2dc1fbe16169df8e8f80e0b4946b53db55b96ffa","029bdee4ebb747e84a194817bd1699c29041efb1190c013f33e182edde37336d","2026-09-23"
"10_S老师IP资产\_asset_notes\D_Evan_video\zhuyiming\output\ip_v6_work\frames_in_25\00160.asset.md","asset-note","f08e34c8ab2f7ee1041c385b6e58ebd5064484b1c3657ff074aebd35d498e306","9ea5bd80554222767e9c66c61014938f2d67ec0ba5611fcae216f9f310ce6f3a","2026-09-23"
"10_S老师IP资产\_asset_notes\D_Evan_video\zhuyiming\output\ip_v6_work\frames_in_25\00161.asset.md","asset-note","116632bb7bea61b8608ad59cf41f7f07e72f724bac0409a614e2265acd91f488","e5581aa967d5b675379056f80f6dc21a57bdd7b4c2e27618597184fe26392d0b","2026-09-23"
"10_S老师IP资产\_asset_notes\D_Evan_video\zhuyiming\output\ip_v6_work\frames_in_25\00162.asset.md","asset-note","1db79b62eb34dd60ca1ebf7e91996c2d7fa580a74af9c6c2874ce74ad55e9215","f9093be395a45eea74ca4f362595c4080fecd32d8ad35a3e40439fb28dc79e68","2026-09-23"
"10_S老师IP资产\_asset_notes\D_Evan_video\zhuyiming\output\ip_v6_work\frames_in_25\00163.asset.md","asset-note","bb9abdde2d950626abbef82ab78090d8e17e1908718aaf16571d252abefd3524","969a586b85134ac75c9d0ec53e0b28419c3242a8592a7347fe202c3faf11bbbe","2026-09-23"
"10_S老师IP资产\_asset_notes\D_Evan_video\zhuyiming\output\ip_v6_work\frames_in_25\00164.asset.md","asset-note","03ad9096bc2b375e41159f04e2065699421a2eb1d63c23e5846598605d9dcbed","1f99c7acf3f9d015647d5343ad90d7da310434ee826779c624a3bc643649b49e","2026-09-23"
"10_S老师IP资产\_asset_notes\D_Evan_video\zhuyiming\output\ip_v6_work\frames_in_25\00165.asset.md","asset-note","29ca0cce9daaff9c329e8540b1b71c21cfc483a50b9bef65e53407492194671a","c2d3f25fb9adb0fda844ffaa4727a48f8463391ae8b52803fb3cfa967a8c8ee3","2026-09-23"
"10_S老师IP资产\_asset_notes\D_Evan_video\zhuyiming\output\ip_v6_work\frames_in_25\00166.asset.md","asset-note","7f5199f4ee844f729679b81008adf4937fb14db832624e24ef83b55584679e78","63745d9aa1823e39ccfa95b8b23d01a12f6fb3cfaa3051ece32c8a4889ea3e69","2026-09-23"
"10_S老师IP资产\_asset_notes\D_Evan_video\zhuyiming\output\ip_v6_work\frames_in_25\00167.asset.md","asset-note","9a1f22285488e457e9f10e03242311db0e66194355ed5b18805c4da8f04c9790","81a316e8909152a4173c6dc787f2f673ffb7d64957ce26b934f5b63ab60f27ce","2026-09-23"
"10_S老师IP资产\_asset_notes\D_Evan_video\zhuyiming\output\ip_v6_work\frames_in_25\00168.asset.md","asset-note","5685e3285f864ea9713f58144ac784abda76c31a0471351f93fa0e8cce003874","37a84bb18e8b6b72ce17cc20842a89b508850cc71fdfcfd3aed3b3aca744ed1d","2026-09-23"
"10_S老师IP资产\_asset_notes\D_Evan_video\zhuyiming\output\ip_v6_work\frames_in_25\00169.asset.md","asset-note","d4da81b8ff65f7a45e61c3b1ddac737ad78f606b38e9a09f1f067137360774e3","b257c0de8913e3b12a0a460100bf00ee8eb2330a042ba0794065827741f61d0c","2026-09-23"
"10_S老师IP资产\_asset_notes\D_Evan_video\zhuyiming\output\ip_v6_work\frames_in_25\00170.asset.md","asset-note","bde4bf2f1c83c45c590c7c4ab8eedcadf90a79243eace3deaf454812cb565f37","0919e24e321cfcb9a8220be0c62dc046fdac6456f6fcfee58143938f0c984b04","2026-09-23"
"10_S老师IP资产\_asset_notes\D_Evan_video\zhuyiming\output\ip_v6_work\frames_in_25\00171.asset.md","asset-note","34242595375d9401e95dab8429070a0e6fa0c9ba709978b86fe8d2604f690d4e","b526e346fdc382e10ed117c788046dac44837c2e39fea5a725a7c70c63f8f5db","2026-09-23"
"10_S老师IP资产\_asset_notes\D_Evan_video\zhuyiming\output\ip_v6_work\frames_in_25\00172.asset.md","asset-note","af30c8f877876ac281297a795cb4581eb585cc56eb41b9b240bd8d9bdf60f9ad","f33e1dd1509d80cc9ada6b634a9dd822b5d36fd585b573913e5fd4e6657b743b","2026-09-23"
"10_S老师IP资产\_asset_notes\D_Evan_video\zhuyiming\output\ip_v6_work\frames_in_25\00173.asset.md","asset-note","1cc32b5db71bd8ed95d493db883fd6eefad83714f8164c3d327dff79bf7a0a67","703c5c747737a4bddad1203efea1408c04a3ba0cd822fd76e3ff0ff6ba323b6c","2026-09-23"
"10_S老师IP资产\_asset_notes\D_Evan_video\zhuyiming\output\ip_v6_work\frames_in_25\00174.asset.md","asset-note","82b16226ccbcdc6ec8e93865329e7c511c5fd66bdff05aec38b6997e93852e23","96736c3132723d9e4e2d158ef1162a69058348913f9e117f96ef7755c401b049","2026-09-23"
"10_S老师IP资产\_asset_notes\D_Evan_video\zhuyiming\output\ip_v6_work\frames_in_25\00175.asset.md","asset-note","1153079a189a498d1d66929832c6cd58fb426c4acf7e4ed660c409a6e738af96","af0122ef7a73316469694c874228d2378d87e22627982771d7952f864164bef7","2026-09-23"
"10_S老师IP资产\_asset_notes\D_Evan_video\zhuyiming\output\ip_v6_work\frames_in_25\00176.asset.md","asset-note","8d232aa5c48f0c30ab9c902801f3bbcedd27547657d33b1f107f03d3754cf782","4ac1fb2f3f5267a3e1654cbdc1f5c71dfe52fa0784e5d1ea7aae6d46be68ad0f","2026-09-23"
"10_S老师IP资产\_asset_notes\D_Evan_video\zhuyiming\output\ip_v6_work\frames_in_25\00177.asset.md","asset-note","08df700f26434bbaea003d431610731ea0d9777101f8a3dad762e0f328700dc4","dae24aa28239feb5e1755bf55b46831a64134e77299077e75de17b59c9c10d7d","2026-09-23"
"10_S老师IP资产\_asset_notes\D_Evan_video\zhuyiming\output\ip_v6_work\frames_in_25\00178.asset.md","asset-note","8e0d1bf296baa48f64208003a6d82051143d4859a66984654cbee43922594e8c","591effc623bb5e8454a4f0d33a8b0f2f5f4be09c958e695a9da51f4f473d9052","2026-09-23"
"10_S老师IP资产\_asset_notes\D_Evan_video\zhuyiming\output\ip_v6_work\frames_in_25\00179.asset.md","asset-note","96e380eebab48b7de6aa63a155b28c5c7fbdfb5525d9c2446ac6f61530b29b3c","90ecd3fca15dd207fce1d8a9bf135dcf99ac5959ca08ea256109b0a4c933bf68","2026-09-23"
"10_S老师IP资产\_asset_notes\D_Evan_video\zhuyiming\output\ip_v6_work\frames_in_25\00180.asset.md","asset-note","d0b48573119cd76787c4a5d5f84429a8978e1b6c72788914840761890e1bebad","63437cfc4bcd3c69f4244c67414f414b53c641b517f8fb6c4ccec22ba2a65390","2026-09-23"
"10_S老师IP资产\_asset_notes\D_Evan_video\zhuyiming\output\ip_v6_work\frames_in_25\00181.asset.md","asset-note","4af23abdda452fdef6e922538d3e618b865561c408502cf5117072c118873ae7","922e8410c6f594e079de657eae1cf3ce9e2c72c434ad9e150288888d0b811c31","2026-09-23"
"10_S老师IP资产\_asset_notes\D_Evan_video\zhuyiming\output\ip_v6_work\frames_in_25\00182.asset.md","asset-note","4f24df49dc34948e02e36ae8119127a28015e19ea3b6437e67ee91fd38fd905d","f8aaa0314dbd1d2254dfcff865ec0afd4960b9e10ea630d1682aaece2c85c908","2026-09-23"
"10_S老师IP资产\_asset_notes\D_Evan_video\zhuyiming\output\ip_v6_work\frames_in_25\00183.asset.md","asset-note","70f36f38ec2e008b56177aa53204565d425b109991cb533a8d64e223066e0b21","d94c6178e26fc8b977f511b5cb69ba6a88d19144811be0cbb2fc6d40f6bac428","2026-09-23"
"10_S老师IP资产\_asset_notes\D_Evan_video\zhuyiming\output\ip_v6_work\frames_in_25\00184.asset.md","asset-note","b5e3481700d2368f7dbc7a691af78940dc880a2e8e3fad01136304bdbf74d503","826645cf2f03a87e0a7b54d1295964831990fa66e164211230c8f8e09ff1113d","2026-09-23"
"10_S老师IP资产\_asset_notes\D_Evan_video\zhuyiming\output\ip_v6_work\frames_in_25\00185.asset.md","asset-note","02a60ce3ab7d173f89c56c9b0e18f3824c15323d8f5312d927695b9fba13cd58","c9c9948020ec245080f7262cfb31e356245cf81843a446a4ae17c9bc5b49fe95","2026-09-23"
"10_S老师IP资产\_asset_notes\D_Evan_video\zhuyiming\output\ip_v6_work\frames_in_25\00186.asset.md","asset-note","f38467d9829658daccd13e573a279ad59b437fc30eb33be7a0fe509a7b7135c1","3eb3c4f1760005cf90daa06d359edfc66f062deebd5a21a0af7ba7c7a700815e","2026-09-23"
"10_S老师IP资产\_asset_notes\D_Evan_video\zhuyiming\output\ip_v6_work\frames_in_25\00187.asset.md","asset-note","de6d438a9c52d586add62d6f257484fd5b5e314a031906dd160038802cb819a5","1eb5e6505bc3771fd6d7bfc2af10e9bd77f59d1c36bc62a50e5ae02dd586e4b4","2026-09-23"
"10_S老师IP资产\_asset_notes\D_Evan_video\zhuyiming\output\ip_v6_work\frames_in_25\00188.asset.md","asset-note","2b311ef75772af641fc4f92197bb5140f9e4e97031a0ecdfaa8e145137a92061","09ac6234ea6f9987e6770c17eb219cb9d9bf258e9821bde0680e1486b4ba6e96","2026-09-23"
"10_S老师IP资产\_asset_notes\D_Evan_video\zhuyiming\output\ip_v6_work\frames_in_25\00189.asset.md","asset-note","3b3768955070585ef6728b6c004c1ab8f6b252c3112b6bffb117a873f1619e76","33dc99eaa5c638003de334c5af90eb07a1cda7a05d10c11ddfa461aa468f6250","2026-09-23"
"10_S老师IP资产\_asset_notes\D_Evan_video\zhuyiming\output\ip_v6_work\frames_in_25\00190.asset.md","asset-note","31ae870471e5aab43cbca644cfa3d7a2a384c153489c5ef7294c09cfa2d888bc","090ed2ba4e7db8fc0add0cbf5bb5dcc9f4285be4cadead1948342581192da7cf","2026-09-23"
"10_S老师IP资产\_asset_notes\D_Evan_video\zhuyiming\output\ip_v6_work\frames_in_25\00191.asset.md","asset-note","73433de712d3af149ea4aa2363bd7b878b621a7bbcb3ce1b7747b74e9773a875","826a088221c9e75cc8074ed697800f627fd9ade9e5e191ba5cfaa58fff5eba62","2026-09-23"
"10_S老师IP资产\_asset_notes\D_Evan_video\zhuyiming\output\ip_v6_work\frames_in_25\00192.asset.md","asset-note","3bd868dd647434a92c488169772ead7424019f0bdaf56ce6b149eb9591acf6f0","42c5e1201aac31ee94b3be574df9609092ddd4f54c0465370984cc1d86527741","2026-09-23"
"10_S老师IP资产\_asset_notes\D_Evan_video\zhuyiming\output\ip_v6_work\frames_in_25\00193.asset.md","asset-note","57c7f0b486466997b5e71e5ee4a01f0c3c2f214f2080e8cb6c4a5d4a753a686b","c0ee63e0d8e1521034a6cab45aa3b2311ff3c8888656f98e90f87bf382552bd0","2026-09-23"
"10_S老师IP资产\_asset_notes\D_Evan_video\zhuyiming\output\ip_v6_work\frames_in_25\00194.asset.md","asset-note","581ccd2e4c618b0a31ce5f1e9e043db1aae3ec0d9f8e333d140ae0a7e5642b75","f762d524bbe2d6601350b85cf470e4db548acf95c1fe187a36299a17b47db8c2","2026-09-23"
"10_S老师IP资产\_asset_notes\D_Evan_video\zhuyiming\output\ip_v6_work\frames_in_25\00195.asset.md","asset-note","7d022b44dbd0cba0024b658c155effb8d1ba24059b6fdd6e69762fe6c4be47a4","db8b3fbccf3520f73ad9c037f31d4c22195a24cc9ca533cb30c14e0ad3f2163b","2026-09-23"
"10_S老师IP资产\_asset_notes\D_Evan_video\zhuyiming\output\ip_v6_work\frames_in_25\00196.asset.md","asset-note","2cbb8fd7ddd8309430a07bc6ceaa96c0f5c4f579c4542322b9485c1247b8ca40","ee1c8e8af4da33be8004a9ad53a931b283c6d14f2073d1e53f1ca06ed0e58ef3","2026-09-23"
"10_S老师IP资产\_asset_notes\D_Evan_video\zhuyiming\output\ip_v6_work\frames_in_25\00197.asset.md","asset-note","018c74d08396c115d169442d3bd61b566e73ed63dfc40b3e00ad3468177fa5f4","2da0a59ffdc10f6fc1d5ce35e5d62b4728a68f0445aabd09e87ccef5ddcc1411","2026-09-23"
"10_S老师IP资产\_asset_notes\D_Evan_video\zhuyiming\output\ip_v6_work\frames_in_25\00198.asset.md","asset-note","ea2ff641127aeccba24778f00c25d0a762182526e6db303d39d55faec338b57b","4804563f4e495fec4976ede46b7cb3431b032fe1f386984a06e61d4746f739f2","2026-09-23"
"10_S老师IP资产\_asset_notes\D_Evan_video\zhuyiming\output\ip_v6_work\frames_in_25\00199.asset.md","asset-note","c9ed07f1f22b33a1bce51888b3e409f34edcae5af535c6f6e0b4f6cd3b5c2131","8aa4508c760a05f3d96d43fbda86b558b9a69d6756299b742fb8cceb50aa5227","2026-09-23"
"10_S老师IP资产\_asset_notes\D_Evan_video\zhuyiming\output\ip_v6_work\frames_in_25\00200.asset.md","asset-note","3088c4cca7f97ce2d3bcd5eb7312b742ebfa6021f69c162b713e20a6b5f2c18c","e9fdfb107fb45a80afe1fc6116f4769d03e56fa6ecf09c5c5fb27941d17a2213","2026-09-23"
"10_S老师IP资产\_asset_notes\D_Evan_video\zhuyiming\output\ip_v6_work\frames_in_25\00201.asset.md","asset-note","2c7b8124ac332d5032d2807768ff7f0910eb49f5809f2533aa7bd3a1efd7fcaa","faa7dfde7631d57e7c7832a2653eb1b30e6b21a05a12165018a2b7902a8adcd1","2026-09-23"
"10_S老师IP资产\_asset_notes\D_Evan_video\zhuyiming\output\ip_v6_work\frames_in_25\00202.asset.md","asset-note","f02ad869aa76f5b23393ad47d99e2adeedb9773651e5bc04d8b7a330f191ffb7","4367e40c04a994bbccda1a9d6aace9a6655d94417cee80043ce331f9c2443980","2026-09-23"
"10_S老师IP资产\_asset_notes\D_Evan_video\zhuyiming\output\ip_v6_work\frames_in_25\00203.asset.md","asset-note","ff01d37aea7e0ba53c2e947a3479cda71cdbb8b6e5c550bb8c83a8788dbec3d6","5f7a5e116d4b9d10f20a26fa48dc2251150a1b1851ae303a378a766685af852d","2026-09-23"
"10_S老师IP资产\_asset_notes\D_Evan_video\zhuyiming\output\ip_v6_work\frames_in_25\00204.asset.md","asset-note","7b56762493400cab2d386206b6bbb8b4f3350057410a4e062583786572cdbf22","8957d2305977c67934ccbe0468f6c872034712f4e1907313bf7cb4613f1bd263","2026-09-23"
"10_S老师IP资产\_asset_notes\D_Evan_video\zhuyiming\output\ip_v6_work\frames_in_25\00205.asset.md","asset-note","5a20304fcc7571c413f8749ebfcf0ef8e4e0a2bb5089617447f621771431da90","bcda208467cee6d96ed761af0690cc71bc23452ee59027d007c1cb1661ef4ad7","2026-09-23"
"10_S老师IP资产\_asset_notes\D_Evan_video\zhuyiming\output\ip_v6_work\frames_in_25\00206.asset.md","asset-note","0cd0f7ada73378ff1c87af00ad654590243d692825ebe536d2a97dcad357c0e5","de55432e7eb96ec7aa1954b1435425326974463624e416091f06dad3fc20b12e","2026-09-23"
"10_S老师IP资产\_asset_notes\D_Evan_video\zhuyiming\output\ip_v6_work\frames_in_25\00207.asset.md","asset-note","53595cf1da5c7b040fd73bba1a0152fe6dcaa509d3cbc33523017fad402c388d","1a6382a2392b9d7b3aa6b1a99c5da372469d6f82eafac2722fcafe13903c6c1e","2026-09-23"
"10_S老师IP资产\_asset_notes\D_Evan_video\zhuyiming\output\ip_v6_work\frames_in_25\00208.asset.md","asset-note","b5d977083023f8b153a3125263dcc67bd58384eea93be3b574270c815a60febb","60323ab2d49e489358254b0a973fdca53ff46ad2f3b915973b6d22d205d97a31","2026-09-23"
"10_S老师IP资产\_asset_notes\D_Evan_video\zhuyiming\output\ip_v6_work\frames_in_25\00209.asset.md","asset-note","3996916ce2368a0419a7b46d98b4e52e3a01c959713de1ac348965a2ce3c51cc","71e86bed9804daac0ad811a806965e7a2825f4f7c0330739318571397db12a27","2026-09-23"
"10_S老师IP资产\_asset_notes\D_Evan_video\zhuyiming\output\ip_v6_work\frames_in_25\00210.asset.md","asset-note","518b6a7d83b154419b429d2fa47bf189ce8694190e4c6996f52cd425c387f4bc","19e32841cd7ef425725b993ee83dbae2e766c9aa5c597f84690ac37571bc7a4b","2026-09-23"
"10_S老师IP资产\_asset_notes\D_Evan_video\zhuyiming\output\ip_v6_work\frames_in_25\00211.asset.md","asset-note","ccfc352ae6122cd3124d422240b1cd3136b9638cc7ea64f5a76d43bcfb80dbd7","6ee9f82d82e077e37a14e239389576e97e382750ab94e982f9b1f9a0a7f4355d","2026-09-23"
"10_S老师IP资产\_asset_notes\D_Evan_video\zhuyiming\output\ip_v6_work\frames_in_25\00212.asset.md","asset-note","cab9aed6c0666a39813fd6c7c636f5a000711582fdb2df677f450be5c3155315","cf389bac419ab1488783f6a104ba411c442e829702aa18195a3dc6a0e2af832b","2026-09-23"
"10_S老师IP资产\_asset_notes\D_Evan_video\zhuyiming\output\ip_v6_work\frames_in_25\00213.asset.md","asset-note","cc0ddb80169728ebce6564803a03b5c447a63a13f0086a1faedfa859688d287c","fcc05dba12da577e86b3251fc35e383468cb37a3234bce1fc276f7035d23b620","2026-09-23"
"10_S老师IP资产\_asset_notes\D_Evan_video\zhuyiming\output\ip_v6_work\frames_in_25\00214.asset.md","asset-note","c2f02ab68464bd2d63f6404eba98a7d52aec389d74e3dc8d805aebd505005231","6b1aa4e7ca02ddb212a3edbe2f9e69a6a52904d33966402456b53b73eed01ea6","2026-09-23"
"10_S老师IP资产\_asset_notes\D_Evan_video\zhuyiming\output\ip_v6_work\frames_in_25\00215.asset.md","asset-note","28d8bb5dc88259bc43492ae9b788f428e99187b32dab9e2369bf602591e31e73","72eb9c0e7176394bf83006b1e335cb8858327148015c4eb6887dd5a632fb5f4f","2026-09-23"
"10_S老师IP资产\_asset_notes\D_Evan_video\zhuyiming\output\ip_v6_work\frames_in_25\00216.asset.md","asset-note","7c86db92fe561516ee57f4d1c8f2b456afe6b4f4bc0a6de931510a7bbc8d79df","4d972f7c41558d0b0c552d74c42a4708cb6efa66e2f9696e2c1c435856019d57","2026-09-23"
"10_S老师IP资产\_asset_notes\D_Evan_video\zhuyiming\output\ip_v6_work\frames_in_25\00217.asset.md","asset-note","04cb7505727e29fdabb6dc759f468715262b50f4d6d650453d72648fbb65a46c","86f019bf4435cf0148a3f38817d3cc80e1a40f7b9f22c980b7b0934ddcfde79f","2026-09-23"
"10_S老师IP资产\_asset_notes\D_Evan_video\zhuyiming\output\ip_v6_work\frames_in_25\00218.asset.md","asset-note","a962818ef7c9fdd29cba5f961d794241751c4767899463ead265f06d27821d42","f886547af6ea7103e85a5d6264919e28ddbe1691c150931238a5c1c2f4a81cb4","2026-09-23"
"10_S老师IP资产\_asset_notes\D_Evan_video\zhuyiming\output\ip_v6_work\frames_in_25\00219.asset.md","asset-note","67553c0e6403240a4d28b1bd27b9d9c449370eb5da18d30fd99d643f06aff271","fa14b4360661d7e0e1c2bf98111f90c04df71fb584ffdd3f29c12f8ea36d8222","2026-09-23"
"10_S老师IP资产\_asset_notes\D_Evan_video\zhuyiming\output\ip_v6_work\frames_in_25\00220.asset.md","asset-note","b32c5ae1916c62ed271c4d74e998d2c037319a4f566d25c3260663e0c6345a71","90040945f5d84fc2f213365fce0d54f25ac3380c0ec0e5e1446f8e774b5b3a99","2026-09-23"
"10_S老师IP资产\_asset_notes\D_Evan_video\zhuyiming\output\ip_v6_work\frames_in_25\00221.asset.md","asset-note","bd2a5ab3940eedbfc68a4823a8670d86c096488e9a737108e8184cce2ade10cc","a0785a006ec73d1bab3de3e88cba298f6ab22326ed5ff2801041778991810280","2026-09-23"
"10_S老师IP资产\_asset_notes\D_Evan_video\zhuyiming\output\ip_v6_work\frames_in_25\00222.asset.md","asset-note","a71d87b6fd9229c600602b3a8033d4f28ffd0b26639e306b2c85cd6d6c087058","c21e25b89753744ef6a03ba77e3fe5fa24127895e7f332408de1b7291805eb0c","2026-09-23"
"10_S老师IP资产\_asset_notes\D_Evan_video\zhuyiming\output\ip_v6_work\frames_in_25\00223.asset.md","asset-note","b70db5991d0f658899db3f0792e9f725c296a9839a93d0c46bdfcaa9d1be9ca4","f377561600dc2712d2e328a977b3fb7bf5f10f900d457e187bfd5943d7bf840c","2026-09-23"
"10_S老师IP资产\_asset_notes\D_Evan_video\zhuyiming\output\ip_v6_work\frames_in_25\00224.asset.md","asset-note","22c2d008cdb72de00016023b61736bddb1c6ffa17e627af955a74e7b9d810b25","11d88fdbed8af2e28793ad78d6b68d236b14960b7f0cce5513011d273a0d4f4e","2026-09-23"
"10_S老师IP资产\_asset_notes\D_Evan_video\zhuyiming\output\ip_v6_work\frames_in_25\00225.asset.md","asset-note","9ad3c18ff65e5799dca63ed205709cb992324119655c252d9237e7a184c20047","57f77eb156d6f3d05727ec49f6cdad89e528064a2db0e099e9da328f6dc73738","2026-09-23"
"10_S老师IP资产\_asset_notes\D_Evan_video\zhuyiming\output\ip_v6_work\frames_in_25\00226.asset.md","asset-note","654a072b4cc94dd25041db6154d49311504b2fd180ace63bdde0707d080277a7","481e85c959ee90c4bbe0bdee7613deccc8f9809bc898a4c1d53ea9375eab9b80","2026-09-23"
"10_S老师IP资产\_asset_notes\D_Evan_video\zhuyiming\output\ip_v6_work\frames_in_25\00227.asset.md","asset-note","abf71cbc8f844a9faf7c9a66babe69cf48d2e6227c13ba62619cfd187b198178","be002a738272be7045327de4c0fb11786bebebc05ef3cb1e4911525497de463a","2026-09-23"
"10_S老师IP资产\_asset_notes\D_Evan_video\zhuyiming\output\ip_v6_work\frames_in_25\00228.asset.md","asset-note","a99143665a00d2ea0d5ddd95bf2561f58d0d7c61cf62f200dab0c70a1fb4b156","7f94ece9871f12f76c6a523c9daa466f2e65fbd3735602d1e10592e254c7f2fc","2026-09-23"
"10_S老师IP资产\_asset_notes\D_Evan_video\zhuyiming\output\ip_v6_work\frames_in_25\00229.asset.md","asset-note","55b7e8ff59125e4cb09b01c903c545f1e9b4e50a45e3d5543b11422142727c61","479640c7ca5c109b35ecf13208772a20c3795fe2e94fa894b39c7c1463b6b9af","2026-09-23"
"10_S老师IP资产\_asset_notes\D_Evan_video\zhuyiming\output\ip_v6_work\frames_in_25\00230.asset.md","asset-note","2d4602a03e5776a4a23c9b3428f7b59c44e7ecf6c21ab9cdb4bef76c80e31208","7d15702d54a0423c6445592c02c74135fbb556993ce464869f8ebd842952aff8","2026-09-23"
"10_S老师IP资产\_asset_notes\D_Evan_video\zhuyiming\output\ip_v6_work\frames_in_25\00231.asset.md","asset-note","54374c2971f9f26585db0e51aacd1b5759937021f854727b375766ed4d94368d","b1a3e22c4b4e1df249d765b09135ddc62bbbbe17abd0f4c23dc49b6a1cfcfdcb","2026-09-23"
"10_S老师IP资产\_asset_notes\D_Evan_video\zhuyiming\output\ip_v6_work\frames_in_25\00232.asset.md","asset-note","1f83b67127f0a283cea7cc05f9224187c039ce8347853293b88e6072b50cb2ec","131288e9b3c0394d17adaa3c59d715a6c0d6b1d13723795663d539e441281346","2026-09-23"
"10_S老师IP资产\_asset_notes\D_Evan_video\zhuyiming\output\ip_v6_work\frames_in_25\00233.asset.md","asset-note","6a09fbcb9703516b3b29a4948902b9a788519a821f5caeecbaf624f1ddc86b8b","7aaf9cd37eb1f8f2ec5ed26196fcf4f4950c61fb5e99f2f4fffcf0dff055019e","2026-09-23"
"10_S老师IP资产\_asset_notes\D_Evan_video\zhuyiming\output\ip_v6_work\frames_in_25\00234.asset.md","asset-note","ab29ae3542f0e78418ba572513bee528189c02b1f8885a37bd2a343fed2e7a76","57872ba77b7ec02d6e3f6a58e81b5f05e92d2d9dd2b9a4497ec9128832864309","2026-09-23"
"10_S老师IP资产\_asset_notes\D_Evan_video\zhuyiming\output\ip_v6_work\frames_in_25\00235.asset.md","asset-note","b1d1fc7a6892499df9ad749855a44d61341a5886538346a90f997cb1876ce468","adff0701f8312bc4154069c625f17e5ac5fddbec2bccbd9d922007c6e3caa516","2026-09-23"
"10_S老师IP资产\_asset_notes\D_Evan_video\zhuyiming\output\ip_v6_work\frames_in_25\00236.asset.md","asset-note","80ced8016d1378ca7b40bf29b2fe90ef17ee203c2b5a6e278a3587e4760d7cf5","5c74594e82d45423de3bc55ad5a7c985b5cf0872dd93f7d4474853da66688b43","2026-09-23"
"10_S老师IP资产\_asset_notes\D_Evan_video\zhuyiming\output\ip_v6_work\frames_in_25\00237.asset.md","asset-note","3714e0c2dcf29aca49768dc450257696520d41f164dcdccb11c7fe2f11eb5c76","3e8a9d35801cb6cb378ebcf5758fb0fe86d5eb75a9f61bba942d77e659136732","2026-09-23"
"10_S老师IP资产\_asset_notes\D_Evan_video\zhuyiming\output\ip_v6_work\frames_in_25\00238.asset.md","asset-note","c2ce6f9b1d6cdaa163c6ce6a9a4a22aeb1b5984273fb39ee6b9ebd0a70ef50c9","ed341356acf387569f117c0c65d1c9ac11b5469558e1bdc08916483271b63028","2026-09-23"
"10_S老师IP资产\_asset_notes\D_Evan_video\zhuyiming\output\ip_v6_work\frames_in_25\00239.asset.md","asset-note","a53b6a65559d7fd3e566e827e49da94b106e7819149639d5332fe883a5bdf591","79eba6221131a996f2cd7f427c09e691bd39a27416a2af6991579b01b0594e6a","2026-09-23"
"10_S老师IP资产\_asset_notes\D_Evan_video\zhuyiming\output\ip_v6_work\frames_in_25\00240.asset.md","asset-note","785d9922b82e6616829ca5c888e04ced691e5a7d4b5213483710c9de98fdb3ff","483304f48b30ef92edb114c20372493551462e61d42c4d8a247861d2014db2a3","2026-09-23"
"10_S老师IP资产\_asset_notes\D_Evan_video\zhuyiming\output\ip_v6_work\frames_in_25\00241.asset.md","asset-note","ad55c34ee47ad4000e870433f75c08332dbca00b23d77b76088659626c30d9ae","bde49c5a889298c25826f0fa4ec98e19e6d0d55c3f366ba6344a4f3803303107","2026-09-23"
"10_S老师IP资产\_asset_notes\D_Evan_video\zhuyiming\output\ip_v6_work\frames_in_25\00242.asset.md","asset-note","fc36b595d156f9ddc55cffaa91ae5c3e834c407c77c0c52fa899f4028466da2d","76f875b412b235e161ff382628b50cd64b77722ef344c5f4c489f52a23ec40aa","2026-09-23"
"10_S老师IP资产\_asset_notes\D_Evan_video\zhuyiming\output\ip_v6_work\frames_in_25\00243.asset.md","asset-note","9b0149b75190243c37f89a7a1595d8983707f948b216b98732a6816d78e65824","db7b3520114116905ab650ab216ebbbc11ce0c3f92ee1eeea28f31566de87714","2026-09-23"
"10_S老师IP资产\_asset_notes\D_Evan_video\zhuyiming\output\ip_v6_work\frames_in_25\00244.asset.md","asset-note","7ca7ce446b083afd612eb24dd106821804b3f495c599e204b8f7037df544a730","03b32510bd57bf16894170d74710814c382b7f33d8f59fa6e14efb2e42797277","2026-09-23"
"10_S老师IP资产\_asset_notes\D_Evan_video\zhuyiming\output\ip_v6_work\frames_in_25\00245.asset.md","asset-note","26269f32080de5f635e128395f3500debb3ccee2d9fa46e9e2635706f8ad4e45","942a9e9bd5c297f6cb032a87a04d313b53da8de1542034b25e9ff6b89d57f2ae","2026-09-23"
"10_S老师IP资产\_asset_notes\D_Evan_video\zhuyiming\output\ip_v6_work\frames_in_25\00246.asset.md","asset-note","df5ca709f16f9f614b361f16a1cc9e49c115d968d182d6f08ac26561b4dfd181","82bbd3531302a703b1c7516a0c35f6e9832edfc3c075a281e0a17e5897539d32","2026-09-23"
"10_S老师IP资产\_asset_notes\D_Evan_video\zhuyiming\output\ip_v6_work\frames_in_25\00247.asset.md","asset-note","6e24d0daa8bd628191fb52e62687d857dcd5a33084c039af9c36decebf68c068","55e0ebc1fec5f53b14941af91944cb26cbb620b02928dc34d82aec96efb7dc41","2026-09-23"
"10_S老师IP资产\_asset_notes\D_Evan_video\zhuyiming\output\ip_v6_work\frames_in_25\00248.asset.md","asset-note","07fda7c745441fd0ac2ca3ceecae64df0c2df91f2e58be59b441c670541cc63e","f05bdaca65201f362bdabb62bb7569232e137d7feaa14b3d0c6fe0bccea0117a","2026-09-23"
"10_S老师IP资产\_asset_notes\D_Evan_video\zhuyiming\output\ip_v6_work\frames_in_25\00249.asset.md","asset-note","7c6293e2017fa56abeafc148973338564296caebe992f0c45a6377426f16df1d","7f8c9999cead2e5c3160a1244d1e6f465f8adbcfc6c382f7dcf08e4e5b268c13","2026-09-23"
"10_S老师IP资产\_asset_notes\D_Evan_video\zhuyiming\output\ip_v6_work\frames_in_25\00250.asset.md","asset-note","5812c17c95f9585e6cf0b1a6acb13d6e866191d8a5bf3dabf23a0d0f51edbd4c","e01dcf827d333063533e510e1e81b08c25b364f19e62048fdf92fd97f2a80563","2026-09-23"
"10_S老师IP资产\_asset_notes\D_Evan_video\zhuyiming\output\ip_v6_work\frames_in_25\00251.asset.md","asset-note","ab1583eabfd602a45625f97b334cac3b3e3dcb3cf34bdd79389e54570409b1f0","255f0f0dc984de9557ab05e4998438333f783db8c5359d5468f7f3e6c6efdcc6","2026-09-23"
"10_S老师IP资产\_asset_notes\D_Evan_video\zhuyiming\output\ip_v6_work\frames_in_25\00252.asset.md","asset-note","2372d0554820bac61b12f75d7a8c546f42fc195b5c7036dea419605cff18e048","52cb7d53a97cbce55e3b97476b59ae49888f8a3d0c7629be34afba846dfe9556","2026-09-23"
"10_S老师IP资产\_asset_notes\D_Evan_video\zhuyiming\output\ip_v6_work\frames_in_25\00253.asset.md","asset-note","51d9731ceb5c3bcc2bd17707ed03929e32636a3e5d47ec9fc7b57bb2e30c10d4","e97c3900debde6df62f7914c768a0c50b96f2bbd38d5a2fea89fc0010d23f601","2026-09-23"
"10_S老师IP资产\_asset_notes\D_Evan_video\zhuyiming\output\ip_v6_work\frames_in_25\00254.asset.md","asset-note","3f514b4519c5434fe2f3dff7d6819e9b573993be4657cc8336e6b2e301dc33ba","85ce7e30bb274188b214c609dbbfc02d2cddfbd48350511fe834c1eea201c836","2026-09-23"
"10_S老师IP资产\_asset_notes\D_Evan_video\zhuyiming\output\ip_v6_work\frames_in_25\00255.asset.md","asset-note","026b66651ecaac87b90c7b178275a0ed5eeba7e7046b95019cce70490979996c","7f8339c57e89a6dc5f658080e168303935b89cb893797ccf0836e1cd0a43ee05","2026-09-23"
"10_S老师IP资产\_asset_notes\D_Evan_video\zhuyiming\output\ip_v6_work\frames_in_25\00256.asset.md","asset-note","c1f9b335fb8bf166e50feb96de34501271ecd260f6e8df7efdd3e3393bb8b878","5d4f045b9d97e64edc4bcafe67ed46552beaede23cf6c2993b4648aa9fd65143","2026-09-23"
"10_S老师IP资产\_asset_notes\D_Evan_video\zhuyiming\output\ip_v6_work\frames_in_25\00257.asset.md","asset-note","11f56f94bfb6c2dfd7e535e3db0682344dcd8b22876e5d9ba9b3d8343a68cdbe","3959988443b2aca19a8622910a0f67a4eaec4b51d02b62806e11414e1a810a0f","2026-09-23"
"10_S老师IP资产\_asset_notes\D_Evan_video\zhuyiming\output\ip_v6_work\frames_in_25\00258.asset.md","asset-note","f363c5c66fa62a2389a38ee2e0ccd70cb8e04cfe9acc96a265b97d6b5ed842d0","ad38228ad1ef83ef5cb9737509a729b1f17fdeb0f2d53dfa3341474eeccb9726","2026-09-23"
"10_S老师IP资产\_asset_notes\D_Evan_video\zhuyiming\output\ip_v6_work\frames_in_25\00259.asset.md","asset-note","83fa745a13ac246be63451053de2e1877d7e287875a8dd73959589e776e9aa92","0da5decb3a89fdb020d58ec9f97674fee7ee9d58d6ea963ff36eb68bce97daab","2026-09-23"
"10_S老师IP资产\_asset_notes\D_Evan_video\zhuyiming\output\ip_v6_work\frames_in_25\00260.asset.md","asset-note","cb49a1667008c907572bcea11948d1631f623ba52615ac1637e904fb645cf893","f887b7b53bddfbee535c2d903164a5f4b85952ca80f06e3b86823415c9dabde6","2026-09-23"
"10_S老师IP资产\_asset_notes\D_Evan_video\zhuyiming\output\ip_v6_work\frames_in_25\00261.asset.md","asset-note","2172c04c329d5ea605b98943d3fb6d80cfead34b7efb32f2870b1522a9fc2dc7","aec57180ea9354ec069145377d73d25704d4bd766ae9322be8a89d32adda8238","2026-09-23"
"10_S老师IP资产\_asset_notes\D_Evan_video\zhuyiming\output\ip_v6_work\frames_in_25\00262.asset.md","asset-note","93dc46947fc55960d069bc620628f7af589baa7cd86209b814ebdd4518f81fff","792b57ab896591966e69cb07240f44e816eaa7fa5620c41701c3125dd972f299","2026-09-23"
"10_S老师IP资产\_asset_notes\D_Evan_video\zhuyiming\output\ip_v6_work\frames_in_25\00263.asset.md","asset-note","4058f1b97ce98992795b703741e07f5c9e46718f6a5c42025101bb57fb9a61f2","f532951ee2b10fdab12fb8748eca863b4ba6f3859a29f6d6d2737a2a10acc900","2026-09-23"
"10_S老师IP资产\_asset_notes\D_Evan_video\zhuyiming\output\ip_v6_work\frames_in_25\00264.asset.md","asset-note","cb6e7c787a847a83535348e29ed0121b003b4048f44eee37f290ef593fc2b569","11eb578bbbd1d47172fd7ce31e21732ed137d29eb34e27a40f298fc9ae75698f","2026-09-23"
"10_S老师IP资产\_asset_notes\D_Evan_video\zhuyiming\output\ip_v6_work\frames_in_25\00265.asset.md","asset-note","e7a0c3b8497c7c9a828e8f846edef88726430f3c040c11d8e8426399137e50d6","7e8be77d7ee15895f261fab7b5bee3eff761cc3535df1836704e62b26cd72a9a","2026-09-23"
"10_S老师IP资产\_asset_notes\D_Evan_video\zhuyiming\output\ip_v6_work\frames_in_25\00266.asset.md","asset-note","9f6222ad2c1c6169360224b243f6b07758483d8ece43be0285d647630ce5e64d","1516e1b5f8259825593ddec88ae90c61b6249b5b96a188f4f4ae7db0a9e83ca3","2026-09-23"
"10_S老师IP资产\_asset_notes\D_Evan_video\zhuyiming\output\ip_v6_work\frames_in_25\00267.asset.md","asset-note","070e05af58ee0d60d1ce32f0f81175bbe2bd64f7498ebbc1eaf8ea6350806dd9","cc077512a3e288cb220f60481981ee5924ca0ba72385113a08ba14680e356f90","2026-09-23"
"10_S老师IP资产\_asset_notes\D_Evan_video\zhuyiming\output\ip_v6_work\frames_in_25\00268.asset.md","asset-note","fec959e272d6d0e1a18cc58e5ac0b09a8ec6a9092e16871680b04d70a651c1e6","dbc2b5a89289a72d8e7660a8ae8f44cd478a49a1d9af833b3a3db00a1edeb681","2026-09-23"
"10_S老师IP资产\_asset_notes\D_Evan_video\zhuyiming\output\ip_v6_work\frames_in_25\00269.asset.md","asset-note","7fa8ff8749d38f436612c438d4f4ec05c23247ee199bc78578b713782acc2a54","bc6c7f37676fb989873b866d2987a1f48fe796ba4f0907b924f619c551434932","2026-09-23"
"10_S老师IP资产\_asset_notes\D_Evan_video\zhuyiming\output\ip_v6_work\frames_in_25\00270.asset.md","asset-note","fde6236723f371776ef56b2205c515210b86c2420da3cbdb5b930a7525f56a0d","31307eb6d6ea013a9f315a2150a82d59e46c402bed0f49cab5c674968d836903","2026-09-23"
"10_S老师IP资产\_asset_notes\D_Evan_video\zhuyiming\output\ip_v6_work\frames_in_25\00271.asset.md","asset-note","570e4f304abc68f9e2c4b53a0b96d296960e426b679cc13f41feac538a5cd19a","45eb871e9aeced4b0e2b68cf671944e0cb7c2518fae2f61aa9ea4283f8d1eefb","2026-09-23"
"10_S老师IP资产\_asset_notes\D_Evan_video\zhuyiming\output\ip_v6_work\frames_in_25\00272.asset.md","asset-note","cdced759c7cb9c94dd5a3ede7b357d7fb60956dbffe47759ff7fa0b526c27bbb","521c74822d37a67d602c9dbd3b9d11ae4fc36f2c0eae42f6eb3ded2a0ac59f87","2026-09-23"
"10_S老师IP资产\_asset_notes\D_Evan_video\zhuyiming\output\ip_v6_work\frames_in_25\00273.asset.md","asset-note","eca426e77785dd83df520eba177056143a4ccaaafd8d567ca17f66590cb01e53","faed9b4df76db957b284a5eb503233eee18436cb9cb494a84fe63c866497441a","2026-09-23"
"10_S老师IP资产\_asset_notes\D_Evan_video\zhuyiming\output\ip_v6_work\frames_in_25\00274.asset.md","asset-note","db9d5ec3d85ed0030370ee68edf8504fd6ab245e9c529bc846100e88f8c58c29","89e77e5a813e0d10439ee85d72677b41de2bbb9da91c03d2df65454fd70a4b1e","2026-09-23"
"10_S老师IP资产\_asset_notes\D_Evan_video\zhuyiming\output\ip_v6_work\frames_in_25\00275.asset.md","asset-note","703eb9ac085dc6a615911f7ba082d2bb96b1c1fcf32f2f011a96fff6efcf55f0","ccdef2ca5aa9eee3b7cff50ad1d644b6d92bcc071821e2995ee95bd3034ef6de","2026-09-23"
"10_S老师IP资产\_asset_notes\D_Evan_video\zhuyiming\output\ip_v6_work\frames_in_25\00276.asset.md","asset-note","757b005547e3fccd08f79692d27821658a616aff79c64fa11fc3f9b61494926d","9e6c6bd12d409f142c7db08a0159d8e939474d0531618ff545bddd4d7f6c07c1","2026-09-23"
"10_S老师IP资产\_asset_notes\D_Evan_video\zhuyiming\output\ip_v6_work\frames_in_25\00277.asset.md","asset-note","4593852f1ce2d0cb43985156a5e03f4e1e917d8f29a1e099667b887e5ef2360c","fefe47555fce6818754df51ff5d657e63d1a9d94917e9ec1c6113fba514fa80a","2026-09-23"
"10_S老师IP资产\_asset_notes\D_Evan_video\zhuyiming\output\ip_v6_work\frames_in_25\00278.asset.md","asset-note","66366b8583296a6718060f8c793e34909799e72b0473c358c08342ec45156e68","efcd163122c265af83d762e3fdc9dd0475d6875d9dac541a1b02f7084c8182b5","2026-09-23"
"10_S老师IP资产\_asset_notes\D_Evan_video\zhuyiming\output\ip_v6_work\frames_in_25\00279.asset.md","asset-note","a77df915fd897ff4f794c7e8963168b2d5ed87923dae55b69666c5f23c70efa4","6c437a68cb10ef46db39f82438eafb569d089e32726639ad97a8257cff509c1f","2026-09-23"
"10_S老师IP资产\_asset_notes\D_Evan_video\zhuyiming\output\ip_v6_work\frames_in_25\00280.asset.md","asset-note","f32b62b7076058aa16473a6048c4fd5578386c117ab36348a1ab78a4fd29d3c2","b87f56df63b4e7e08230eece58e73854339d5353fa0dab84c4eaa31e85d3e1c9","2026-09-23"
"10_S老师IP资产\_asset_notes\D_Evan_video\zhuyiming\output\ip_v6_work\frames_in_25\00281.asset.md","asset-note","68a98a71068fe8a8446cb3f3d2efdfd261b98de914f2a3bcedfebd1f251e7673","dcf991d0e25d7b8f3c78c7265de5b79f791892744c24d29dd94720aea10a23b9","2026-09-23"
"10_S老师IP资产\_asset_notes\D_Evan_video\zhuyiming\output\ip_v6_work\frames_in_25\00282.asset.md","asset-note","ee71aa342053ef12a3ca5a3e283d1ec088c9657d7fb0d7475279a27239631833","2b57ca4eba36cdab1618a68847af8dcaf664743b54de71cd32e101ba331157d6","2026-09-23"
"10_S老师IP资产\_asset_notes\D_Evan_video\zhuyiming\output\ip_v6_work\frames_in_25\00283.asset.md","asset-note","4b435406539d1a258335f3910560af7fdf6e3bd623a9f1c043c16ef1b73c898d","da9aa24997e5e4dd992f106c8b86260da8ff112253d34470a1cbb27c15e332c5","2026-09-23"
"10_S老师IP资产\_asset_notes\D_Evan_video\zhuyiming\output\ip_v6_work\frames_in_25\00284.asset.md","asset-note","f182a65be95817ead0da2b2e008ca142ee1f2aeeb63fda184078fbcb99da3994","0d96592ae60fe126784a7c4eaeaeb7a046757bfb85009b08620f82c3a0499560","2026-09-23"
"10_S老师IP资产\_asset_notes\D_Evan_video\zhuyiming\output\ip_v6_work\frames_in_25\00285.asset.md","asset-note","6ecffc1e17a3359060af637f981009f9e5a70663e14a65c2eb670828a924e4d5","5c54816906c08c7652fd0e6778a8e1b154fea8d96dc91f0715298b50faa28a85","2026-09-23"
"10_S老师IP资产\_asset_notes\D_Evan_video\zhuyiming\output\ip_v6_work\frames_in_25\00286.asset.md","asset-note","7b537c7f099d459871463e08f30545a46d08ece5bebf43d3b1a34923fd420477","08b5d7fcd1af0636ede0a29009496402814c00cedb3469ce0245056e7007e341","2026-09-23"
"10_S老师IP资产\_asset_notes\D_Evan_video\zhuyiming\output\ip_v6_work\frames_in_25\00287.asset.md","asset-note","f162505db8c998e35e8279e0f30207e3760e88d46480a644ab382db64e61689b","e4d1bede56b0f7bf1b660908dc6ffd0ff8e83bfd56d43be7585a0027b3d7840d","2026-09-23"
"10_S老师IP资产\_asset_notes\D_Evan_video\zhuyiming\output\ip_v6_work\frames_in_25\00288.asset.md","asset-note","687ab422c134be54eea86afe220bfbbc1d0b48d7afc1ebb0505f2e744c0104b3","36f03db1ca0a4f1ae8678666d04f26ec087c44799e81549f2317741e7eb93268","2026-09-23"
"10_S老师IP资产\_asset_notes\D_Evan_video\zhuyiming\output\ip_v6_work\frames_in_25\00289.asset.md","asset-note","d4645a5440de4cde0ea7bbd3f00a7f7287474ba3573f01b6db2cfb781abd1abb","a40e649523fe240abf7d59cdc2c608966e1f684539e98500fe36aba9f8d9580a","2026-09-23"
"10_S老师IP资产\_asset_notes\D_Evan_video\zhuyiming\output\ip_v6_work\frames_in_25\00290.asset.md","asset-note","a3938e291ac9e05cede7ce1f09c735bfc2880575332431e1414f46d1a3cdd209","9ade738dc94f6ed5d3a5f771f70dab29596d102ce8fd4926a2db9491b01d4aac","2026-09-23"
"10_S老师IP资产\_asset_notes\D_Evan_video\zhuyiming\output\ip_v6_work\frames_in_25\00291.asset.md","asset-note","7b4c79350dd4ad2906ddcbffc16e17b8adb1cefe7f4ac9d7f9e8f2bab4d92c2c","63fbb2d65e1511d3ed2795338f252840b3743fdd5601aac73d6a86a28abea901","2026-09-23"
"10_S老师IP资产\_asset_notes\D_Evan_video\zhuyiming\output\ip_v6_work\frames_in_25\00292.asset.md","asset-note","fea37824b9b0c6ebe0ed79ce7ba51a0fa88ff4c8da5af61c43bd922a74ed51dd","437a3272f6d5c4a1f79d62ee1db749eb1767ec4751052f557d3626134e8a82ff","2026-09-23"
"10_S老师IP资产\_asset_notes\D_Evan_video\zhuyiming\output\ip_v6_work\frames_in_25\00293.asset.md","asset-note","a0b8dc4c207981017dbf6d0986c7b19699e4c389237f0e2dbb15897d105e9d45","101440476febc59052f70f3077e37ee7873f1ec1a737308a8b788a019f9137c6","2026-09-23"
"10_S老师IP资产\_asset_notes\D_Evan_video\zhuyiming\output\ip_v6_work\frames_in_25\00294.asset.md","asset-note","e1f36580f6e3272f2fe4a4398a930497d2d737aa7c9f473f9d2ccc26db547da7","bfc3e0c115dffa7683e4020558e53d34c2aba37eabebf61698f02fd1b43fce44","2026-09-23"
"10_S老师IP资产\_asset_notes\D_Evan_video\zhuyiming\output\ip_v6_work\frames_in_25\00295.asset.md","asset-note","0b12c3596fcd0dd79d9a98646c139a90227fd752fdc05173b353a470d5ca504d","f2b3ec440570056404232d10e155f368979cf1c9f1882df9566dde1b42d8a8e3","2026-09-23"
"10_S老师IP资产\_asset_notes\D_Evan_video\zhuyiming\output\ip_v6_work\frames_in_25\00296.asset.md","asset-note","0d2578bae24761b9799cdb9c11e2f99c7d402c114b9ff5ba809e1ac490b97a61","9f78da34eb16de6685a72bffec7aa48c6e9ad853bac375a624821197d811e17c","2026-09-23"
"10_S老师IP资产\_asset_notes\D_Evan_video\zhuyiming\output\ip_v6_work\frames_in_25\00297.asset.md","asset-note","6d608a7c8171b4ad90f52b3ee9685895f7a77946792ecda1dce351ced27f4996","a31245a1a1c856fc0b4c076c2f705e8c71cff36c47598bef1faa771c1682d60d","2026-09-23"
"10_S老师IP资产\_asset_notes\D_Evan_video\zhuyiming\output\ip_v6_work\frames_in_25\00298.asset.md","asset-note","1fb2ecde5651668f8926b8f099dae0a153653d143769947a7119546255de0c30","429d6e3a9c489e31a122ba020579b8fdc53bb44b0c3e0e9dbe913ce4dd9ea609","2026-09-23"
"10_S老师IP资产\_asset_notes\D_Evan_video\zhuyiming\output\ip_v6_work\frames_in_25\00299.asset.md","asset-note","2f5a288e657d3cab89d366046c9b60af3582a45f6f92b890f500e66e68303798","56210368322d7aaf3d56828f67286a0982e96b62fe78e9b768486eb1617a8e11","2026-09-23"
"10_S老师IP资产\_asset_notes\D_Evan_video\zhuyiming\output\ip_v6_work\frames_in_25\00300.asset.md","asset-note","7a4fe255559864c293309e262d1ebe115f5c89bc804b68055ffbcdadde682975","aedaad963da94f46252443bbbe911158fad15d7383ad85a4fce66335379ad846","2026-09-23"
"10_S老师IP资产\_asset_notes\D_Evan_video\zhuyiming\output\ip_v6_work\frames_in_25\00301.asset.md","asset-note","a19e9eb657a7fb01643484c1d5dbaed5bdc4615789ca1ee4d77f9818f55412d4","5401f4df5f9cd84d99857d4972aa95bf6b27f3b6b275d1ab8598ffbbe121b8fe","2026-09-23"
"10_S老师IP资产\_asset_notes\D_Evan_video\zhuyiming\output\ip_v6_work\frames_in_25\00302.asset.md","asset-note","c032ec0e0384ae7df38f04785cca56b7a4f0dd956aab749be82ffbbf2814bea5","45222fc5c1e90ef833450b40fea8b1d372c6fba0fe5f24c0fddc9d5433b68506","2026-09-23"
"10_S老师IP资产\_asset_notes\D_Evan_video\zhuyiming\output\ip_v6_work\frames_in_25\00303.asset.md","asset-note","07388200f060f9a92edee26ace3c3a452229380d48e582f3d6fe4ad931ad2254","6d7f5a0a73f0397166f5221aab4b38cd93d1380085222b4e768598b00d7ba1e1","2026-09-23"
"10_S老师IP资产\_asset_notes\D_Evan_video\zhuyiming\output\ip_v6_work\frames_in_25\00304.asset.md","asset-note","f4e6750d3052d5ca1e142f804a5b746c8a5bdaec2a42af07c7d40295466a8935","f9596f4ef49886c2165c354d8b41f1bbaa5878090d015fb096786f594c4a553c","2026-09-23"
"10_S老师IP资产\_asset_notes\D_Evan_video\zhuyiming\output\ip_v6_work\frames_in_25\00305.asset.md","asset-note","60ed5b3598f3792ec6dd0df9acd72250809d2f95f8f54075a3c72bf078d473cd","550e8057ab4f095ce397d4f7f5dc71463bec85f271e59e95635e3a1800c5abc9","2026-09-23"
"10_S老师IP资产\_asset_notes\D_Evan_video\zhuyiming\output\ip_v6_work\frames_in_25\00306.asset.md","asset-note","1980db13fd24b042dd1dd644e338100f1de3b1c67c1e84aa60e2ed26f2f547f5","475d59e6aaf08f82dcce61c3929576504e3b105b1a0f2d8f22baf0833ada7205","2026-09-23"
"10_S老师IP资产\_asset_notes\D_Evan_video\zhuyiming\output\ip_v6_work\frames_in_25\00307.asset.md","asset-note","f8be2bd4fe7eaf78779ed3a4eec06cc2710f28e393e9d941569e6c74c4a595d3","4d5bcb68926ea39ce8f5d2392473b70a2473bd0545973d4ffb4d89fd5ef6b79c","2026-09-23"
"10_S老师IP资产\_asset_notes\D_Evan_video\zhuyiming\output\ip_v6_work\frames_in_25\00308.asset.md","asset-note","5666e5ad2333626c9bbb9393add960a94d3dab0529de98f7568c7d60c1833ca9","acfe22c53b20e78fc922147fae2ca43d33dc2a6e2f0a461540e63c81bccba15b","2026-09-23"
"10_S老师IP资产\_asset_notes\D_Evan_video\zhuyiming\output\ip_v6_work\frames_in_25\00309.asset.md","asset-note","c38c0cab614834e406b592619a6b72ffa45f1e79143b74eb70f9ff29fc5bf8fa","f3b202492536df332434779df2c8a836898b6bdcb09e814170c0d57da2c90661","2026-09-23"
"10_S老师IP资产\_asset_notes\D_Evan_video\zhuyiming\output\ip_v6_work\frames_in_25\00310.asset.md","asset-note","21ed8b0d34a0c125f2fc4c53dc7c037d8358c9b5a0b92c2e359895f6d07a35cc","1d0d024ea68e5904cdbee14b93449c300e7b94f4976e136a6755c54998484cb5","2026-09-23"
"10_S老师IP资产\_asset_notes\D_Evan_video\zhuyiming\output\ip_v6_work\frames_in_25\00311.asset.md","asset-note","42fc0c9a23ccc380736d086e21fd9a60349f02deae23a2a461a9f60f927c100a","69592f79e0d9442c3dba23822b4642511a47d54d1a1bd53f29499073243db465","2026-09-23"
"10_S老师IP资产\_asset_notes\D_Evan_video\zhuyiming\output\ip_v6_work\frames_in_25\00312.asset.md","asset-note","834da1fb289550ba09c09c0e536bf4fc5fde3349f1e8a28a6995d8f5cc2e0034","bee112d68ccce48188708b3ede69ee0539cc5c0ac0ea57d228a74eb171520bdc","2026-09-23"
"10_S老师IP资产\_asset_notes\D_Evan_video\zhuyiming\output\ip_v6_work\frames_in_25\00313.asset.md","asset-note","ed823eb830dcd0b84a53e2ef08faa2f7b70e3cbc113b5fd62461819bd0aeb034","276cbde5288926c0966030a3b5298bd77a88e6830f4c5d3daaa178d4c44f8f27","2026-09-23"
"10_S老师IP资产\_asset_notes\D_Evan_video\zhuyiming\output\ip_v6_work\frames_in_25\00314.asset.md","asset-note","ef704b4941b0e4455d0394c2b6b01ee170a5edebc7ab7c9b5861a2bf12b26d7d","5986e13025865640a96a89d40723fa580d1815857281cc05c614a02c63fdc56e","2026-09-23"
"10_S老师IP资产\_asset_notes\D_Evan_video\zhuyiming\output\ip_v6_work\frames_in_25\00315.asset.md","asset-note","37f2959f4d9a29a7f9d98bbe13c1b2a2dcc06161310fd7c2e11864e0081d02a0","cd778921845c8372ce4985e417ba2a7f1a2601142da35a4bfb2c0e24458a7fb5","2026-09-23"
"10_S老师IP资产\_asset_notes\D_Evan_video\zhuyiming\output\ip_v6_work\frames_in_25\00316.asset.md","asset-note","c3fe5e9fc2cf60a573661bc6f5ae0b35622ad77f8f92ef66f269ade8fa2ab1d0","6ffad6974410514ddcc6fa68b44ab9d1c10c4c8574f6b383428ae243d3a8472c","2026-09-23"
"10_S老师IP资产\_asset_notes\D_Evan_video\zhuyiming\output\ip_v6_work\frames_in_25\00317.asset.md","asset-note","f70ff53f4b59d5c8a1e3330dc8c61ec2c52c57d8f6719867ae672507bbd3ded3","2bad769986d5a44ccb25fc3c82be3562fb4e9bca5ba410dfe143392305ba2b66","2026-09-23"
"10_S老师IP资产\_asset_notes\D_Evan_video\zhuyiming\output\ip_v6_work\frames_in_25\00318.asset.md","asset-note","0afb7b72f54fa1d17f4cb2ae299337b76a36e3d2a45230d1a11f4bcac95844cd","292bda6d2654dfafda172a7dedf1d3ff399c7fe9b226c90c4ca71211a6cfe00f","2026-09-23"
"10_S老师IP资产\_asset_notes\D_Evan_video\zhuyiming\output\ip_v6_work\frames_in_25\00319.asset.md","asset-note","1689e23a2619b22873dba612e285ce20f120402f6fb6d10f673583087874a2f1","c41ab733950070c5dd8d5ce6a7079c6796e815cffa1f35b989b411fb3879a2de","2026-09-23"
"10_S老师IP资产\_asset_notes\D_Evan_video\zhuyiming\output\ip_v6_work\frames_in_25\00320.asset.md","asset-note","89a69cf4437a5b86cac33df0917ec49d6f0634676df90ebb2522b2277385e0a8","72601ead90690d4747a7938bec7f0d623ca9b45810e08d5539d0f0490d4c6c36","2026-09-23"
"10_S老师IP资产\_asset_notes\D_Evan_video\zhuyiming\output\ip_v6_work\frames_in_25\00321.asset.md","asset-note","0e0b2dc31db4b59f9a0f1472f395f2dc521201cef77dcdfe82d3db61ba5b8c94","e54a0624d25967a51dd7dc98b47478480ca729e7da4e48659fb9e3b727d230a0","2026-09-23"
"10_S老师IP资产\_asset_notes\D_Evan_video\zhuyiming\output\ip_v6_work\frames_in_25\00322.asset.md","asset-note","ec4b6e64af24e5d5642d4cb59222540cb9a636dba994073aa53fc8b3c325ac1a","3bbf4eb11f7f9ca9a323a4ed713e56e18954757dc0aff9016f041733a7bb1b56","2026-09-23"
"10_S老师IP资产\_asset_notes\D_Evan_video\zhuyiming\output\ip_v6_work\frames_in_25\00323.asset.md","asset-note","b098ca4a1de7d01a0243cb97dcfcdbe0933ed142a538d379d06f36cc99a6ddad","571648a8e8cad0e715b8b8642cb3ae0794a70ed0d97e1c22b436e25c14b2a4a4","2026-09-23"
"10_S老师IP资产\_asset_notes\D_Evan_video\zhuyiming\output\ip_v6_work\frames_in_25\00324.asset.md","asset-note","6a7b27153d9c3de515ec87fa73293aef240bfe6a9ece38148e0a00164ca16513","68283baf1d49fbd790a89520644fa22f8bcf219564e2bae0eed4a682ddc94243","2026-09-23"
"10_S老师IP资产\_asset_notes\D_Evan_video\zhuyiming\output\ip_v6_work\frames_in_25\00325.asset.md","asset-note","6d70d87336ab92137ae1711c26196a6f0656d909d8c090f1b4ad9c010ff64c7f","0395f5675fb117fc3139528fc5a42b7b2d2d9afd4b8226a86e892724f7b0f485","2026-09-23"
"10_S老师IP资产\_asset_notes\D_Evan_video\zhuyiming\output\ip_v6_work\frames_in_25\00326.asset.md","asset-note","467f76803de768d7fbb758e940d90ff8325d3576489634f6957be3b3fe770709","1996e7d2fb3fcf8c2df850354a569f1596150cc3906c1021496f0550badbf5b1","2026-09-23"
"10_S老师IP资产\_asset_notes\D_Evan_video\zhuyiming\output\ip_v6_work\frames_in_25\00327.asset.md","asset-note","f77844dd9f2a4910b844bafe72a5a6aea92d57b9ea337f66140ba62928ba1559","9a1672c8bd7c81211f75d0680b3728beb19b40c26ccfd9c3e10c1e4094a004be","2026-09-23"
"10_S老师IP资产\_asset_notes\D_Evan_video\zhuyiming\output\ip_v6_work\frames_in_25\00328.asset.md","asset-note","1811134226e8b9e904b8f81481b288fd12876fe47b75bd9e33b701e8c83e3516","1c67189e9b7ef9300d767d7a912ed572cdb9c961f74132013d4aba2de46a797d","2026-09-23"
"10_S老师IP资产\_asset_notes\D_Evan_video\zhuyiming\output\ip_v6_work\frames_in_25\00329.asset.md","asset-note","7601c25942225f2a3dd690975093bc6339390e6912433d2eca6b0e44c74c05a5","3b715351fba71fc8bfb2dcf54ee94f73f56110e30efba1cc2c69b2192000295a","2026-09-23"
"10_S老师IP资产\_asset_notes\D_Evan_video\zhuyiming\output\ip_v6_work\frames_in_25\00330.asset.md","asset-note","1b04d5464fb294d5d9dd94bc27720c6c65fa7ef923435bc1678d0a66deec9e88","cd0d3a81f92330b8fe149742ff114910197404ffe8ada6f0d41af3be41524ae1","2026-09-23"
"10_S老师IP资产\_asset_notes\D_Evan_video\zhuyiming\output\ip_v6_work\frames_in_25\00331.asset.md","asset-note","37d8e9b165cae961053a367615dd8220ea53fcd9351f56866d360a12f4003489","9a7dfcb76d82837f2fcf6f2f11ad691e5c35ccd7cd06876472830b9d09676d6d","2026-09-23"
"10_S老师IP资产\_asset_notes\D_Evan_video\zhuyiming\output\ip_v6_work\frames_in_25\00332.asset.md","asset-note","54bdb4f97c82d0e8b44e3ce2ff42e8f447f302351365fd80d92c7a26376f9f3a","8c5ae7e453939a3503405c29db4eb86a91b803f2b28cf13f48734926eb1831fd","2026-09-23"
"10_S老师IP资产\_asset_notes\D_Evan_video\zhuyiming\output\ip_v6_work\frames_in_25\00333.asset.md","asset-note","43e38dde4b50c80cde4897df57d87e69223fd22b42788e241a0517599420ba01","47d5a7bfbcceb8d3c87b4310bf8da23e8d750e2e56a89529d1003cbf464bc117","2026-09-23"
"10_S老师IP资产\_asset_notes\D_Evan_video\zhuyiming\output\ip_v6_work\frames_in_25\00334.asset.md","asset-note","f104e61dac3ca62888134893366662281ce4f61b6fa26e504e6317a77f1d450b","5cc07a399dc69fe65a029666417fee41c87473a4c1eb2b9761a7048d251dfeb4","2026-09-23"
"10_S老师IP资产\_asset_notes\D_Evan_video\zhuyiming\output\ip_v6_work\frames_in_25\00335.asset.md","asset-note","e46a04a6d649d87579287c57303ba3173c6059ad2bd3c3cfa6bfe85cdadd6b8c","7e5c5577ce47fd0a361aa1b982f68616209d0566ab53b607aed4d9af7775f5bf","2026-09-23"
"10_S老师IP资产\_asset_notes\D_Evan_video\zhuyiming\output\ip_v6_work\frames_in_25\00336.asset.md","asset-note","db782bb2312ee90695b471874f5e057b5c516eda96bf87be96f2ef0e4afcbdb9","48ca379c9d9369548a5fc0f140dc66698842a7426b49d9dce02f35ad44c11cb5","2026-09-23"
"10_S老师IP资产\_asset_notes\D_Evan_video\zhuyiming\output\ip_v6_work\frames_in_25\00337.asset.md","asset-note","33fac8acc2ffdf99920248225fbf5085d5f721a14f4b0e614233bdf48da72332","83a5a6eba0522e989112d71f76a1914b403c39f234bc9aace9bcca833a4ef229","2026-09-23"
"10_S老师IP资产\_asset_notes\D_Evan_video\zhuyiming\output\ip_v6_work\frames_in_25\00338.asset.md","asset-note","279d161578377f1468ff2d4b07c61202e076b78f769e67f74cd8dba2f169c099","9ef28bcb584b7baed33b73838991d1171c18b1b399730e22fc2d5914ce2eb5fa","2026-09-23"
"10_S老师IP资产\_asset_notes\D_Evan_video\zhuyiming\output\ip_v6_work\frames_in_25\00339.asset.md","asset-note","c391dafcc812b68e514d3276d1ea5182ce276e3d6b3623b3eba2c65efc06763d","08efcc8d9bbacf17f37267ba2ca0a81340659601b7549bb3deaf03f101136df1","2026-09-23"
"10_S老师IP资产\_asset_notes\D_Evan_video\zhuyiming\output\ip_v6_work\frames_in_25\00340.asset.md","asset-note","da8331ea009f1acac210547f6fa18bc00f88ad3dcca3b4c3b67931d0bb2138eb","1b0a6080573031a2c18a5f1b6684b8996859ff53090345ba9834a4a953d1e45c","2026-09-23"
"10_S老师IP资产\_asset_notes\D_Evan_video\zhuyiming\output\ip_v6_work\frames_in_25\00341.asset.md","asset-note","3c1981f042eb88b50f6352048a204b26f65607459cab98a367eac2648fa4da31","717e8ffa068a334666392ea7d84df39da416424b83f3d6c8122bdc8650d8c03a","2026-09-23"
"10_S老师IP资产\_asset_notes\D_Evan_video\zhuyiming\output\ip_v6_work\frames_in_25\00342.asset.md","asset-note","0fb1fa07d41faad54c3d21b2caea75b7af6a8fa06f8f9278e8e864cec074af9f","62a4781baba7432ca178c1b632845b575074ee308447d159d1feee221e051080","2026-09-23"
"10_S老师IP资产\_asset_notes\D_Evan_video\zhuyiming\output\ip_v6_work\frames_in_25\00343.asset.md","asset-note","121d1806c327bac7669f4777d82d195cd6dbaa2c7d0263a29cf8b25410288a01","d6fa13028435e4bd8569ff2861328be7d1e182c2ea2d0e59bd29a93ec5da4285","2026-09-23"
"10_S老师IP资产\_asset_notes\D_Evan_video\zhuyiming\output\ip_v6_work\frames_in_25\00344.asset.md","asset-note","092c2c5faf9fef810fbfffdc3cf5a8e5464c2eab8543093c7414aac9687f269a","bf481932bdf732d6df01cd6d35536d465ca434ec706f66afef53ea9c356c29fc","2026-09-23"
"10_S老师IP资产\_asset_notes\D_Evan_video\zhuyiming\output\ip_v6_work\frames_in_25\00345.asset.md","asset-note","5d2e54531e6c79b03f1e21a3cff55886c2a41bfdc65f53d549648d5138027925","4e7266fdc0d6540cba9aff7a877555dc1c07d5347cd520db8f7711a2dde42e6e","2026-09-23"
"10_S老师IP资产\_asset_notes\D_Evan_video\zhuyiming\output\ip_v6_work\frames_in_25\00346.asset.md","asset-note","13c818e70ff57ef98822848cdd3423f18d67a562a5943a6b9e96f333dd8cb360","8f483435de34e1eb920432401349907d467fdfa0e335ec6b2391107159938c8f","2026-09-23"
"10_S老师IP资产\_asset_notes\D_Evan_video\zhuyiming\output\ip_v6_work\frames_in_25\00347.asset.md","asset-note","02e462a38267d29ee80556fab3a74a3d34aaa2a5bb3abfb3765604e2cc83a644","7dbdfdc7ff1202437efc4091bb1ea7e0db7f6ee5da8546595fc8fbdf9551bf7d","2026-09-23"
"10_S老师IP资产\_asset_notes\D_Evan_video\zhuyiming\output\ip_v6_work\frames_in_25\00348.asset.md","asset-note","0df5fe8f0df9fb324ae01b1ee9ff0e93c017df7449eb4a46b8f0a16cd6494e7a","dd0ca5d73b185d6e798558b60855ea6fd6821e526d01d612d3c7f7b054158d8f","2026-09-23"
"10_S老师IP资产\_asset_notes\D_Evan_video\zhuyiming\output\ip_v6_work\frames_in_25\00349.asset.md","asset-note","495fcf639806efc629019734443bbd82f180c694187dc3ee43a575dc041962d9","c28ce1ac73c6b199e84f6d85fa8943c6aa5045d8818d2e75f798adb396b76d81","2026-09-23"
"10_S老师IP资产\_asset_notes\D_Evan_video\zhuyiming\output\ip_v6_work\frames_in_25\00350.asset.md","asset-note","5a8bf2f92ab4f5cffde847fb9872af293a946dc8bc665538f4bcda9a2a1bd42d","52434f78e595a192c0e1768c178d7c42728b760581dc97baa4f4f13defa14a79","2026-09-23"
"10_S老师IP资产\_asset_notes\D_Evan_video\zhuyiming\output\ip_v6_work\frames_in_25\00351.asset.md","asset-note","5c8fd633d4698313157389df9046594157ac6acab5170a049f273be956b51f12","f24c63610fd228cbbf116d326768a6e3ffdbe3b085229d8183fb0052fb83c5ba","2026-09-23"
"10_S老师IP资产\_asset_notes\D_Evan_video\zhuyiming\output\ip_v6_work\frames_in_25\00352.asset.md","asset-note","7ab8adc22eb4dbbbd012ab0b73c5fbbfffcfbed3041cf27fcf14494ef49a6748","80d1a4cf7a496b7da501394572b93e9e1c8e478cfd6b012813c0d864dee8c0ed","2026-09-23"
"10_S老师IP资产\_asset_notes\D_Evan_video\zhuyiming\output\ip_v6_work\frames_in_25\00353.asset.md","asset-note","bc784da4aae9c3aab4cd9367646d49fa95cf4c795a16328fef332a0587242243","f53af63b80a4796344e2e66cbc9e6a3c2835399883fb951737c6d37d107fe3e2","2026-09-23"
"10_S老师IP资产\_asset_notes\D_Evan_video\zhuyiming\output\ip_v6_work\frames_in_25\00354.asset.md","asset-note","65a37059224ebfe9a9a194944e770243511d899688782659c7d72531e8ffd913","87f02b60b8b783fd92d36de3305cfd2aaf61506f83f3e3476341fe9a8c19ac16","2026-09-23"
"10_S老师IP资产\_asset_notes\D_Evan_video\zhuyiming\output\ip_v6_work\frames_in_25\00355.asset.md","asset-note","4c8de9fddceb5e20012d33767034c925140b1ef324c23640d4043c23499c40af","e525cdb46bb52cb341dd6be72514b8a6a3d8426e15454b23b04413059784df8f","2026-09-23"
"10_S老师IP资产\_asset_notes\D_Evan_video\zhuyiming\output\ip_v6_work\frames_in_25\00356.asset.md","asset-note","2b3e3b468f39ee27a77e1df821a370bba8a451fa776b448c058745eae04e227f","61983929b7aeef001abaf2da2589064918181709519091f8100aa1b6d3b9bc88","2026-09-23"
"10_S老师IP资产\_asset_notes\D_Evan_video\zhuyiming\output\ip_v6_work\frames_in_25\00357.asset.md","asset-note","73c3244c995c71d6a8bf96b9443d1957974b6a46d317f264811ce12d00026514","3eacd9dcd1e2dac0de3dbe8b14853ca1f374d8156a81fa082209203d90ea385e","2026-09-23"
"10_S老师IP资产\_asset_notes\D_Evan_video\zhuyiming\output\ip_v6_work\frames_in_25\00358.asset.md","asset-note","543f9517be6e6e6d009106998a4f2d88cb944aecbbdf1c1999e2257670d68a4b","39dbb1399b1c0c504b72adf36438fb1a828e77292d126fefaa8d3b5adabd187f","2026-09-23"
"10_S老师IP资产\_asset_notes\D_Evan_video\zhuyiming\output\ip_v6_work\frames_in_25\00359.asset.md","asset-note","b351c5f8ac8e3bb965cc3a6228c3e41a55125bc9a03977dadfd1b55a282db59b","226ed1406ed372e847b7206132ef2069a5110b3e40ec84a3e4f3990cdf269d43","2026-09-23"
"10_S老师IP资产\_asset_notes\D_Evan_video\zhuyiming\output\ip_v6_work\frames_in_25\00360.asset.md","asset-note","2361741a67b84b265d50e35aae3000a114a077113234fc930031f17e1dace888","e469503abac741dcaa7abc78573443d82b3065a56358750c4c7a16d3c9137c69","2026-09-23"
"10_S老师IP资产\_asset_notes\D_Evan_video\zhuyiming\output\ip_v6_work\frames_in_25\00361.asset.md","asset-note","de303eeb0fc1404e232470ec38a7975b3459d9c9b7ec1e46c32d6c57bd1dae46","ed294ee267425564e0f26a30cb56b7971bb78a3e400956fe3c83e6c4d61e0270","2026-09-23"
"10_S老师IP资产\_asset_notes\D_Evan_video\zhuyiming\output\ip_v6_work\frames_in_25\00362.asset.md","asset-note","52448d279f0e8b71888eb4927648fe8f41edf7031771f491bec06073bd390a42","24285facc0e2717754f3fefa8b8ea2fdb805d474241bb9cd75d50a873cbd63c8","2026-09-23"
"10_S老师IP资产\_asset_notes\D_Evan_video\zhuyiming\output\ip_v6_work\frames_in_25\00363.asset.md","asset-note","9804ad32cb15c5aee2babc8d252c236fc26c9dd12219f18147aa0cb7c04ecf47","df10c5ad8a981cacf93e462af6970fee9a62c27822ba53157dd9df4d814c82ed","2026-09-23"
"10_S老师IP资产\_asset_notes\D_Evan_video\zhuyiming\output\ip_v6_work\frames_in_25\00364.asset.md","asset-note","0d2710ee1ca94331f6077c80c61efb92a0e37aef67dc7bd9e680593a530fdc49","1e0f6b3ae01dc108c9e6da66c8523365e8865f1ba8b7e2d53c42d23d8efe91d7","2026-09-23"
"10_S老师IP资产\_asset_notes\D_Evan_video\zhuyiming\output\ip_v6_work\frames_in_25\00365.asset.md","asset-note","dcdf4702291558498022d23a193bef51f031a45790f87000ca4b076f492c36a0","42d6becc65c46e19549ad1de6efe8b852e535d274d8116e3478ed7b73c8cb7af","2026-09-23"
"10_S老师IP资产\_asset_notes\D_Evan_video\zhuyiming\output\ip_v6_work\frames_in_25\00366.asset.md","asset-note","3823735ce0f9654967475169f4eeb98855a1358500571ee53ecb4d38f6ab91df","62cb7d17572a0dea94da8ffc3e6dfaf3d1e90e970929f2e33bd8a4622b373243","2026-09-23"
"10_S老师IP资产\_asset_notes\D_Evan_video\zhuyiming\output\ip_v6_work\frames_in_25\00367.asset.md","asset-note","a4893d7e259057bfd767eb40669c1c672c635242a98fcffea91aa4d9425f919b","253866a90c6497b8cf4e4fb104b73a9746f5053b491e57ffff848f03bbf2bb74","2026-09-23"
"10_S老师IP资产\_asset_notes\D_Evan_video\zhuyiming\output\ip_v6_work\frames_in_25\00368.asset.md","asset-note","1330e9d4f8edcc27601239112373454b4aef4ce16ff101041f942252dd43f869","f2ed895e6a1998e374096a3b3a6bfa4253b855dce0d9ad9b6e5a7583772ebe96","2026-09-23"
"10_S老师IP资产\_asset_notes\D_Evan_video\zhuyiming\output\ip_v6_work\frames_in_25\00369.asset.md","asset-note","aadedbf026c60005fae54f4e317535e35101c727ee1c76856eb1f572dbd52810","ee98a4480a558e63ee598b3a501f25855d182cc0b44db69caaa6baf2499e2856","2026-09-23"
"10_S老师IP资产\_asset_notes\D_Evan_video\zhuyiming\output\ip_v6_work\frames_in_25\00370.asset.md","asset-note","4b4017d7a9ef37ef2aa2a7808a565d4e63b4b09010e3dc607eafbba82299f03e","cca5935ab0a5c0d21a689d1086cf82bfb4b3c9990f4ad0fabaf665c13a1bf741","2026-09-23"
"10_S老师IP资产\_asset_notes\D_Evan_video\zhuyiming\output\ip_v6_work\frames_in_25\00371.asset.md","asset-note","6d94d8b0bd861501e81f69a0c9d6ff5dbafcba5ff131f58e176f22443962100f","ae9746e6adff7235ebb5ed2da6ba5593b7e86f014123afe9e0ca926491fbc7ae","2026-09-23"
"10_S老师IP资产\_asset_notes\D_Evan_video\zhuyiming\output\ip_v6_work\frames_in_25\00372.asset.md","asset-note","90b2232aa1d2b56c20e5e0fa7c7a47f7ce7d87224401cc6921b77af6d9a3a060","320a579de05e18768a8c78bbb10616a2dba3bc186159ed6b180c99d4e69004cd","2026-09-23"
"10_S老师IP资产\_asset_notes\D_Evan_video\zhuyiming\output\ip_v6_work\frames_in_25\00373.asset.md","asset-note","ae8ea3fe706006011ceab5d5605e1c990a174a8d40b4221a53ddcb8731c0fd7a","61b9c9a360bafe5a2ac4bc49e41f7034e5cfddd38858d977226ab4d742fa17d2","2026-09-23"
"10_S老师IP资产\_asset_notes\D_Evan_video\zhuyiming\output\ip_v6_work\frames_in_25\00374.asset.md","asset-note","821a18f4f22e9960ef30e29f5c98e4c23addd5785496603aa82cbb2c910b4538","8f19feaba0580a2612b33055656944051575401662197f1cd75750dc80016ae3","2026-09-23"
"10_S老师IP资产\_asset_notes\D_Evan_video\zhuyiming\output\ip_v6_work\frames_in_25\00375.asset.md","asset-note","6af64b90c0823cbfdf197085ff1379d8df145ce953de7b2e3bc67e55be47fa2c","cd19690b9a40bee92358e29cc888994b43093c9b9f3b6b77a9e4aca6add3f617","2026-09-23"
"10_S老师IP资产\_asset_notes\D_Evan_video\zhuyiming\output\ip_v6_work\frames_in_25\00376.asset.md","asset-note","95c19e10de4effc7277342c1a88b4ac4f9b3955e6e10cec19683aeda80a32f67","7726ed18c93ea8b634ae17dca22854c35cc112882b811a0d1d2a0b6b6b952381","2026-09-23"
"10_S老师IP资产\_asset_notes\D_Evan_video\zhuyiming\output\ip_v6_work\frames_in_25\00377.asset.md","asset-note","460dca1e79bf4e438377b3312247cf4f888388c0ae8843acaba6da2c22ae8d64","092303c8941de40d9e762793c4636512772f5486985f24190c3b4b78c57a3fbd","2026-09-23"
"10_S老师IP资产\_asset_notes\D_Evan_video\zhuyiming\output\ip_v6_work\frames_in_25\00378.asset.md","asset-note","221e8ffa6660a55939f2b213f3a377fd485c46697776ddc733d69be27cba81a4","d2a9a8ccf791991bcde381e4739ee428f6354e32f98f91283b887c44109e48f5","2026-09-23"
"10_S老师IP资产\_asset_notes\D_Evan_video\zhuyiming\output\ip_v6_work\frames_in_25\00379.asset.md","asset-note","4f47655db12950a102861e51f53f1d3d3f85877472f4ef5542cd0a4349d455de","2b70d4b0057cf02e43aec1627db1488e852e8282f562f50314e5cf017fa15479","2026-09-23"
"10_S老师IP资产\_asset_notes\D_Evan_video\zhuyiming\output\ip_v6_work\frames_in_25\00380.asset.md","asset-note","45a5aefd80d8546352932bed9cf33dd8578893c00f227aacfcaaeb154fc39aa0","bd6d0e276b74e25e8b66566a1ee71dc6a68009407c93694df0594c92a6997d52","2026-09-23"
"10_S老师IP资产\_asset_notes\D_Evan_video\zhuyiming\output\ip_v6_work\frames_in_25\00381.asset.md","asset-note","3ce3a9c53d30b1838c73ffde7811099dd61d3a99c619c279ac3ee452838e5a60","b89a38bf5a8a4132f290e3862c0c2ab9c40b20dc92bbb21492fe171069835333","2026-09-23"
"10_S老师IP资产\_asset_notes\D_Evan_video\zhuyiming\output\ip_v6_work\frames_in_25\00382.asset.md","asset-note","a76574db564c9e4978835d501bd7b6c5262584b52f2ea28bf6e0aa5623322b50","7faa9b347b4568e0161ad3ca54c5dd5cd3a2ccb4d66f7c42c1b5d76511a91f8b","2026-09-23"
"10_S老师IP资产\_asset_notes\D_Evan_video\zhuyiming\output\ip_v6_work\frames_in_25\00383.asset.md","asset-note","f643372932f7be1a21e43b6058c64e6d3fc8e030505c583f6596cd4cdee5030b","e1f5216ec761c7bdf1efe3e8362802c2dc24dba806afd6d43f4731762a97404d","2026-09-23"
"10_S老师IP资产\_asset_notes\D_Evan_video\zhuyiming\output\ip_v6_work\frames_in_25\00384.asset.md","asset-note","d1c1e23554897aa21e62dde8339b468aa879b11c0ead9d0283f56c7cb7610841","25a35df9e6eb47e57ec69dc845241414f19979fc74e4fe4cba3d171c2969471d","2026-09-23"
"10_S老师IP资产\_asset_notes\D_Evan_video\zhuyiming\output\ip_v6_work\frames_in_25\00385.asset.md","asset-note","bfd817f01a7d5bb6f2d11c93f833ad42990cbe48217173df5e9988bfcb4036af","c5fa93a1dad56a5e8e2508f7c5847f5de311fc818812d9d81343a8d18ca4d366","2026-09-23"
"10_S老师IP资产\_asset_notes\D_Evan_video\zhuyiming\output\ip_v6_work\frames_in_25\00386.asset.md","asset-note","928464d709ce962084b4f624bd5983e04e7f34db43fc6bced2bc36ecbe995383","1ef2cb957e0310c220387988181b4a79cc7d8508d464b2384112411517b1a8c3","2026-09-23"
"10_S老师IP资产\_asset_notes\D_Evan_video\zhuyiming\output\ip_v6_work\frames_in_25\00387.asset.md","asset-note","eeead167d502ac78fbdf3d38bd894bd6c728a2b0356edc1a7f5d345c935f424b","2fd1b94f0b845340fa70933ab6b9c15c10e3c873f12e772dc25814fb37e576f4","2026-09-23"
"10_S老师IP资产\_asset_notes\D_Evan_video\zhuyiming\output\ip_v6_work\frames_in_25\00388.asset.md","asset-note","614e093d3bd651712742ec90d553772b201270bd38c08f466dfa8e8663f1aac6","bbf3cfb2a8c1f9e9927c2ba6b6310e06113c922e01f025cad0a2002f8ae84663","2026-09-23"
"10_S老师IP资产\_asset_notes\D_Evan_video\zhuyiming\output\ip_v6_work\frames_in_25\00389.asset.md","asset-note","08dd56b180cb2e54c521107426045c8f0cabf68df4d44886d413604b72b05fda","c6caa5f24a814c991842ce429dca53a2500c8ad1d2ef45c28a82659090ad0218","2026-09-23"
"10_S老师IP资产\_asset_notes\D_Evan_video\zhuyiming\output\ip_v6_work\frames_in_25\00390.asset.md","asset-note","22c2be7fe37d0b90cf4915404950f24a35e6c7e6280390243f31e71c943307ba","361d3f09f3b9cfd652c183fa37bbed714ce5d3bb245d10adafb5c78d5d31da59","2026-09-23"
"10_S老师IP资产\_asset_notes\D_Evan_video\zhuyiming\output\ip_v6_work\frames_in_25\00391.asset.md","asset-note","b78176582ae8d60ba0381c8e1fdde5db0793cd872b46d7039724272c3867728b","273632b310bed99ba286802b060732d79e1a7b140aa90f9cce60ddbb97d7bce8","2026-09-23"
"10_S老师IP资产\_asset_notes\D_Evan_video\zhuyiming\output\ip_v6_work\frames_in_25\00392.asset.md","asset-note","83d27c41680dba39267d91bdcc7e7f0cc3f87092de9dc15970b1798b036c20ce","77ca86efc1afc8a818dd7b323a02eea07bf464c8c367bf9aa156e1934fac3121","2026-09-23"
"10_S老师IP资产\_asset_notes\D_Evan_video\zhuyiming\output\ip_v6_work\frames_in_25\00393.asset.md","asset-note","093ba40041e774ff54ba2d24ac32f0094b75d057b4bf705ff6dbd56a0ab86163","324b855565f6ad2ef41873aeb3ed817b344aae7dc4b38fe8ebfa64ffe1ffe0ef","2026-09-23"
"10_S老师IP资产\_asset_notes\D_Evan_video\zhuyiming\output\ip_v6_work\frames_in_25\00394.asset.md","asset-note","42ce85f756e285091c8745a0bec5df990c9b084108865cd4fb8347a823f16797","c4e9d377c228247aa02c00b581fd8eda50cb57648cd8b2706e113b04166b6870","2026-09-23"
"10_S老师IP资产\_asset_notes\D_Evan_video\zhuyiming\output\ip_v6_work\frames_in_25\00395.asset.md","asset-note","4e625e9ddf0f666fbfc8e6b840d4c4e11101d426d7373d80d61195abeb214037","84aaebc91743d0ecc83746fa29c6b7fed69c793384e5967f4688a88646f24885","2026-09-23"
"10_S老师IP资产\_asset_notes\D_Evan_video\zhuyiming\output\ip_v6_work\frames_in_25\00396.asset.md","asset-note","a4b4cbdd1437e3c185cd9b2500220dddbff89891a5b73e450d444541d8c230a8","8ca5addd5adeeed2afd8c236f3a046715a2bb11be0400ac6f39901d4a4f0a228","2026-09-23"
"10_S老师IP资产\_asset_notes\D_Evan_video\zhuyiming\output\ip_v6_work\frames_in_25\00397.asset.md","asset-note","d93e68567eb9824b521bbae93121a70b8889dd67045c42ab9faec5e164eb2b9f","be6b2887a84e84fcff7b0dd0343d4f350140b7a511502e4de5543b3c7a3bd5f3","2026-09-23"
"10_S老师IP资产\_asset_notes\D_Evan_video\zhuyiming\output\ip_v6_work\frames_in_25\00398.asset.md","asset-note","c50209e8aefc51ea39366d791ebc9f0ee1fe898667cd382034f338009316165a","a849bb26ecac0eee30862de7192176c9332d3297894f073e5befa0cf1af56fcf","2026-09-23"
"10_S老师IP资产\_asset_notes\D_Evan_video\zhuyiming\output\ip_v6_work\frames_in_25\00399.asset.md","asset-note","1b936a6b2766b3db307e3ffde3b927e24ef6b5b6cec86950c4ab19c00a6ecf13","a361494ecdc9271577848587cd9fff03cd37328225234153a480192b3ed7882e","2026-09-23"
"10_S老师IP资产\_asset_notes\D_Evan_video\zhuyiming\output\ip_v6_work\frames_in_25\00400.asset.md","asset-note","b1150843410e3cf64f34ab34344f0a1e6d95783d6df3567d8f6a2e49ee20404a","4833b4202155dda7a22db45d0b9058f78ec58256355872751febf289b11c71f2","2026-09-23"
"10_S老师IP资产\_asset_notes\D_Evan_video\zhuyiming\output\ip_v6_work\frames_in_25\00401.asset.md","asset-note","5c13da0787a60edcd81d9f408092f1f3b11f8bc0ba7c7bb0a851ee116a0d415e","74f47191690683a51ba767947caf6007aba9b3b5cdd1c31ffe0a8f9b709343b1","2026-09-23"
"10_S老师IP资产\_asset_notes\D_Evan_video\zhuyiming\output\ip_v6_work\frames_in_25\00402.asset.md","asset-note","d30bb386645c49b84a3db3489b370fb0643a048d4d183fc2697ec653bf7c89ee","44fff3a588b42b5f0b19e346a02c0f00343b53356053da08b963513991d02434","2026-09-23"
"10_S老师IP资产\_asset_notes\D_Evan_video\zhuyiming\output\ip_v6_work\frames_in_25\00403.asset.md","asset-note","18499e53805c5ba93eab818ee9735a32f26f15c98f98b4cd5a8d988cb8054371","92d6e5f012a4ceba64cb9d74bf154f55e54c789b6d3bdc5cc5b43eae797296cb","2026-09-23"
"10_S老师IP资产\_asset_notes\D_Evan_video\zhuyiming\output\ip_v6_work\frames_in_25\00404.asset.md","asset-note","899848bfacd98e2161ea144888bd9c4bd25f1e719acfb3d774cd29bdf2175955","399d7213a26e3e27de966d71f528137785dd8ef0f68cb333196358e77e2dcd5f","2026-09-23"
"10_S老师IP资产\_asset_notes\D_Evan_video\zhuyiming\output\ip_v6_work\frames_in_25\00405.asset.md","asset-note","df228d326365a1896c466abd733bd56f5e9f1aa99db1205ef6032cc7700abbe5","9712d38c8cfd35a1d4545864027a445b57f4e89d7079c1f265b80142ded1621b","2026-09-23"
"10_S老师IP资产\_asset_notes\D_Evan_video\zhuyiming\output\ip_v6_work\frames_in_25\00406.asset.md","asset-note","78249a97cd52e5c9a04f3fdc4b05506ccfab97a1c5a189a146f449a6555ac8d4","f2f5ab93f2e3c805bcb17f777e0709195f517d1dc9a8ff14d2e51ead0c3b9f4f","2026-09-23"
"10_S老师IP资产\_asset_notes\D_Evan_video\zhuyiming\output\ip_v6_work\frames_in_25\00407.asset.md","asset-note","a1953a7df0d38d3c9071b80eb7642d7f94c9d3ac71dc7f1ea481dd4a28c8817f","ded1066d8838d5fbcf82920bc42e3e91aa5bf840d03a0d6a7255511fc9825fcb","2026-09-23"
"10_S老师IP资产\_asset_notes\D_Evan_video\zhuyiming\output\ip_v6_work\frames_in_25\00408.asset.md","asset-note","79d92e69f954b4e23b615470f7bde5ec12273699743d29f3bccc42a8df6ef977","6a44009f790732f1c294d8f30819602a89ecd918118c786925574ca4320f1646","2026-09-23"
"10_S老师IP资产\_asset_notes\D_Evan_video\zhuyiming\output\ip_v6_work\frames_in_25\00409.asset.md","asset-note","a27ec93e6b0b5b86fcde39f3aec9733cd06d1cc348bd156364fa7402e131ee32","f6ff7e298e7d867e669872b23bbe775b7c7347092bd9cb7c7766af4ec832f236","2026-09-23"
"10_S老师IP资产\_asset_notes\D_Evan_video\zhuyiming\output\ip_v6_work\frames_in_25\00410.asset.md","asset-note","51b7ed96fee66564fa3cff6f4710bd7c7ebf030faaf3d41de25eb3aef455c72d","fe51d637ad46d9b27e7a04db4ba599e8ddc49675cef512678666b71933169bf0","2026-09-23"
"10_S老师IP资产\_asset_notes\D_Evan_video\zhuyiming\output\ip_v6_work\frames_in_25\00411.asset.md","asset-note","676c3be590f4c3a2179244870cacdacee0156a2d91ec7745cf5e87bf2c00a518","70db8dd9c648f086721f94345955ca7fe1ad86a756972959f16ec100e064b298","2026-09-23"
"10_S老师IP资产\_asset_notes\D_Evan_video\zhuyiming\output\ip_v6_work\frames_in_25\00412.asset.md","asset-note","6d796435e74546c919e56729399dfedfffdbb7cf94182cbdf22b56f7051d760b","073fc2185cf5300c56aa543da599473f8b05433a6ff40f9fbd8f761ed83f4b9b","2026-09-23"
"10_S老师IP资产\_asset_notes\D_Evan_video\zhuyiming\output\ip_v6_work\frames_in_25\00413.asset.md","asset-note","d3a65e784cde16647097deecbe2c9772d5271228f943980a3a76099c0784ae53","303352f559c307f7e6c0279f13cd5c9cd83077b3c9559d637916f65f46881c54","2026-09-23"
"10_S老师IP资产\_asset_notes\D_Evan_video\zhuyiming\output\ip_v6_work\frames_in_25\00414.asset.md","asset-note","ba55a2764223f4b73020f460f1b752bd579798b493a1fd699578dbfcf9a57320","22a7c2f2f09aaace2a93127e89a128c1ea414797f7c3f5340808044e0d37fb8b","2026-09-23"
"10_S老师IP资产\_asset_notes\D_Evan_video\zhuyiming\output\ip_v6_work\frames_in_25\00415.asset.md","asset-note","08bd58b598c5b80f2bbabad83ae67d31e2acff02e7ce6d2ecba4c84ec578a2ba","fe13189b07001b3206bf71db61f334e262a94b253cff5d7b26eceee93800fb05","2026-09-23"
"10_S老师IP资产\_asset_notes\D_Evan_video\zhuyiming\output\ip_v6_work\frames_in_25\00416.asset.md","asset-note","84000d2dc831889c9463723a26d53422e58263cf92be9af0aa1782ebe02ad109","dac6e2c7c926dc5e193626ef3d3afee33f0d442a788933f302c46e239901f7bf","2026-09-23"
"10_S老师IP资产\_asset_notes\D_Evan_video\zhuyiming\output\ip_v6_work\frames_in_25\00417.asset.md","asset-note","c40794215e99527f7cdb9beb4090504647baed48dae63c49f0302493768e5306","bf9e290cfef7380ab039fc2832a335cfbccf765c50d00c10c9d25efedabe1307","2026-09-23"
"10_S老师IP资产\_asset_notes\D_Evan_video\zhuyiming\output\ip_v6_work\frames_in_25\00418.asset.md","asset-note","b2d25f9800a19a57623f339b21e082fb2eae89fc698f40768062d0bf89109bb0","c53189d19cfb6ab6360b78dee7ae4fa756b3a3bf333bb0aa67b9a6a21d3b970c","2026-09-23"
"10_S老师IP资产\_asset_notes\D_Evan_video\zhuyiming\output\ip_v6_work\frames_in_25\00419.asset.md","asset-note","860a2f9b7db84fe2535d9d519f55bc1c62043269555ba6bdec11f6dd8d187439","fdab62128e0a05a94c143c3b3476dc77cd08fec69e57b23269c2e4eacfa7c5e8","2026-09-23"
"10_S老师IP资产\_asset_notes\D_Evan_video\zhuyiming\output\ip_v6_work\frames_in_25\00420.asset.md","asset-note","c18af31bcc9b5d96c2d0a8badbe96e409e1475e4f473d03d0add6592084f3245","eee8a003c1d5272b2b0728cdb38b8268dcdad20f3e4281a6cbb503de0de3abd0","2026-09-23"
"10_S老师IP资产\_asset_notes\D_Evan_video\zhuyiming\output\ip_v6_work\frames_in_25\00421.asset.md","asset-note","92d3606038229abe6f9ce3358c6a79ab767cadd3f1be66afbaacfe089a92ad34","c9e68fba79e468cf5a062855d345bddf46107f454ddc463877970bcf600b0a1c","2026-09-23"
"10_S老师IP资产\_asset_notes\D_Evan_video\zhuyiming\output\ip_v6_work\frames_in_25\00422.asset.md","asset-note","c57dfb5463a9c6c48c0969fe4e95225018af04db7d0f18ea368e47e2cefbde2c","f7c9fc1f0693a3981da84e8aeda9a4446ef01b1eade0418f7baae0d5a1bba49e","2026-09-23"
"10_S老师IP资产\_asset_notes\D_Evan_video\zhuyiming\output\ip_v6_work\frames_in_25\00423.asset.md","asset-note","6fb80feb940b9981cc8aebd496168c71d1e9ef3de3c6a2bd076a60c8b621e5c3","6d44a8497a1577b2a1bfbe3e699b13203e97ecdb38d23018b2013a2f029dc6f0","2026-09-23"
"10_S老师IP资产\_asset_notes\D_Evan_video\zhuyiming\output\ip_v6_work\frames_in_25\00424.asset.md","asset-note","d51108998d48c97f470f02f24e8b4713e5f5e93c7f62d71b4f5de7ed24abdab5","44e6c8c2c9aa053b8b8481203d2321f2feed17b0083f85e85a1d660e17205431","2026-09-23"
"10_S老师IP资产\_asset_notes\D_Evan_video\zhuyiming\output\ip_v6_work\frames_in_25\00425.asset.md","asset-note","9ddd7860570632a728b29b4b97304bd4ff1d5b3e909e087ceb082760e8283d60","b7e93418337ac067da1492161e7ad68dfcefe7c233657d0eccdea7e982763efb","2026-09-23"
"10_S老师IP资产\_asset_notes\D_Evan_video\zhuyiming\output\ip_v6_work\frames_in_25\00426.asset.md","asset-note","b20b1c92638ba00e4e89f1c930bb33c1f581246e117a4a54858d7bcb6da14947","6abe825210c77de05960d725f4b6e724de19ccade4e2722e7a0d907d5893afad","2026-09-23"
"10_S老师IP资产\_asset_notes\D_Evan_video\zhuyiming\output\ip_v6_work\frames_in_25\00427.asset.md","asset-note","1d2ad211fc3fe8c3d45fe4b305c70aa11f66ec96fbae5988b38c56e07edab030","8f1d49192ec36e63b0c404b24d246f0144a3e6e6e0d9b2e3b7a76a7193c5d263","2026-09-23"
"10_S老师IP资产\_asset_notes\D_Evan_video\zhuyiming\output\ip_v6_work\frames_in_25\00428.asset.md","asset-note","a175c0380ec0f0664503aba9b1ceb77a6fe4e9a08dd974f457624950caf36b02","319c2b0775612c7a275c2459cc4dbfe3a75ee94d10c18f71b36b754fbf90a192","2026-09-23"
"10_S老师IP资产\_asset_notes\D_Evan_video\zhuyiming\output\ip_v6_work\frames_in_25\00429.asset.md","asset-note","0331b2f3728bd083d4fe4db40a7da91abb0d64d589fa36b210fda66f87b78122","404b248f6b3acf813241062460e6bc12dd4e9111a4c191dbbc6674a32e4e656b","2026-09-23"
"10_S老师IP资产\_asset_notes\D_Evan_video\zhuyiming\output\ip_v6_work\frames_in_25\00430.asset.md","asset-note","79385cbb02e285bb23bdbbe512940e3e01ef3ad71d1dc1be6a059a0178ab7861","5acedfd44bbae9246f1ed45359fc5c2143024c41edd173c8a42e219f95146e8f","2026-09-23"
"10_S老师IP资产\_asset_notes\D_Evan_video\zhuyiming\output\ip_v6_work\frames_in_25\00431.asset.md","asset-note","67d0c3d9be7d122e47c7081d00807c96a2bdfd2edf4fe487e495c5314835e6a8","1fb799b0b172f3b32ca7076d97231c4236a198d37f895d0186c2550545fe648a","2026-09-23"
"10_S老师IP资产\_asset_notes\D_Evan_video\zhuyiming\output\ip_v6_work\frames_in_25\00432.asset.md","asset-note","b0f662f51ce5f47d11851a3446e814d71c2ee1d825b3c39af35208ca3dc7ad9f","b1ab7633314b238ab473bb256784bcc891b0910381e1994fae74c4f14395c69d","2026-09-23"
"10_S老师IP资产\_asset_notes\D_Evan_video\zhuyiming\output\ip_v6_work\frames_in_25\00433.asset.md","asset-note","15e40dcdf24c2d45c70c6a061b24c40acb35531c884662cd73c7264ae70b2136","81627cddf8b80741470293b407caacd549d029ef05d762d29c858abb7002eb0a","2026-09-23"
"10_S老师IP资产\_asset_notes\D_Evan_video\zhuyiming\output\ip_v6_work\frames_in_25\00434.asset.md","asset-note","94fed076db16873b1a91f0e3f4f37c08e9ea4b55d4851c19234eea168266332b","449f1d6aad8671c19ea33540873622e6d289aa6bb09f7bb204779de2f8018214","2026-09-23"
"10_S老师IP资产\_asset_notes\D_Evan_video\zhuyiming\output\ip_v6_work\frames_in_25\00435.asset.md","asset-note","379caabd3add0e5722bb73d3956c332d006d6acd5185f881d213a0a82120d8f4","55a1df9ac6cbabcc37218b77afefb075506cdc10e29ec7ae3a545f7178cdf44a","2026-09-23"
"10_S老师IP资产\_asset_notes\D_Evan_video\zhuyiming\output\ip_v6_work\frames_in_25\00436.asset.md","asset-note","7c257f9fc1313122cbeca705d7801af34c63acf0809f2d66523bc10b6d87490b","a31027ac7b8e4cd7db004ac121623fc350acf2d1563fc328cd487d87ef2d0f4a","2026-09-23"
"10_S老师IP资产\_asset_notes\D_Evan_video\zhuyiming\output\ip_v6_work\frames_in_25\00437.asset.md","asset-note","afa5d60693d883ed52208c72e4d69691d2219745b0aa27ea74b5151312a0411e","6766d2a650b18c9eb310f506824e597cec6034c5450cd05f3c66c37e0760ded1","2026-09-23"
"10_S老师IP资产\_asset_notes\D_Evan_video\zhuyiming\output\ip_v6_work\frames_in_25\00438.asset.md","asset-note","330d9f8ff1972914b0a7cd3546b6e787d3e03a9cddc67b2ddb9f8357754f6229","b65d6026ba58ca10772ac2a35db7520147694a90b6b0dba0d293ef22d4236150","2026-09-23"
"10_S老师IP资产\_asset_notes\D_Evan_video\zhuyiming\output\ip_v6_work\frames_in_25\00439.asset.md","asset-note","24c90d441f6f163e6aaecaaeef77321067d2af35f936edb8ad26bdd1176f49f2","7827465add97f0a9f0fa1c141ec3f03e35ad68521d5855af7f9150fe1107d064","2026-09-23"
"10_S老师IP资产\_asset_notes\D_Evan_video\zhuyiming\output\ip_v6_work\frames_in_25\00440.asset.md","asset-note","273cbbdb267771c4466a25aac0e1f8167c91c16aa7afd9c14c630091d101d5f2","8339a52e20a73d788d0c9ae27c8c66ab65430018e05a60dc483b9763c4fd3c5f","2026-09-23"
"10_S老师IP资产\_asset_notes\D_Evan_video\zhuyiming\output\ip_v6_work\frames_in_25\00441.asset.md","asset-note","b13825a3121455866d7323d8d2cd513ae30b61ead71b46e1eb3c0bc004968457","33402008ad5eb14de0da47e6354fd5a86bb0a08531f49c6d417639e15490a300","2026-09-23"
"10_S老师IP资产\_asset_notes\D_Evan_video\zhuyiming\output\ip_v6_work\frames_in_25\00442.asset.md","asset-note","5bb9df47c7aa4f3f21f25c6d371f4e6e57c05748364251250c99175c97ea8244","8d94c3c332da7e62df9265a210c342ec5ee7897aae8d71bd60f8c563f74ab3b7","2026-09-23"
"10_S老师IP资产\_asset_notes\D_Evan_video\zhuyiming\output\ip_v6_work\frames_in_25\00443.asset.md","asset-note","03aadc0cedaa68f879d7e12b8aad26882d62b335f7dcedac24eba64b8c55abb5","b8cd6999afa551cbcd119bd851aa85e7449cb9ee06a18ef875b0d8acf33b60d6","2026-09-23"
"10_S老师IP资产\_asset_notes\D_Evan_video\zhuyiming\output\ip_v6_work\frames_in_25\00444.asset.md","asset-note","9a00bdbf9fd47d92433cbc270acfba7744b3c16abe5ffcf50b7bfff2880362ab","643dbfd5a0ff90e71764ddb261e0b26d36d4923d2ebb3c8a2853b444e3f7ad4c","2026-09-23"
"10_S老师IP资产\_asset_notes\D_Evan_video\zhuyiming\output\ip_v6_work\frames_in_25\00445.asset.md","asset-note","4215d640d15948d5d7f416cff611ea75347a816cdcf39fa354e4b14585bf25ff","adb04552e419bdf6a12ac924242e1aa926b0d640479627a2e05117ce79fc8018","2026-09-23"
"10_S老师IP资产\_asset_notes\D_Evan_video\zhuyiming\output\ip_v6_work\frames_in_25\00446.asset.md","asset-note","774c4f09c04a27e2b4ffef348c6b34b8a756893c2fd5dc72c233bca1c52ca264","28c2f6c9c7fe337c1bfcfa9395c8c8a94c9f2135ea739a03678e4e074ae3e6b0","2026-09-23"
"10_S老师IP资产\_asset_notes\D_Evan_video\zhuyiming\output\ip_v6_work\frames_in_25\00447.asset.md","asset-note","41454cdf4e1841f20a6d864fdb58a4013822d829a2749ec2ae9e7ae179559c1e","d7d590344ef8c86d9e16b995cb32f9d158555c01aa7791c48e62f12c2ae06cb1","2026-09-23"
"10_S老师IP资产\_asset_notes\D_Evan_video\zhuyiming\output\ip_v6_work\frames_in_25\00448.asset.md","asset-note","ea490142d1b03f7d33eae434fb50ef6fbca5b7bcb3aa2d43b212a272728e0c95","765d40e1f05a1a6274aa928eb9ce9dc49fb4ce20b98baa78b04d0d122b84e425","2026-09-23"
"10_S老师IP资产\_asset_notes\D_Evan_video\zhuyiming\output\ip_v6_work\frames_in_25\00449.asset.md","asset-note","ee3c225eaf7282271ad50503c499a6b97e8083aea2ef821ef0408a2168c0505f","a5f411a05044b438704ca975f0e69ed2f152e133fec285190c1501924e6bc99b","2026-09-23"
"10_S老师IP资产\_asset_notes\D_Evan_video\zhuyiming\output\ip_v6_work\frames_in_25\00450.asset.md","asset-note","8f1fc5f26f5e7de3da3ba89a6b77207652c9f19992dd6c42449b8c4276dc433f","e2435a9abcbabcf345f2059ef6d47408ad1b06449591067338099d6c414cd86a","2026-09-23"
"10_S老师IP资产\_asset_notes\D_Evan_video\zhuyiming\output\ip_v6_work\frames_in_25\00451.asset.md","asset-note","cb402f91c5b65be091667e36211fe6462d242e2a785c34423ec754d324c06ade","e58e839c477d7d34a100673e6d49a26eda49fcaa651aaf2f585e1328f7c55d67","2026-09-23"
"10_S老师IP资产\_asset_notes\D_Evan_video\zhuyiming\output\ip_v6_work\frames_in_25\00452.asset.md","asset-note","9b6107664d23b05052e7c16a5dd02800023a15214a0b633f67a897cc573df1b8","a99c02662b1f6bdd044350e3455ca28967b08ce5739a1cf3e540a3e3c638f891","2026-09-23"
"10_S老师IP资产\_asset_notes\D_Evan_video\zhuyiming\output\ip_v6_work\frames_in_25\00453.asset.md","asset-note","12c1b94237a2c3dc66dee99ded3eddc138ca510045388cf8686d2b7cd95e2793","10717857fc01a356ff44beecbf98a42fd923d1039bc2cf34c0cfdf9c34534180","2026-09-23"
"10_S老师IP资产\_asset_notes\D_Evan_video\zhuyiming\output\ip_v6_work\frames_in_25\00454.asset.md","asset-note","1082ddbff879e046f11042fb2de085a5194bc68aa6d189d4e1948fa7708ea578","1e050ff8e06075877bf24293c5cb793a9e44a4c3244d0f675f509de5b3e8471f","2026-09-23"
"10_S老师IP资产\_asset_notes\D_Evan_video\zhuyiming\output\ip_v6_work\frames_in_25\00455.asset.md","asset-note","d6f9bfe343c7aeb4b8b6c9cff32095d55975da7b6183d44642ec4cc1a4ba7cd4","903ac9ccb4abe4461245028003604c93b863a3234456bc2572df1ea441786761","2026-09-23"
"10_S老师IP资产\_asset_notes\D_Evan_video\zhuyiming\output\ip_v6_work\frames_in_25\00456.asset.md","asset-note","5e6c27c3baa961c0550afe715d43f3ec7bd31c20d7085bf9de3265919a584a73","a973a5771044244c903dc82a5efde14738dfe1fa9bb7586fbad6c43974b27ef4","2026-09-23"
"10_S老师IP资产\_asset_notes\D_Evan_video\zhuyiming\output\ip_v6_work\frames_in_25\00457.asset.md","asset-note","87536e6b49795257ba757df46d2c481baeceb6851483246e6270702e20a77b73","0962d5daf9a63564e1b3af0f117d3fa9ffe69a27d4875467693f46fe93e40712","2026-09-23"
"10_S老师IP资产\_asset_notes\D_Evan_video\zhuyiming\output\ip_v6_work\frames_in_25\00458.asset.md","asset-note","dcacecaf155219dc54ced0efaab0ceb9d476681d1af213e8b90b44d0720a185d","40a7c31078bf6e7f2886ec6e1b637f5fbe1188e2fd24d988718ea302a7757633","2026-09-23"
"10_S老师IP资产\_asset_notes\D_Evan_video\zhuyiming\output\ip_v6_work\frames_in_25\00459.asset.md","asset-note","b081056980dd405cb706978c7c5a652f82c3c21dacd4e17979788cf32213765a","d4407f63da4aa3eb3ff9558ad2623ed94358b3bb6a15b930f2d1b5aa80c86304","2026-09-23"
"10_S老师IP资产\_asset_notes\D_Evan_video\zhuyiming\output\ip_v6_work\frames_in_25\00460.asset.md","asset-note","ecc6b689dcd1d86656a0b23e21c5cdcfda1ff92d9e0a4f84aa260820e3dedfaf","c00bc7689501b195ab9abe00252e3bb3d23d220887a0b83d14366d6802a5ed8f","2026-09-23"
"10_S老师IP资产\_asset_notes\D_Evan_video\zhuyiming\output\ip_v6_work\frames_in_25\00461.asset.md","asset-note","7a7e9d734e75420d362de63e67a902c1494b67116daff727369d8decdbbe90d7","b253a9102087a650bfc7c1d9ca6feae9f98da8f26febb4dc396fc6ef01f9d43c","2026-09-23"
"10_S老师IP资产\_asset_notes\D_Evan_video\zhuyiming\output\ip_v6_work\frames_in_25\00462.asset.md","asset-note","bbbe5a963582fa17b925d5225a3b722c812bdf530de420d7b7515528e5782f8f","ac8b21c198f9efd7c479cc91ece4cc66484e1bad69c88284476a36a64dcac9d4","2026-09-23"
"10_S老师IP资产\_asset_notes\D_Evan_video\zhuyiming\output\ip_v6_work\frames_in_25\00463.asset.md","asset-note","831490bc412f5a4049ac684df7efcf4fb59535d3acfe07b4f6705084cb84e997","13503267a31c9280ce82923718b4aac02fb8e60787f7ab017fad0e4022ea925d","2026-09-23"
"10_S老师IP资产\_asset_notes\D_Evan_video\zhuyiming\output\ip_v6_work\frames_in_25\00464.asset.md","asset-note","24c332aee4d3cde27edb0ab20e7f62de9ea943cae001b65bbd11cbcc32b97e67","c0322485deebbef5f53cc163177c6eee402355d1097f42143fe69c7b36bcbf45","2026-09-23"
"10_S老师IP资产\_asset_notes\D_Evan_video\zhuyiming\output\ip_v6_work\frames_in_25\00465.asset.md","asset-note","01e44009ab3e62cf66462aba49648af73a84c80a2ae12fa23d2b0f60d07920e1","fbca3213133ad318270431d83709562042daff1c19c1d6da8d264c0b478885b1","2026-09-23"
"10_S老师IP资产\_asset_notes\D_Evan_video\zhuyiming\output\ip_v6_work\frames_in_25\00466.asset.md","asset-note","21c8b0de2101b183b7ef1f2f07470746a792ac78cc39a3e5441d78ae14ded787","9924b4c14e003bfb79609078e5ce100a130cc2f3ca0743213e2c498cd6cd0be1","2026-09-23"
"10_S老师IP资产\_asset_notes\D_Evan_video\zhuyiming\output\ip_v6_work\frames_in_25\00467.asset.md","asset-note","61206879d3c838bd2b17b541f97605dd4af9527a8d39efe96bda30247c7032ec","3090590f1520550633327c8e302b567f3a65d0e957fed65e79be694047eab473","2026-09-23"
"10_S老师IP资产\_asset_notes\D_Evan_video\zhuyiming\output\ip_v6_work\frames_in_25\00468.asset.md","asset-note","c43b73d20d94daf2318dc8b7a414b3f17c39019bec7081cadeda0160751b6a2d","451918974d954b0b402d5f8d96bca1f6cac1203735d34c95581b5af7d3191d8d","2026-09-23"
"10_S老师IP资产\_asset_notes\D_Evan_video\zhuyiming\output\ip_v6_work\frames_in_25\00469.asset.md","asset-note","ad828f77ea2244994642db1032609bdcb7c8c3d3cecafcd29a1c62103c3b701a","38c8e47c4c07ecda0e8ad62ed17ab8e72256c5dd1aae30afb91ba3c305deca89","2026-09-23"
"10_S老师IP资产\_asset_notes\D_Evan_video\zhuyiming\output\ip_v6_work\frames_in_25\00470.asset.md","asset-note","aee3eed0bdb9bb196b0e6ed84d206081658ea7b9b6340b5c23a10b5ef27ef74f","be627a319836b53c205c7b9689139e86101b3258577045924d33ab54579d5de8","2026-09-23"
"10_S老师IP资产\_asset_notes\D_Evan_video\zhuyiming\output\ip_v6_work\frames_in_25\00471.asset.md","asset-note","4bc4a263b94697f0242fd23c6e61299236d95d828a6b175a404e31298ba5af04","cbc6a12a7be0f24e58f7485a3b9beab575311e10748f65e8b447dc844668fc70","2026-09-23"
"10_S老师IP资产\_asset_notes\D_Evan_video\zhuyiming\output\ip_v6_work\frames_in_25\00472.asset.md","asset-note","ba7a324c1882897039a07f13fec942a53a59a98cf2c4947384c6363cd0d6c3a4","b0be654ca07efcfe39a3c49a637d3527e0be990501ed572f3111176379b63720","2026-09-23"
"10_S老师IP资产\_asset_notes\D_Evan_video\zhuyiming\output\ip_v6_work\frames_in_25\00473.asset.md","asset-note","9fa579a7ff5cdf1c4afb797b34d9c19b05372e8d463cce1262f68677b1371c2e","a2f23574fd4c7bb8525699762f217931da6469da8cbe57b8f5015d1cf53d0029","2026-09-23"
"10_S老师IP资产\_asset_notes\D_Evan_video\zhuyiming\output\ip_v6_work\frames_in_25\00474.asset.md","asset-note","3066463cb4bf578ee56b38ed3be5df90eebbdc44f154e55647ff9c2ac65ecee1","95d4c5237ede47e54fc453c446cc9c3c319e459323599173e23c6f0bfe39567b","2026-09-23"
"10_S老师IP资产\_asset_notes\D_Evan_video\zhuyiming\output\ip_v6_work\frames_in_25\00475.asset.md","asset-note","f5dbe89377f07437206f8213a52df2bc6e7aca270d101de86f0806a089777879","748a0eca1c6c6a336b796f87e0a59437f92206b2a884929da52b2b0b806aa538","2026-09-23"
"10_S老师IP资产\_asset_notes\D_Evan_video\zhuyiming\output\ip_v6_work\frames_in_25\00476.asset.md","asset-note","f818b8d2f3103acf21ca73e996a38ec651629917dbcb4e8704d14de91314787c","7f31fdf9f4bd438f861c1308585e7a3ac4c3f2eab5fa08c3f5ab433c89567174","2026-09-23"
"10_S老师IP资产\_asset_notes\D_Evan_video\zhuyiming\output\ip_v6_work\frames_in_25\00477.asset.md","asset-note","73c89e5d3d834ac394452b3066bd7153b65d68a61baf55aa869af4fe3652171e","5f822b1fb2f9544a537dba19709e846ea6b0bcbab1c84841f53b90ac2871211a","2026-09-23"
"10_S老师IP资产\_asset_notes\D_Evan_video\zhuyiming\output\ip_v6_work\frames_in_25\00478.asset.md","asset-note","2d3631a22395f744d25a50e7f1585b88bc2e142537d98cf12fcf4b06c582ac93","a027630be129e4a1a15d942936cfcd4918cfa88a72830839ca9a679f5f60c2e9","2026-09-23"
"10_S老师IP资产\_asset_notes\D_Evan_video\zhuyiming\output\ip_v6_work\frames_in_25\00479.asset.md","asset-note","c623d5fd37448602d4b2ba62a1437087115630dbff17da1adfea135340247ddb","2bf9f0c91e5146b525791d8cf5bbf64e0636e930767fa118214abe57d34fd87c","2026-09-23"
"10_S老师IP资产\_asset_notes\D_Evan_video\zhuyiming\output\ip_v6_work\frames_in_25\00480.asset.md","asset-note","30daeaa7df269e5876ef23d9d1ed1b6ff85dff56593c3a0c0d22ce8c53da9898","9eb62440d22eb67a55690327b179db2da09f382af66626890c34c0023ebe0beb","2026-09-23"
"10_S老师IP资产\_asset_notes\D_Evan_video\zhuyiming\output\ip_v6_work\frames_in_25\00481.asset.md","asset-note","5949e359269ae87071536b4b3ef21a284a5a3392976c98b373b0c49004b31fab","bc3f761a1a95ed772e80e0c8c0d8ac547ec01b90ac10de81e2edb93c8a2207d1","2026-09-23"
"10_S老师IP资产\_asset_notes\D_Evan_video\zhuyiming\output\ip_v6_work\frames_in_25\00482.asset.md","asset-note","0a54d1efc8798cddc7d9eefcacdc8e41140305d3e581008bc8f2e05e7db08ee6","56ac86d9ebb9c37e10eb4543b56344a713fe5ef3b7858fc9ab877e0a6ae02dbb","2026-09-23"
"10_S老师IP资产\_asset_notes\D_Evan_video\zhuyiming\output\ip_v6_work\frames_in_25\00483.asset.md","asset-note","88f1895c338f6c318bcc96553cbae9f98b280efd7afae6c58d44930e80792af8","cf9373b97783f7118711dbd7ee257ac9494e3e897feca8d017bec0bf1d825678","2026-09-23"
"10_S老师IP资产\_asset_notes\D_Evan_video\zhuyiming\output\ip_v6_work\frames_in_25\00484.asset.md","asset-note","27a3dab7e1375458db3070266d6e0a39b8497ed0f3d76e5edda37bc492657781","e6efaada1023c21ec8aa982b8eb7b60acd45ea890946efa615893e01ba5b796f","2026-09-23"
"10_S老师IP资产\_asset_notes\D_Evan_video\zhuyiming\output\ip_v6_work\frames_in_25\00485.asset.md","asset-note","5d4a15d71689673be1ca5a381e2ffc941697bbf32eb6549af2a2058a85f03576","b37166a378058e67b4b9757f79a654b19dfaeb897b6ba72aab39d39a0e7fdbc9","2026-09-23"
"10_S老师IP资产\_asset_notes\D_Evan_video\zhuyiming\output\ip_v6_work\frames_in_25\00486.asset.md","asset-note","d4647ff3083d42a60c223d050ff0cf38c650b475b02c1d89d8ca09181fa31bca","0673f3d3b9bf1e49287a578d186074403c50bdebcd2145970fce343e90172b28","2026-09-23"
"10_S老师IP资产\_asset_notes\D_Evan_video\zhuyiming\output\ip_v6_work\frames_in_25\00487.asset.md","asset-note","01b733d6d11cbdd236cbbd32d56bf7a30c9d5d0c2e8e4b4b829d670afd269bfd","3c966e69b250ad78d2233ea398ff5a2d0483cd2686ca4f69ae83cbaeaf293612","2026-09-23"
"10_S老师IP资产\_asset_notes\D_Evan_video\zhuyiming\output\ip_v6_work\frames_in_25\00488.asset.md","asset-note","a37f6304a6e2987f158a09944bc21670811b5588a7fe206e8aed2fbd0e00a35f","4777a2a3be1be38c56f22e4e235ddbd0da602ef6a5a776e863ee5ba2af3f9479","2026-09-23"
"10_S老师IP资产\_asset_notes\D_Evan_video\zhuyiming\output\ip_v6_work\frames_in_25\00489.asset.md","asset-note","4a022df34cb1dc68a1bf8777c05b5ab84e0bf58c3053594f9d6453e2b184695e","51d51438d2325e7d0e5204fdfcd16fbfbbd3d17b3446a2af5c49583ef44e3f44","2026-09-23"
"10_S老师IP资产\_asset_notes\D_Evan_video\zhuyiming\output\ip_v6_work\frames_in_25\00490.asset.md","asset-note","348726f1e72a6300f600c562c25ad428e121c95a0ebd9dce4ae7748cc5cd6982","f49df6201362a35c1e09a3ae05cc563dacb1a55dcfcb64742c9b5e8e45c12153","2026-09-23"
"10_S老师IP资产\_asset_notes\D_Evan_video\zhuyiming\output\ip_v6_work\frames_in_25\00491.asset.md","asset-note","ce00939c8008318061d964f12635675b9d47fbe930056f12cb2312a79d3f96a9","b2db228d70fced4c3f9cb8b65767b90af10c8c2a06d8f061ed56d7acb3b4b753","2026-09-23"
"10_S老师IP资产\_asset_notes\D_Evan_video\zhuyiming\output\ip_v6_work\frames_in_25\00492.asset.md","asset-note","67955b161d2925bcbb73c00fe3bbfef616049d6fdee56a3ace5d9b0e425b80a7","98f67efeadf75faea653fe08663a28c05129e845c6b9960739fe19525776eeb4","2026-09-23"
"10_S老师IP资产\_asset_notes\D_Evan_video\zhuyiming\output\ip_v6_work\frames_in_25\00493.asset.md","asset-note","f12a752de9107dd58ba846a31759571cffbc693e8957d47d4a85deebb12c5b67","b5a25f9652d0c5344323f589844fa78b10e0d2c28a6a6dc6a365071bf8cfb3da","2026-09-23"
"10_S老师IP资产\_asset_notes\D_Evan_video\zhuyiming\output\ip_v6_work\frames_in_25\00494.asset.md","asset-note","2751f707862efb4ea54c2f670486e2371c2f894881c0cd136de37f5534482cd1","812f412097d786161b65d7e29efd067db61b6aa3fe1d854693cb10404121bba6","2026-09-23"
"10_S老师IP资产\_asset_notes\D_Evan_video\zhuyiming\output\ip_v6_work\frames_in_25\00495.asset.md","asset-note","e1dd3762f9004033392ae715b7e5ada9235a2b320593de37b0a0b7374b194ec7","8c4c7708f3a3345a2261c45d4c307a48da73b4c75397b80f2159aef6f9a58ace","2026-09-23"
"10_S老师IP资产\_asset_notes\D_Evan_video\zhuyiming\output\ip_v6_work\frames_in_25\00496.asset.md","asset-note","ce2d61a7f5a9a0942e799298e920301a14cb92c36e8a18931cb13f7e49fad37d","6f0aaaa6503364961174e5502088a55fd251345cbe04d1fe1e34fc7ca8d4ee5c","2026-09-23"
"10_S老师IP资产\_asset_notes\D_Evan_video\zhuyiming\output\ip_v6_work\frames_in_25\00497.asset.md","asset-note","d7e96bead66a2e625385f6827d15eb5c6420104e9c3ce759ea86666b5fa89e1c","46c3af0e56152ddc382a100c35fac43cf64ae0e4c53ae326d950ee82b2cfec08","2026-09-23"
"10_S老师IP资产\_asset_notes\D_Evan_video\zhuyiming\output\ip_v6_work\frames_in_25\00498.asset.md","asset-note","eb8b68400be755ceb75b52741dcf398e337d679fb59db380fd57d6c06b1763fe","60b89c89692a48fce6bd5ee12d672171a8d641afdd0c199b7249845f36a61e87","2026-09-23"
"10_S老师IP资产\_asset_notes\D_Evan_video\zhuyiming\output\ip_v6_work\frames_in_25\00499.asset.md","asset-note","2ac3435b6d5b14d2ad3b9b725dbedfac0b036ba4d6edca5c1dc2d7c38f0838e9","25745c4199b9b5b3d2e516128e9749d81b89bb4cc89dd4cbc2b58a700877e45a","2026-09-23"
"10_S老师IP资产\_asset_notes\D_Evan_video\zhuyiming\output\ip_v6_work\frames_in_25\00500.asset.md","asset-note","d30c2c09bf663d2eca33f4c7337d16c5d8a468e5efff2eaf514b7bbae4530ab5","c05f39c62309d34a3a5036dc72ea9aae309ea76939234f2e0028d7ce7be5b93e","2026-09-23"
"10_S老师IP资产\_asset_notes\D_Evan_video\zhuyiming\output\ip_v6_work\frames_in_25\00501.asset.md","asset-note","810dbdf9c75e41738c80d0ca9ef0ad62f947b295d1d22cdbf8898d828ac4b9cf","33af9b7e4042ee6e4adbff01d501b3c7b0364626ee2f351b7243c32424d462e2","2026-09-23"
"10_S老师IP资产\_asset_notes\D_Evan_video\zhuyiming\output\ip_v6_work\frames_in_25\00502.asset.md","asset-note","3c6d224ebb49c3cb87c136d2437252173038703c5d90f3d15f25b493ae0dc712","8728a492b16e0b9740a8c95e3f97b05c6f9db9e99f438d3cac341b5c56c45a08","2026-09-23"
"10_S老师IP资产\_asset_notes\D_Evan_video\zhuyiming\output\ip_v6_work\frames_in_25\00503.asset.md","asset-note","7cc4467f2688fd719af7a58008145a0d2ebac3bacfbadbad6539bb2f45ab1f61","3e8c2da5b4c6ac2763d40035ac1275ff1eabf2d04a0633cbfe951a346eb60411","2026-09-23"
"10_S老师IP资产\_asset_notes\D_Evan_video\zhuyiming\output\ip_v6_work\frames_in_25\00504.asset.md","asset-note","4fd4d5ad7b288b28a5eb666a7c6741605c5c43efd378b96c26ab1d46b91e64a8","67ebdec1dc7cab6e8f87bb807ffc8aa942a80c4cff8f1b3e5cbef07744f51940","2026-09-23"
"10_S老师IP资产\_asset_notes\D_Evan_video\zhuyiming\output\ip_v6_work\frames_in_25\00505.asset.md","asset-note","4b6ff21297251e5eb279f29b72d41a4b972767559fac075dbe41c0609db72855","063aa05aa54b1b5a10b6e65048fdba1c255ee3b5181fc595e4ad2262a4416625","2026-09-23"
"10_S老师IP资产\_asset_notes\D_Evan_video\zhuyiming\output\ip_v6_work\frames_in_25\00506.asset.md","asset-note","700d700eca047fb9b65f775edddda3d3c334dbc270386864b9afae55d94cebe8","755ce2e3eb4647bc065e5985d201124469eb80b538f32259f1c59cc49d25bc4a","2026-09-23"
"10_S老师IP资产\_asset_notes\D_Evan_video\zhuyiming\output\ip_v6_work\frames_in_25\00507.asset.md","asset-note","542fb8e6ffb08b20912847d2809cf52caa046d8e2c3a9875724f7aeab6088f8a","93e94e3c05f17d19d3979c8bad01a4540f398c7a85510ca66529d966f1f6ac16","2026-09-23"
"10_S老师IP资产\_asset_notes\D_Evan_video\zhuyiming\output\ip_v6_work\frames_in_25\00508.asset.md","asset-note","33dfeb6d30a9a046509fe4091adbf9bbd3205a84d62baef7d05fb7b42fb4a04f","8c3c958b56457b7a2595a91d6c0130648fc6ad99b4121b3b720dc65a3ddd8e58","2026-09-23"
"10_S老师IP资产\_asset_notes\D_Evan_video\zhuyiming\output\ip_v6_work\frames_in_25\00509.asset.md","asset-note","80027c7707e9abd4336a81ef0f2610958168743ee29cab3d3d984209d9724881","a9f4a900d5c4b07b0a6fde369b475989f26441f82ac7a91d814c85cf9fa5a918","2026-09-23"
"10_S老师IP资产\_asset_notes\D_Evan_video\zhuyiming\output\ip_v6_work\frames_in_25\00510.asset.md","asset-note","6d1517e88fa8daf3b9e34968db259512ebaf14420d0788b87aa245cfe6268786","19d810f6b11d963c6f553dab424c44390116d2500ecd4d819c1e7f94a643113c","2026-09-23"
"10_S老师IP资产\_asset_notes\D_Evan_video\zhuyiming\output\ip_v6_work\frames_in_25\00511.asset.md","asset-note","edf421c6f7723e53e78f11319309fcde32acd34a41b9467cab1cd3ba8542fcdd","5d3cad607022233ad319f4b38ce4b7640243dabce9db57b10c1bd551d3e25e7e","2026-09-23"
"10_S老师IP资产\_asset_notes\D_Evan_video\zhuyiming\output\ip_v6_work\frames_in_25\00512.asset.md","asset-note","de8b311ff5c1f4cb840d4fee855e2577ba6ce06e162731fd51c3d47948e1bc85","1f9bfc2c7f0de99974b3f8197837fdee6d35a4eaf5219b3961c7c2e085611ea2","2026-09-23"
"10_S老师IP资产\_asset_notes\D_Evan_video\zhuyiming\output\ip_v6_work\frames_in_25\00513.asset.md","asset-note","3be28f110d91cb2d268b0fbe07ee8cd446f555bdb722fa9af3693582679b8262","b47c9f7a499e0703f249c2a97157dc6e828563292dea47ba1b9aa62c5122c44e","2026-09-23"
"10_S老师IP资产\_asset_notes\D_Evan_video\zhuyiming\output\ip_v6_work\frames_in_25\00514.asset.md","asset-note","c090ab112094fae7530446251a31eaaed76f7de58816adb7f7d625cc2f84bb2e","b4e58933e5dee3ce8c895318b499736b480f6a032fb7295206ac6b7de495b478","2026-09-23"
"10_S老师IP资产\_asset_notes\D_Evan_video\zhuyiming\output\ip_v6_work\frames_in_25\00515.asset.md","asset-note","42a66f9120017c7234078771de440867b266d4374d57195ec6b18d1889357535","aae4ee36fe27384a29cc8759c74f025f518fa4534d6a398849912354b76533f0","2026-09-23"
"10_S老师IP资产\_asset_notes\D_Evan_video\zhuyiming\output\ip_v6_work\frames_in_25\00516.asset.md","asset-note","ad93d344f75d27c5a67e5764a5352891cc815387b07f089c9e811ad7e71141c4","1871667b224247c8e6262c63bb67362c3404568d801ebd9f8c9e6f714d7a806a","2026-09-23"
"10_S老师IP资产\_asset_notes\D_Evan_video\zhuyiming\output\ip_v6_work\frames_in_25\00517.asset.md","asset-note","718f3f5f98fa3a7b8e9c39765e9c65dd5e2ff5e15bae4c304ea4e534e8e44d18","ed23467a63b70a6119d11bcfc26f03e6b9a40c88d8a822f30f359e502d567af8","2026-09-23"
"10_S老师IP资产\_asset_notes\D_Evan_video\zhuyiming\output\ip_v6_work\frames_in_25\00518.asset.md","asset-note","9e35194953877c061a58a5819b5689dadea7f9f215c2c39e1b1d6c5e64f09f62","eb54a4a884daf2f86018d8f8dfaccc6ede7c17d229cacf66d1a514116b94ea74","2026-09-23"
"10_S老师IP资产\_asset_notes\D_Evan_video\zhuyiming\output\ip_v6_work\frames_in_25\00519.asset.md","asset-note","b2c044b9482a2c5df30836b8828d6e7453dc22ee164699dcfbefbb5a94441eab","5f5130be0eca4eeafd962d54c00b93709bbdc2eb0d0613b86e6c30e23db4e664","2026-09-23"
"10_S老师IP资产\_asset_notes\D_Evan_video\zhuyiming\output\ip_v6_work\frames_in_25\00520.asset.md","asset-note","c807008263f17e75342947ce6a4b77ae44c073b10985b0cac114c3c0be599e1c","384580657d3c8f96e3c6bc5ced7dd48fb5fc5acbef27500a145e2ee4f74429b2","2026-09-23"
"10_S老师IP资产\_asset_notes\D_Evan_video\zhuyiming\output\ip_v6_work\frames_in_25\00521.asset.md","asset-note","70d35b851b15641a1a2e5bb45e05a42b5d08f095c6dc0ce94851f9b97d0cc82f","b573aa7e3fcdd2bd4f2ea0fceaa32da6caa547a30a39e23117ecc8239c4772e5","2026-09-23"
"10_S老师IP资产\_asset_notes\D_Evan_video\zhuyiming\output\ip_v6_work\frames_in_25\00522.asset.md","asset-note","0e3947623f55489728c52635287967aafd210e0a47cd26cc6ef5964f15d52c01","a1ed2d2477101697f2d10682c9b5c20eaa4060d5ea925dcbd68e3eeb0bb83c55","2026-09-23"
"10_S老师IP资产\_asset_notes\D_Evan_video\zhuyiming\output\ip_v6_work\frames_in_25\00523.asset.md","asset-note","d407380f08e5e5693f49c1b3dec655b01429be84bb09e1c6063225a8707163c5","8f57952f4f7c5330173f2ed58747fba422aa1b4b8153d4b5ed4c880b67dd58cb","2026-09-23"
"10_S老师IP资产\_asset_notes\D_Evan_video\zhuyiming\output\ip_v6_work\frames_in_25\00524.asset.md","asset-note","22d49c08ca35c9b30a9b9e11c341d423ffba8656dc503ca58953b74560f8c309","be76ae777c802492c4baec0e13543e57d29fc370db0362d3411e1b2e98dd95fd","2026-09-23"
"10_S老师IP资产\_asset_notes\D_Evan_video\zhuyiming\output\ip_v6_work\frames_in_25\00525.asset.md","asset-note","c9456a833465085eb3d2d8d1b087e33cf5497dd1a1f109077fc7e81894e64a02","5ca038c4f968a37a75c03306d5d4b515bc42570e6210f8db19a35ef2f90586a8","2026-09-23"
"10_S老师IP资产\_asset_notes\D_Evan_video\zhuyiming\output\ip_v6_work\frames_in_25\00526.asset.md","asset-note","80eee4b7d64ba350666c282888bbc7409446a4769c1368c49867e42ffe6e490b","e6bba78f9bb0c19f8ed623e694d2259ac7e93f1049cd3f73a92e925b1b21e514","2026-09-23"
"10_S老师IP资产\_asset_notes\D_Evan_video\zhuyiming\output\ip_v6_work\frames_in_25\00527.asset.md","asset-note","9f4b3cb46f4051ca492276f1440b4220537a66175833d2c2eec4ce7c51b9194d","6aea9d45b951d9525e67921e31510376ef2339ba2e99c02638ac217e726543a5","2026-09-23"
"10_S老师IP资产\_asset_notes\D_Evan_video\zhuyiming\output\ip_v6_work\frames_in_25\00528.asset.md","asset-note","291d0629ea44339463c6a7c0766983a740f5c7c4e7c84fd5268fc4a5fe20d189","91a20e66282416e9ff2b620542b61cf53057b4ae4de2e8555962b18a0987c0a4","2026-09-23"
"10_S老师IP资产\_asset_notes\D_Evan_video\zhuyiming\output\ip_v6_work\frames_in_25\00529.asset.md","asset-note","3643a724b817b1551d55da7520e7f4a72a0c10d080ff75e0c89a5a05f2988a57","2e9b6d309572a16efe4844cfaff431aa66bf7b2ff3c7ea61cc18a4ff0ca7a190","2026-09-23"
"10_S老师IP资产\_asset_notes\D_Evan_video\zhuyiming\output\ip_v6_work\frames_in_25\00530.asset.md","asset-note","eb1f082d293ac69e3d3c0233b78933bd6affdff4a978fc635b17834c7d8f61ed","fc02fb76d638d766c226329beac8e0932e015ee481f9e3bacdd12472b20a791e","2026-09-23"
"10_S老师IP资产\_asset_notes\D_Evan_video\zhuyiming\output\ip_v6_work\frames_in_25\00531.asset.md","asset-note","43a60ec14f28a0046db1109dbf16f16d778a8d7c4ffb52bf80f21a2582d5b2d2","c8b562cd58c7526b75bd2a676ec0ea7b4bb51f18ae4563fcd1b3396cad87290e","2026-09-23"
"10_S老师IP资产\_asset_notes\D_Evan_video\zhuyiming\output\ip_v6_work\frames_in_25\00532.asset.md","asset-note","6b40925fd1bc3f3033c4280f2d21c1a4f34db80264e4f7c7cb34fad67dc7da14","d3e65d74b571d7081b492c2ebc166b02e7483e34498f453795fc282ca853cc97","2026-09-23"
"10_S老师IP资产\_asset_notes\D_Evan_video\zhuyiming\output\ip_v6_work\frames_in_25\00533.asset.md","asset-note","fef8a0e1e14848aa0f1b6c2e49eddf5a326c0742988678191607833a1045a784","221aad1381e7e4fc5575323ee718edbcb2ced4feac5aee779a1733eb7a6a50d8","2026-09-23"
"10_S老师IP资产\_asset_notes\D_Evan_video\zhuyiming\output\ip_v6_work\frames_in_25\00534.asset.md","asset-note","cc2a0a2fb07b22e9534e06f735156edd4b053b83e9a228fb8efac2a713e0ad50","a2fa33ebfe5b37637687d2196dfa3ddb40bec7a19f198fa7c0d520ab0ec5bfc5","2026-09-23"
"10_S老师IP资产\_asset_notes\D_Evan_video\zhuyiming\output\ip_v6_work\frames_in_25\00535.asset.md","asset-note","978eade3970ef708d53c221c7525b9bb1b8c541f020c70a344faa28034b011af","45f9096f6a8491b275345943f4bdab5c2ef39f64bdcb194c05ff5ffdae059ec0","2026-09-23"
"10_S老师IP资产\_asset_notes\D_Evan_video\zhuyiming\output\ip_v6_work\frames_in_25\00536.asset.md","asset-note","91f3116d7150b7a7b0ccb8ee0253d7a50f1724096dc9c9d8ff026e7585ebbdfa","957a2a1e1236dd41b1558f188d76c1135fcc7f0f5cbde55b3267e347af0bfbc8","2026-09-23"
"10_S老师IP资产\_asset_notes\D_Evan_video\zhuyiming\output\ip_v6_work\frames_in_25\00537.asset.md","asset-note","2b82a62b269fe942d92a7e444ed5a4d33aa0eea1d255a715356c1c7d6837b4ca","e3396abea13e676e7f6bd0e0ae9db708c6f7ea6280d8d2bc94ed6873b397e584","2026-09-23"
"10_S老师IP资产\_asset_notes\D_Evan_video\zhuyiming\output\ip_v6_work\frames_in_25\00538.asset.md","asset-note","6ddc4e01c1fed850ed674dc37acdebf2c1084c0b4960d3e30547278091831031","baeeab02e2a0bd75a2be237b351421c1f3d29100f6a15b0d0964758dc3b67565","2026-09-23"
"10_S老师IP资产\_asset_notes\D_Evan_video\zhuyiming\output\ip_v6_work\frames_in_25\00539.asset.md","asset-note","1cfe3b6cccc6808a6cf6d87e02ff0f4f55e152e62190c2d3de88046c505038a4","6bda393aa92ff817a1989693ac6ab9dcce64544f3195f8c71ca9f2642c936d8f","2026-09-23"
"10_S老师IP资产\_asset_notes\D_Evan_video\zhuyiming\output\ip_v6_work\frames_in_25\00540.asset.md","asset-note","abf987d20cfb4c099d4071442d565bbc59d8fcaa714ac38dc6369384afd4ee09","0649309194e0ed7ae88cef5c72347b8b68c9e400a8e5242773fa71969e5449b1","2026-09-23"
"10_S老师IP资产\_asset_notes\D_Evan_video\zhuyiming\output\ip_v6_work\frames_in_25\00541.asset.md","asset-note","58b9bc7cc5ab7a8593988c8cb6cf9d8b7384e353d75d8ab6be8b9b7e399b26f9","ad580668f8c2f9145f6c225da400be918c01c33fa31a535de4db12b58b0e0409","2026-09-23"
"10_S老师IP资产\_asset_notes\D_Evan_video\zhuyiming\output\ip_v6_work\frames_in_25\00542.asset.md","asset-note","cc378b4603bdf3360fb7cf8065e00a7015d329cd202685ce7ccd826c0887371a","93e1ed52f36dbb1d679a03785623bdc4dcbdb555f8fd2793327afdc3e2468b35","2026-09-23"
"10_S老师IP资产\_asset_notes\D_Evan_video\zhuyiming\output\ip_v6_work\frames_in_25\00543.asset.md","asset-note","b055c98ddc32e4a0c135953c4c6c2d398313cb35e7dea879f52d5ef59339f194","29ad11b947cd212fbecca9d006a723b70d49d9d6bb7542f0b8997a359cfe4846","2026-09-23"
"10_S老师IP资产\_asset_notes\D_Evan_video\zhuyiming\output\ip_v6_work\frames_in_25\00544.asset.md","asset-note","938bd21238d4b5a1994d84200e48e1d135a6f3641bfe0ca53f4e944044ca0861","29141dfb9290e0b5554015447fbf03616a283c79743aab7228e5d6204e508e2b","2026-09-23"
"10_S老师IP资产\_asset_notes\D_Evan_video\zhuyiming\output\ip_v6_work\frames_in_25\00545.asset.md","asset-note","33be854ed01c90943f369cb46a076ff8fcbfe4f1bbc6f47c4cdf103c4c536214","1f88555994655f340cd187cb791814ff40ecb2a47e109af2f2e728deb465f3fa","2026-09-23"
"10_S老师IP资产\_asset_notes\D_Evan_video\zhuyiming\output\ip_v6_work\frames_in_25\00546.asset.md","asset-note","285a7fde5bffe579901043427da390d14aedbde5238baeff0e4bd4883bee1cc1","95fee9b607adacc93bd12ad2af0cfb40e7c52e5f278dbac662c1743befd9faae","2026-09-23"
"10_S老师IP资产\_asset_notes\D_Evan_video\zhuyiming\output\ip_v6_work\frames_in_25\00547.asset.md","asset-note","342fbbffca34095c159db09671243e4ec481721fa64a6080fae10b837a03e002","4ac3bff0c133040387d83885502f0cf261eecad0dac6123b3545a587335880cc","2026-09-23"
"10_S老师IP资产\_asset_notes\D_Evan_video\zhuyiming\output\ip_v6_work\frames_in_25\00548.asset.md","asset-note","4b109dc23288d550ae2c2ec4793e64c5b45a125faf8fbdecdf767c942abb93e3","3c5445a3d3ecd6a3374574950fddd06521b8290020fcdf7542227c3a25486174","2026-09-23"
"10_S老师IP资产\_asset_notes\D_Evan_video\zhuyiming\output\ip_v6_work\frames_in_25\00549.asset.md","asset-note","5ef3a103a95f0b7e4e24e05fd2725932b42acc8fd2e50d9b8ed3ce88f181fd6e","20773e5fd645111959c21519c6e21dd2742d407cd92b08812bc1e5e812eb88c5","2026-09-23"
"10_S老师IP资产\_asset_notes\D_Evan_video\zhuyiming\output\ip_v6_work\frames_in_25\00550.asset.md","asset-note","920045b778c7bf4f9a3ece4135a8a02c4c417184c39e5507c373c8f8086783a4","136eb2a3b10dc424094e684519c7e4ff81beb43715fed27b1698fe43c36cdf54","2026-09-23"
"10_S老师IP资产\_asset_notes\D_Evan_video\zhuyiming\output\ip_v6_work\frames_in_25\00551.asset.md","asset-note","32f663c038687d514f0ccf07d5f8e305c6d41cc2baa3bbe6b7a989ece3d8df02","1360c7fb67f06a2b481215287626c641095fe60d15c16c6ac5f28a6b0838ce2a","2026-09-23"
"10_S老师IP资产\_asset_notes\D_Evan_video\zhuyiming\output\ip_v6_work\frames_in_25\00552.asset.md","asset-note","528b123906a722b45c97c76039664ab8f515e95628e369ca8eb63c0ca6c8c397","a3b892dfd8312f8ed36f6257e0eeb7ccae9c48e1e7a50da413b4fd7df36ed0d1","2026-09-23"
"10_S老师IP资产\_asset_notes\D_Evan_video\zhuyiming\output\ip_v6_work\frames_in_25\00553.asset.md","asset-note","c34588fb4ea3c0dd8db9e95cb31d3f308b3a071ab92d3d2f1fccc9f1865d3012","71ce3d9a3f37fd0b1a6a8f6dca9a06bd08b866e36cfbf37628a8f407b1a20197","2026-09-23"
"10_S老师IP资产\_asset_notes\D_Evan_video\zhuyiming\output\ip_v6_work\frames_in_25\00554.asset.md","asset-note","70503c164bbf62d793ec34dddedaf91829b19cf0f113ccffca876e5e33d5dde4","f825c0dd1dc5d6e42b9fb19f7bef2c2e77a35093a27541f39c574bab4b0e5fae","2026-09-23"
"10_S老师IP资产\_asset_notes\D_Evan_video\zhuyiming\output\ip_v6_work\frames_in_25\00555.asset.md","asset-note","fcae82cc1fafa1af42ad0e1254e47b477f82ce13157af80e7e8ad611b5e3e824","beb8618da4cc2bf88fda1b72b87a8af4addf7d42e34b7b6e2824795336a25783","2026-09-23"
"10_S老师IP资产\_asset_notes\D_Evan_video\zhuyiming\output\ip_v6_work\frames_in_25\00556.asset.md","asset-note","517b5534a09955b3db0eb1c7d250316c529282a724bfd87daaf2fe73903fcb53","9095746a863dcbd71b2f11715e2d3160040058828842239b1cba16c762ff0c16","2026-09-23"
"10_S老师IP资产\_asset_notes\D_Evan_video\zhuyiming\output\ip_v6_work\frames_in_25\00557.asset.md","asset-note","7ebc723d88817bf0d93f6c424e74829adf5837105a1347d8c45cd4adee3188cd","d52badb0d1d653f544f6af0986ad0e6e45af654a3167a04a32ef699ab9de289c","2026-09-23"
"10_S老师IP资产\_asset_notes\D_Evan_video\zhuyiming\output\ip_v6_work\frames_in_25\00558.asset.md","asset-note","fee2d48e4a7466be40cd3e154bc9475291bc966431c4e3c89c61f8fb4b9df2c9","6c224379d18f9a7195574c467b1117267c8648dae5fb9dfc6297e305569f45e8","2026-09-23"
"10_S老师IP资产\_asset_notes\D_Evan_video\zhuyiming\output\ip_v6_work\frames_in_25\00559.asset.md","asset-note","a079ba0cda5ec93ac784b322582522787cab8b01919818b19b0cd577008bbf9c","88d06aa5391f442d78b991f6a55123afa594d684578fa1d6bfa7f1a8d88eb246","2026-09-23"
"10_S老师IP资产\_asset_notes\D_Evan_video\zhuyiming\output\ip_v6_work\frames_in_25\00560.asset.md","asset-note","ece5ee5662970778b2bd2ab9198246887ca27e7a79a6dbbbe9d7100465b5fe50","80023689ddab3bf0b360daab01a4277766078605fcb2b070a94262cc03a596a1","2026-09-23"
"10_S老师IP资产\_asset_notes\D_Evan_video\zhuyiming\output\ip_v6_work\frames_in_25\00561.asset.md","asset-note","1e7868517ed979b9766573a496a79970d4501d3ca482528808a00807e6822688","d35150869b3fc245394980e32bfc791557dd8f0e751d938871e621160d662a3b","2026-09-23"
"10_S老师IP资产\_asset_notes\D_Evan_video\zhuyiming\output\ip_v6_work\frames_in_25\00562.asset.md","asset-note","cc867f85af5a4f9ce150d47f61adb2ef639dd469611202eed927e5ceed453735","20751860a89ea45e17f60adebe219214dfbe46109a5120c28afbb71031283b3c","2026-09-23"
"10_S老师IP资产\_asset_notes\D_Evan_video\zhuyiming\output\ip_v6_work\frames_in_25\00563.asset.md","asset-note","e18f126196a05ce8055c271e31944c8d295f3a00f95c9cee7ccce3f66d01c4b6","97aba751739469a770bf9b13d6a7ad11d3251e0e94f4b8cbdaff45c4f24b41d9","2026-09-23"
"10_S老师IP资产\_asset_notes\D_Evan_video\zhuyiming\output\ip_v6_work\frames_in_25\00564.asset.md","asset-note","7ef175b2deaedb7e7e19621d9bc68fbed74f84ba0f39962aa39ddb6668b05fc7","bb43193695c01a256a44ada99931a5445eeaa31c33e845f3b14a0349e192aa06","2026-09-23"
"10_S老师IP资产\_asset_notes\D_Evan_video\zhuyiming\output\ip_v6_work\frames_in_25\00565.asset.md","asset-note","9fac1b2f909f3e4833bf92cc798fa418d7622635aa7d62a1a2ea5e0bd37d34cf","9be6786482e8d2c9c884d68a344c304ffb3a78a5a20cf7cb15762110579c49b2","2026-09-23"
"10_S老师IP资产\_asset_notes\D_Evan_video\zhuyiming\output\ip_v6_work\frames_in_25\00566.asset.md","asset-note","681238c347d424e2ea6e0035167f3f43bdc3bb11dbb58371f5ca99d48535b71f","15c8bdcb5007d82dd55dce43128748de760a9dd0679b0e97586a60621d8e0880","2026-09-23"
"10_S老师IP资产\_asset_notes\D_Evan_video\zhuyiming\output\ip_v6_work\frames_in_25\00567.asset.md","asset-note","430990d26637e6eafb584378f443b74eae5d60f31d53f786417b97185ca2b231","e19e18ae0246b8652932068e102d8a1480fccdb395fca6bd2db07b26112287f3","2026-09-23"
"10_S老师IP资产\_asset_notes\D_Evan_video\zhuyiming\output\ip_v6_work\frames_in_25\00568.asset.md","asset-note","1da9480709d31e6e3a3f1fbfec9b1e1ad0076a4eb8960bc31ba7f60421b4a073","4ea7b5007b20c26a5fd52b04a1071b207e9f26d263222a0051546f20e17caf86","2026-09-23"
"10_S老师IP资产\_asset_notes\D_Evan_video\zhuyiming\output\ip_v6_work\frames_in_25\00569.asset.md","asset-note","25d5237febedee447b337283352846b76a1a2ad21b4fff72b8f816dde5aa609f","c8e9b1f0eb8315200eab38f6a454e1f64e6d2c5c5a9f79b8e3c01bef5f80a7e7","2026-09-23"
"10_S老师IP资产\_asset_notes\D_Evan_video\zhuyiming\output\ip_v6_work\frames_in_25\00570.asset.md","asset-note","8e1450cb32e0b19f8544fd67ef290a6491b224ed1328ec703b27507a7c8b2539","8e3df1935de6a2aa124a00a91570670814abfc80288d6c416669cc336a341a7b","2026-09-23"
"10_S老师IP资产\_asset_notes\D_Evan_video\zhuyiming\output\ip_v6_work\frames_in_25\00571.asset.md","asset-note","d1049dcf0b4fdfc8344ccf968e5011521f558134943981b1ed0e60a792399620","7620f648f839baed3c79677de0bd55b096f80b11347ce4cf6ddd4c2a56b9cd98","2026-09-23"
"10_S老师IP资产\_asset_notes\D_Evan_video\zhuyiming\output\ip_v6_work\frames_in_25\00572.asset.md","asset-note","2f300242ad5967e45f0e22336e9764de6c0c71ae03d32ba35e6329cc98944ac2","02e9d4af570b973de3382d39576b580f2f375d151dce0f6003bf9487ccb4d03e","2026-09-23"
"10_S老师IP资产\_asset_notes\D_Evan_video\zhuyiming\output\ip_v6_work\frames_in_25\00573.asset.md","asset-note","6b0c0cb2300d9898b4370c1523c0f4ec897864257dec0a50f77ad08365ac3e15","7b51720561bac1f7e7e8752a5e12e6fa98d2dd464e52e1c9d714b2da258f36bd","2026-09-23"
"10_S老师IP资产\_asset_notes\D_Evan_video\zhuyiming\output\ip_v6_work\frames_in_25\00574.asset.md","asset-note","fe7d704affda12d44b6adde5b41dd5862f09bd73b8863549efeadc7ebffdc3a1","83eab9f19fa470544514bb03cb18eff2d38e0f29f0ca06808b88d16a0c4e88dc","2026-09-23"
"10_S老师IP资产\_asset_notes\D_Evan_video\zhuyiming\output\ip_v6_work\frames_in_25\00575.asset.md","asset-note","62e8db491ba0fd9f4741998858169ce04e2b5cacd8ecc0db409991acd6361d1b","6a1959a11ec0e46991ed2be2c9088012ff5dd794dea72e6985f0b305e3832fd1","2026-09-23"
"10_S老师IP资产\_asset_notes\D_Evan_video\zhuyiming\output\ip_v6_work\frames_in_25\00576.asset.md","asset-note","c842364d32b6cfb4f12faf9f50afa8e46c3b097077984d4ed1a8cb62b670c469","26626859548771ed10914b6b309fc7961a86c3f2de3d7599f0befe91d219d3a3","2026-09-23"
"10_S老师IP资产\_asset_notes\D_Evan_video\zhuyiming\output\ip_v6_work\frames_in_25\00577.asset.md","asset-note","c996233e4484818014285ace6708ed495b0073a1453524b01901966cdaf47638","5e18bd90b8d599fc7a172963759e7f81179ae467dfc67c75ad29fb8d3309a250","2026-09-23"
"10_S老师IP资产\_asset_notes\D_Evan_video\zhuyiming\output\ip_v6_work\frames_in_25\00578.asset.md","asset-note","0512095eb080da23f189949ea840768b9546b5eeb95afccf686de64651fbc82f","710fd983f0866ba5098fd5b881bce71343ba82d4164872ddb7780de70129e3c0","2026-09-23"
"10_S老师IP资产\_asset_notes\D_Evan_video\zhuyiming\output\ip_v6_work\frames_in_25\00579.asset.md","asset-note","0ab2384af307af832cc5fef9a558531b792268140d1231c78eaeb245d7791687","1f459724daab4793aca979ec994b4a593bef74bf72c1d6637be44e67ecdc77eb","2026-09-23"
"10_S老师IP资产\_asset_notes\D_Evan_video\zhuyiming\output\ip_v6_work\frames_in_25\00580.asset.md","asset-note","c793bacf1ae7f68a0737efcff558f0dbb39a699dbeb172bd4cb8e669dcbb2ae5","809a2310c3a4bcde65c638c8b06f7cf4787f2817ac62ab2ed83dcd8b08b55195","2026-09-23"
"10_S老师IP资产\_asset_notes\D_Evan_video\zhuyiming\output\ip_v6_work\frames_in_25\00581.asset.md","asset-note","00b07bc9491357fc740b8c412f31ddf5178f8f89ea1cec4b4c7e3de6d2dabba8","2a964993701e5a600f1f182094afba3d1f3f01ec170802a3701ea3de58100b98","2026-09-23"
"10_S老师IP资产\_asset_notes\D_Evan_video\zhuyiming\output\ip_v6_work\frames_in_25\00582.asset.md","asset-note","2e7f972a375e710967d88146c4dfb0a6d03bfc4083dcb2825d6ee6fe21ef1a7f","939df8ab6c70ec8fd68d12e0e2e4d37f938b35753bb7f8687c053958c4ed46b8","2026-09-23"
"10_S老师IP资产\_asset_notes\D_Evan_video\zhuyiming\output\ip_v6_work\frames_in_25\00583.asset.md","asset-note","2eac7ca3f23f1cf643d3bd02f5e518e7c0c1201c0a07ff5a32341b1f633e3ede","02ab2be6e5138b66dc1317a37f0cdc56c3ccbda11ab87a0897ad9c709a81808e","2026-09-23"
"10_S老师IP资产\_asset_notes\D_Evan_video\zhuyiming\output\ip_v6_work\frames_in_25\00584.asset.md","asset-note","8933ed44ecbfe2b50a400d68b46d65dce37c7f7d42742e485d7050f233bb4707","152158a5f1ba89a2710a002b9a6abf6059cc003b092578ee6b434b721f0d8a1e","2026-09-23"
"10_S老师IP资产\_asset_notes\D_Evan_video\zhuyiming\output\ip_v6_work\frames_in_25\00585.asset.md","asset-note","da25f92f735264c9db7439d580f6d621a159cd1d3a04c617eb922553c06a263e","5980b45f854a8dc31fc5c9d9e6b943cf386978123e2f6515660fb20fb68490b8","2026-09-23"
"10_S老师IP资产\_asset_notes\D_Evan_video\zhuyiming\output\ip_v6_work\frames_in_25\00586.asset.md","asset-note","14b5613747408a1486d2c206f8f6206f82c196db579d6c14d6a267020467f13d","554a437801a6d9666189fc8564ee51247c026e0bf4d417298f612031ef86e8ae","2026-09-23"
"10_S老师IP资产\_asset_notes\D_Evan_video\zhuyiming\output\ip_v6_work\frames_in_25\00587.asset.md","asset-note","792ae0b682240ca520374264b436cad8c834cf96a81cad509e5ecb3b800c986e","63f4ae84785392c923a769d97e55dbbe7d22a67b79cdffe1f4107779ec23faa1","2026-09-23"
"10_S老师IP资产\_asset_notes\D_Evan_video\zhuyiming\output\ip_v6_work\frames_in_25\00588.asset.md","asset-note","bc5339ea8ac45efe90a5b987fb9f4f08589065d46bd63cd2dddc364741e7495d","ac9b32f9dc61824aa6f9aed7b95956d4917399e4401af601fbba065e85407d63","2026-09-23"
"10_S老师IP资产\_asset_notes\D_Evan_video\zhuyiming\output\ip_v6_work\frames_in_25\00589.asset.md","asset-note","ed91d0607497ae561768cac55d3cf832c4ded3ffe99e01d57f05be693cabf311","78583b6c81d0590e4d75c485561009decc7b309972b38d757720ce688124aac8","2026-09-23"
"10_S老师IP资产\_asset_notes\D_Evan_video\zhuyiming\output\ip_v6_work\frames_in_25\00590.asset.md","asset-note","c3c0c845bc4783f33ce7f218000236fb61cb55c61470bca76184fcc23c99673a","2e682f37beb90cad0770ec7db3d69765a747c7cadecda5e29d0acb8f5fa74456","2026-09-23"
"10_S老师IP资产\_asset_notes\D_Evan_video\zhuyiming\output\ip_v6_work\frames_in_25\00591.asset.md","asset-note","87d1735eca1b847490234a011e189e129c0d194ab79241b976af05e6f2955b48","e9d2b54421df1fa41c76e99e18ad5ad05cb8dd0445cd64d0c8a877d592d716b4","2026-09-23"
"10_S老师IP资产\_asset_notes\D_Evan_video\zhuyiming\output\ip_v6_work\frames_in_25\00592.asset.md","asset-note","f605dec29293a8b3a6a458845587b2ecce803f5fa4ffa902211f473d3090aed8","7072e6102daef3de7ff1546ca589aa3bf8ef6001bf64b03f1aeb4d6f161246b8","2026-09-23"
"10_S老师IP资产\_asset_notes\D_Evan_video\zhuyiming\output\ip_v6_work\frames_in_25\00593.asset.md","asset-note","7225ea41dd6e1843602f4fb538e594242183279b0e7fd7f426f0c5a983122218","4e71bafff041814a7ce2e4a026d7551a43afc38deba3e42980d80308141ec800","2026-09-23"
"10_S老师IP资产\_asset_notes\D_Evan_video\zhuyiming\output\ip_v6_work\frames_in_25\00594.asset.md","asset-note","85eb57abc5d8bf9978df76e458b0dd0ed2c912a757fcd12eb89dbf9bada450d4","b2183636d27b8b597bd2d2286747da5808fd0928b889b1c92e1884c64dd6223a","2026-09-23"
"10_S老师IP资产\_asset_notes\D_Evan_video\zhuyiming\output\ip_v6_work\frames_in_25\00595.asset.md","asset-note","bae2d8ae38cd4cd2e97dd27c9dad1eaac8f94ae043052a41eb993c5a167565f1","bb51a0a054169e5c7e85fac86122e9b5b0af290db226422eb8689e798ac35526","2026-09-23"
"10_S老师IP资产\_asset_notes\D_Evan_video\zhuyiming\output\ip_v6_work\frames_in_25\00596.asset.md","asset-note","41c1439cbdc9b3623014c6d380f99dfcc0f498eb1d77f62410aaa9c02768691c","2098ca78b3ffadd41409b96f9ce7c0c0284813a96367ec287e0a74f94bf57834","2026-09-23"
"10_S老师IP资产\_asset_notes\D_Evan_video\zhuyiming\output\ip_v6_work\frames_in_25\00597.asset.md","asset-note","b1881bdf83d226fbd604c92f0ff21aee19765139679599b5123c4dcab2cd7068","e5ac8a82135df35a68d56f60b7ac52f0f403f263f04dd62e5197e0e271fcf2e2","2026-09-23"
"10_S老师IP资产\_asset_notes\D_Evan_video\zhuyiming\output\ip_v6_work\frames_in_25\00598.asset.md","asset-note","61c55dbb96ce63555518ddb488e887633a1e5df51209e5502cfbcb9da4a5913b","084b5a4db2f2cbac1e2feb7675dbb4794e3b8dfb64ac826fdc8ab4414faf89d4","2026-09-23"
"10_S老师IP资产\_asset_notes\D_Evan_video\zhuyiming\output\ip_v6_work\frames_in_25\00599.asset.md","asset-note","4c6c3159185466e75f2cfddd9ddd5450bee3b4da35e25c0294e4b47ea315c1d8","522ae8c390b4922c05f0201c652f8658c50d7e3e146edc976ecd0d0f1e1dd4b1","2026-09-23"
"10_S老师IP资产\_asset_notes\D_Evan_video\zhuyiming\output\ip_v6_work\frames_in_25\00600.asset.md","asset-note","ab569e7c7683c6734539c2f2d88b5c44d3db2240c0c9b396d385d545d63129fc","b1b0341eaab74ea46b710691c9aa56126bc9ad2d837871afdba3462a6ec33d6f","2026-09-23"
"10_S老师IP资产\_asset_notes\D_Evan_video\zhuyiming\output\ip_v6_work\frames_in_25\00601.asset.md","asset-note","6a63a0356a92594ecc2cd81c9131ef1178fa89f5b4e4b14890f20bda37de68ec","dea93b7d2e7299f89a44f1e4dc52e007e8e62a7acf6d5f0de6c1d272810afa4d","2026-09-23"
"10_S老师IP资产\_asset_notes\D_Evan_video\zhuyiming\output\ip_v6_work\frames_in_25\00602.asset.md","asset-note","902b2e2e7313776db891d91ee352710d4a415b7286641047f7ad9f94d345ff45","b8804db64c3ccd33228517431f656db787a4d169933766115395c0dc48c6c773","2026-09-23"
"10_S老师IP资产\_asset_notes\D_Evan_video\zhuyiming\output\ip_v6_work\frames_in_25\00603.asset.md","asset-note","fb8f115bd439c127c168e6b47c1fa7eac3fc3373b777a9ce677f3795ba6fc698","b4f705a5382ee1a95e054e089027d12b963a60ab7ddfa1ef57829af9e9b1b3a9","2026-09-23"
"10_S老师IP资产\_asset_notes\D_Evan_video\zhuyiming\output\ip_v6_work\frames_in_25\00604.asset.md","asset-note","c2922ab840fdca874e726d7ba5062bd995cab1beb5467fee28dfac824aa7af74","baa6b87db3f9119a850850ee826e9e1b1ed1fc0c64532033c96bddd52ffeec0d","2026-09-23"
"10_S老师IP资产\_asset_notes\D_Evan_video\zhuyiming\output\ip_v6_work\frames_in_25\00605.asset.md","asset-note","6a5f4e6d109b753e0efeabec5bee7990adc4713040e68692646156dd0900f497","174cbd07c76585f4404bc922084ae0afb42a28f8b50cc7938a42c4627db05373","2026-09-23"
"10_S老师IP资产\_asset_notes\D_Evan_video\zhuyiming\output\ip_v6_work\frames_in_25\00606.asset.md","asset-note","e480eb0654e13c875a784231395dc1399f5dfbf667a5f023652e6b91aebad096","0d946093047de6d22a8cbf3138227088d12ac3fab155568ded8deb1a2041cc5a","2026-09-23"
"10_S老师IP资产\_asset_notes\D_Evan_video\zhuyiming\output\ip_v6_work\frames_in_25\00607.asset.md","asset-note","797007ae81e2785cc28c2761157e3794f9f11af56507812e3e47e19da81ac026","3def369a100f01966c5041cf6296c3d88ea3907564b875fff24b12da3412f707","2026-09-23"
"10_S老师IP资产\_asset_notes\D_Evan_video\zhuyiming\output\ip_v6_work\frames_in_25\00608.asset.md","asset-note","b0dfa7719902fe1dddb39452fadeb3d38db158fc836da932abbda468154c42fc","b4bbdd6afb02dd3f17827784fbe287032c703b2091ff54b2953f6c4faa2bc292","2026-09-23"
"10_S老师IP资产\_asset_notes\D_Evan_video\zhuyiming\output\ip_v6_work\frames_in_25\00609.asset.md","asset-note","0a0a6308b97155038f844aa3619b6972ae98d0870407a561969dde1948f1e847","2a3e4ee1e5c8d68beca93d4f39822eb7489959557aed663a217117cf43c53513","2026-09-23"
"10_S老师IP资产\_asset_notes\D_Evan_video\zhuyiming\output\ip_v6_work\frames_in_25\00610.asset.md","asset-note","0de1c1f9239be669f193d9a274860cdabc5be1456f81e7687bd373baa18a4f82","9ebb24eb5a13265c04af832c1ee8888bc619f9156e85fba6ed865e2d008ae60f","2026-09-23"
"10_S老师IP资产\_asset_notes\D_Evan_video\zhuyiming\output\ip_v6_work\frames_in_25\00611.asset.md","asset-note","09379fe0ae22a9c24067b92ba9c5de74941c107a92c165aef0366f8783833e5c","4f64d723f9970c08d67054fc8e8144129005be161702d7ce16688e37f42edabb","2026-09-23"
"10_S老师IP资产\_asset_notes\D_Evan_video\zhuyiming\output\ip_v6_work\frames_in_25\00612.asset.md","asset-note","19640b85f2c490a3e3fdde3821f32b8459236000d50aa4ed7fc605063ed225a8","583cb5e7e581d588f9c2d809660b83f0bd8647cdbd298fee9a805c016bd9ad61","2026-09-23"
"10_S老师IP资产\_asset_notes\D_Evan_video\zhuyiming\output\ip_v6_work\frames_in_25\00613.asset.md","asset-note","4f95e8650c580c59d7930b4a7317e8a8415acfae88114e380cb3fab2f306d560","9baf239b422ad4b8138678d44139637c11a7ef2072db6c222d29697bb7eb6ef3","2026-09-23"
"10_S老师IP资产\_asset_notes\D_Evan_video\zhuyiming\output\ip_v6_work\frames_in_25\00614.asset.md","asset-note","b2c76756f7a1bbc00beb65d3c639fa283ebf01b61f88b59472c5b299f035287c","1e5af5fc4fc77bb30d4b8be297ca7728e6d999b410761f77e9aa53312b77eb7b","2026-09-23"
"10_S老师IP资产\_asset_notes\D_Evan_video\zhuyiming\output\ip_v6_work\frames_in_25\00615.asset.md","asset-note","aa95c4cef5598974b894426a9838ecb9e484030ebd391fc784f185a586756b46","8766a1867d4c5b9982d2a1a2de6c6c4028dc3dfdc4f29c1a05417d04683deca1","2026-09-23"
"10_S老师IP资产\_asset_notes\D_Evan_video\zhuyiming\output\ip_v6_work\frames_in_25\00616.asset.md","asset-note","b07b6d7dc0434f8fef9a649a012ae8e0c18ff1f3d8242b32cd15b4f8b11ce54c","c77b23a481bf6dd54ccb2a71f5a61c6e8668d7da27a4ecbc07e34d58823d6ee1","2026-09-23"
"10_S老师IP资产\_asset_notes\D_Evan_video\zhuyiming\output\ip_v6_work\frames_in_25\00617.asset.md","asset-note","4d88aadd129ff6ed6d507b7403fd42dc0bff91641260f9fc4b86204779d9185e","ec78f2103bd54c8c530fb1d84c441d407668a7dad165ed3abeeed3e4ba1c90d1","2026-09-23"
"10_S老师IP资产\_asset_notes\D_Evan_video\zhuyiming\output\ip_v6_work\frames_in_25\00618.asset.md","asset-note","b643ed5da055062d5437d5c32740b8b19d3e19ecdace7643bb454b0682b603bc","2253139ae78177e2dfc58be9d7fd570e8fc9f17034a66f54a03ac09f30da3dfc","2026-09-23"
"10_S老师IP资产\_asset_notes\D_Evan_video\zhuyiming\output\ip_v6_work\frames_in_25\00619.asset.md","asset-note","1d3c49f70b1033a94448e684c2ad74409f7229c1222a29661da9ab4443f56251","a271f213a37a8be5dd016fbef668981f8942bcbd9d5b9f8fefcdac910e76b64f","2026-09-23"
"10_S老师IP资产\_asset_notes\D_Evan_video\zhuyiming\output\ip_v6_work\frames_in_25\00620.asset.md","asset-note","fbb7071fbc43f6c5bccdd5891334843793177fd33cb3950f25599cc55ddba06a","4f5ba34de0e4dd6400c163bde8514e84009411bb1578eaf95f7539a58714a5de","2026-09-23"
"10_S老师IP资产\_asset_notes\D_Evan_video\zhuyiming\output\ip_v6_work\frames_in_25\00621.asset.md","asset-note","b1b26f8109586a8ae6dca49a295663bc6a098087cbda772e83501ea34b0927f6","9307d4852a7bc3e42f0bb4a45bd5053a7487055a07e6c00ed15dac6246656272","2026-09-23"
"10_S老师IP资产\_asset_notes\D_Evan_video\zhuyiming\output\ip_v6_work\frames_in_25\00622.asset.md","asset-note","30790f1627c7fe70e80a35542d23601c1c5e9899cb90e8dde1ff11f2a547eb64","3b4c4872b5a356172a92f955347bfee6ea802598fba789e6c4f56c541d94f411","2026-09-23"
"10_S老师IP资产\_asset_notes\D_Evan_video\zhuyiming\output\ip_v6_work\frames_in_25\00623.asset.md","asset-note","0dd0979da503c9f30e4557916fb3805e65e9c312f3cdbf902aa8f5f9236a5bdd","b5bc1c223c7d8d281af79db32b62c25d9ed561d7c39261f5a3f27b2fe36e06c9","2026-09-23"
"10_S老师IP资产\_asset_notes\D_Evan_video\zhuyiming\output\ip_v6_work\frames_in_25\00624.asset.md","asset-note","9484b8f5502c79c687b4ba087664dc9c2a9f8a1803bcfc12031dfecffed592a8","bd2833dc372d33819a2911d97b4a4f2ee67f7bfa9637fa63223bc26260b048f2","2026-09-23"
"10_S老师IP资产\_asset_notes\D_Evan_video\zhuyiming\output\ip_v6_work\frames_in_25\00625.asset.md","asset-note","70825bb0d88d077b06545a0d8308f8b0446e535c679722def36b14cb085c6256","7f75cb560d738661e39525577ee1a8388f05ceea1cf883ae843d92b16af9c204","2026-09-23"
"10_S老师IP资产\_asset_notes\D_Evan_video\zhuyiming\output\ip_v6_work\frames_in_25\00626.asset.md","asset-note","3a272d3bbbe935678dfb0e4530a3a3caee8d960c2e16210c9dbe9fe19728f36a","c34c04c89227d2bd722373142012e1074505467f2511ebc549a71eed309f7ff2","2026-09-23"
"10_S老师IP资产\_asset_notes\D_Evan_video\zhuyiming\output\ip_v6_work\frames_in_25\00627.asset.md","asset-note","ed547a3866d061903da7c281377b7de54eb55120806b83957fcfd31a8c2568ee","8a08b37140440c943d33eb58357f8df7f7701ae4c39c885d3cee59cba5c624d6","2026-09-23"
"10_S老师IP资产\_asset_notes\D_Evan_video\zhuyiming\output\ip_v6_work\frames_in_25\00628.asset.md","asset-note","844705dddf280e57235c5f4dea1ad3f837519eedf92eefc971468a7ac5e536a0","541d49985c2927367d240b2598882460031c3292f975115045ddf653cdf63c80","2026-09-23"
"10_S老师IP资产\_asset_notes\D_Evan_video\zhuyiming\output\ip_v6_work\frames_in_25\00629.asset.md","asset-note","7e7d9d19cfdc6dd986617f7df6589b5b2d2337ab3b0b9d0620ffb8aaf8027121","7624967532fa46a54aa989fdc39a8e36ee2f2da703b04d037f3c284e2a2c3581","2026-09-23"
"10_S老师IP资产\_asset_notes\D_Evan_video\zhuyiming\output\ip_v6_work\frames_in_25\00630.asset.md","asset-note","477d0a9c11e124a877cf04a7c5724ddb38adbb6bff088b44e3e4d64bc9a92724","440599dbec6d997a1dc37cb127e635edad5a77ce60a0a79bbb627a905bbe4214","2026-09-23"
"10_S老师IP资产\_asset_notes\D_Evan_video\zhuyiming\output\ip_v6_work\frames_in_25\00631.asset.md","asset-note","f7de5beeb50ffac930ad901168709001d7a0628ace3f12f2ec9f436268bc444a","219cb0e2b4ec7fbac89158b923936edc55b0885b1a12c92099aab034276e6c84","2026-09-23"
"10_S老师IP资产\_asset_notes\D_Evan_video\zhuyiming\output\ip_v6_work\frames_in_25\00632.asset.md","asset-note","2a62937320589ad8e8003416a2c26923bde29a4e4163aeec42a36160a123cfd9","73166633108c504c7db3b08c7c31a27c7629127cee18e00d746be39ff5d1556f","2026-09-23"
"10_S老师IP资产\_asset_notes\D_Evan_video\zhuyiming\output\ip_v6_work\frames_in_25\00633.asset.md","asset-note","b34bfe0a13e5457d05bb50485fddb457a67d13536d2e9ccc7f3fc7b2f91a6bef","93e8db91cdee36051850ce91fb0f3b5ca345d2b23062caeab86a15e7021f3538","2026-09-23"
"10_S老师IP资产\_asset_notes\D_Evan_video\zhuyiming\output\ip_v6_work\frames_in_25\00634.asset.md","asset-note","c0aaf40d11161f33495a75cb4fcf42a803b1ac64d57fb507516df94abd5beea9","2230b3f79801907de0ed9b7be95db7083cf06b7b23bfb13d0aa4b76fb2089d2e","2026-09-23"
"10_S老师IP资产\_asset_notes\D_Evan_video\zhuyiming\output\ip_v6_work\frames_in_25\00635.asset.md","asset-note","ccf6461aad76b5f37ad2351792af09044d346b64ddef1fb9cd1da8ea155146e3","c1d7b55f7c09146e80db5a89a998665d12c11e698d62472b5e8d842d3f8ca072","2026-09-23"
"10_S老师IP资产\_asset_notes\D_Evan_video\zhuyiming\output\ip_v6_work\frames_in_25\00636.asset.md","asset-note","f1979a3e0cbf97b2e7ae8c3554fbbe4867b0a25eff8931e1aa4e91ea782ded8e","c4eb8a27ff63710a4956cfee7b64e9abeb653ad7f00014c9dd9aa65a417a3715","2026-09-23"
"10_S老师IP资产\_asset_notes\D_Evan_video\zhuyiming\output\ip_v6_work\frames_in_25\00637.asset.md","asset-note","3110b19fd11d0d91885a0b3421792303e6a8e9e13f594191b7746f6146d975fe","62b6f2f8640a732781ad3b72e239e1a37b6287eb2f0ff51942e6f3429cc34708","2026-09-23"
"10_S老师IP资产\_asset_notes\D_Evan_video\zhuyiming\output\ip_v6_work\frames_in_25\00638.asset.md","asset-note","7168dc272c0f737b01089472098f84a99fa7a42c0230fbe8ed41b08d077f4b09","5124ed1a204a6ddec3ac38181c15e944ac1974a3984be159fd8ab2cef5028116","2026-09-23"
"10_S老师IP资产\_asset_notes\D_Evan_video\zhuyiming\output\ip_v6_work\frames_in_25\00639.asset.md","asset-note","60a5e451ccb9165bd9885b0eea7a78bb37f382182a2103d4dd230c23a8b47320","9ec508ee5d0627dcef048a6950dbf14191f1d63607f30a3e20e3e8dd779212a1","2026-09-23"
"10_S老师IP资产\_asset_notes\D_Evan_video\zhuyiming\output\ip_v6_work\frames_in_25\00640.asset.md","asset-note","19c72ade9896a6437489c758fe1689f87420794825e7e271a39ff31208029c61","2ca60d119d4ebf59c5f882c55c5ade36c496ed98500a4a7f9673521276af5c3f","2026-09-23"
"10_S老师IP资产\_asset_notes\D_Evan_video\zhuyiming\output\ip_v6_work\frames_in_25\00641.asset.md","asset-note","60782061fd0c259de17a8ac2dbeeaf2fd09c3ba02b5f391a0b8c48a89da3124e","a0b404497d01e85bda3463535ee9df7d0489940e94e0b3783cfc8a3578360c51","2026-09-23"
"10_S老师IP资产\_asset_notes\D_Evan_video\zhuyiming\output\ip_v6_work\frames_in_25\00642.asset.md","asset-note","dda48fcb728a37f607ca1c2efe397120c33647cd44e7170665b3df36f59abcd1","be6b38b205cb3840665ea7f46c365f2399149aeb51f356aec219665428e0c52e","2026-09-23"
"10_S老师IP资产\_asset_notes\D_Evan_video\zhuyiming\output\ip_v6_work\frames_in_25\00643.asset.md","asset-note","bfc893da59b4c206507a8ef0dce913e1d3dcd90e2789e34278854b915e4e9ece","f8051ffa4bcdfc06606878403a9443e063f88951d7a852ac115640d351a7bae5","2026-09-23"
"10_S老师IP资产\_asset_notes\D_Evan_video\zhuyiming\output\ip_v6_work\frames_in_25\00644.asset.md","asset-note","d28450d18cd87171c801c663b59affeea11c7ac7381cc812da77454088b1797f","b7bbdd5db377cfdf317f791bf2c0a0a1622fb3ecbbf86172e58d7012cc9eaedf","2026-09-23"
"10_S老师IP资产\_asset_notes\D_Evan_video\zhuyiming\output\ip_v6_work\frames_in_25\00645.asset.md","asset-note","7ce914505002d615a9c0518edfa452945f44e22f6b7cc423ebc1181912cb42f5","532ad8eb5b338b03eee32a10179a7164dde1c9b8dbb230930ee1134a729448f4","2026-09-23"
"10_S老师IP资产\_asset_notes\D_Evan_video\zhuyiming\output\ip_v6_work\frames_in_25\00646.asset.md","asset-note","267f94bb39d39d121d40fc9250d737f7719474d23f52866d84bef630401daa46","7bb0aa8535565e6d6feeb9dd3d160d53296f60df6db3558a6611329658d74f89","2026-09-23"
"10_S老师IP资产\_asset_notes\D_Evan_video\zhuyiming\output\ip_v6_work\frames_in_25\00647.asset.md","asset-note","6452d9737135f574c2b08931874d69f976130648736f2c901b3892c0da67bdb9","c63763a6587a6c4c97cc48784737e63f6b33f11998f44ffb06e6e3cdaf351e10","2026-09-23"
"10_S老师IP资产\_asset_notes\D_Evan_video\zhuyiming\output\ip_v6_work\frames_in_25\00648.asset.md","asset-note","b8e47e7dcdd5ad8903cd482a24de50b684b502c8bfb18ef2baaf04223d90fd8f","56362c7396855774392a6b95fb759d0f85377a9ef3d20bdd9c7e618f15b9a676","2026-09-23"
"10_S老师IP资产\_asset_notes\D_Evan_video\zhuyiming\output\ip_v6_work\frames_in_25\00649.asset.md","asset-note","9acd06c4d2c8e1749c93257ce4afb9976279fa8f0e50dae5ae070eaf688adde9","4e1e086d5338ecf618b6b16aa68f5f6a8c9d8f493365d064e141df44ae0732d4","2026-09-23"
"10_S老师IP资产\_asset_notes\D_Evan_video\zhuyiming\output\ip_v6_work\frames_in_25\00650.asset.md","asset-note","7fa173f776fcb8e047c1bc4566696e3612ee12163c65bd7cc73e51b41e8fbe25","addef57ca51610864da49308f4d2763c3b37744a415808364380a589b7118c6f","2026-09-23"
"10_S老师IP资产\_asset_notes\D_Evan_video\zhuyiming\output\ip_v6_work\frames_in_25\00651.asset.md","asset-note","413a5513391ea1297ef57101823ea46518acdfe3d895b6a0d21de0d7cd0e5a07","edeef4ac25de4d241414ad784659425e4c603e7b380c4135d4114f02588abb9e","2026-09-23"
"10_S老师IP资产\_asset_notes\D_Evan_video\zhuyiming\output\ip_v6_work\frames_in_25\00652.asset.md","asset-note","d1ab8141497ae5a7fe0e69dc3dbf65a1240aa66ba3461b046f2ab913f4c67a43","c07d86097545b50d48ddff00ab88481609866634bc309260545007570d16419a","2026-09-23"
"10_S老师IP资产\_asset_notes\D_Evan_video\zhuyiming\output\ip_v6_work\frames_in_25\00653.asset.md","asset-note","ddb414e1e8c568f9d6a833a2e5309c451a286006f8ddfdf123e5021a38878ce4","d304ba3fbcbf02609fc5c3d159d61258a0536d86c272313fba71d208a1680292","2026-09-23"
"10_S老师IP资产\_asset_notes\D_Evan_video\zhuyiming\output\ip_v6_work\frames_in_25\00654.asset.md","asset-note","58d9670db89f00ca5fd2419b104b0cc0ef8064daaf48374727363ac2660584d4","07979aeef1efae4126f10e2524ab16b86003e133a31baece8beb28d1d467f0ad","2026-09-23"
"10_S老师IP资产\_asset_notes\D_Evan_video\zhuyiming\output\ip_v6_work\frames_in_25\00655.asset.md","asset-note","90cd16aaea1ec0eee70f1a8488c37d03d02101a024e9b83bad6cefc81807abae","e18b8e15bee3aaf6c5266b87890316952d20eca4dc9e08e2b59ecbba19507d2a","2026-09-23"
"10_S老师IP资产\_asset_notes\D_Evan_video\zhuyiming\output\ip_v6_work\frames_in_25\00656.asset.md","asset-note","af16826ca24fd4974febacf8c6a8436295ebfad4f26c0aaa54e191507fd1fcb1","4521b602392efb648869c279f0d2d355d395aa71eea0ac297e42d376ca7db047","2026-09-23"
"10_S老师IP资产\_asset_notes\D_Evan_video\zhuyiming\output\ip_v6_work\frames_in_25\00657.asset.md","asset-note","83dfe6e498545b685f1f44946f93981c15ab8e7a81982b77bf071e706579464e","6dd1365f4954547ee972c40930e26dcbf99a685426d39d273038bc40ed1cc046","2026-09-23"
"10_S老师IP资产\_asset_notes\D_Evan_video\zhuyiming\output\ip_v6_work\frames_in_25\00658.asset.md","asset-note","76d94f0e7c0f3ef36792d356d32f59a2424662da88b3f80d8716e0a828aab4d5","eff81c4acdea98832dde3aba9873b75a06c57e4f9381bc9bdea260f5d8b886ab","2026-09-23"
"10_S老师IP资产\_asset_notes\D_Evan_video\zhuyiming\output\ip_v6_work\frames_in_25\00659.asset.md","asset-note","41667d82f1039669d92e8560822867e9e833f2880198e3258fe8132d81dc811b","e7d95f200dcb902881b1a312eb833efab3e7087a14ff4d2f46bbbea8baffd377","2026-09-23"
"10_S老师IP资产\_asset_notes\D_Evan_video\zhuyiming\output\ip_v6_work\frames_in_25\00660.asset.md","asset-note","d0ec7ab905ec2d1eb8241baaa5a3d365a65c73bd75d160f4232738bd00cb45b2","c797c91d6efc5f2782cf2aa0945013ba2ae63f73665a315480589f9bc3c91448","2026-09-23"
"10_S老师IP资产\_asset_notes\D_Evan_video\zhuyiming\output\ip_v6_work\frames_in_25\00661.asset.md","asset-note","fd911ed0ebc4ebf6a49bf6824d12cb2e9c890c31a9fdcbae368d400becfc196d","5e7ff6bde6ea57d8be8eef3bc40a7166f4a9c15ccfb3860b4b6f331ae8e48dc3","2026-09-23"
"10_S老师IP资产\_asset_notes\D_Evan_video\zhuyiming\output\ip_v6_work\frames_in_25\00662.asset.md","asset-note","0dacaf6218c9003648f5f1f2238dc553ca9f5a09d04cc58d8b3824943e4d5ef6","0ca4ca7620f6f2a523f41679dcd8b1a8223dd80a437871f7bcd9f42671335764","2026-09-23"
"10_S老师IP资产\_asset_notes\D_Evan_video\zhuyiming\output\ip_v6_work\frames_in_25\00663.asset.md","asset-note","372e188957c1f8977af463af40fb7464235e1409a93e6ae71701a98609b229a5","57a66878ad5d896fbb9aa9ef931e46abcfeb5c7c66333a0950ff500f26f06b42","2026-09-23"
"10_S老师IP资产\_asset_notes\D_Evan_video\zhuyiming\output\ip_v6_work\frames_in_25\00664.asset.md","asset-note","0fed7f2e938358de718ceddec4821a53e6f24b0ea20310906d073e31b9d7d28f","e63627d86506bb99a8e3c04c2194132c874d882f0579f99d5839eced54767c5e","2026-09-23"
"10_S老师IP资产\_asset_notes\D_Evan_video\zhuyiming\output\ip_v6_work\frames_in_25\00665.asset.md","asset-note","f45c6415a612be969e35919d7822df90a844299b99c7d650b6e7eadc0a7a86ca","6a2950b1c6cb49364852cacf05bdcfc0c7b8732acdbeb767370e893aa921a18a","2026-09-23"
"10_S老师IP资产\_asset_notes\D_Evan_video\zhuyiming\output\ip_v6_work\frames_in_25\00666.asset.md","asset-note","0ade38810fc0552c018de93fb8b225d3595b18caa33427444cb6b0e599684559","fcca074a9bdfaec89b91c21a011dd1fa9e3819afde9fb544cabfebf481c1c6e2","2026-09-23"
"10_S老师IP资产\_asset_notes\D_Evan_video\zhuyiming\output\ip_v6_work\frames_in_25\00667.asset.md","asset-note","3a2c3d891a9cef76b45c084f18ec8658403b95dc8838429277e09c62f7e28392","63cd9cd4e00cf99440603b4f3e704c6e3a0859e0038c62bdac9f55f8e491d065","2026-09-23"
"10_S老师IP资产\_asset_notes\D_Evan_video\zhuyiming\output\ip_v6_work\frames_in_25\00668.asset.md","asset-note","507fb5f0db322640ac3e8d7ebb76dc145edcd04ac733c8705e64468ff011a31e","e6a094488c9a870a9e8e957420002b052d6b295184fd24ea0f44876638a12c07","2026-09-23"
"10_S老师IP资产\_asset_notes\D_Evan_video\zhuyiming\output\ip_v6_work\frames_in_25\00669.asset.md","asset-note","6b57f1dc3ca4e46ab1a9d85fe420296eda418a96f9b951e1cf6c2acf5bcac397","ca133e39fc8d353982931ae4844eef05a80f3ff8eac84667d2c2f937d3333303","2026-09-23"
"10_S老师IP资产\_asset_notes\D_Evan_video\zhuyiming\output\ip_v6_work\frames_in_25\00670.asset.md","asset-note","368d015902436de9def43d14474d05ce7584aa3bdc367ac6cc0a6344341d0f04","935c83864ab2c565298923d551225e6ff58bf4f9362db9f8b7cf37656ae4fe77","2026-09-23"
"10_S老师IP资产\_asset_notes\D_Evan_video\zhuyiming\output\ip_v6_work\frames_in_25\00671.asset.md","asset-note","23cbba7a9525ea2e3476736db37161c0407817bcc29676fed5c2c5c94a8db365","126f0120d45f26be095698895c7c4b4cc2533c4d63187c0fe2aafb7e4c6516c3","2026-09-23"
"10_S老师IP资产\_asset_notes\D_Evan_video\zhuyiming\output\ip_v6_work\frames_in_25\00672.asset.md","asset-note","357d02056741d28023bae7551c0a279402ef255b3999c420f27d6c36fcec249b","a1946dac4498c07c9d351df21bc0570baaa77c427e8e9215eebde296d40d72ef","2026-09-23"
"10_S老师IP资产\_asset_notes\D_Evan_video\zhuyiming\output\ip_v6_work\frames_in_25\00673.asset.md","asset-note","94a2efc0964107e5a12482ad874fb1b48d92640942de9972b503a1c525a8391f","d922b31bede4eaccfd394d43a30319e95615db9e80b2f43790fef64f7f8c293a","2026-09-23"
"10_S老师IP资产\_asset_notes\D_Evan_video\zhuyiming\output\ip_v6_work\frames_in_25\00674.asset.md","asset-note","00bc76e7db875ad4b942814035d1605827d9c5431f708dbd7954dc0d4b4967a6","6e017d291f07b62d158bad7622297e24f47a3f1bdcdef9d7266422e9841fd65a","2026-09-23"
"10_S老师IP资产\_asset_notes\D_Evan_video\zhuyiming\output\ip_v6_work\frames_in_25\00675.asset.md","asset-note","9b405588d65199a0e29beae9a7eb123b160264f87d2d4fb8a91803e728d40362","9223cedb51e9a6f6479c2345c6a89c6d1ea0137f45ddcaae6b3758355a94369d","2026-09-23"
"10_S老师IP资产\_asset_notes\D_Evan_video\zhuyiming\output\ip_v6_work\frames_in_25\00676.asset.md","asset-note","edbff2771cd3d7c1c1aaf19a8534859860bd9d46240fce14d579dcf0f07162bf","34321da0276e5191c32c6dc5fb151d1398ec8c5935eeda002a544bb23f908628","2026-09-23"
"10_S老师IP资产\_asset_notes\D_Evan_video\zhuyiming\output\ip_v6_work\frames_in_25\00677.asset.md","asset-note","647fbb9e3cb95ffa26e8b51875464e5e1240b1856e5b1d539663d76bd136efd5","ed81b7660add561911d8c65c86dffd0944bdd30160df1748343b71f6e92f8ce0","2026-09-23"
"10_S老师IP资产\_asset_notes\D_Evan_video\zhuyiming\output\ip_v6_work\frames_in_25\00678.asset.md","asset-note","78219b811e9bb51e478870bc6e548e36c34fe35a37bf6f35d762553f6c3a3fdb","28233de077e94e35d029b64d4946fcfaca9a3e6213c976223f0b7b8f316f39a4","2026-09-23"
"10_S老师IP资产\_asset_notes\D_Evan_video\zhuyiming\output\ip_v6_work\frames_in_25\00679.asset.md","asset-note","466f08c7092db7d8c1604e9e7d994681b908d17e8bad62b604b5bf5ae631e42f","c740e42b70aa6e58ab5babd6c35bb8e3de211ef6e65abe60a81cd83e642e35ef","2026-09-23"
"10_S老师IP资产\_asset_notes\D_Evan_video\zhuyiming\output\ip_v6_work\frames_in_25\00680.asset.md","asset-note","86baee5d7d297466bc6fbb029db14d2516d9097d0e7f34d021daee74e77d9729","77a8600e2b15427be278f369ac850c2eaa3b02c7f00d86638198812ee6e9f2b7","2026-09-23"
"10_S老师IP资产\_asset_notes\D_Evan_video\zhuyiming\output\ip_v6_work\frames_in_25\00681.asset.md","asset-note","c98d4fa06827ae441c130a8fc2ff28b94f8e8104b4fe8d1a7649b8043a0509bd","40e3778f9025a20caa6fd1fb7f8a6326b5d5524e81202485464c1196b5ef7031","2026-09-23"
"10_S老师IP资产\_asset_notes\D_Evan_video\zhuyiming\output\ip_v6_work\frames_in_25\00682.asset.md","asset-note","c29be35129261a873460d08d1714be9b61dfe778f474c692cd5aa141b97a6240","53d5e84b1ec5021a24601f054c8ed44c751067fc7f586c52b357420d8ecd0458","2026-09-23"
"10_S老师IP资产\_asset_notes\D_Evan_video\zhuyiming\output\ip_v6_work\frames_in_25\00683.asset.md","asset-note","cc9c54f516eb27eec29f858066b628e781922a708aa81873a3014e7930fae3df","7d43c2aea204b0750dbb0ed984b3319aad20bb2412521e7f172cd7eb189c1d3f","2026-09-23"
"10_S老师IP资产\_asset_notes\D_Evan_video\zhuyiming\output\ip_v6_work\frames_in_25\00684.asset.md","asset-note","3b32cb2eea9badaca2e2b441420d94db782758d90e63b7952d91f7970c4f4a47","e443c4bdc9728e90b94ecb1f234fc71d2a56bedffe55786bf693de7c924ef868","2026-09-23"
"10_S老师IP资产\_asset_notes\D_Evan_video\zhuyiming\output\ip_v6_work\frames_in_25\00685.asset.md","asset-note","ef6a260feb7e8a0bcb2c370668dfc3f1aa60c9729077faa957a9e88bdbe145bf","35c93c6fda6a9c7e41817bd303b90584885aea53c253d8c2e3a19d7656a9a1bc","2026-09-23"
"10_S老师IP资产\_asset_notes\D_Evan_video\zhuyiming\output\ip_v6_work\frames_in_25\00686.asset.md","asset-note","66facdf8e4fda305ba90dd23447d5a46dab70ea480ce656f08fbc59bb5ed3924","8be52126fcacb5c90c954b4f0b30956c8dc7767f590d314e9e0babc6aea67bce","2026-09-23"
"10_S老师IP资产\_asset_notes\D_Evan_video\zhuyiming\output\ip_v6_work\frames_in_25\00687.asset.md","asset-note","a20ccf3f9a96757be99ef316248f4b9aab783b1a15cab6edad109605b55e1964","6e8c65b6fcc217ccd572aa3f3b1851cf49b1bbc0e9d9e7021f0e273a41f976a8","2026-09-23"
"10_S老师IP资产\_asset_notes\D_Evan_video\zhuyiming\output\ip_v6_work\frames_in_25\00688.asset.md","asset-note","901ad2e2c610b3eb4f643c47c87693ef07f78210e41f485309fc0b5626f4d74d","c70d3945745199d41494ee79439087ec787614fcd5396221fdb5a8553bb20cca","2026-09-23"
"10_S老师IP资产\_asset_notes\D_Evan_video\zhuyiming\output\ip_v6_work\frames_in_25\00689.asset.md","asset-note","55ab271be9dc2bfe028ac4f733684e911091a3bd523c023bb45cce400e8ea731","e7828b5c8d0510efe92f5ec5563d176b80c249c4ee2b990c0174878588afaea1","2026-09-23"
"10_S老师IP资产\_asset_notes\D_Evan_video\zhuyiming\output\ip_v6_work\frames_in_25\00690.asset.md","asset-note","ec19469f4b2a772e26cd24d36e3e61ebe227d2542d8a4741213c488ae6fc06d3","4bfe4de3b2eedf56430cdfb2e4b6e8f7d967c82083a8233c35ffa0111e8ea7e7","2026-09-23"
"10_S老师IP资产\_asset_notes\D_Evan_video\zhuyiming\output\ip_v6_work\frames_in_25\00691.asset.md","asset-note","1b01700873009bcf0f13ceb57418c04d4bfc4d0752dda665a291c5ddfb1e6fd2","32f7b34aff74f3de39d2c7f7ffa9ef598eb11bd57486d52a5f5de63587e9798e","2026-09-23"
"10_S老师IP资产\_asset_notes\D_Evan_video\zhuyiming\output\ip_v6_work\frames_in_25\00692.asset.md","asset-note","08596a3c2c8796aad2fa0c86a88b23833adaa8572458b55632f4eade879d032a","ec4ffcb86b16c01e11e308360489677b7b3c39848f04a5e8ba0f97ebe7cc24bf","2026-09-23"
"10_S老师IP资产\_asset_notes\D_Evan_video\zhuyiming\output\ip_v6_work\frames_in_25\00693.asset.md","asset-note","fe5acb14656b4ab96af2440cc4b2d81e29a3736b250c4c4b2defdfdda95742fc","49c1a8d24af632f914364b178dca5697a8c2126d9c54c10609b49f0548999c1e","2026-09-23"
"10_S老师IP资产\_asset_notes\D_Evan_video\zhuyiming\output\ip_v6_work\frames_in_25\00694.asset.md","asset-note","5046812ab0ee81e6f7756358f67eeb26666ffc749e6b7447845bb9c84c4445d1","4ac3785f0f672022c7b85c2b6d34f214dfb130ac7acaf8a88b6e224c82b37658","2026-09-23"
"10_S老师IP资产\_asset_notes\D_Evan_video\zhuyiming\output\ip_v6_work\frames_in_25\00695.asset.md","asset-note","694e6138ce203011bc89d1ceb469681a60c0877eacb052509b11a29f0dac31de","40e8613c5d6228b9652fa669e867d024a5f172adb741fd47986a9e7adceca676","2026-09-23"
"10_S老师IP资产\_asset_notes\D_Evan_video\zhuyiming\output\ip_v6_work\frames_in_25\00696.asset.md","asset-note","00267a6e58a692a99b962325989fc295ba780c6a1a5ee76fd4efc4c1ae75fb18","d49150b772c455d4ace1e13a577f0cc1baca1330f84472f2c32319ffefd29a96","2026-09-23"
"10_S老师IP资产\_asset_notes\D_Evan_video\zhuyiming\output\ip_v6_work\frames_in_25\00697.asset.md","asset-note","c35e2a470a9e1134c63e487362d1fc7d9419fc07b4fb349c08fa8385e62e0949","8401a14d21ce16179eb50cd631e5683a48fe8481f2834477c576d79c3615a750","2026-09-23"
"10_S老师IP资产\_asset_notes\D_Evan_video\zhuyiming\output\ip_v6_work\frames_in_25\00698.asset.md","asset-note","5577f3d438c4f0c0d0d55b9c7d6b5645dedcfc9f7a77c470eec0bd1ec2d0fb6c","e21edc9fe7df307f3e5120d4c5d920c282085105a821021543783b55daa85a77","2026-09-23"
"10_S老师IP资产\_asset_notes\D_Evan_video\zhuyiming\output\ip_v6_work\frames_in_25\00699.asset.md","asset-note","4e153e4db86bf4c5f48a8283fba15927e75bbeb717f724075c5243a825c36e1a","1cf258b9ba4caa4170c92b398c04f0526929a696a4f31a4eeb8b65a8696e5cf1","2026-09-23"
"10_S老师IP资产\_asset_notes\D_Evan_video\zhuyiming\output\ip_v6_work\frames_in_25\00700.asset.md","asset-note","582d6834ce829202398bdd96183307f68cc38ff56744f804126c8c3a907e5a28","cd6a600cd7d43393d8115e5d76611db7788a4133429e6a33942a1871210511e7","2026-09-23"
"10_S老师IP资产\_asset_notes\D_Evan_video\zhuyiming\output\ip_v6_work\frames_in_25\00701.asset.md","asset-note","76648540f6bc30c17dc4cf0d9d7bdd42e482bc712f05deb188b8a476543d0659","f439ef82bf55db743a69ab3bc6467df8a9e4511c74ae1e44e39825ba78b6f04f","2026-09-23"
"10_S老师IP资产\_asset_notes\D_Evan_video\zhuyiming\output\ip_v6_work\frames_in_25\00702.asset.md","asset-note","4e9bf04ed82eba3e6a5e7024acf3140126d015d047b4ff1a9575d28a871b6d81","6a2f94e0909cb9df34c6ace52fe23e6443cbc71b348b9c28dfed0c62a4090cd5","2026-09-23"
"10_S老师IP资产\_asset_notes\D_Evan_video\zhuyiming\output\ip_v6_work\frames_in_25\00703.asset.md","asset-note","8b6ab52d80894fc1fced9ae05d36aa95207cf54d4427693128ca9a7bcbabe72a","a98c842067bb2ac1f8132ce80430373444bf0cdb90c6aabeeedbdfb773ad1bfd","2026-09-23"
"10_S老师IP资产\_asset_notes\D_Evan_video\zhuyiming\output\ip_v6_work\frames_in_25\00704.asset.md","asset-note","cc41c0adbfbc449d5deedd7082bbf02ae8499de126a0bbbbb1357ca115b1e828","471c3f1c1eae1b36ecf54326166c848b6990b4cdb440fa6c0049392e86550f9a","2026-09-23"
"10_S老师IP资产\_asset_notes\D_Evan_video\zhuyiming\output\ip_v6_work\frames_in_25\00705.asset.md","asset-note","372d2add62aa54a510e4c4c883ad2ebc7d9f96befcf2aed822ccd35f5c572ee4","27cbf380308950fcd4bfb37e698bf83cc1422f576f1ed8911e793240c820912a","2026-09-23"
"10_S老师IP资产\_asset_notes\D_Evan_video\zhuyiming\output\ip_v6_work\frames_in_25\00706.asset.md","asset-note","cde9c178c23572fcdf471c7b57714908f17521b995be007dbf6c76af2593549a","9b0c5d8ce2dfbd821ecae418a91ef680d21fadb5c1b673eeb8e4559c08cd5d6e","2026-09-23"
"10_S老师IP资产\_asset_notes\D_Evan_video\zhuyiming\output\ip_v6_work\frames_in_25\00707.asset.md","asset-note","12472ecf4a49ef433761ed1677463f093396fcf6856e21061dc1eb232d54813b","327b61a119af4b7ece0084bec67fd7c5cfbc19b2a9ab24877d224c36ba3b83ed","2026-09-23"
"10_S老师IP资产\_asset_notes\D_Evan_video\zhuyiming\output\ip_v6_work\frames_in_25\00708.asset.md","asset-note","c5f467551e5867d010e1470b9ef2bda3ff4177b50afcd1e55e25b15f08612543","248a27831ba1670abd22008391f163633b3b3f58c5ad997a2acfd46de2e9d280","2026-09-23"
"10_S老师IP资产\_asset_notes\D_Evan_video\zhuyiming\output\ip_v6_work\frames_in_25\00709.asset.md","asset-note","42b83bb3da9d54436c3ed01175897bae44a9f42ff2893ea900ec26ce1f76d3b3","296972aafbbd4e37689defd7e6c95ebb46554856161eed6f79177f6e72e1578b","2026-09-23"
"10_S老师IP资产\_asset_notes\D_Evan_video\zhuyiming\output\ip_v6_work\frames_in_25\00710.asset.md","asset-note","b8c59bc929a3b43b23aac97e528a787f6ce5548e4a8aa5b9bcba9f03a4b439ae","c1c9039663ad570e244f0d7480f644a1b7f8bfb4327d8ae18ac9af25ac375f13","2026-09-23"
"10_S老师IP资产\_asset_notes\D_Evan_video\zhuyiming\output\ip_v6_work\frames_in_25\00711.asset.md","asset-note","2bb6d56585378fef841a4a335b54b4f6087952095be901d8d60f2a1ed3a2781d","7ae8adc2a7daf0856448973438e0fce6ba5fa2a3debd5db9da54e883eefae7e6","2026-09-23"
"10_S老师IP资产\_asset_notes\D_Evan_video\zhuyiming\output\ip_v6_work\frames_in_25\00712.asset.md","asset-note","22d4583225389ea80fa3258085a772a8f78a3098769108fedaec32462a6b96a4","e6a07a04459d4f2b7ca93aea63640de61baffde18f2291e7717c637c17ad4681","2026-09-23"
"10_S老师IP资产\_asset_notes\D_Evan_video\zhuyiming\output\ip_v6_work\frames_in_25\00713.asset.md","asset-note","2ae2a5c64a2bf5db2bfadc9a6eea7631049a84d0987aef41ecbbf4d71fd82b5e","cbc48b45b187050ce9125aa60fcdba7916f0f6f7dc291ab193b1f2635f92f8c4","2026-09-23"
"10_S老师IP资产\_asset_notes\D_Evan_video\zhuyiming\output\ip_v6_work\frames_in_25\00714.asset.md","asset-note","a8f886e3fe54e8ef076209af60b6c6a02a66bb4cebe8e83f552d4eb706840b77","4d91cb19bd45ceabfab50e96808ce11590b70c99a289ae09a29314cb3ca6113d","2026-09-23"
"10_S老师IP资产\_asset_notes\D_Evan_video\zhuyiming\output\ip_v6_work\frames_in_25\00715.asset.md","asset-note","3e2ad5eab7dc9572b75fba7bcad0b592e9452b45d26083ae17848d23beab1eba","a9e510e3f3f0cb4cc409bed74567efe58f4c22cd2828c3732859239f1474b6c2","2026-09-23"
"10_S老师IP资产\_asset_notes\D_Evan_video\zhuyiming\output\ip_v6_work\frames_in_25\00716.asset.md","asset-note","72c4c86002431f1fd46c6ff50f8eb12b1097960a4313e229074f25d603265fd0","d189496469bab63dc190ef6f5c6215dc0245face005877cd4ca873fd6af90a08","2026-09-23"
"10_S老师IP资产\_asset_notes\D_Evan_video\zhuyiming\output\ip_v6_work\frames_in_25\00717.asset.md","asset-note","d03583a353efac50fd31101dd6f4c276b90db302de3ce4bb5c30188ae5965758","d36906b6e1decf85b4f0400bea406f58ee1ac6dd60cd60b42c9ae908bb12bf22","2026-09-23"
"10_S老师IP资产\_asset_notes\D_Evan_video\zhuyiming\output\ip_v6_work\frames_in_25\00718.asset.md","asset-note","5cc6dca0d0daf013c2066edc45d8db2f376d37b77f8a72795df100fd24015ba7","b730176add219b74226eb488e9a54df1b116c3ec9235ac437d923db0949d262c","2026-09-23"
"10_S老师IP资产\_asset_notes\D_Evan_video\zhuyiming\output\ip_v6_work\frames_in_25\00719.asset.md","asset-note","3e379b586c1f8907eb4d702e265443655c9abc38a841d7b9122a875517f14e4d","c652443b9fff6d3008286f954edd4f2a0a14bf0f5983d14501f0737d89331cd3","2026-09-23"
"10_S老师IP资产\_asset_notes\D_Evan_video\zhuyiming\output\ip_v6_work\frames_in_25\00720.asset.md","asset-note","a85a331689ab6ccfad4b5d52d047ab5e6a6b725c9835e2c48db00c36a72b9afb","03bf1a940683dd10a1d8aa066357b1c321afeb11147b2deed1b198ff2f42cb6b","2026-09-23"
"10_S老师IP资产\_asset_notes\D_Evan_video\zhuyiming\output\ip_v6_work\frames_in_25\00721.asset.md","asset-note","fcb0b8c2ac14249d22f5d9500a916e5e358f558a08f4aa986047909669dd0657","95168417fb08d7d95619771da1010327099fcc0b093af212d6a949bddabba6cc","2026-09-23"
"10_S老师IP资产\_asset_notes\D_Evan_video\zhuyiming\output\ip_v6_work\frames_in_25\00722.asset.md","asset-note","ff977dc427197c871e9c3f0485c9cbf2098edfa4d07e129740553c3a4a814b9b","ffeeded52037147a208edc94a07086c78b80caa371e741af641c5fbed4edecef","2026-09-23"
"10_S老师IP资产\_asset_notes\D_Evan_video\zhuyiming\output\ip_v6_work\frames_in_25\00723.asset.md","asset-note","1d752d171c1641255a36ba58309bc2cedfa3b1384a143a9d61b10c2df256e10e","ec784b42239afcb0616c9661301c7fd4a5d52659129eb294a5ba5508430129f8","2026-09-23"
"10_S老师IP资产\_asset_notes\D_Evan_video\zhuyiming\output\ip_v6_work\frames_in_25\00724.asset.md","asset-note","8eba9b7f4f7506c9fe8e41e358f01e25165aa6b41fd66bdddc6a998f32e1846b","fc43a0cbbe78dbb406eed7791b94eadf983547aac9fc6c977557e89b5dca7a67","2026-09-23"
"10_S老师IP资产\_asset_notes\D_Evan_video\zhuyiming\output\ip_v6_work\frames_in_25\00725.asset.md","asset-note","6c3694346d6d3cca6ed50105dc969e805ec4edd080657e3f0f9115aa1c51977e","4f089b13337ee122353ae0d0df58d785f7da701322e0c3e42fa240f115e2acee","2026-09-23"
"10_S老师IP资产\_asset_notes\D_Evan_video\zhuyiming\output\ip_v6_work\frames_in_25\00726.asset.md","asset-note","89a0499206afdb069427a96a65de75c1ef83fcae77ab9158a159d7abe680c6d1","6f111d5667e2e9b745a8cfb71560a53a65a5d317ed53f839f4bef94322db248a","2026-09-23"
"10_S老师IP资产\_asset_notes\D_Evan_video\zhuyiming\output\ip_v6_work\frames_in_25\00727.asset.md","asset-note","48d0f3ca8eb28a950c549e213b914591a5da75117829dd2dc82e96c7cd4972fa","ed28a97ff1423bbe5790a31994f55503bb3bfe6dd0900677a3daecbd645526e3","2026-09-23"
"10_S老师IP资产\_asset_notes\D_Evan_video\zhuyiming\output\ip_v6_work\frames_in_25\00728.asset.md","asset-note","f88c2d15eb12d31bb0440756893bf0ae8a6c693547857a6540873a337922fee1","bc26ac5b60606b55ae25f2eabf27c8e3ab0e19d1a21747c4c5d3d9bf67f2a566","2026-09-23"
"10_S老师IP资产\_asset_notes\D_Evan_video\zhuyiming\output\ip_v6_work\frames_in_25\00729.asset.md","asset-note","7b27e3cee2259502b36fa986f5c90b0ca6c1a717ad10037921c1242eec1bf0b2","459f5921b0bae060d62c0e5c1f680050d7ff8b083c164525568a27a33dfe01c0","2026-09-23"
"10_S老师IP资产\_asset_notes\D_Evan_video\zhuyiming\output\ip_v6_work\frames_in_25\00730.asset.md","asset-note","ac556ffdcca9fd440567b5d7af992fb78f826c3effd1be5cb77a9d408b44fd2c","c07be6b4ddebd4cf1eac76ed42d8b628a101eb9624f3e4f49c896039e2056ce6","2026-09-23"
"10_S老师IP资产\_asset_notes\D_Evan_video\zhuyiming\output\ip_v6_work\frames_in_25\00731.asset.md","asset-note","a6b624212c993087a02d8fd5214d2d4ef2c981d90bb3c97b70a363f779a67246","3160c21d042433ca3febc1e165a16729451b427d6aab0adc52d827636bb73449","2026-09-23"
"10_S老师IP资产\_asset_notes\D_Evan_video\zhuyiming\output\ip_v6_work\frames_in_25\00732.asset.md","asset-note","1d512d95d5acda569fe8b19d3e242f3bb233e7463a584cfe1704c522d3ba23fc","ae15b4d7a85077bb14b4e89fe7fa835f2897a0c00c69886ca5a8a6c6f1e814e2","2026-09-23"
"10_S老师IP资产\_asset_notes\D_Evan_video\zhuyiming\output\ip_v6_work\frames_in_25\00733.asset.md","asset-note","244499b5df9a8c34bcb4d684a4f4cf00270b66adb9af09152b5112fe910fe578","90ed48bfdc4f26fe6fabf7f35048b6a51bf1beaefa7af22463c1fd256e521f4e","2026-09-23"
"10_S老师IP资产\_asset_notes\D_Evan_video\zhuyiming\output\ip_v6_work\frames_in_25\00734.asset.md","asset-note","3007bcc1e9b87cb1d44b1a8e0d05dfd5eeeca589fe66d3277fc6c2e602f5e9b3","53cf61bace870cb811ab85a48dac4be8bdbb1122c3e2b448f05cf3917c3cc583","2026-09-23"
"10_S老师IP资产\_asset_notes\D_Evan_video\zhuyiming\output\ip_v6_work\frames_in_25\00735.asset.md","asset-note","ad515489f0d44620eff65ad9c172bc728a81054e8920e998833ec493bc86e44c","4e6d285b9daf75ebc54f89ba07d67961a2389fbef64a4978364744ccef9c7853","2026-09-23"
"10_S老师IP资产\_asset_notes\D_Evan_video\zhuyiming\output\ip_v6_work\frames_in_25\00736.asset.md","asset-note","46c32bb9fea48845b630202586f18a1fb5c7a2ba966545e702f43afc02e55d54","247f28d1cfae22ff3a446947740617e94a3d7f73980c82a8cd4b3534d9861e02","2026-09-23"
"10_S老师IP资产\_asset_notes\D_Evan_video\zhuyiming\output\ip_v6_work\frames_in_25\00737.asset.md","asset-note","4de7a7958ea1d5638b54d8ff87de437faf5e7c8e6731c3be0e86bde6f545704b","9e94c886c7a8f5820305d95bf211ddbff1981499d85f9bf057ffc6fbf5106474","2026-09-23"
"10_S老师IP资产\_asset_notes\D_Evan_video\zhuyiming\output\ip_v6_work\frames_in_25\00738.asset.md","asset-note","0c84c1d311b67d7b1009e6d8d7d26ff827428208d282d163d2b39b258707996b","1b831c33af2557f4fa429b8b998858d77a0fd5fd8b84b26238737653430a66c2","2026-09-23"
"10_S老师IP资产\_asset_notes\D_Evan_video\zhuyiming\output\ip_v6_work\frames_in_25\00739.asset.md","asset-note","0a1fa3d7a96876cbc2ce4e9909724c89bcf07a264aafc8980d92c55b8d94e671","3b6888f7d84fb16cea49413e5c89f42cc4bb94b93ccd4143c49dd6ae0c2693f2","2026-09-23"
"10_S老师IP资产\_asset_notes\D_Evan_video\zhuyiming\output\ip_v6_work\frames_in_25\00740.asset.md","asset-note","ed5793c7ea434d513fc1e6fc0493d531b6979cd6acdac9650c5b21295fb16715","b40aeb1162d17a6aa026469693fac54f96822f6b455736973f25f8f94a632bb2","2026-09-23"
"10_S老师IP资产\_asset_notes\D_Evan_video\zhuyiming\output\ip_v6_work\frames_in_25\00741.asset.md","asset-note","a1eef92e4b23d03656b69b76c84882552171524d66c16e882b70e73af3bd6243","928778639095d01fb49287acd0903786161709298eefbaaf4d32940e07de0a43","2026-09-23"
"10_S老师IP资产\_asset_notes\D_Evan_video\zhuyiming\output\ip_v6_work\frames_in_25\00742.asset.md","asset-note","9177c76de6b3bf643ad5b5780bb46778b402e6e99471b3084da292da323b2e5b","4a567db28999addf7ffc717f35b2063d786f6a16ee24be21f1c4eba8295d47cb","2026-09-23"
"10_S老师IP资产\_asset_notes\D_Evan_video\zhuyiming\output\ip_v6_work\frames_in_25\00743.asset.md","asset-note","0c9f89f39d10cf31813913d7db11ee3748ebafd839a2a87e779b2c33c005550a","3eb19bc1bc65fe97b934b526c4406a240fdff59721728ae9506e26aa4124fd67","2026-09-23"
"10_S老师IP资产\_asset_notes\D_Evan_video\zhuyiming\output\ip_v6_work\frames_in_25\00744.asset.md","asset-note","5380cbe4baea092aaf144f1d97ea008fdacbdcd9e2c6a100578399ca32f34c8a","5c6f3bad5c91bb7c4ab84ce6192f6fa4dc494829c9093324c56a96e0dce5bdae","2026-09-23"
"10_S老师IP资产\_asset_notes\D_Evan_video\zhuyiming\output\ip_v6_work\frames_in_25\00745.asset.md","asset-note","424a48a2d99d1b010e9a41d5c8a70021735dd448a3417508f6ec5dad7880ac8a","454b1d93106b6eeb418109af7d34e4487162e4d2cf8296f82b566f88420162a8","2026-09-23"
"10_S老师IP资产\_asset_notes\D_Evan_video\zhuyiming\output\ip_v6_work\frames_in_25\00746.asset.md","asset-note","d6d6abb10117d1f1123bdf3003acb580d658e6aade30a58ecb75104ee591759c","99e2dbe7fe24fc37e5b7c8da651adf9f9ae5267c1ba79c3aabd2245d0d55828e","2026-09-23"
"10_S老师IP资产\_asset_notes\D_Evan_video\zhuyiming\output\ip_v6_work\frames_in_25\00747.asset.md","asset-note","36080d1f143a66b53d839f5dea430bc9753e208ef20c858be467e4dd25e820e6","636e8e1f04412053744b103e8e368b6d7e91cdd668f49ca937fe1c5181ebdb26","2026-09-23"
"10_S老师IP资产\_asset_notes\D_Evan_video\zhuyiming\output\ip_v6_work\frames_in_25\00748.asset.md","asset-note","dda95d16b57ce0acc1cad3914ed5fa75797caa2704c95ab467c1c099e54ddfb4","088c4460282247a1ebf96a49f667abf88b74b114444edd747fd0a236e0aed045","2026-09-23"
"10_S老师IP资产\_asset_notes\D_Evan_video\zhuyiming\output\ip_v6_work\frames_in_25\00749.asset.md","asset-note","fce06a8ad18a48d098b9efcba1becb46d5780986d1bf5241ad459e7c4808cd88","ef745546db4acc751d79243b8ce5901360acf1e101b50f28ae8b60267572a53e","2026-09-23"
"10_S老师IP资产\_asset_notes\D_Evan_video\zhuyiming\output\ip_v6_work\frames_in_25\00750.asset.md","asset-note","a0c55748483c6e6c37516ceae8bb526adaca089c50e174c73b08b298b1dc1c14","11ec64666c49e2ce900b15b9487c96dde6fcefc728594b9a10faa796843745cd","2026-09-23"
"10_S老师IP资产\_asset_notes\D_Evan_video\zhuyiming\output\ip_v6_work\frames_in_25\00751.asset.md","asset-note","e7a821294f4dc75271c3b227ebc63cf8375471645b23cb906c25f9e445bd091c","4d657c2881ca2f0aece6a24f8762b0af4f995e7516925e245479b457ac60081a","2026-09-23"
"10_S老师IP资产\_asset_notes\D_Evan_video\zhuyiming\output\ip_v6_work\frames_in_25\00752.asset.md","asset-note","2078aa2fdd6ceaaea5b7e5526730a76cb6f58939534414448bb8bfd1f5c0ccf7","e829ca4947e8123a36913e0763b40c1a89aff152e85f96aa3c097777b8a80015","2026-09-23"
"10_S老师IP资产\_asset_notes\D_Evan_video\zhuyiming\output\ip_v6_work\frames_in_25\00753.asset.md","asset-note","20983cc3d828ab7ba19cf1d77dfc66c0c8389f1950a72cf968f6cbd0140759da","f36de1a87dd67d720150364d11c6b02e67b967d3e51d49c3ef70b7457bbdabb9","2026-09-23"
"10_S老师IP资产\_asset_notes\D_Evan_video\zhuyiming\output\ip_v6_work\frames_in_25\00754.asset.md","asset-note","ddb9486046dcc1937e665e244f70748fa145b27208933abada2c8958de63f338","b7784e38396a39f26c7f5cd8491f663b0ef5bde30d670f094788bc4deb4471ab","2026-09-23"
"10_S老师IP资产\_asset_notes\D_Evan_video\zhuyiming\output\ip_v6_work\frames_in_25\00755.asset.md","asset-note","dd2e2dc2ee91facdadc840b73a95ec543e42ecacf20005ddc786f8c640b61dd4","ef3cd2b297b8a3c5290fecb3b79f7f11fe9324330485e55bc23a00ee63a2e1dc","2026-09-23"
"10_S老师IP资产\_asset_notes\D_Evan_video\zhuyiming\output\ip_v6_work\frames_in_25\00756.asset.md","asset-note","24dd0435f99c9df05a1b08afc09a7a5a34679798b723294961418e7b0330974f","834547d59d351a2de7b5b3acfdedbef81d37d22dc9229e7dab25d88bdc0eaa8f","2026-09-23"
"10_S老师IP资产\_asset_notes\D_Evan_video\zhuyiming\output\ip_v6_work\frames_in_25\00757.asset.md","asset-note","2e66d7432e9c2428379ebced5b70a2170c52499eaac5bdea8960078583fda786","f2b038ac46aa7b10a9da253ff3be31805d3b27013c7f6f9290086c7736ce1171","2026-09-23"
"10_S老师IP资产\_asset_notes\D_Evan_video\zhuyiming\output\ip_v6_work\frames_in_25\00758.asset.md","asset-note","e47560a8e9559c0bd2b76243b3a2fb00dff8dc6326bc1e097532f4a2cb4f6f02","13cdaa3774f29aa667f68e96f0a3476428d562ff79665f464b2a8d7e91b818da","2026-09-23"
"10_S老师IP资产\_asset_notes\D_Evan_video\zhuyiming\output\ip_v6_work\frames_in_25\00759.asset.md","asset-note","ec1a537544ff30cb42806bfb40f036d408ac80782b72579ec8006bacd55f7f6b","23b0fc7e78d586481b070bd247ab723c768ad3f5a21112a7d37137d9169a0871","2026-09-23"
"10_S老师IP资产\_asset_notes\D_Evan_video\zhuyiming\output\ip_v6_work\frames_in_25\00760.asset.md","asset-note","ee2b7127d158dadfb56751a74c41d779a24c3b12c0fb80cd1e75b447686932e0","19338b5400d7e6705736756975c8cdc9a8d8dd00f6f9837a72e2268947d65f12","2026-09-23"
"10_S老师IP资产\_asset_notes\D_Evan_video\zhuyiming\output\ip_v6_work\frames_in_25\00761.asset.md","asset-note","39eafa8ec37745c68a4fc2e41a803bf986a5e65682c51591e22817d24dac7015","dd2d1b307b7ba2a86ed0602c2e75f4aafbd36fe0fe3f4a61af6aa3baa2d9f9ed","2026-09-23"
"10_S老师IP资产\_asset_notes\D_Evan_video\zhuyiming\output\ip_v6_work\frames_in_25\00762.asset.md","asset-note","7027af4ca89e30151d990cd4d07f217d20c6fcf21c04f51e625e8afedbf5b1f6","533012198328d11ad1556352650b3bd857d07094bfb8c803ce40fbcf03c1e5b8","2026-09-23"
"10_S老师IP资产\_asset_notes\D_Evan_video\zhuyiming\output\ip_v6_work\frames_in_25\00763.asset.md","asset-note","da87a2a329f7f775e177beeb7047e7932905b8f12c9f387133eb4ecea40ad08a","65be7046f22cc3b4388ce08d58923b6339596d7a00f3efb8d647e45f102f88e5","2026-09-23"
"10_S老师IP资产\_asset_notes\D_Evan_video\zhuyiming\output\ip_v6_work\frames_in_25\00764.asset.md","asset-note","61b2953024dd2b21a48eba185d6823dc28209f6424c8d9cdacc539e1c915bd3d","06438e6efe4d0aff5ccd5943b86bb5af246ca0edcff65083ebba8ab4ea0f0289","2026-09-23"
"10_S老师IP资产\_asset_notes\D_Evan_video\zhuyiming\output\ip_v6_work\frames_in_25\00765.asset.md","asset-note","0821b3693eb9a614b0e5047e87ccd2312ece4c351a1a86b358c8825d1330114e","e59ccaf4012648ed410a38125ebef945956520545c3c3007c6a9a7ea45f2f2dc","2026-09-23"
"10_S老师IP资产\_asset_notes\D_Evan_video\zhuyiming\output\ip_v6_work\frames_in_25\00766.asset.md","asset-note","c3a4438ccefd448c7c2fedd35800d6d0b3249fa29a15a4d9be27e6f63765679e","3e7e504c6fde0f2a85441bb3285ffa40b19ef0ce1d36441218e4bedae45a09d0","2026-09-23"
"10_S老师IP资产\_asset_notes\D_Evan_video\zhuyiming\output\ip_v6_work\frames_in_25\00767.asset.md","asset-note","6b9194f64887d0e817b3aaf493e1ab1c13722f70ce293da4645d8bea501d04a0","4955e0b6ed050e5932a1048e410139809a46c8b630c72553a2de75426040dcd9","2026-09-23"
"10_S老师IP资产\_asset_notes\D_Evan_video\zhuyiming\output\ip_v6_work\frames_in_25\00768.asset.md","asset-note","ecdaac38b6aa7af95e0b34e6c209774476d5a6d930eb686960c624d5eb229153","6ce7004f92ffc6ef4a811bcfb36624f6caa4864c98879e895498ef8c14dbabc5","2026-09-23"
"10_S老师IP资产\_asset_notes\D_Evan_video\zhuyiming\output\ip_v6_work\frames_in_25\00769.asset.md","asset-note","d56c96da99f86c83aec132042ad04e81b538db6b7c89dfd9aa910a38ee5c327c","7d111b42113a49feff76ef2d40fc1e2dbb1228a6e2c7cd1e0e3925339a63611e","2026-09-23"
"10_S老师IP资产\_asset_notes\D_Evan_video\zhuyiming\output\ip_v6_work\frames_in_25\00770.asset.md","asset-note","212befe6c8bc6c1ffbfc83afc928f85d948a6bf5a33a5e7d38509a93bf6e89c5","267a7db001d1e2a9b053c41bb8897dd539520ee4c32d87484dd3d9b406e2afb1","2026-09-23"
"10_S老师IP资产\_asset_notes\D_Evan_video\zhuyiming\output\ip_v6_work\frames_in_25\00771.asset.md","asset-note","8b4f0abb30dfbc5f579105f9fb8e76cfbed1909ce2a61a3336ad6c9ee94dad7c","89603d30cec1c4979084c0437e03834efecf2a3049b1d8ecedce6a603fd54745","2026-09-23"
"10_S老师IP资产\_asset_notes\D_Evan_video\zhuyiming\output\ip_v6_work\frames_in_25\00772.asset.md","asset-note","6aa368010953812747ff8a925b9f6fb308cce2d704051b7f10bbbafa0ca4f232","9d0e3c4903d5a6845dd2d84f975d081ae1789aea842f3c697aafe900b106436f","2026-09-23"
"10_S老师IP资产\_asset_notes\D_Evan_video\zhuyiming\output\ip_v6_work\frames_in_25\00773.asset.md","asset-note","140ecf336d4fee2ceb73599d76df5fff3dd420d3975415df35eb976d5dddb5ac","922750c46c8609693c4fbe81602766e137ee1585954b76d3d947dee9d46a0fce","2026-09-23"
"10_S老师IP资产\_asset_notes\D_Evan_video\zhuyiming\output\ip_v6_work\frames_in_25\00774.asset.md","asset-note","a768ae4e58bbef93f26a14d38bb851aaa6969353e39151a8e79e5807352feb9e","ac5d3381402282c877f39a3e22f5e3c2fb2dba03c73332905eec639e96ef5851","2026-09-23"
"10_S老师IP资产\_asset_notes\D_Evan_video\zhuyiming\output\ip_v6_work\frames_in_25\00775.asset.md","asset-note","d909bb2d7c4b204f87d2caa900ede9584d19395c912d0dfdf13f2c7a1cdfa87c","b79609de3c611adaf5e63b475a292450ecbb564111f3d5a550846b08b83b5918","2026-09-23"
"10_S老师IP资产\_asset_notes\D_Evan_video\zhuyiming\output\ip_v6_work\frames_in_25\00776.asset.md","asset-note","94b1462f6baca018f499df7edb55689faade3801f8ea9c939968b25061e874c7","c253238046a641deb6a38f9db2bdefecb183efadbb94b62211009aec4dcfb664","2026-09-23"
"10_S老师IP资产\_asset_notes\D_Evan_video\zhuyiming\output\ip_v6_work\frames_in_25\00777.asset.md","asset-note","b0bc2754d83b151dac8b258884dacee7771352b8f667a682b244e692575e7161","07bb81f2b3130471b47679f5634e0beb9686c697fe6739cea4971ff87fe1bd80","2026-09-23"
"10_S老师IP资产\_asset_notes\D_Evan_video\zhuyiming\output\ip_v6_work\frames_in_25\00778.asset.md","asset-note","5d867124ee56b49b345cbf39972fe9a2136d047a3c166179e34feb57d82753e8","d20c131c2ec9d8ba19201dde36b28cbe8bbc3d33a9c91e625a5e1c4d34233fe9","2026-09-23"
"10_S老师IP资产\_asset_notes\D_Evan_video\zhuyiming\output\ip_v6_work\frames_in_25\00779.asset.md","asset-note","a737940cb70e83d5c250c23f210bd257cf0930256780a09894b03ef819b8f567","9f840339f0a768d9ad9f4b0b415557bf5d043fdabe5550d31d6b7a09a7e47295","2026-09-23"
"10_S老师IP资产\_asset_notes\D_Evan_video\zhuyiming\output\ip_v6_work\frames_in_25\00780.asset.md","asset-note","902d7487f97a58c99904b558f8c00d7a6aef0f9744eb1900d7ad86fbe314f338","8f176ba059715fbb1289c491073cf7006751177d787ab562c20f3bc43e17e2dd","2026-09-23"
"10_S老师IP资产\_asset_notes\D_Evan_video\zhuyiming\output\ip_v6_work\frames_in_25\00781.asset.md","asset-note","3b664df217e5d481c6a414ead6626f1795e4b08c5d3b9d1fe30259f4d0f3f91a","2b9f772f5ec7371751504fa73da1f934900645b17c945e9b9537015304959e77","2026-09-23"
"10_S老师IP资产\_asset_notes\D_Evan_video\zhuyiming\output\ip_v6_work\frames_in_25\00782.asset.md","asset-note","da975c771c1582b0be53571967b5ba288c7418482b59a012050e12cb1587034f","066750efb7250e4e9b712c2f573b4a38db388c892eb594b0fdd26bc8e00df613","2026-09-23"
"10_S老师IP资产\_asset_notes\D_Evan_video\zhuyiming\output\ip_v6_work\frames_in_25\00783.asset.md","asset-note","b7f5ccccac05c3938029b31cf7ba275e968ffecd76f96847287a1f59f44eb9dd","af0cf5dd12e9cc307b1a66ccdc12bbe168322ebe92994cc10b2689021cce6f87","2026-09-23"
"10_S老师IP资产\_asset_notes\D_Evan_video\zhuyiming\output\ip_v6_work\frames_in_25\00784.asset.md","asset-note","ba43f0c976cfb4b9f14a426083529eaf90ec202aa141369a28668698d84f9746","99b9d43679bcc00c551334e93441069bb07662db70523082478f1888faae3485","2026-09-23"
"10_S老师IP资产\_asset_notes\D_Evan_video\zhuyiming\output\ip_v6_work\frames_in_25\00785.asset.md","asset-note","c4f8d1fa40549298174d6431dd00a1aeeb4145f4a9a27f5eb471b18767486cc1","d5f00dfa32a5016eff7d18f0e0a4ce664a88699925659fb500ce8fd3a2ba927c","2026-09-23"
"10_S老师IP资产\_asset_notes\D_Evan_video\zhuyiming\output\ip_v6_work\frames_in_25\00786.asset.md","asset-note","c5ea13bfa2482f94012e882b474405c27e4586811fddc931aa10d66efe3705b6","2e835b558b2bd917208850f31aa84af4b761f5f8a29725c055e33c94060a538d","2026-09-23"
"10_S老师IP资产\_asset_notes\D_Evan_video\zhuyiming\output\ip_v6_work\frames_in_25\00787.asset.md","asset-note","d434cfb600fa247a89f74971d8ef9d0f6582746be8f02cd5cb49834bc40283cb","fd8c9597c470a35ece6dca88f0c7303264aad0ef8760d1d64b232fb51938ab1f","2026-09-23"
"10_S老师IP资产\_asset_notes\D_Evan_video\zhuyiming\output\ip_v6_work\frames_in_25\00788.asset.md","asset-note","3fd0d19a294875b1eafe91416e25557f817d822b3729a9891b8c406575f5c1e3","e8bd61917da380827728a3812172a358643fa712a402d47ba6e66451e3ce1ee8","2026-09-23"
"10_S老师IP资产\_asset_notes\D_Evan_video\zhuyiming\output\ip_v6_work\frames_in_25\00789.asset.md","asset-note","068aad13230401bb403c47101e3ce7a6887266a39d7db0f44470ad4963b7aeba","1151f1c91c9e4eb9b99bc3dd6147c3deb49193e2679138bcdc92f1a3d44177d0","2026-09-23"
"10_S老师IP资产\_asset_notes\D_Evan_video\zhuyiming\output\ip_v6_work\frames_in_25\00790.asset.md","asset-note","64a815def914f3174d0fa9ffb6f224ea7235addb88d4a14e7a470ea83ce1bf96","feb72ec2276d998b5e2918ee97051c8081aac64bfe132ad40b75eec50fbcf887","2026-09-23"
"10_S老师IP资产\_asset_notes\D_Evan_video\zhuyiming\output\ip_v6_work\frames_in_25\00791.asset.md","asset-note","43afe36aab015e28ede31b29beb0152d6f2fe4919d9921df352f292cd16efdca","766ce6c8b0e22622165ca7187fcdde6ffdcb362e53e4f3a05da17a29998a5778","2026-09-23"
"10_S老师IP资产\_asset_notes\D_Evan_video\zhuyiming\output\ip_v6_work\frames_in_25\00792.asset.md","asset-note","edf21acf92a25fac70effa4cea3e0a378bc94dfc74d6c9ddbb583be42b76dec9","f05f4aa87a0a72a0b773fc0bb4ac471802840d092144c7f53b8ab87962ae04b8","2026-09-23"
"10_S老师IP资产\_asset_notes\D_Evan_video\zhuyiming\output\ip_v6_work\frames_in_25\00793.asset.md","asset-note","07bbdbfddf021c1b9f09fd95860203e5bbebb2ab0e921296a89e759b2afd0536","16934fc252ed8c6f36b0e7aa0b711009d975b70a3bc8213d8172854a52822dd9","2026-09-23"
"10_S老师IP资产\_asset_notes\D_Evan_video\zhuyiming\output\ip_v6_work\frames_in_25\00794.asset.md","asset-note","0f5452a381331d0ab53179581571a5a92e57584d1b8feba58c34a2eb0ec3e6f4","e46f4aad6f5156309caeefc1b3c4a9622fb4cf18b20ae0987841cb176283327c","2026-09-23"
"10_S老师IP资产\_asset_notes\D_Evan_video\zhuyiming\output\ip_v6_work\frames_in_25\00795.asset.md","asset-note","fd362fcf13b37b11875cff23b0db0ac3df078f663346c30b5c0330589ab3b8e3","1761e12654ee12aae3fb8308e1c3484ff975e1ddcfa3275355a90d64c964c4c0","2026-09-23"
"10_S老师IP资产\_asset_notes\D_Evan_video\zhuyiming\output\ip_v6_work\frames_in_25\00796.asset.md","asset-note","c455afcb4713beb3d32615b94705624c584b0381ceb1cb5f77752bd122c86750","d9b02a6e382bc8f35a4db09ff3e5010b8c2487db1bd359b9a3a113d666c9631d","2026-09-23"
"10_S老师IP资产\_asset_notes\D_Evan_video\zhuyiming\output\ip_v6_work\frames_in_25\00797.asset.md","asset-note","927b4ace6cb2560261b96e869c5a253f9b94a4d229047f8c7ddcfcb024bc049e","89f15faf02b3a8d3b1726e00c51295cbdbf27396119a2b5bcf1ba4ab886fc706","2026-09-23"
"10_S老师IP资产\_asset_notes\D_Evan_video\zhuyiming\output\ip_v6_work\frames_in_25\00798.asset.md","asset-note","6a6f133818b7a7ff5b014e3ad5177a541bbc3ba37638d4c9a8a53f9380d45f06","459fe730aca5c8978991dba7310da4229c78da92c504c7c183c4d1a1f1468669","2026-09-23"
"10_S老师IP资产\_asset_notes\D_Evan_video\zhuyiming\output\ip_v6_work\frames_in_25\00799.asset.md","asset-note","5333cf4720a899abb5954181c3d0c73489c1921870fd7112205b530b9a97bbbd","9a603b16e56cfc372ca6e77eac75bb7c44d4b7c5ab5c9a030ed2519deac46b47","2026-09-23"
"10_S老师IP资产\_asset_notes\D_Evan_video\zhuyiming\output\ip_v6_work\frames_in_25\00800.asset.md","asset-note","a5b25b74e353d24d15c5e1117978d4576774df3f53797162a30df026b0b66d4c","85b2ffe4333a4bfa8d353580addf221b9fd24652241c724d3d37503c53e924cd","2026-09-23"
"10_S老师IP资产\_asset_notes\D_Evan_video\zhuyiming\output\ip_v6_work\frames_in_25\00801.asset.md","asset-note","31c99f7c20c75a51d8c7f0a9e71211607464e55f5b9d300ff67006604e2fd8b6","b0b6816af8d8a042b9de02ebb593c8ad4f3e519d3cb47b614b3a56ebd49ac739","2026-09-23"
"10_S老师IP资产\_asset_notes\D_Evan_video\zhuyiming\output\ip_v6_work\frames_in_25\00802.asset.md","asset-note","745177358ce17dadab1a7852516d8d5c02077b793f7c45e445dac6d96758fe51","c8d361517f7a68ccf62e0b911af79a68fda88457e778216789faa0329bbfc385","2026-09-23"
"10_S老师IP资产\_asset_notes\D_Evan_video\zhuyiming\output\ip_v6_work\frames_in_25\00803.asset.md","asset-note","439efcf75265ae87703add6b984eea06b10530f8a5a9b50b263db1108f43baa7","ebe2dc8c8a485519e18f72fd6e91d366457248695f255dd770520365ddb8a492","2026-09-23"
"10_S老师IP资产\_asset_notes\D_Evan_video\zhuyiming\output\ip_v6_work\frames_in_25\00804.asset.md","asset-note","6befd3320387aecaecffc10b898dd310481fa88386b7b2614f448be2bf246625","6504e84e8dbb2ae0eb0453627355a300af84ef5143b47037e49c41d034330be9","2026-09-23"
"10_S老师IP资产\_asset_notes\D_Evan_video\zhuyiming\output\ip_v6_work\frames_in_25\00805.asset.md","asset-note","5e40cde2cde8b55f01ad97e42f811c77eec5976741942d081b713909cc910291","951a890849a89438e22d10955667a3ff402800e2fd917ed9506f6286143f61ed","2026-09-23"
"10_S老师IP资产\_asset_notes\D_Evan_video\zhuyiming\output\ip_v6_work\frames_in_25\00806.asset.md","asset-note","4eccd391c39decfc32498f2ea0d1aa01d5149f904e4408ba6d20f2f8e2a4c7a2","6ab323e952b2fc592358858a4f1b6be038ae1cba94d710c2b294812f6348e662","2026-09-23"
"10_S老师IP资产\_asset_notes\D_Evan_video\zhuyiming\output\ip_v6_work\frames_in_25\00807.asset.md","asset-note","b4d2cbb02f8b468dcc99c57c53e915816207b96a26617b3c39a5156110725a82","84fce97b8c42017b4ddff59a6644a8342c8adace421f1fc1313cb27157975b13","2026-09-23"
"10_S老师IP资产\_asset_notes\D_Evan_video\zhuyiming\output\ip_v6_work\frames_in_25\00808.asset.md","asset-note","421f6be5502a571dd7d19111fd3b17d7c68380b1213ccc6112eb3b26266cf33d","71b8cb8cae131ff455e253ba00201b5f381c1c86107f5379026ac9b9a2f50880","2026-09-23"
"10_S老师IP资产\_asset_notes\D_Evan_video\zhuyiming\output\ip_v6_work\frames_in_25\00809.asset.md","asset-note","77d0beb1417fb24a1f27e906352392a4048bec04587d12e938523f425d69a18f","f82a34f8e4c1ca42fe3d281ff1ac429190010658b64a56dc3050ffd999a14739","2026-09-23"
"10_S老师IP资产\_asset_notes\D_Evan_video\zhuyiming\output\ip_v6_work\frames_in_25\00810.asset.md","asset-note","f163eccf5ceeb607ea2a242f03ed6a78958549c714e8b3db4e5cdbf645c7ca6d","ece514ed283117eb7179f3b14aa87ced0ab5f9e13b7debd2317c939c1651fe30","2026-09-23"
"10_S老师IP资产\_asset_notes\D_Evan_video\zhuyiming\output\ip_v6_work\frames_in_25\00811.asset.md","asset-note","dfbb1cbade18e9080be346daa2b4121168aa08ad19d13a3578b939b4eccfd503","5895ea98b9fd5514f7a1f7a30279301897eddf61405b6c15e8f3b2d42c1ba091","2026-09-23"
"10_S老师IP资产\_asset_notes\D_Evan_video\zhuyiming\output\ip_v6_work\frames_in_25\00812.asset.md","asset-note","d4cb0e3f2e33ad4ca94720ee0bdc8c5edbff8e3297e7cbb8d301ecf3b2e4731d","f3f89c4a0d50646fe2acbdfba9d22878424bcad96fac65d08862183800d719c0","2026-09-23"
"10_S老师IP资产\_asset_notes\D_Evan_video\zhuyiming\output\ip_v6_work\frames_in_25\00813.asset.md","asset-note","fcd1c1cd223f43145705c67ce932e12b96e5c9d0d44cd061c961179537cf120d","9958aa735ad0a1c8d4de989ffa70dcdac9583049e75a60a3b55bfe2246a91eda","2026-09-23"
"10_S老师IP资产\_asset_notes\D_Evan_video\zhuyiming\output\ip_v6_work\frames_in_25\00814.asset.md","asset-note","bfa02ec09c58684edfc765b2265670ebf1c64546d60b044d118703f9eae8f927","c4c01aa0e8871fb4be5d282a2b74dcbdb8e52d0e29c3886a23bb1b235cb84fc2","2026-09-23"
"10_S老师IP资产\_asset_notes\D_Evan_video\zhuyiming\output\ip_v6_work\frames_in_25\00815.asset.md","asset-note","8c17c68faecf83a23022cb7b7c557d5c4e54d304dfce0e4e5ec309ccf7289f3d","81a414c2a7e2b93859c4830a5c21f2957449eca0c38d128047d735afde0344de","2026-09-23"
"10_S老师IP资产\_asset_notes\D_Evan_video\zhuyiming\output\ip_v6_work\frames_in_25\00816.asset.md","asset-note","7f23f7639956d7e3e404235436c7a6ed8b144aa8e11c0dbaac88f091e8c631ba","73fc8f0b0d565183e8b2e4b6322827662e527312e91007217125643c53e23e4c","2026-09-23"
"10_S老师IP资产\_asset_notes\D_Evan_video\zhuyiming\output\ip_v6_work\frames_in_25\00817.asset.md","asset-note","08f3c1d0d105cff0c27eed1f145949e34f06f07982e60d6eb90009ecfb518562","47132568373aab67f0921897d6eb246c971d1bbc3c5107495399d610f81281de","2026-09-23"
"10_S老师IP资产\_asset_notes\D_Evan_video\zhuyiming\output\ip_v6_work\frames_in_25\00818.asset.md","asset-note","bc2a6b2df8bc6625df9ec2278d00e3bedcd0f96dced33f4ae2a9f581d7498885","ef0c4149a50ca5a3449649d25c22fd28577c4c6c1f6880c8e9b5ec6ddcb8c17a","2026-09-23"
"10_S老师IP资产\_asset_notes\D_Evan_video\zhuyiming\output\ip_v6_work\frames_in_25\00819.asset.md","asset-note","3b24989900b1c6f677c40c92671cd4475697ea7409a01feeae3d101e6537a69d","45237aab8eb764d4012fcd6eceae2583d01dc99c80028c13d6872f3844c6dd33","2026-09-23"
"10_S老师IP资产\_asset_notes\D_Evan_video\zhuyiming\output\ip_v6_work\frames_in_25\00820.asset.md","asset-note","3750c7109bde81efbee812a578ca5d16c4c708fb19c540878c78afa7a244eabc","0d1b835f67ffbeda2f2f720b7f0ddee31fe16d3bd5095c0ae46fc9cad2885be2","2026-09-23"
"10_S老师IP资产\_asset_notes\D_Evan_video\zhuyiming\output\ip_v6_work\frames_in_25\00821.asset.md","asset-note","6de79ca7f245e746897a4ac85d47b7d583237d4c437feaf7a09902492b48543c","56830d594dc32cedcd8f19e624c2b6f0f046c856f028ad757db6463f72eeba30","2026-09-23"
"10_S老师IP资产\_asset_notes\D_Evan_video\zhuyiming\output\ip_v6_work\frames_in_25\00822.asset.md","asset-note","2bda130d5ea46d5e94eeec7dcbfafc3e175080629fb598506e1b64e40342070e","7be8faa5e7649bfbd01a1cc8f97f7b5941d6a74eab9b954a31d5cfda798ad48e","2026-09-23"
"10_S老师IP资产\_asset_notes\D_Evan_video\zhuyiming\output\ip_v6_work\frames_in_25\00823.asset.md","asset-note","cc10e03afe35792419a4c8e9490159d2aada49b163b4d8630d151cb67ed2e257","d4feff8a11c80159058735714e3bff8921aa3b45d38450fa16a857cd241a44a5","2026-09-23"
"10_S老师IP资产\_asset_notes\D_Evan_video\zhuyiming\output\ip_v6_work\frames_in_25\00824.asset.md","asset-note","2f85f19dbf08ab50bb7ad9a791d847e85a6d7bbb73892fad232ff1d045f260d7","1ed4cadfe48ed54eefad009ade6e96b84e8baa0ce351856726bc316918548e1c","2026-09-23"
"10_S老师IP资产\_asset_notes\D_Evan_video\zhuyiming\output\ip_v6_work\frames_in_25\00825.asset.md","asset-note","025ff16d6c820ad0f4c6bd297ac2f6a7f306981d581e6498b4f8c25b5ac8ed35","263e6a8b17e07ad20de81bef5fe99fb66b0f3f5ad33ae7ee4e0a8c9a6ab55a64","2026-09-23"
"10_S老师IP资产\_asset_notes\D_Evan_video\zhuyiming\output\ip_v6_work\frames_in_25\00826.asset.md","asset-note","659497f760d8deecf43567461ea4406e587650713347bc8ca99fe16c54dc7123","bddf06ad5dfb5e1fa3a4d864b087b437bc54e9a8fbde54cd6fcd8b5216ae87f5","2026-09-23"
"10_S老师IP资产\_asset_notes\D_Evan_video\zhuyiming\output\ip_v6_work\frames_in_25\00827.asset.md","asset-note","929dd5d4aa77e9f63f8ea85fc1390df30c9def3b67ca7c4e09fa9918e5ee5608","d5b57054fb7633106055c298c62cafadfa63f70beccd6f0040e9a8da25215831","2026-09-23"
"10_S老师IP资产\_asset_notes\D_Evan_video\zhuyiming\output\ip_v6_work\frames_in_25\00828.asset.md","asset-note","873e86cf044620d04a85da758a647d94384b1b5f722e38628a839682683d461c","33d8834dff7a5776852ee3532598c984e43f7a80b85bbf5848b8497209bdaa6d","2026-09-23"
"10_S老师IP资产\_asset_notes\D_Evan_video\zhuyiming\output\ip_v6_work\frames_in_25\00829.asset.md","asset-note","510bf17e2fd485cc926c2f2942c732a49a8deb0d5e7bc3603e36bda21f36d776","8c9aab3dbf88d2b307e9f294f428c39eda9d366a093b5c2837738e08db9952e4","2026-09-23"
"10_S老师IP资产\_asset_notes\D_Evan_video\zhuyiming\output\ip_v6_work\frames_in_25\00830.asset.md","asset-note","716f0b09db689d0fcbb280a1b8654506bfc964cf76676d61b17045d40a4493ba","efbf45c2da1592fe02acab57d6dc858a0ca5a4b71a50ce7a90eb19b4310603ed","2026-09-23"
"10_S老师IP资产\_asset_notes\D_Evan_video\zhuyiming\output\ip_v6_work\frames_in_25\00831.asset.md","asset-note","3e7d6b741b28290f044d2117939c8d8d189504e775a1f0b71e0a9132fe1b33b1","39a13a71761199f8b01d6e791c2000abfbbbe10fdfd997fdeba7beb08cfe0b14","2026-09-23"
"10_S老师IP资产\_asset_notes\D_Evan_video\zhuyiming\output\ip_v6_work\frames_in_25\00832.asset.md","asset-note","4bfaa2865aed6b28e7a1387558a91cc4ab18f0512225ccce5f7d14cab7e5e378","6aca06965cd3bd5782704ee8d9e1575b737c528eca0d43eb76cc079f32c2f8dc","2026-09-23"
"10_S老师IP资产\_asset_notes\D_Evan_video\zhuyiming\output\ip_v6_work\frames_in_25\00833.asset.md","asset-note","986750e318a4d022b46cd36cf31cb60b84c346e8058b95928875d5c3bf6d478d","b8dac8d8f377d141af07a5d012bf58cbf82fb7677b6e429211c79fc1ac636139","2026-09-23"
"10_S老师IP资产\_asset_notes\D_Evan_video\zhuyiming\output\ip_v6_work\frames_in_25\00834.asset.md","asset-note","5535c1c3ec0f3ee028beb2579009a0fbba706fa3556b405661fcfdeb313689fc","de43feff9adb7bf392a6b4076e984daf90afc6c5b1c8f2efc2cc4c3f1237d0ca","2026-09-23"
"10_S老师IP资产\_asset_notes\D_Evan_video\zhuyiming\output\ip_v6_work\frames_in_25\00835.asset.md","asset-note","b8abcc89bbfe650078c881a266de385e8b5489f36bf35f4481d7f102e82b3f84","9a142685180e8563a67a0b85187ba97a246f3db97a0c7362649467d34d5965d3","2026-09-23"
"10_S老师IP资产\_asset_notes\D_Evan_video\zhuyiming\output\ip_v6_work\frames_in_25\00836.asset.md","asset-note","44175d33304593772b070bd988132a483d20975e3ae780b5307f296ce36e3c8e","8575125e6df35aa3e0320e95d28646a0a340a91a24ed543525f67855986e529d","2026-09-23"
"10_S老师IP资产\_asset_notes\D_Evan_video\zhuyiming\output\ip_v6_work\frames_in_25\00837.asset.md","asset-note","2f154051c3c3fe300c6001f1d4ee31c135f835909653b4e594e049fc0e5fc21f","740b90fe016d9abb93c044445eaacc50f01b7c6b5562118242f108b0d4d0e1eb","2026-09-23"
"10_S老师IP资产\_asset_notes\D_Evan_video\zhuyiming\output\ip_v6_work\frames_in_25\00838.asset.md","asset-note","f1a2cde7a8485167a2ef9568f22e680b58846b2c5e3f408ed83f81fe01f83e47","7b6fcd4be7d102c15f735d4f440538ad2217e9f0b6217bf0f26fd797c27f7657","2026-09-23"
"10_S老师IP资产\_asset_notes\D_Evan_video\zhuyiming\output\ip_v6_work\frames_in_25\00839.asset.md","asset-note","f3725de59837bec97c67591385cd10c3bd77dbd955d99b7da0cb957054b48378","6888eae1df8704c89aaba80efdc5e80fe26b0ac45f756fe4ef7c09c8ec47d3ba","2026-09-23"
"10_S老师IP资产\_asset_notes\D_Evan_video\zhuyiming\output\ip_v6_work\frames_in_25\00840.asset.md","asset-note","ccecd83d50bf8f4a414985f5a74ab3bd13fb0c1ce88090b34df1737515d3f545","86745988ec372554afea98f1b0de7b78fa617813874b568d5d84e61b31730e64","2026-09-23"
"10_S老师IP资产\_asset_notes\D_Evan_video\zhuyiming\output\ip_v6_work\frames_in_25\00841.asset.md","asset-note","f14c16d057f0c5d7ed45a0a338a2c2218dfaa53670d3411f5011c33fce0ad0d5","41fa800f4d0cdb656f6bda207e9dfda0aa8d784d5028f66743fde1da31729d9d","2026-09-23"
"10_S老师IP资产\_asset_notes\D_Evan_video\zhuyiming\output\ip_v6_work\frames_in_25\00842.asset.md","asset-note","ecf43990862f1acebc631f025947dc62dce88ae476fc1368f1ee8430264583d9","063bba2a7f97ba0e0e942141456560ae18a57d9b1e17f8fd118407817ca28a90","2026-09-23"
"10_S老师IP资产\_asset_notes\D_Evan_video\zhuyiming\output\ip_v6_work\frames_in_25\00843.asset.md","asset-note","bce826cf89b8662f8c27514316e4b9c2599751f32af1ceeafae816abc686acae","0652e18959b801d6a712e1d1922ca4f08767e52296172945e24adbca06fa16b7","2026-09-23"
"10_S老师IP资产\_asset_notes\D_Evan_video\zhuyiming\output\ip_v6_work\frames_in_25\00844.asset.md","asset-note","6c53c7b4aab26b4ed8b4ad394e532c84f2be7defb2fe5d5a13c47cd36d228374","134ff967fc235d8f2d4086baae10932a1608b3404715c10d09d41d385e173a23","2026-09-23"
"10_S老师IP资产\_asset_notes\D_Evan_video\zhuyiming\output\ip_v6_work\frames_in_25\00845.asset.md","asset-note","956b4d340b1d0b64548c28a3cf6d91b5a8bfdf2c89906f26070cf6aaacc2ac0a","2c4032ec5327d1306631a19bde39deddaa7eb6a723aba1ecf0eee7c906aaf87b","2026-09-23"
"10_S老师IP资产\_asset_notes\D_Evan_video\zhuyiming\output\ip_v6_work\frames_in_25\00846.asset.md","asset-note","7ee68152c48c1e64360c6660605a656346f9ea678de970448831c479a0767f7b","bd5efc4c58d0bc3a70d2993b36e005d8befde38843f19f37b8f5a21526a23424","2026-09-23"
"10_S老师IP资产\_asset_notes\D_Evan_video\zhuyiming\output\ip_v6_work\frames_in_25\00847.asset.md","asset-note","922eb81d3f7b39104016d3e7fd7b6e361215c949ca7d2400475c2871c8f873e5","d99f9f79ab78c164de942d8967b913e7b37fb5337b4a38b1ecef50896dfdee37","2026-09-23"
"10_S老师IP资产\_asset_notes\D_Evan_video\zhuyiming\output\ip_v6_work\frames_in_25\00848.asset.md","asset-note","dde2892087cc96f347e431a6172c51e1eed20530656b444ab1f3464d45ee9b2a","4a8bc2ce02c80f14923cba85c0d34680456f043354210f212fe272286a864b1f","2026-09-23"
"10_S老师IP资产\_asset_notes\D_Evan_video\zhuyiming\output\ip_v6_work\frames_in_25\00849.asset.md","asset-note","4ca0a531e1abed8a77ae012cb06010958333a4209aa00fd12e72b04103cda49a","cc9cc7a88bea939026c2ae4e4d1d9b1272b2e3afabd009215ce4e344ed9265ce","2026-09-23"
"10_S老师IP资产\_asset_notes\D_Evan_video\zhuyiming\output\ip_v6_work\frames_in_25\00850.asset.md","asset-note","01d24369b03fea1feba0f0d0e8a8863b0991d8020924ed90e7dd9a3842f347b5","777385d89ddc16b9b0ba2ba180e576c899c015974bbfbfa68651e28d925910ae","2026-09-23"
"10_S老师IP资产\_asset_notes\D_Evan_video\zhuyiming\output\ip_v6_work\frames_in_25\00851.asset.md","asset-note","faeb9a5f805580b1519394ca09f2a2393cdd9e35e3a0e9f2c7b47b5a30069a99","214b38b62052a7ce44369e8e6f1549664ce513a4c5ca50194203b507bb5f8f62","2026-09-23"
"10_S老师IP资产\_asset_notes\D_Evan_video\zhuyiming\output\ip_v6_work\frames_in_25\00852.asset.md","asset-note","421399e20ed42b3955530368059d69f5c6cad506baeb0fee599088a0cfa831b7","f92ba4766fc25b85fbe0c81af4b7e919d2a893b12c4f1c4fe1e4b0a30f4b03c3","2026-09-23"
"10_S老师IP资产\_asset_notes\D_Evan_video\zhuyiming\output\ip_v6_work\frames_in_25\00853.asset.md","asset-note","c2a9d81dc5b7ce02a9f687d52d4fca8516d26fb1b2baf9e5405805351cfb6c61","c950edb23ed666fc5af68eac3eb8ac0e0c3ee747d4f7340d4ee676e3f03eb765","2026-09-23"
"10_S老师IP资产\_asset_notes\D_Evan_video\zhuyiming\output\ip_v6_work\frames_in_25\00854.asset.md","asset-note","19445169eb60dbfb4729699961cf4da6589d02d7f603474e6dce8ac6622d1bec","bb40baea7a8c4e1761c28580a4dcf85eae19e748345f1e28cd09a36edd1a11c9","2026-09-23"
"10_S老师IP资产\_asset_notes\D_Evan_video\zhuyiming\output\ip_v6_work\frames_in_25\00855.asset.md","asset-note","b8bf54efa81d13eb68782afdecbc8aeb458dbf8a156994cad8d43eed684b853b","bc9d451c7f2489bba8968cc2548891e43db37781327205b480b06aee6190e41d","2026-09-23"
"10_S老师IP资产\_asset_notes\D_Evan_video\zhuyiming\output\ip_v6_work\frames_in_25\00856.asset.md","asset-note","88c12443db9c4828e692b66952540280dcd4e3b916aa6e30d7f7f3ad33e7cfd4","f8a53f1852b8e070d38f0eaab190b080b0f4e2a595aa754163e59ed7338aa614","2026-09-23"
"10_S老师IP资产\_asset_notes\D_Evan_video\zhuyiming\output\ip_v6_work\frames_in_25\00857.asset.md","asset-note","0a7714cf127b3d5385379e7d7e7cdf5fd9f972001fd6015e858fe1b9c4f254ee","ab327a2ae76fdcfae51893dfef9a6caca7dafd90f60ac2fd1117c84747fa3e42","2026-09-23"
"10_S老师IP资产\_asset_notes\D_Evan_video\zhuyiming\output\ip_v6_work\frames_in_25\00858.asset.md","asset-note","8048152ac1047cb593310baf6f2ee5d3d924d87b45cd59f41c80bc84153ebd74","d2422249adc0984c5269737a21c78695f78c764e120661170c95c94f716cbb66","2026-09-23"
"10_S老师IP资产\_asset_notes\D_Evan_video\zhuyiming\output\ip_v6_work\frames_in_25\00859.asset.md","asset-note","dd0cc223af7db9973c05bd019c998ab3c2cb282251828905b4cd2760115141d3","9036497dca49692d11803d610c7ea3da1a58adc3faa058954444bca0dcdce68f","2026-09-23"
"10_S老师IP资产\_asset_notes\D_Evan_video\zhuyiming\output\ip_v6_work\frames_in_25\00860.asset.md","asset-note","1067ecb1fbae21cabffe256ed3c7001bcf54ee8f9b874c8c5d41695bdc417180","1b0d505d83fa124246146bf6dd82e2e2491f635175f7abcbb291e00aa6d98644","2026-09-23"
"10_S老师IP资产\_asset_notes\D_Evan_video\zhuyiming\output\ip_v6_work\frames_in_25\00861.asset.md","asset-note","debf56028b988a0c083f2f54678b35ebd74ffccef767bff5de306a29b16277dc","e9d0b07877ed1500e194b471b70f491fad063b2dec64059741e81c405c8e6011","2026-09-23"
"10_S老师IP资产\_asset_notes\D_Evan_video\zhuyiming\output\ip_v6_work\frames_in_25\00862.asset.md","asset-note","3803b496bf9c0c5cab82ac174311606b2da3cd077e130bedb8489d1923354500","f0b8b99eb5b77f14db24ca6741954de6ccc8ff88627cbfd25d9d7387fe3997e5","2026-09-23"
"10_S老师IP资产\_asset_notes\D_Evan_video\zhuyiming\output\ip_v6_work\frames_in_25\00863.asset.md","asset-note","6b92ad60c94d4757660a043de437ec9da8488b4c6d41695790952e3b8bedb0a1","95a42ed6f71089b4b5bc461ef5596d4dae210998a1b2d887d3360de89ff9b748","2026-09-23"
"10_S老师IP资产\_asset_notes\D_Evan_video\zhuyiming\output\ip_v6_work\frames_in_25\00864.asset.md","asset-note","c364b6793e3ba11a7b756cfc8b5da49920176a62dac86bcfba315ebda545cce1","5c7430ac5af4d728f78bce3d7499e523fdc69d31b6e385323e4ce068a9e5d7d3","2026-09-23"
"10_S老师IP资产\_asset_notes\D_Evan_video\zhuyiming\output\ip_v6_work\frames_in_25\00865.asset.md","asset-note","afbf14ade1f9b84f0616390c5b1cb23041cc8892a48dc299f5950e50231268c0","cec66925b325ba35fa01b57c7fe05744a443d69d9050fffc6d220f556a3708ea","2026-09-23"
"10_S老师IP资产\_asset_notes\D_Evan_video\zhuyiming\output\ip_v6_work\frames_in_25\00866.asset.md","asset-note","1e7e8e2981798317eb69f4bf8c88abfcf5fb38d84835dc8f3c108a54e8730879","6991cab768a13200d3fa95172bc80e3691361a6024e93c2ff0b5cdcf70ac2e86","2026-09-23"
"10_S老师IP资产\_asset_notes\D_Evan_video\zhuyiming\output\ip_v6_work\frames_in_25\00867.asset.md","asset-note","dd3229d22db338ac10eee6c65e849f03d2de2feb810d02bd1fef1caa8c0a71a8","7de316dc22fe619692d577243337cf6f2b47bcd1df0de2071af2b353f1cd4f93","2026-09-23"
"10_S老师IP资产\_asset_notes\D_Evan_video\zhuyiming\output\ip_v6_work\frames_in_25\00868.asset.md","asset-note","d036a4cd14053686a826d8f5271e9735797a498a8e99153213f95d36952e9cc6","506a4d2cdf5be85de8b573aa21df95ad0751e374022aff0b0d67b11beec4df49","2026-09-23"
"10_S老师IP资产\_asset_notes\D_Evan_video\zhuyiming\output\ip_v6_work\frames_in_25\00869.asset.md","asset-note","dbed19be35d8dbfcdb940ac3611d9501410250eee640af5dddb96abdfda16013","c0a3f5d4be978a6fbf8dc6e1d634565b7a308fe242b53c016da4d136d9f3968c","2026-09-23"
"10_S老师IP资产\_asset_notes\D_Evan_video\zhuyiming\output\ip_v6_work\frames_in_25\00870.asset.md","asset-note","cbfca4af8f62350599726d65bdcf7f346864d4a3a2aa1710232dfdd00107b083","4c0db705bc2a7744326a6e5066145e2535040f0f7f5435540a3f6f9bc90c6358","2026-09-23"
"10_S老师IP资产\_asset_notes\D_Evan_video\zhuyiming\output\ip_v6_work\frames_in_25\00871.asset.md","asset-note","663e64dab308a3539e18304c074f12fcb3cc5d338328baa94ef679622747d2de","c58518ed5a4c18e5ea940dd1dbce0a90f549380af5590d131ad0847288ed3e2e","2026-09-23"
"10_S老师IP资产\_asset_notes\D_Evan_video\zhuyiming\output\ip_v6_work\frames_in_25\00872.asset.md","asset-note","f7848e47ca5f947e1b1e106d7cdaab48bfe951000a78d48fc3bd8141e0f07238","507ba8232c9489b30f6ee269d4126ca27883d2a41f124760b12264c043f134ba","2026-09-23"
"10_S老师IP资产\_asset_notes\D_Evan_video\zhuyiming\output\ip_v6_work\frames_in_25\00873.asset.md","asset-note","70cf005dcaa6d2317d8e788479a1c6466508176feda4d61c107aec87bd076c6f","eddd6c5005a58ecb2b6511c6b36fa765179f755f99091361f0dff379284216f6","2026-09-23"
"10_S老师IP资产\_asset_notes\D_Evan_video\zhuyiming\output\ip_v6_work\frames_in_25\00874.asset.md","asset-note","bea41505d4d951a4b840cd95d5160ebd942737b5c40f3c8d94a20a5000a054c6","c07468b307dd0b6b63be8d10c1907b3c0601c203b7cb68abd5b36517fd6f7eea","2026-09-23"
"10_S老师IP资产\_asset_notes\D_Evan_video\zhuyiming\output\ip_v6_work\frames_in_25\00875.asset.md","asset-note","ba4239383be1fbe5e1396ded4c13338ff1bb09d69cf2a4ddd8127f7a1bca5f5e","3885611a2e8df2c565f287f338c5092cf9e2b77c3ea944d708c6800729a145d4","2026-09-23"
"10_S老师IP资产\_asset_notes\D_Evan_video\zhuyiming\output\ip_v6_work\frames_in_25\00876.asset.md","asset-note","f36603e98ee4b01cc21a12d4d20f174ee0375142ebfb02b3365dd2a4ecc44b14","0f38726c376a607e67b398cbfc29355d104279906e95d77b6d3cfa3d9ec33f96","2026-09-23"
"10_S老师IP资产\_asset_notes\D_Evan_video\zhuyiming\output\ip_v6_work\frames_in_25\00877.asset.md","asset-note","e0e2e081fb4483148e1cf31c45b6c9502750eec8a0c369995c9ac48d84debbfb","2eff626157744a7859d06a24aba9c07eee32bebb6086b1b73c9e44c932c9e370","2026-09-23"
"10_S老师IP资产\_asset_notes\D_Evan_video\zhuyiming\output\ip_v6_work\frames_in_25\00878.asset.md","asset-note","c425aaf8cb1ee739bc0c79d7ef7c8563ea004fc361dd794924559e05352271d0","efd4e5410da93580a928e314c97b1c6669f71322f976b51db61d731cf581dbdc","2026-09-23"
"10_S老师IP资产\_asset_notes\D_Evan_video\zhuyiming\output\ip_v6_work\frames_in_25\00879.asset.md","asset-note","6f759578b2c2ef25feb26fa9cc1dc7e952298a7ea0518cbdae0fb3732c2813ac","3cab19f5586e5701528ff1b3cfb1076f96740385ffd6adcfb4ec3fb6658192e2","2026-09-23"
"10_S老师IP资产\_asset_notes\D_Evan_video\zhuyiming\output\ip_v6_work\frames_in_25\00880.asset.md","asset-note","b8ccf3b77cd8c42400b4c8f7c82527563941d8a4baf89dec20ac292cee9180b3","6faddc53e9ada4bbb0eca2d4c02b8a586b299baf1ed19fcfcb4aab435758f5c6","2026-09-23"
"10_S老师IP资产\_asset_notes\D_Evan_video\zhuyiming\output\ip_v6_work\frames_in_25\00881.asset.md","asset-note","06cb3fe60a0ffcbf08074a40f8cc09b8b9dedc69d34ce677aa1e48e316745c97","038da29b02adc4a83be0513193dd1792118b03d388f2f8fdbbd460604f424b5d","2026-09-23"
"10_S老师IP资产\_asset_notes\D_Evan_video\zhuyiming\output\ip_v6_work\frames_in_25\00882.asset.md","asset-note","218641fb59f7cc0a0dafe57a924758e1f708ffea2aea93b81059851f74840cbf","cbabe397eb8dd1687669d755f84fdd3da106e4c05ccc9245f193b0203983e354","2026-09-23"
"10_S老师IP资产\_asset_notes\D_Evan_video\zhuyiming\output\ip_v6_work\frames_in_25\00883.asset.md","asset-note","47b39bc54035fa164724e4d8288bef3e87706c0a59c5a198023d74b93ec44f97","44cb8a2cb4df725476dd274bb273c959b9dcf51f6ac722c736b50283116bc371","2026-09-23"
"10_S老师IP资产\_asset_notes\D_Evan_video\zhuyiming\output\ip_v6_work\frames_in_25\00884.asset.md","asset-note","ce3c140e97be2ad212f8623e47639b98ef624760a38f8d8e728646edb5f096fc","41b3cbff10d6f044b7e1122650789244c22f596c932570355ad061fd9e1fc3a5","2026-09-23"
"10_S老师IP资产\_asset_notes\D_Evan_video\zhuyiming\output\ip_v6_work\frames_in_25\00885.asset.md","asset-note","090067ea8477d3cd060b9d8241261c44664d43fc2107d116eaaafb4678679b9b","83024af2facf9dc99b7e5c307147f545eba265736b3a457e459aa2b5dd2de061","2026-09-23"
"10_S老师IP资产\_asset_notes\D_Evan_video\zhuyiming\output\ip_v6_work\frames_in_25\00886.asset.md","asset-note","69e66e39c7ddb1a617dfd69117f4e9362dd476b2d508bd0720d3e6c0c266828d","d5a5e4b42de7c6c7595930c2bc5668b1a67d707b0412f1c74823935cb11a32c9","2026-09-23"
"10_S老师IP资产\_asset_notes\D_Evan_video\zhuyiming\output\ip_v6_work\frames_in_25\00887.asset.md","asset-note","2461749af19a363e3e2400591a0d6662d9f55c932d5d33ac1a6a134cf8883a38","d83d508e6eea43a2ccff350d4fb8dbb0fc6774027396067996ecf62c73d1d7b7","2026-09-23"
"10_S老师IP资产\_asset_notes\D_Evan_video\zhuyiming\output\ip_v6_work\frames_in_25\00888.asset.md","asset-note","7523f6044b65350e343367ad61bd427d05c5f8ed8d3dd73320151ce84c95db26","eedabe57fa0cfb4704385daff9f5953687d2a699774020bdaa2bb47794155b49","2026-09-23"
"10_S老师IP资产\_asset_notes\D_Evan_video\zhuyiming\output\ip_v6_work\frames_in_25\00889.asset.md","asset-note","58e409893544142131068ac2b30a4cf4721d7c22805b567326df758e7974fe86","bbd10f38425c0214b4b01304c812a8571a608f74c2b8b566271a0df16209d04c","2026-09-23"
"10_S老师IP资产\_asset_notes\D_Evan_video\zhuyiming\output\ip_v6_work\frames_in_25\00890.asset.md","asset-note","39e189691eff97bdbafa6a866ad53bc46698cd708e375676fdab6cc074fa8ea6","687bca3ca0ac61bf725e08214059cdd179c3385e4bb357c63ecc7cf7219f0886","2026-09-23"
"10_S老师IP资产\_asset_notes\D_Evan_video\zhuyiming\output\ip_v6_work\frames_in_25\00891.asset.md","asset-note","035ee1b3a6f131fe11f30b5e5eff914dd50fddfbc3ed90536f0406c9997dd21a","e187a13ea9f7ce46af972cb47d66cf828bc5a42fd80abf017dfcdff4b229561c","2026-09-23"
"10_S老师IP资产\_asset_notes\D_Evan_video\zhuyiming\output\ip_v6_work\frames_in_25\00892.asset.md","asset-note","2f9b5d58e11a5a5f26a422e93588c57295fdc3c75bda7df54c06edfe356d5fbc","b9a4bc240829af62bd7e117deeda6b9d33d41e07ba9273dc722e7c776d7bb687","2026-09-23"
"10_S老师IP资产\_asset_notes\D_Evan_video\zhuyiming\output\ip_v6_work\frames_in_25\00893.asset.md","asset-note","6006394b407cf0b1475b6c0d48af0c5b7e97d018057ec3e374820a3392d56f37","08ab982a8d1b844b1a1bc02cc1580263d3b57d468b547da2740cdc8d3f98e8a0","2026-09-23"
"10_S老师IP资产\_asset_notes\D_Evan_video\zhuyiming\output\ip_v6_work\frames_in_25\00894.asset.md","asset-note","1fdec311df04af4ead29b3cc801530fe1017da3657b34bac7de0228a4ff2b1bd","2cecf91cf788811a0165f9117de95defffe751896cc56590224d5c4ba8a38355","2026-09-23"
"10_S老师IP资产\_asset_notes\D_Evan_video\zhuyiming\output\ip_v6_work\frames_in_25\00895.asset.md","asset-note","18ed7649c7dd0f9321559ed5c6d05fef252f5c06428f2aab08b44b4000e3cbec","5e0e75ad5de065dbf60eb33ea05ad2f84fe93a6f1c0bef3697d8b1e64a862161","2026-09-23"
"10_S老师IP资产\_asset_notes\D_Evan_video\zhuyiming\output\ip_v6_work\frames_in_25\00896.asset.md","asset-note","f3b86d9b8913ad535ee3c14533ac0a1cb46455572fbc8c37e26459a1f5f72c42","0b3b24a2964d71518ba44c92764e6b396f17975e1409cb8f52ae8f268bf5690e","2026-09-23"
"10_S老师IP资产\_asset_notes\D_Evan_video\zhuyiming\output\ip_v6_work\frames_in_25\00897.asset.md","asset-note","827eef9764a9670e99635104749cfeb2bc7fc8a67cfef501065c7c54564a65c1","4d2c4d282a723cc961eb60128e25571fe5ccf0d26d7bf1b43fede48dc05fbc04","2026-09-23"
"10_S老师IP资产\_asset_notes\D_Evan_video\zhuyiming\output\ip_v6_work\frames_in_25\00898.asset.md","asset-note","4a6255fc2acb88005c9b7932dd8cfbeac8283ac7a578b5c9412da959b61d87ab","acfb255c512f13c1df86deed41cabc3082b4ce51c107a6dc27b102088f65df52","2026-09-23"
"10_S老师IP资产\_asset_notes\D_Evan_video\zhuyiming\output\ip_v6_work\frames_in_25\00899.asset.md","asset-note","24daf2b4cef5c35fd28eca57091647b714ec9ff051db1d56ea07adb6321d9657","4caf2e7a2b95312b7a8121c65e47139d024c978470c65017d7ea232872c089ee","2026-09-23"
"10_S老师IP资产\_asset_notes\D_Evan_video\zhuyiming\output\ip_v6_work\frames_in_25\00900.asset.md","asset-note","27678728f7d6bddbe84321abdda88f5ed3c3ce2ce67d1865a09f89e53b51ff0c","882bf45d35d03d148121e534adcc368dc5cfded38e57dbcc3d4b45ff5f1923f3","2026-09-23"
"10_S老师IP资产\_asset_notes\D_Evan_video\zhuyiming\output\ip_v6_work\frames_in_25\00901.asset.md","asset-note","382052ba93f99d59107d5c563d389526cfd12d7edf293dc685e19dd41b9b3c3a","6270d6b6ec11f60aa2b24fd897692024aa7134cb7efa5dbe1db2d81c106caf3a","2026-09-23"
"10_S老师IP资产\_asset_notes\D_Evan_video\zhuyiming\output\ip_v6_work\frames_in_25\00902.asset.md","asset-note","7fd9d1e39359d6b8e06db9e1b29d3e7a8558cc8da93c32fc5a7f6779f01220b5","54e04f8957507a9827ffa3f15c683baab9073658bc9ec2ed026c606d516bb9ba","2026-09-23"
"10_S老师IP资产\_asset_notes\D_Evan_video\zhuyiming\output\ip_v6_work\frames_in_25\00903.asset.md","asset-note","c3257502aab461588483a3b165b0a9bfc51e4d930ed8e3b6e2bb93fbfa4e17c3","f32f9b2a0a7d31d72a7899b8978a5fb3a35c579332ca1bcd8d340cc306303205","2026-09-23"
"10_S老师IP资产\_asset_notes\D_Evan_video\zhuyiming\output\ip_v6_work\frames_in_25\00904.asset.md","asset-note","51a1ab808f2d8ac841aa30d526fb5c3b0500e7a8e94864762588d478bae09bd3","cc8009cbefedad7e21fece40b571885693c671d9ae8c3b5f338f8093521a1020","2026-09-23"
"10_S老师IP资产\_asset_notes\D_Evan_video\zhuyiming\output\ip_v6_work\frames_in_25\00905.asset.md","asset-note","1c5392b093957e4af9750158c78532294af8c471d09cfa3e06475c1cdf4ef41b","176be5deddd041ae87a97c722ea5fcc0a6720a75bfed3a39d251fa58c5436316","2026-09-23"
"10_S老师IP资产\_asset_notes\D_Evan_video\zhuyiming\output\ip_v6_work\frames_in_25\00906.asset.md","asset-note","276ae66c905534bdc2fd43ed400407773cbb3e3e87cf23f507a28ceee74f7821","5a1c308250aaba261d80d243052627d8300858512c673c2d9804e6d3d584497f","2026-09-23"
"10_S老师IP资产\_asset_notes\D_Evan_video\zhuyiming\output\ip_v6_work\frames_in_25\00907.asset.md","asset-note","4d52f68a0e6cf5b93093aa823fef806716d4d64cce83d627a15f1aacb11cd1f8","aef2430c568af3055a7f3878e1154bac5d0214f52186020620156499d52bb7cf","2026-09-23"
"10_S老师IP资产\_asset_notes\D_Evan_video\zhuyiming\output\ip_v6_work\frames_in_25\00908.asset.md","asset-note","82c139ce9768865f8edc54d747b204a64736224bf36cbab5dbb2f437502c5339","eeaf50c8e994a1bff56d2582787c77fc059c44359bb59d3afea042594249df6b","2026-09-23"
"10_S老师IP资产\_asset_notes\D_Evan_video\zhuyiming\output\ip_v6_work\frames_in_25\00909.asset.md","asset-note","26d2ae145322eecd3e133ff7248740465197b904fab388e50b90b62e60b2a898","283da73f9e295a14a91dc3d8aba082fa16320486c4764c9551eca0ff37033011","2026-09-23"
"10_S老师IP资产\_asset_notes\D_Evan_video\zhuyiming\output\ip_v6_work\frames_in_25\00910.asset.md","asset-note","c86f82e5f9612430bcbe97cfbc28a7063d6a621b04b4a0f2467c96af3f723e3b","951fd794d71f0d2df5fd805a3b6a842b8fe6e762d05366fe3e07ad7f97cc61ac","2026-09-23"
"10_S老师IP资产\_asset_notes\D_Evan_video\zhuyiming\output\ip_v6_work\frames_in_25\00911.asset.md","asset-note","13ef716cf8764265e4f2aebb096e1b394b9ebfa3fca8f30ea53132abcff10977","4abe4a5f82bdd61ad0d8a55ead7987bedb1e419dbd49e31ca9d8e1ba45dbeb24","2026-09-23"
"10_S老师IP资产\_asset_notes\D_Evan_video\zhuyiming\output\ip_v6_work\frames_in_25\00912.asset.md","asset-note","7ca1b9618f162564917ff747c2676128f9ba00e696c428fad1e5157b2351a92d","5e09cfcab147a0eb9f5ef39acebc058a3e76c67a525ee9a2110657a35531186a","2026-09-23"
"10_S老师IP资产\_asset_notes\D_Evan_video\zhuyiming\output\ip_v6_work\frames_in_25\00913.asset.md","asset-note","59338188a931b162e7c0f0107c8d75eda4b85a1014493f81212a849efdf9327b","7c7eaba8513d99769abcc89f7ba24b2429b1fece40443e35f571fee5337ef0ce","2026-09-23"
"10_S老师IP资产\_asset_notes\D_Evan_video\zhuyiming\output\ip_v6_work\frames_in_25\00914.asset.md","asset-note","07f1952f1c3f94a351067a1913fe28184edadfc4bd42044522d5dba0d76af0b4","9c5d98aef9b488130f74a0236e10c4b888e61c4986e7333487a4c4a7f48254ad","2026-09-23"
"10_S老师IP资产\_asset_notes\D_Evan_video\zhuyiming\output\ip_v6_work\frames_in_25\00915.asset.md","asset-note","0e9f67cd129230510140c77db2a7bab35f0b09eb27b4d380d02c3300359eadb3","d6a817a5a628e39bd4cdfcd4282ccc327415911a25d575b4a6450787188925e2","2026-09-23"
"10_S老师IP资产\_asset_notes\D_Evan_video\zhuyiming\output\ip_v6_work\frames_in_25\00916.asset.md","asset-note","510bc69d901c0822f9159a6f47bcb50adb2ab95ae63abb70b520aacb3786d43e","06e4d1b3e165945d4d04066ab6f16ae51d5a5abbb0e719759b8b8280eb78ecff","2026-09-23"
"10_S老师IP资产\_asset_notes\D_Evan_video\zhuyiming\output\ip_v6_work\frames_in_25\00917.asset.md","asset-note","bfd7b1dc51cdad5779b2f2512b93cb17049d5b795120fcbf49054416a55a50a3","baca9286ad76f8f9c49a8a50325184fde4f9a81066c563de3d9ed200c4056226","2026-09-23"
"10_S老师IP资产\_asset_notes\D_Evan_video\zhuyiming\output\ip_v6_work\frames_in_25\00918.asset.md","asset-note","f49b3e4ed01aa5ac373f9bb979b805c680f40ab22fcb2897e442491bbee04496","ff6fbacf14c95b214e5d16214d9e8b2f1fca9b01d1313095da071ba3fb45ae57","2026-09-23"
"10_S老师IP资产\_asset_notes\D_Evan_video\zhuyiming\output\ip_v6_work\frames_in_25\00919.asset.md","asset-note","c88e13433d5fd44321d4815edad3ff5864c49c05918294c3e1f4ee476714840f","afbc9494da756fa8a077dc290777dd3f27d846328706798f958b266088eb4349","2026-09-23"
"10_S老师IP资产\_asset_notes\D_Evan_video\zhuyiming\output\ip_v6_work\frames_in_25\00920.asset.md","asset-note","929fb2bf172141db502881b6e7cbf659a8d6d88259d2cd7c74b2352b014c9e00","3b552a97193adff0b38acc87964708ed3904c7ca0227c3cabaa96a393b49f8b0","2026-09-23"
"10_S老师IP资产\_asset_notes\D_Evan_video\zhuyiming\output\ip_v6_work\frames_in_25\00921.asset.md","asset-note","1f83fbd8ceb6836dab212cae98c9bac13dddb11d859b6c4683cc44b38d68f55d","b225ed4e1b000ce9021dab0708b0bce095176b02a92011ce2c85bc23c7d9a572","2026-09-23"
"10_S老师IP资产\_asset_notes\D_Evan_video\zhuyiming\output\ip_v6_work\frames_in_25\00922.asset.md","asset-note","d25c1def92c8e1cb159491a662d38827728c3e9c4d3a8ed5d1fdc5a07b3dc04f","341a30d1bccb26860a564d9ccc138764d0883115cf6a6f9beaea711dca7cc5de","2026-09-23"
"10_S老师IP资产\_asset_notes\D_Evan_video\zhuyiming\output\ip_v6_work\frames_in_25\00923.asset.md","asset-note","087854d357c7d38631f65a3fbdf4d9614496681086e7e6335954538e2f1618fa","eb18fecd5d5b6bd6188ff30f494c8c3de10a43235ceda8da9913ff2ac557ffd0","2026-09-23"
"10_S老师IP资产\_asset_notes\D_Evan_video\zhuyiming\output\ip_v6_work\frames_in_25\00924.asset.md","asset-note","9118688faca83348a1c52156c4efc6012995b4da47bd47a775ac4caece3c6072","21546090680d14cb44c8a9528bf87c94eb1a72baa88ffe52dde5b12629a9ca80","2026-09-23"
"10_S老师IP资产\_asset_notes\D_Evan_video\zhuyiming\output\ip_v6_work\frames_in_25\00925.asset.md","asset-note","f7a5a28e10cb1cfeb583a375588aa97734b623b60bc5c0305c1c8ab31338c6e0","82f47f06e88047e76ae05b5acca9c27ca6c47a4474cb87ac562f47cfc394dc94","2026-09-23"
"10_S老师IP资产\_asset_notes\D_Evan_video\zhuyiming\output\ip_v6_work\frames_in_25\00926.asset.md","asset-note","e3c4b7d6dd3dab6843142880bc90e30c385856f1b642c26c420ce29cac9ec492","1e54875b39cab3b0405b5b8876f56e509a1f3d481d47b827c553fc39924b695c","2026-09-23"
"10_S老师IP资产\_asset_notes\D_Evan_video\zhuyiming\output\ip_v6_work\frames_in_25\00927.asset.md","asset-note","a2fbe1628372d3c5b6e880afa0ddd245391a6776e9ec1d8d47dccf7494aea494","ee916682dc37153dfc91cd8c7a09763b372bc9b97324e9125b4fc7dcec6f1ff2","2026-09-23"
"10_S老师IP资产\_asset_notes\D_Evan_video\zhuyiming\output\ip_v6_work\frames_in_25\00928.asset.md","asset-note","d2f33996ad2e52d8ceff6f2047283824df1262b11a317e9a2c2b3735358c12a0","2810e36dde2e20d0c783cb723bf0e8162d95315ec8fad45f821d82edc196a6ca","2026-09-23"
"10_S老师IP资产\_asset_notes\D_Evan_video\zhuyiming\output\ip_v6_work\frames_in_25\00929.asset.md","asset-note","efc18c7a23a5d6bfbd614a16e84ed4dfe62cc0e301e2d2dba60d68e8f8e51734","6b2061fe4a2cd5d7636b33e4f63ec977ebe930db596b029dbf12f99dd82f1ba2","2026-09-23"
"10_S老师IP资产\_asset_notes\D_Evan_video\zhuyiming\output\ip_v6_work\frames_in_25\00930.asset.md","asset-note","f2bd80ec982c03e9a08566e82cec230830144c501dd07e516a823ce8cfba7c41","4c9b38525c9e7bfd8d58e8fe55f4834b14710b099defe42e0731c4216c5f9628","2026-09-23"
"10_S老师IP资产\_asset_notes\D_Evan_video\zhuyiming\output\ip_v6_work\frames_in_25\00931.asset.md","asset-note","f98c52356a26e7ceed45a6d06838dd3f5e8ce834bf91a203e7d93912328abdef","b12388631d9cdb34b361cfe9cbe0d69cc6aef23cdb43526750cdef1b94edf0ab","2026-09-23"
"10_S老师IP资产\_asset_notes\D_Evan_video\zhuyiming\output\ip_v6_work\frames_in_25\00932.asset.md","asset-note","24f03cac02a68838fe000d617476c840af526d6dd60d14637a20ce00f301a69d","12617493d73ceaa8a5680514d22e2c4bb9a120c86091e1ad17e404b79e95d8c3","2026-09-23"
"10_S老师IP资产\_asset_notes\D_Evan_video\zhuyiming\output\ip_v6_work\frames_in_25\00933.asset.md","asset-note","3c01987a4bb81d4fd619360880a95ea2a6627126394de11e0f4fa893bba8d16e","7e5375231aff6f60c4268fa179acbc22f565aab13699ba8f63f9ba70d9e26e42","2026-09-23"
"10_S老师IP资产\_asset_notes\D_Evan_video\zhuyiming\output\ip_v6_work\frames_in_25\00934.asset.md","asset-note","c899a085b33d4c9e1990585a83c7912163684d05063e4b9313094a8b3a0105e7","8a726f1129b0a59ca9046f656feaf91cff60f2d68ac885c75c8c0d3435f59c8b","2026-09-23"
"10_S老师IP资产\_asset_notes\D_Evan_video\zhuyiming\output\ip_v6_work\frames_in_25\00935.asset.md","asset-note","6e4117a61b351000f72ad987423f617c5e6927e1a4c2d957a7743ab4dfaf7974","a133ee6009dc80773689c2db625052e9b73e6ab0979d784400e58a20de37d0db","2026-09-23"
"10_S老师IP资产\_asset_notes\D_Evan_video\zhuyiming\output\ip_v6_work\frames_in_25\00936.asset.md","asset-note","5fbcfbba618d5f3e41d53571d6b5f515885063b2cd8c54e1cc609b044254a332","e005700eb8d912338598e70a387a6e49cc0f6e86e14f62f383d5fd2caf2d711f","2026-09-23"
"10_S老师IP资产\_asset_notes\D_Evan_video\zhuyiming\output\ip_v6_work\frames_in_25\00937.asset.md","asset-note","dedd714e5de3912d2caef00b6f03665fc09b7907acb27936290360f7d5789d32","b5d50e4bcafd69a5b38124a8540edb251bcbc1ab05f749a582ecda49541c24c1","2026-09-23"
"10_S老师IP资产\_asset_notes\D_Evan_video\zhuyiming\output\ip_v6_work\frames_in_25\00938.asset.md","asset-note","32d045026887bbf195a3d7c6d2a8c125439b9cb9291e63b4aae5487e62e9be55","f5e85eda34156490a86861dc8cafde8d212565369c4b035a6ecc819a777357ae","2026-09-23"
"10_S老师IP资产\_asset_notes\D_Evan_video\zhuyiming\output\ip_v6_work\frames_in_25\00939.asset.md","asset-note","7b61b1c036c32da3a3640103f1f1c24ce01241da9f16211fcf0d91a11c72bdf7","857726aa634d9c0dffd7e9f7b912435e1b49dd069957b5d7a15d369fb09640d6","2026-09-23"
"10_S老师IP资产\_asset_notes\D_Evan_video\zhuyiming\output\ip_v6_work\frames_in_25\00940.asset.md","asset-note","5846ea4e8de47aa2705f2f244e0a5ee253da5ecd2abbb9f7ce0c583b378b2ada","75d97234defff727091284fac2eebf7b7eda149fd8bf55a5887633695ce01250","2026-09-23"
"10_S老师IP资产\_asset_notes\D_Evan_video\zhuyiming\output\ip_v6_work\frames_in_25\00941.asset.md","asset-note","c62ca86a48a3b4a7d262b1dd3cdc29c052f63549057bef7daf9c1496cd463ad0","2c50fd922f4b9e5f0ddbcd611c0c4f895a092b2c6c5259dbbb291d57440ba458","2026-09-23"
"10_S老师IP资产\_asset_notes\D_Evan_video\zhuyiming\output\ip_v6_work\frames_in_25\00942.asset.md","asset-note","5afc808af576022e3513d8d6d67163679b8d342cd293bc925f6b8267e3d25fe8","0e0df0beee354b421710755afac3ae04ca8472ca478ea09ab2ad92a3ee51bfa7","2026-09-23"
"10_S老师IP资产\_asset_notes\D_Evan_video\zhuyiming\output\ip_v6_work\frames_in_25\00943.asset.md","asset-note","177012f395ea5aa54841be54ac512277f13acb84a734979823c6bae0137afccf","7b142eedef0eee9f98738be4dab1062a95e8c15b03032621064c6b5f78826e6c","2026-09-23"
"10_S老师IP资产\_asset_notes\D_Evan_video\zhuyiming\output\ip_v6_work\frames_in_25\00944.asset.md","asset-note","5909b1497eb803746ac50c8096b75cf7dab73e629154b45f2d1324eac24c0f99","abbf10b496924796758e7282f68f097a933c96a0a383f8da0ae0930208c5b80e","2026-09-23"
"10_S老师IP资产\_asset_notes\D_Evan_video\zhuyiming\output\ip_v6_work\frames_in_25\00945.asset.md","asset-note","4a58f7be9477be01b081895655f6e87e1a8159a206773757d607e31180dcbe64","fbc420fa3b80a8c235d20c1aaf16e1ccd612687c3b0d6f0d8f255444a263362f","2026-09-23"
"10_S老师IP资产\_asset_notes\D_Evan_video\zhuyiming\output\ip_v6_work\frames_in_25\00946.asset.md","asset-note","595db4eded010514fcf0cc8a548f69b9d9211c2a1d8ab8f532e397ddbfd82e76","3973fa6f926a40df006ee412f4b581f745d1854f5d38898c9dbe6b832d51cf75","2026-09-23"
"10_S老师IP资产\_asset_notes\D_Evan_video\zhuyiming\output\ip_v6_work\frames_in_25\00947.asset.md","asset-note","49a50ff6083c635fc2131562a973405e6e0c95cb1edb7e3677f7dfb3772e970e","39a1cbe6b620efcf4183b5869c078bd9bb1bfd49e876f133f75a7795a1758cf6","2026-09-23"
"10_S老师IP资产\_asset_notes\D_Evan_video\zhuyiming\output\ip_v6_work\frames_in_25\00948.asset.md","asset-note","5bdf3788d8990d75e08f35d4705baaca98e198b3cca741f1e88458cec18211e1","e3cb145a934b359a9ba9264535639a4248587d7cb007544ca7145f98358e13aa","2026-09-23"
"10_S老师IP资产\_asset_notes\D_Evan_video\zhuyiming\output\ip_v6_work\frames_in_25\00949.asset.md","asset-note","39351abd5032ff7d65304670683d011fbedc68cbb6e9283cad3ce46bb88db6e3","453ea0929ea57a3e3971bb3d5da727b3d47950697b3d7b3ac809858542ea4644","2026-09-23"
"10_S老师IP资产\_asset_notes\D_Evan_video\zhuyiming\output\ip_v6_work\frames_in_25\00950.asset.md","asset-note","3dfb7392d74761e2bbc99506ab1555578e16d186a835a3cf7525cf6d26eea67a","25e3225a617fe01f3df26f068dc290a077c6c4974e5804dd28a101e7fdb4ea16","2026-09-23"
"10_S老师IP资产\_asset_notes\D_Evan_video\zhuyiming\output\ip_v6_work\frames_in_25\00951.asset.md","asset-note","ab113e4a96d6f18a7751dfb73368fe9f14461ba52370fa94ed632b6e29820e3a","7458f5680dc34d84257cae119bbcc8a33774b348eeb57901483489aaa6ce05e2","2026-09-23"
"10_S老师IP资产\_asset_notes\D_Evan_video\zhuyiming\output\ip_v6_work\frames_in_25\00952.asset.md","asset-note","4c8ce80c03164f476262ed96ea639c3b61f27da02c56d380f1922eae6737e498","2797c80d04843b3bc62e7202c25ac9ecdc87afa5365d05f788515ce8f228b64f","2026-09-23"
"10_S老师IP资产\_asset_notes\D_Evan_video\zhuyiming\output\ip_v6_work\frames_in_25\00953.asset.md","asset-note","43177be91c3040938ac017c2a296058c94554f9a914676ca4f4f6be910c18bcb","96f6440dbad80821705f703aa09b9d66a2a8db83be2943037b04ae8f3a95a30a","2026-09-23"
"10_S老师IP资产\_asset_notes\D_Evan_video\zhuyiming\output\ip_v6_work\frames_in_25\00954.asset.md","asset-note","8d04d73c0f4d8c69b46ae65228dbc951b2892cc27e4b71af6c4e84129049ef17","141acece5eba9dd681b169a6103f77a6c3c1e307c07a368a7916f211f5fb5dcc","2026-09-23"
"10_S老师IP资产\_asset_notes\D_Evan_video\zhuyiming\output\ip_v6_work\frames_in_25\00955.asset.md","asset-note","3496d20e6a86969d1007b40d0a7c38bbc33a0c5c2b537e5b4b26673570cb561d","08447236eedd47441be174df8b712ad03231c8778994fd7e439a63021d5f13de","2026-09-23"
"10_S老师IP资产\_asset_notes\D_Evan_video\zhuyiming\output\ip_v6_work\frames_in_25\00956.asset.md","asset-note","3574f59afd1a0ed2760a17dcd40f06ee86d95d672a3f55715c335ea29889736a","92dfca65a9f5664cd9afe02c6e1fbda55c0984c5cef5497821f80f54da0a2796","2026-09-23"
"10_S老师IP资产\_asset_notes\D_Evan_video\zhuyiming\output\ip_v6_work\frames_in_25\00957.asset.md","asset-note","c20ef3a0188d96a53b0568d723f4c9b2b43f4ef53745bcd6956ed284d6557a0d","612377599973face7b0647497f5b838cc8ebc7f92b4fbbc46d7598036d5fbc39","2026-09-23"
"10_S老师IP资产\_asset_notes\D_Evan_video\zhuyiming\output\ip_v6_work\frames_in_25\00958.asset.md","asset-note","c1d85b1d055df1876bf7f2624e017722e15ec4453c4f3c28bc26f47db2e13ed4","118874b0f90c27d6410d8d3e0a4324bda412a1b257b1108a3b8a06c30cf416b7","2026-09-23"
"10_S老师IP资产\_asset_notes\D_Evan_video\zhuyiming\output\ip_v6_work\frames_in_25\00959.asset.md","asset-note","be2caecf5fa8e453d306a546e4b67033cfe8ed0b77d0a526894cce9abfc1699f","1003573ee01fabc85a6d7aecff3b72869394c291eed9f361c6bc2c5c5a124040","2026-09-23"
"10_S老师IP资产\_asset_notes\D_Evan_video\zhuyiming\output\ip_v6_work\frames_in_25\00960.asset.md","asset-note","e892a1e4a5cd87f00b8bb99cbfa324b7771fdbbb138872e703781b4e7d5ea2db","9a90e10949c5dc25fd4a08dc6890d09fec5f0211f54b51898af3971f6c6ec1d4","2026-09-23"
"10_S老师IP资产\_asset_notes\D_Evan_video\zhuyiming\output\ip_v6_work\frames_in_25\00961.asset.md","asset-note","008a3bcb66b7e4fe6b463b9575fe70604242433023573e4ca4dc55cbfd9aee0d","458287a756d4fb81957851c92b7a4422ce182019e1b061be823e050f2644ae66","2026-09-23"
"10_S老师IP资产\_asset_notes\D_Evan_video\zhuyiming\output\ip_v6_work\frames_in_25\00962.asset.md","asset-note","06d0304fb957b88aeabd24870e848ad47aa0d5f34a9d77f26835880f87cc0e1f","95368b9f92def012ed14aab551a3ded69d31358f5fee1b1ec285241358b76550","2026-09-23"
"10_S老师IP资产\_asset_notes\D_Evan_video\zhuyiming\output\ip_v6_work\frames_in_25\00963.asset.md","asset-note","30219510876e529cbee235114fc59f56bc8885ba247c764680e4fdef5043acbc","44f7ca18585d38b9fa5a371a4ca01757f16c54b92b5e87251cdbe267c4be19f6","2026-09-23"
"10_S老师IP资产\_asset_notes\D_Evan_video\zhuyiming\output\ip_v6_work\frames_in_25\00964.asset.md","asset-note","ee1a7548962b3bb5bc766852663416f64d547cd85364cf36b2f5f7323547ec7f","590050fff3071596976b4c0411991fa3bc5bf69f54c8b7339b907f428d1d50ee","2026-09-23"
"10_S老师IP资产\_asset_notes\D_Evan_video\zhuyiming\output\ip_v6_work\frames_in_25\00965.asset.md","asset-note","57e9a1ebf5019a36d39fae9d1eb07cf3b000fd1bcbdd65d8af9b5cafb2710f0f","22c6ca3fffab27293e22837bd10950b3bc88d10b9f32d3d94bbbd273604232ac","2026-09-23"
"10_S老师IP资产\_asset_notes\D_Evan_video\zhuyiming\output\ip_v6_work\frames_in_25\00966.asset.md","asset-note","2789017d50bdc4e70ed092b15e16834a38b450b4126ce33b3610be17b82c2364","c7448a9b7a7b9b5bb0bf7df9a622de73947a6c93b5a489e1bbc62640cc17a7aa","2026-09-23"
"10_S老师IP资产\_asset_notes\D_Evan_video\zhuyiming\output\ip_v6_work\frames_in_25\00967.asset.md","asset-note","a32a43267699db377b7313e67580526c37ac8a1378c80c6a0be4892af442f61d","5cfafa54c3af83ad6f9601fdd511c2dcf7fa15932186ce54caf9f9f0752dc4dd","2026-09-23"
"10_S老师IP资产\_asset_notes\D_Evan_video\zhuyiming\output\ip_v6_work\frames_in_25\00968.asset.md","asset-note","fd8d5b41f2cbd52da7bc4df69da922c9363811569a2c24242417b892624f392f","3a9afd158b2b9e45b15a4706b5785a8107c34f3118ab2f2a97c38261953c64ed","2026-09-23"
"10_S老师IP资产\_asset_notes\D_Evan_video\zhuyiming\output\ip_v6_work\frames_in_25\00969.asset.md","asset-note","f67f418af17721e032c8ee00ef7b47868e6ff71008665ddc5b6f3af4642b0276","37550df0aa6cf6f1b7b66e083ae081805bf166a424ade20a1fdb80ceb19babb1","2026-09-23"
"10_S老师IP资产\_asset_notes\D_Evan_video\zhuyiming\output\ip_v6_work\frames_in_25\00970.asset.md","asset-note","d550e152e6ff225db9600890b344012a3e619c7af83588dfa7d8a40dfc862858","e273e8be1075c58739106ef71215e48e0810c7b847db6a06f6b6f09c4ba15518","2026-09-23"
"10_S老师IP资产\_asset_notes\D_Evan_video\zhuyiming\output\ip_v6_work\frames_in_25\00971.asset.md","asset-note","f006c8350fc30738688fe0be9f4d04954874e8f2866584f32c85abd23aa56205","9a1cc44f2749d828c593782b9b47893deae8de5a5aad0e0adebabaddced7f30c","2026-09-23"
"10_S老师IP资产\_asset_notes\D_Evan_video\zhuyiming\output\ip_v6_work\frames_in_25\00972.asset.md","asset-note","ea3ba8aa45629d95783c1172250a6d2a8b73229f6cd68eb016342d726a0cadd0","5e578fd0c9b6b0d3a7769344887a3576c2e49cdd502beb88f5294f1c7bcc8541","2026-09-23"
"10_S老师IP资产\_asset_notes\D_Evan_video\zhuyiming\output\ip_v6_work\frames_in_25\00973.asset.md","asset-note","756edc6c4e62d2a857943a5eded6e651db4ac49b47f0a8677b0bd675dd8362c0","34cbae443edcb871834c5c8264d8c0f4571c48452ab356919766f4a0ea1a473f","2026-09-23"
"10_S老师IP资产\_asset_notes\D_Evan_video\zhuyiming\output\ip_v6_work\frames_in_25\00974.asset.md","asset-note","c5b1234eba6fdbd1d23aef7ec84de89ac8e67b45c6159dcae31d0f994668bfc4","88bb1b44ad1c68bef8647078bb7b37289390cd4adec8cfc936d538c510491926","2026-09-23"
"10_S老师IP资产\_asset_notes\D_Evan_video\zhuyiming\output\ip_v6_work\frames_in_25\00975.asset.md","asset-note","5bd540771a22f80a6917a17ad7acf95f5284a3bc33ded360fb5b83f3e18537ea","2dff3474041e005863c3bea9e59475445c62e5e6b26e18294d1525c41fce4288","2026-09-23"
"10_S老师IP资产\_asset_notes\D_Evan_video\zhuyiming\output\ip_v6_work\frames_in_25\00976.asset.md","asset-note","45cc08cf20923df8c2cb2bf5b233caac7d0a52452c1b4cadea362c2aa9765aee","f7113bc505fb94861b4bd7216d06a50ec9fb90fb1669cf53fca9b5de7dbac801","2026-09-23"
"10_S老师IP资产\_asset_notes\D_Evan_video\zhuyiming\output\ip_v6_work\frames_in_25\00977.asset.md","asset-note","be92be1b986765e49cf358f061dc3d6f8f29aa615177d7e448b694e5c18a96c1","9c9ec0d08e2e9667e36cd2123a25f8fb1ff79279018423b8e3470cb404f87662","2026-09-23"
"10_S老师IP资产\_asset_notes\D_Evan_video\zhuyiming\output\ip_v6_work\frames_in_25\00978.asset.md","asset-note","4929fc38d5576e02cfb745167834cf19b4a99e875dd486269275dcb4461f6c5f","a1d164145d7a225ffe0375f72a2086995d6ad23047cedd5135fa1da9b268b75f","2026-09-23"
"10_S老师IP资产\_asset_notes\D_Evan_video\zhuyiming\output\ip_v6_work\frames_in_25\00979.asset.md","asset-note","a76f578361080022bf735bab61c33f1512fc6b1beb8497a553fb31793325ea19","14085d3b6d5bbfbcc2feebf363a21ef3075c0340e5a546327de7ca676a82e23b","2026-09-23"
"10_S老师IP资产\_asset_notes\D_Evan_video\zhuyiming\output\ip_v6_work\frames_in_25\00980.asset.md","asset-note","72f1908dcfae5df61084e49cde9c6ce6f8dd4cc1d23081d75c3ea6c323b05a41","66d78f404c8ff9d95cfcd37eae073e5033eff5298b219366b27e8602b2211f4a","2026-09-23"
"10_S老师IP资产\_asset_notes\D_Evan_video\zhuyiming\output\ip_v6_work\frames_in_25\00981.asset.md","asset-note","c5351a016a4a675d803142f69d3647937792c12a1f5acc1aa58a9801add81983","67fd6cdd1f194e76d1b9b45e78034644ca75534e26f511e97699220ab251dc4f","2026-09-23"
"10_S老师IP资产\_asset_notes\D_Evan_video\zhuyiming\output\ip_v6_work\frames_in_25\00982.asset.md","asset-note","8faf25af28051f3b069e58b4f2eaac2dfc2def9ceeabeebdba974b7f52a6c8fc","feeb2962b3d6f62178e96feeed9898d9ec02a8b10afc7b664695b0b3dc05617b","2026-09-23"
"10_S老师IP资产\_asset_notes\D_Evan_video\zhuyiming\output\ip_v6_work\frames_in_25\00983.asset.md","asset-note","4a1258d9b6525a527ee94276fe45baecb3b7a6f50275bab42b70e43b0e8ab0c1","4d9ac3e4f5017799afd0933df1ada1f11190c8bd57e89532d9729bce87e508b5","2026-09-23"
"10_S老师IP资产\_asset_notes\D_Evan_video\zhuyiming\output\ip_v6_work\frames_in_25\00984.asset.md","asset-note","42e50d63ece81cd441f27f2c54e140aa68896b64a73e1ab92cd78963a3de8032","4e622dc838365e287c18f61a200065352f52a48705140b7d1ffa27ae5e2f6fc4","2026-09-23"
"10_S老师IP资产\_asset_notes\D_Evan_video\zhuyiming\output\ip_v6_work\frames_in_25\00985.asset.md","asset-note","bc9e29d4e048a4e2409bba6caee96dcb190beb86639ce4b986d3c639a9f45712","cca7903996b89d976a73f81e269d347eae3a46a3ddd1a02236795dada420e655","2026-09-23"
"10_S老师IP资产\_asset_notes\D_Evan_video\zhuyiming\output\ip_v6_work\frames_in_25\00986.asset.md","asset-note","914708c5c940eec308aee81c7b1be7d434d36dae4e0fd9360cea429ddaee89f6","fd514db55f3f794e6ec3fb42e6be69acc9028dded158ee342acf12c107c193d1","2026-09-23"
"10_S老师IP资产\_asset_notes\D_Evan_video\zhuyiming\output\ip_v6_work\frames_in_25\00987.asset.md","asset-note","728023540f481ebc5031d0278581ecb6c63f2f79d82ab64547f1de5cda78fa4e","f908d242e0910729c7921de9974bdd057ad5f1269b87d8052283dd5976dc3bb2","2026-09-23"
"10_S老师IP资产\_asset_notes\D_Evan_video\zhuyiming\output\ip_v6_work\frames_in_25\00988.asset.md","asset-note","afec5bdba7c434a61177c40ba01a65ca3cae105e73316a111bd8a283d0ec8896","54e83748d8667fb462c6cf4d176ef2c9e4d54e85e2aeafdb83bc1f933f1e71df","2026-09-23"
"10_S老师IP资产\_asset_notes\D_Evan_video\zhuyiming\output\ip_v6_work\frames_in_25\00989.asset.md","asset-note","d905ef0ec68f9e6ed40eb36402f19ef083144af169c7adde396beb2da3be83b6","48011c2aa5548d162341f5131965d83ad196668f0d7885480c449a8a1462835f","2026-09-23"
"10_S老师IP资产\_asset_notes\D_Evan_video\zhuyiming\output\ip_v6_work\frames_in_25\00990.asset.md","asset-note","6c1ac348b44cba79c173e7e495bf63bec60a6f7aa36265339e39ad6e5a207f3b","374975de188b9bee450d6ac5e7395113eb9865fe92b40128e2aee3fd939f2729","2026-09-23"
"10_S老师IP资产\_asset_notes\D_Evan_video\zhuyiming\output\ip_v6_work\frames_in_25\00991.asset.md","asset-note","663ff5ef10eb56776e62b65a4e7505eb5a69dfae2adf2ee31e9f11827ae16d16","9efb673cf4fc71a0994776ffe3f1ea82e3457d1d96e80c3bcdac11dc3bed8470","2026-09-23"
"10_S老师IP资产\_asset_notes\D_Evan_video\zhuyiming\output\ip_v6_work\frames_in_25\00992.asset.md","asset-note","ca5f9b64abbadce5827ebba8ddcf986edc476ef4fe14d334456ba51bef284afb","b53746915719d8ef6791883414505edfba300f5045565880f19fc3c8587bfee5","2026-09-23"
"10_S老师IP资产\_asset_notes\D_Evan_video\zhuyiming\output\ip_v6_work\frames_in_25\00993.asset.md","asset-note","498394f300a0212ae6cf67c857a8e0ae7919d3e363e36f0e13158142d429ce06","26a78f72be749f03b0865fa280d92d609058fdbd9e5610ec98f0923d00a421b3","2026-09-23"
"10_S老师IP资产\_asset_notes\D_Evan_video\zhuyiming\output\ip_v6_work\frames_in_25\00994.asset.md","asset-note","9bc7233429ceda1473015522f9abbe5540f815f9e2022a23d83a779809358019","72bf23da3fcbe9177dca1ab00491bc209976fcbf314b40dcabdfdd454b1d303c","2026-09-23"
"10_S老师IP资产\_asset_notes\D_Evan_video\zhuyiming\output\ip_v6_work\frames_in_25\00995.asset.md","asset-note","9a93d81dbff7c1822976784b791d184dbfe457ba2740211b7928e27b2af9b35e","806dbe40d77787b59f8899312a6737b5fdec72ba30b49170b129ae9e642d13d0","2026-09-23"
"10_S老师IP资产\_asset_notes\D_Evan_video\zhuyiming\output\ip_v6_work\frames_in_25\00996.asset.md","asset-note","67c6a455bec0ea04b2f21035cd1e8a01f92cacf3b9f74d4cffae0df08d4356be","a03a150c54a62bbf014bbf50e6024a6bd1dca084d1b1631a8788c5c3337bbcb3","2026-09-23"
"10_S老师IP资产\_asset_notes\D_Evan_video\zhuyiming\output\ip_v6_work\frames_in_25\00997.asset.md","asset-note","2b222d530a68dffae382fd939f9fa60de78309bbe943e759c0b1c32c346d72fd","ad3f6a9bc041f0937e01ff514615222a11b6ed9f5fe5162dee732d9a3f4e73ca","2026-09-23"
"10_S老师IP资产\_asset_notes\D_Evan_video\zhuyiming\output\ip_v6_work\frames_in_25\00998.asset.md","asset-note","efd6df2b396da58a33cb31b6128f1745a25e3a5b7da7246ccbf34746b54ee32b","9a60eb016fdcf1c5034ab4e9903016fcf8c385d3cf69bf797516c141b58d40f0","2026-09-23"
"10_S老师IP资产\_asset_notes\D_Evan_video\zhuyiming\output\ip_v6_work\frames_in_25\00999.asset.md","asset-note","024465e5337b41b18f62000b73cc1ea6486d4cee8560694f07b356253a21438b","b50758246eb76754fffc56cb9017df50c396d76bbee7a729f5473a108b5b330d","2026-09-23"
"10_S老师IP资产\_asset_notes\D_Evan_video\zhuyiming\output\ip_v6_work\frames_in_25\01000.asset.md","asset-note","fca92e423a333c4ef94af61313730c3df83e2f00af9d257fd3f6bc923eafbe58","ef53f8fc4aaeaf88f5f85556c4f293b57c99fc735ff77e5bb11cc398caf3f6d6","2026-09-23"
"10_S老师IP资产\_asset_notes\D_Evan_video\zhuyiming\output\ip_v6_work\frames_in_25\01001.asset.md","asset-note","7435e85a8fd0b7436ea6d432eecb3ac63ad1b69de10e162f6c44c7d21b240c1d","33478c37fcd8533e4af0b602959fbd3d2abe9a0d9fc820bcf46171950d7de360","2026-09-23"
"10_S老师IP资产\_asset_notes\D_Evan_video\zhuyiming\output\ip_v6_work\frames_in_25\01002.asset.md","asset-note","e5a387214186c10d02b11fe787f3e2664c014c3386ba892ff34880184e70967b","8b703abcf920b982fa0075fdaf99f1b1cef8a1e37344d7baa803c12db7dcdd57","2026-09-23"
"10_S老师IP资产\_asset_notes\D_Evan_video\zhuyiming\output\ip_v6_work\frames_in_25\01003.asset.md","asset-note","a978fe798e057be07d94a76d394f8f034547b6174ff9adab3ecdd14f5ad9af39","2ee039b2867cc448454c901dba2ac1c4b42eda7c0524480b8b3b4eb875e86f72","2026-09-23"
"10_S老师IP资产\_asset_notes\D_Evan_video\zhuyiming\output\ip_v6_work\frames_in_25\01004.asset.md","asset-note","4ae2b16827dc13623ac3770ead9e0d1d6e56a6cde987602113143f50a69ddf05","119301e071f803fb2cf719d9ea475c3a0f4ba8c4ac4f347a0db45ecb4708deee","2026-09-23"
"10_S老师IP资产\_asset_notes\D_Evan_video\zhuyiming\output\ip_v6_work\frames_in_25\01005.asset.md","asset-note","2df1fa0e7665e6a79d6905f13914460415069b6346914a6dccc6615d1e4e0817","7b5a061ef969a1b52f3f15b4bd7c3be7dfb9d8e5e4f8f22709cb8f95cb309ff8","2026-09-23"
"10_S老师IP资产\_asset_notes\D_Evan_video\zhuyiming\output\ip_v6_work\frames_in_25\01006.asset.md","asset-note","0969941e840a7e1318a47f1576dd7f0ea676e5dc409bf7598b3aa02bcc89aa95","75128bdb9d0f5808fa0fb412b1951662e368b54f76761a64568c41aec956eaac","2026-09-23"
"10_S老师IP资产\_asset_notes\D_Evan_video\zhuyiming\output\ip_v6_work\frames_in_25\01007.asset.md","asset-note","b6b2103274e57555d6611ee3a9d89d0a5f5ea951486bc384fd0a1307be9a2c2a","93811e1da3c9bfc250b8ef31613394a87e5fc03714a3dfb04f2003ab13b486b6","2026-09-23"
"10_S老师IP资产\_asset_notes\D_Evan_video\zhuyiming\output\ip_v6_work\frames_in_25\01008.asset.md","asset-note","96122e8847ef48722cf98c6819995a254d8fa4888408bb5c117b3e17607507cd","00e23aa63931c44ce43d445527707d96de0d732ce4e89a0da6f01398aefe6a15","2026-09-23"
"10_S老师IP资产\_asset_notes\D_Evan_video\zhuyiming\output\ip_v6_work\frames_in_25\01009.asset.md","asset-note","b05e5f65e51ddf0a17fd78d22ff79f9eb5f3eeaf0bbb3d646aba979c27206ade","72f21c81abf6c81585ab42d18b6d6f5ee8be3ec3e9e0c4917625ad8641385086","2026-09-23"
"10_S老师IP资产\_asset_notes\D_Evan_video\zhuyiming\output\ip_v6_work\frames_in_25\01010.asset.md","asset-note","00281f6a70cbe9ef90c0f45900c3aeca54d83005cf66a12c4107392574087e7a","c4b67441b6b687b2452a3130158f4fc3e63848eb8f8f43bb5facbf737216946e","2026-09-23"
"10_S老师IP资产\_asset_notes\D_Evan_video\zhuyiming\output\ip_v6_work\frames_in_25\01011.asset.md","asset-note","9d9b06ba8cd252726c918988617a6e864921086264dbeb2c6ec755c35d60b39d","bcd700431867be427248a54f2b6a23396ca9d34d04508d9bbed7945679a45053","2026-09-23"
"10_S老师IP资产\_asset_notes\D_Evan_video\zhuyiming\output\ip_v6_work\frames_in_25\01012.asset.md","asset-note","2fdcf70bf83c5e8d1ed62f5038d16bd252ee47ec9b0f16db3dd2f97bd4515241","b1bc53b4c8e782f4c9ece83eb01f44c1188d0ceadc176e76e05b4f6e9395fa4e","2026-09-23"
"10_S老师IP资产\_asset_notes\D_Evan_video\zhuyiming\output\ip_v6_work\frames_in_25\01013.asset.md","asset-note","9564551287418142d947051dbd4feebb01dc3c19dbfdc8fba0d3c096706817a3","d6f7bc81288f4cf066b53e3a5fc8d01d11bac327e383ff72964907e1586259b1","2026-09-23"
"10_S老师IP资产\_asset_notes\D_Evan_video\zhuyiming\output\ip_v6_work\frames_in_25\01014.asset.md","asset-note","ea71eb0019fd740655d8724480efd92e1593590d832e752e53e0f850b5ae17c2","205b74f4e7babef617741b60ad30b1c060ce60cceb53e6f28595ee72f77e8350","2026-09-23"
"10_S老师IP资产\_asset_notes\D_Evan_video\zhuyiming\output\ip_v6_work\frames_in_25\01015.asset.md","asset-note","60c08e6386e3d57f5e2d70ab40a6174dbb27ad7d6337eb6660d1a3caf96145a3","9b8dad51542e3ba5ff6ec890fbee68a6b98f92056de064499f5d441c2070f7ba","2026-09-23"
"10_S老师IP资产\_asset_notes\D_Evan_video\zhuyiming\output\ip_v6_work\frames_in_25\01016.asset.md","asset-note","e8539c587f36d29d88ab01a8af12a39c418c8152b692b0681bd36d880c2e3ec4","5bd5182825cad2b96c2265cd290aed9ff0dcad43cb6296759f48820c9db01665","2026-09-23"
"10_S老师IP资产\_asset_notes\D_Evan_video\zhuyiming\output\ip_v6_work\frames_in_25\01017.asset.md","asset-note","aff1a49c0892f0fe116a931b8272154cd984015683981a98c69c90adb504d621","e06ec1584b440c55ec0a23709244ab824c18b48b17a09271a9d06eb53cced502","2026-09-23"
"10_S老师IP资产\_asset_notes\D_Evan_video\zhuyiming\output\ip_v6_work\frames_in_25\01018.asset.md","asset-note","2aedfa52e793e5c3ede833d3a47c202faa93ee4f02666137351985e048b28279","b3a92b6250db4ae5eecfc27be9bf88f587634ee5bb7174b2185bbc5b5594b897","2026-09-23"
"10_S老师IP资产\_asset_notes\D_Evan_video\zhuyiming\output\ip_v6_work\frames_in_25\01019.asset.md","asset-note","acd033692ba19c9b044703a2643744574aec01e57d9089a6eb3a278ca34c551f","85499627c542e40f08200d6af7a7cc14a5b7a0f011d04bf639657c9509fa6ed5","2026-09-23"
"10_S老师IP资产\_asset_notes\D_Evan_video\zhuyiming\output\ip_v6_work\frames_in_25\01020.asset.md","asset-note","24020d9a200741a8a7dd48d38c817cf7407adf5c18fd8ca155f7cbbc7c4cee07","876d430815c738cb678cd25bc7e21cefe446f8182fe03a3ad5ef84aa49057622","2026-09-23"
"10_S老师IP资产\_asset_notes\D_Evan_video\zhuyiming\output\ip_v6_work\frames_in_25\01021.asset.md","asset-note","927e5421bcd93d240e7469c10dd38cd30cfd69ed99fdae1bdbfb39d935ab9021","f7e8623c18f365b32bc4211fc0af8c8d3c62c23db121d8770402bcf156f01a6d","2026-09-23"
"10_S老师IP资产\_asset_notes\D_Evan_video\zhuyiming\output\ip_v6_work\frames_in_25\01022.asset.md","asset-note","dcc310d22fba77acbfc11d80a6cf9cea97cafb0d633208be6d5115f182e53102","f1e19bdd05cd77440bfc195f42fe30b17b2b1b892d4b228c4a05b93eb17a2a2a","2026-09-23"
"10_S老师IP资产\_asset_notes\D_Evan_video\zhuyiming\output\ip_v6_work\frames_in_25\01023.asset.md","asset-note","65ddcb420d692ef850976f173cbb8d0b7eb27113c7d661bf68ac668c947127f6","000c42c2edd3008a6758a4b64bab3d321e1de3077d020d5738f2935b5d873cc1","2026-09-23"
"10_S老师IP资产\_asset_notes\D_Evan_video\zhuyiming\output\ip_v6_work\frames_in_25\01024.asset.md","asset-note","2bfdd3df624ddbb15a86e3dbf7dc986b9db2e7368d8a23c9f82db3bb68af4ee5","b62f1fd085c1d78cb9a99fcb625580de32ff22e909e91db80d868647ffb96a31","2026-09-23"
"10_S老师IP资产\_asset_notes\D_Evan_video\zhuyiming\output\ip_v6_work\frames_in_25\01025.asset.md","asset-note","e12b159b72d1a016692fdd8abdecf7343a30436184093ac8c6398d6bdb6d786b","2741ec89e3d96b1a15f94d9849faf39ed58376f85dad17a43395995cf2a49a20","2026-09-23"
"10_S老师IP资产\_asset_notes\D_Evan_video\zhuyiming\output\ip_v6_work\frames_in_25\01026.asset.md","asset-note","e36b64934d3a53a3957861b9d7b214448bdd4f916389c05edc460def2224deff","741a0e376efd1aca932e9788c7f5ef62ea34027cb9914cea5756960f67f4923a","2026-09-23"
"10_S老师IP资产\_asset_notes\D_Evan_video\zhuyiming\output\ip_v6_work\frames_in_25\01027.asset.md","asset-note","01d312543b57054c9aec8b392a34b3760bf5573ab33106dfe194383c48ce243a","5aaeadd546f0c914bd0709bb73f2cce2d10d1d9a4715b7619b6ba3c60b0555ff","2026-09-23"
"10_S老师IP资产\_asset_notes\D_Evan_video\zhuyiming\output\ip_v6_work\frames_in_25\01028.asset.md","asset-note","3280b147563c276c3beec5f688b906dca583b570a463c4b8b54b0bc72ad5cad5","0bb33b73e38c1dc3cf85d20c5b31622760c6c0a7d398a366cf0c4907fca97143","2026-09-23"
"10_S老师IP资产\_asset_notes\D_Evan_video\zhuyiming\output\ip_v6_work\frames_in_25\01029.asset.md","asset-note","770eb0830f6ea2c50305510dc4a7ff8226c422cbdbfc12ed67d9037e73b872be","e2b6cf636f68fab461f42dfb8cb969f5cf00857930689b4e5fc93fbafe4748b4","2026-09-23"
"10_S老师IP资产\_asset_notes\D_Evan_video\zhuyiming\output\ip_v6_work\frames_in_25\01030.asset.md","asset-note","65d95cb04edc3ff55c7517f74ef7f4e5039ecace85974d0f46c931b4fd686224","8e5e1e5371dfe528a9da0b0a363c4aa745ede5b9d8808ad01da1ac60af4c627d","2026-09-23"
"10_S老师IP资产\_asset_notes\D_Evan_video\zhuyiming\output\ip_v6_work\frames_in_25\01031.asset.md","asset-note","48fe5cbc4c237476cc71c0105315d762097dc8cbdaeef2d4497b5d6d314eeaf2","bc8bec3937513789d41288b42441878c6e48380e4f682a21d3ee919407bd1eae","2026-09-23"
"10_S老师IP资产\_asset_notes\D_Evan_video\zhuyiming\output\ip_v6_work\frames_in_25\01032.asset.md","asset-note","434094fbe972965d9eac54e64a7b4c791b40c52fc496117f23be6fd2aec99db8","e70b44383a592283bf9555f80cf9bc1f422bac7ef540cfa07472efe0d06daded","2026-09-23"
"10_S老师IP资产\_asset_notes\D_Evan_video\zhuyiming\output\ip_v6_work\frames_in_25\01033.asset.md","asset-note","a93a68bc8ee9eb06c7eee2cb81ce4f38cacda830def36dad84286166411ee3de","b0d77e53a39547b26da9e22f56350c355ae28092dd2b197bfa2f97303980dd7c","2026-09-23"
"10_S老师IP资产\_asset_notes\D_Evan_video\zhuyiming\output\ip_v6_work\frames_in_25\01034.asset.md","asset-note","713416902611bd3dfef1bfff3edaccc2ebf4358091870f7583a5ede4a19cba46","ab81abb0dc9edbe2739d0837c2b994f76fce960eb2815c68e5535eb99eb2f900","2026-09-23"
"10_S老师IP资产\_asset_notes\D_Evan_video\zhuyiming\output\ip_v6_work\frames_in_25\01035.asset.md","asset-note","a17a6e557e9ee62aaac5cec5f9030f9169ae130c6ac4f75a3316dc69e8dc4081","59f42972c8eb8a2b1d8169cef9790e4a6c1809d37a65fda4a5122f55d6ee6bdb","2026-09-23"
"10_S老师IP资产\_asset_notes\D_Evan_video\zhuyiming\output\ip_v6_work\frames_in_25\01036.asset.md","asset-note","deb022895f8e782d9ff2cdc1c99ca44055ba2fa194f7675fb9b912bdd756fa3f","5a0509211b5377785a8053c698ce9a52754eaf44b9e58a74f18ab7e59821a654","2026-09-23"
"10_S老师IP资产\_asset_notes\D_Evan_video\zhuyiming\output\ip_v6_work\frames_in_25\01037.asset.md","asset-note","1161e2151b2d54ff060b411ce7c98b2d279d81ba16f8715f07a1d8741fa18658","15231847aafa37907ca957ebd1358034dea788dcbcd6a9873edc19c524a18ddf","2026-09-23"
"10_S老师IP资产\_asset_notes\D_Evan_video\zhuyiming\output\ip_v6_work\frames_in_25\01038.asset.md","asset-note","d2b0ee5a3ef2d5f6ce02903c1a49a1c18fc87345aef8881f7fcdfdefce8afe55","cadbc88ebaf4ee7c5ecf54ce943a17ba65d29f8be130fabe9a1eeef9dea2e14b","2026-09-23"
"10_S老师IP资产\_asset_notes\D_Evan_video\zhuyiming\output\ip_v6_work\frames_in_25\01039.asset.md","asset-note","2d8cf414a93f502985c79a202e9ae86d3f81c0bad96c1385296bfa7d2dd62446","c006a0d58e1296b38010f63c447ee88cf0ed6ed55e17acea369f746dd785a591","2026-09-23"
"10_S老师IP资产\_asset_notes\D_Evan_video\zhuyiming\output\ip_v6_work\frames_in_25\01040.asset.md","asset-note","b0989ccfba171bdea3ac873455a916530189ac0735ef3b56891974f46267d1ad","3f1d1d55ee9276f4428fcfe312ecc99ef7e9bb539a872541949472bb33d0bb63","2026-09-23"
"10_S老师IP资产\_asset_notes\D_Evan_video\zhuyiming\output\ip_v6_work\frames_in_25\01041.asset.md","asset-note","21999f137b7cc4ab43b4bb9a54a27213d2d34984ccf42b51d69abecf07748fcb","2a9a21dc5dc6db7a3187d82d063d7aff45fde00127c84e3ed23d3dca7541fc0c","2026-09-23"
"10_S老师IP资产\_asset_notes\D_Evan_video\zhuyiming\output\ip_v6_work\frames_in_25\01042.asset.md","asset-note","87b07566470c364d7943d6ea609a6c4a70ba78af08f8bb19d4e8cdc046cc7a4a","5553d5868ba52a3eda26d67ea6100dd5a4ad8be58e78979f9af4d2d3a535e294","2026-09-23"
"10_S老师IP资产\_asset_notes\D_Evan_video\zhuyiming\output\ip_v6_work\frames_in_25\01043.asset.md","asset-note","5027f4f3bcd31feae4c6452b1217fa81b3b32a27d4ad86efa9c5ca5b4d614a80","b9e895ea7ae5e83fe239fd8d13fd6e5ae7481a91fc51800db3537395923d1f1b","2026-09-23"
"10_S老师IP资产\_asset_notes\D_Evan_video\zhuyiming\output\ip_v6_work\frames_in_25\01044.asset.md","asset-note","ff94cd891ef8269df32c1d2903a2833845b88b5b2f04ee9caf9584d5108b9789","a8edf3b6071db31dbdd63428dcb3fd698029e95cfc13e9d44b6a1aea0f602dcb","2026-09-23"
"10_S老师IP资产\_asset_notes\D_Evan_video\zhuyiming\output\ip_v6_work\frames_in_25\01045.asset.md","asset-note","3bf8c8769e75a0543f4dbe3b2268ba9049e42fa793fd17b640d61d7ed222000a","3fb6165cf41761215540b210c2a4fef4ff83651dfa8da596825aea6c4383adf3","2026-09-23"
"10_S老师IP资产\_asset_notes\D_Evan_video\zhuyiming\output\ip_v6_work\frames_in_25\01046.asset.md","asset-note","e612d59e559fa99cb980d4d33687184262af5437d312496affef4566bb18cd41","fe905de26698639ca39528cebf93ef8ba2d2ddcbb7dbb00f53354d957440972b","2026-09-23"
"10_S老师IP资产\_asset_notes\D_Evan_video\zhuyiming\output\ip_v6_work\frames_in_25\01047.asset.md","asset-note","1005fe4575dcc5e7882dbe25568953b61fe75d188e903c6c61f0c149dfb751a5","15ac37b37b8421382615836b2dd033f06ee65c2626af01d8df5192d3a9a25872","2026-09-23"
"10_S老师IP资产\_asset_notes\D_Evan_video\zhuyiming\output\ip_v6_work\frames_in_25\01048.asset.md","asset-note","7986d55a5cf430d0a1bbdbe2aa1e322b4075b42f0d403c5f454d0d2f085c7423","08b49f9de90162a74a68171079b03e1be787e2af90c826038b1bce27a1a3f274","2026-09-23"
"10_S老师IP资产\_asset_notes\D_Evan_video\zhuyiming\output\ip_v6_work\frames_in_25\01049.asset.md","asset-note","2ec47a905ca215e7e4cef101e1252715b5052a417e70414bd7fa82162bf2a7ab","41bc53ddf1799fed6d29243077f4b7ee16918cab715c9414535d96dc24e5d7bf","2026-09-23"
"10_S老师IP资产\_asset_notes\D_Evan_video\zhuyiming\output\ip_v6_work\frames_in_25\01050.asset.md","asset-note","4dce9c2763efc2fce19744e225e1ee589b38b31c6c1701f830926d0d4fcd1215","ad2be694f40d630b24f7f05fa6e4e04c3679d0c359de398e9e40b70e3449233d","2026-09-23"
"10_S老师IP资产\_asset_notes\D_Evan_video\zhuyiming\output\ip_v6_work\frames_in_25\01051.asset.md","asset-note","87b477a658fe3ed046dbce963ebfb6d2035eb2d84a788ac4a6f681cfd960a382","035fd9678ac464f9201c92c87a19490986f97b98ffa92b07267697a45e8f1a2a","2026-09-23"
"10_S老师IP资产\_asset_notes\D_Evan_video\zhuyiming\output\ip_v6_work\frames_in_25\01052.asset.md","asset-note","0c5a3091f63454a1a1c5f92bdadc5e82af7c2732412f7dcfeb1a62b4e0e59ffe","059c3989c98d70532130f03a003d6c00bb3c24cd04641987a71e86dc7f22b4cd","2026-09-23"
"10_S老师IP资产\_asset_notes\D_Evan_video\zhuyiming\output\ip_v6_work\frames_in_25\01053.asset.md","asset-note","e7544623510faad40617df0f1f15bb03028cde162bc5bae3f606291da293c9e6","a04a96ef2e155b809b40060ff1e2c2d3ed10a0268e071a35255fcd6f62971b7b","2026-09-23"
"10_S老师IP资产\_asset_notes\D_Evan_video\zhuyiming\output\ip_v6_work\frames_in_25\01054.asset.md","asset-note","d48d87a8d47719b0d6838762e847d16b8a6e5f49c8a1db1aaf4839da5d7335bf","2da6d5492f10030a75c089c3906dd10c25e812efab767a6712cedac57880ee27","2026-09-23"
"10_S老师IP资产\_asset_notes\D_Evan_video\zhuyiming\output\ip_v6_work\frames_in_25\01055.asset.md","asset-note","c358a02f865603e402c757c9ee4a911a29697935a2bb423d63f9088fa0a16e56","e0d8e349fb58b84fa0a234c7fef20a5d2246d1572fab4e5ee85968650b4d7069","2026-09-23"
"10_S老师IP资产\_asset_notes\D_Evan_video\zhuyiming\output\ip_v6_work\frames_in_25\01056.asset.md","asset-note","327b72ae7a015f2760faef4a4b86c2ed658fb3e4f31733ce9abcaa900d3c4c44","c0bcb7a348156e236c01471d81d8427682ef95c079b66a825d9e708c81a74396","2026-09-23"
"10_S老师IP资产\_asset_notes\D_Evan_video\zhuyiming\output\ip_v6_work\frames_in_25\01057.asset.md","asset-note","521ad980c883b34e233ef32e132b4a73fea0dbc8bf80419ae5006067394f9242","5618157ce4be343e1a6c6e8d8b945f4f8a27062610f1a32e28e25d50358b923d","2026-09-23"
"10_S老师IP资产\_asset_notes\D_Evan_video\zhuyiming\output\ip_v6_work\frames_in_25\01058.asset.md","asset-note","256f50e8c440b3e962bce3241242a2eab562f0a6733fb05a51e1593cd478b72e","28f7c4f33743ae67d8826af4e4c2a0752f5f6e56a486f9f3c660df211beed316","2026-09-23"
"10_S老师IP资产\_asset_notes\D_Evan_video\zhuyiming\output\ip_v6_work\frames_in_25\01059.asset.md","asset-note","95ff7da88808cac0983916066698f06532099d4eb379915ea75d8fc521c0701d","1b8436245bbd81ec27b89120c0fbd55bae5230a365b19e79ccdadede3e501ff8","2026-09-23"
"10_S老师IP资产\_asset_notes\D_Evan_video\zhuyiming\output\ip_v6_work\frames_in_25\01060.asset.md","asset-note","8329c0e73024523913f25efed59f47c12fc8c21fd374ed75b1377b6a91ea9150","e60427af3a3dd2fa9c1370ee332936667dfe55c1871d674788ecbfb0176478a3","2026-09-23"
"10_S老师IP资产\_asset_notes\D_Evan_video\zhuyiming\output\ip_v6_work\frames_in_25\01061.asset.md","asset-note","056a37a9b3afbbe44ae86036ae47489e9441111b39de5be6a19608cc84561fb0","4a63ad4fded9293a0dc797438b6562519012540868bf53239aa3fc6b5260d234","2026-09-23"
"10_S老师IP资产\_asset_notes\D_Evan_video\zhuyiming\output\ip_v6_work\frames_in_25\01062.asset.md","asset-note","7a553e3d2bf45d44dc2f8d4f4bee08ab9abc82cdf6c0add2966e86d70e8f6c03","2467a713dfb1d55b8666615e663abe6793846f7c777bfc1757d5b938ad205e4e","2026-09-23"
"10_S老师IP资产\_asset_notes\D_Evan_video\zhuyiming\output\ip_v6_work\frames_in_25\01063.asset.md","asset-note","e959b932eaad767f315fb70ab8876cbd6148dbed2b59e0c06f8a12b75452aa12","8c1e649dfeb64f4f3de32bf17da0fa5414692072e0f49d69aed295cd196284f3","2026-09-23"
"10_S老师IP资产\_asset_notes\D_Evan_video\zhuyiming\output\ip_v6_work\frames_in_25\01064.asset.md","asset-note","a8084598613707842db56567aca4a2b24666e2f0baa50d78640dc7d7fe28c37c","8573fe10032677585318c8f342fadfa4b785d9b3f8b8002efe3e27321ecca279","2026-09-23"
"10_S老师IP资产\_asset_notes\D_Evan_video\zhuyiming\output\ip_v6_work\frames_in_25\01065.asset.md","asset-note","a7208a67e98a928f3496ed46bd3a2b694b3ab38821f6aa08a248b9b33bf19480","99c73ce57ce0e2f5e02bbd3a327b478e0cc7868898fae83359b64e88f4f48a58","2026-09-23"
"10_S老师IP资产\_asset_notes\D_Evan_video\zhuyiming\output\ip_v6_work\frames_in_25\01066.asset.md","asset-note","646057827f503427afd70a59277999153dc71d36d9923693bf9dae1188afdabd","94708139299dc72627d71ded6dcf6389efcce707ffc2d8cf9c4499a67d072bf3","2026-09-23"
"10_S老师IP资产\_asset_notes\D_Evan_video\zhuyiming\output\ip_v6_work\frames_in_25\01067.asset.md","asset-note","2cecb5fbf02fc8e7a6c2140ae98675f067bbf884957b68160d5e408f9421ef5c","2dc850d97d221de4010dc259e1c80b9efbb6623fca0815d935508a1d87f27cb5","2026-09-23"
"10_S老师IP资产\_asset_notes\D_Evan_video\zhuyiming\output\ip_v6_work\frames_in_25\01068.asset.md","asset-note","e65c628622f7f1b127e8bf36b935ca6fb673d925367922ab90e4829f6ddc65a0","bb3edc7f046c94e03de6c6452f79aa6d3ada7b4932089ad8c24b8b9f457c91f4","2026-09-23"
"10_S老师IP资产\_asset_notes\D_Evan_video\zhuyiming\output\ip_v6_work\frames_in_25\01069.asset.md","asset-note","c17e03c1a4580e47aba191056d263635b5ccb61d5bbfe88d7964609ffffc2dbb","bfdf968a718b4864d6430d43f1593a5311ac89301e4a4adc68fa89d471b91fd1","2026-09-23"
"10_S老师IP资产\_asset_notes\D_Evan_video\zhuyiming\output\ip_v6_work\frames_in_25\01070.asset.md","asset-note","9fc43b69c95c29211e4c628071d695bf57491d5b87c9ad2bc1676dec2492c573","922f594832feb8635bbbfdca13552bdd2ffcf2969f4b3fb11dfdf8b466043064","2026-09-23"
"10_S老师IP资产\_asset_notes\D_Evan_video\zhuyiming\output\ip_v6_work\frames_in_25\01071.asset.md","asset-note","5e80091482e3ce49adc4426c4217863ecb7d7c609c8759b017342cadb20f9db9","15c298dacba347da965d143ca7c525534ff1ef303f7dd6d93922e3331a7ebdc1","2026-09-23"
"10_S老师IP资产\_asset_notes\D_Evan_video\zhuyiming\output\ip_v6_work\frames_in_25\01072.asset.md","asset-note","576968f15d82830c356949430fda2923f766a4a1a4e394fee3ed411993ec42f1","0fe119f02bf18304fa3dc8200bce0501582a0cae0605b826dfc51e38e9b41287","2026-09-23"
"10_S老师IP资产\_asset_notes\D_Evan_video\zhuyiming\output\ip_v6_work\frames_in_25\01073.asset.md","asset-note","e5f5dd085bc35a89f74be4f6d81a1a7b303597b4de1c6306622fc8954b6a2ebb","e23ba177e683c40dbf4c83c072adad979616135cfd111565d06bf84818968488","2026-09-23"
"10_S老师IP资产\_asset_notes\D_Evan_video\zhuyiming\output\ip_v6_work\frames_in_25\01074.asset.md","asset-note","1a77a6a568cfb56e3f996c429263e93e5471eaeb7c4b22b38a5f61a9f16edc9e","98c7ea939c166fd9a8212fd40876f791f91bbe20d11e9bca546e6c848b90e52f","2026-09-23"
"10_S老师IP资产\_asset_notes\D_Evan_video\zhuyiming\output\ip_v6_work\frames_in_25\01075.asset.md","asset-note","4a10e328ae7b4643a0e7478daa6fe8792e05cab269bec8f61ad4e442df34f45b","828cf4dd724768262d349f865407b32cf1479e5f0886fa60e643107960a0659b","2026-09-23"
"10_S老师IP资产\_asset_notes\D_Evan_video\zhuyiming\output\ip_v6_work\frames_in_25\01076.asset.md","asset-note","9c50bf59ce6844f46946522a95189072b964e16ae64101c358b2b3941b03d412","7708b04afb9377675941a7903133104230c31fe083bd7725202db889f19a3718","2026-09-23"
"10_S老师IP资产\_asset_notes\D_Evan_video\zhuyiming\output\ip_v6_work\frames_in_25\01077.asset.md","asset-note","2089125575f18862e85090dd5a9b4a7098fe89b5c4dca978d653a58fd0e7e597","0425f6d633c116c958efad6d3d4e2a3da46ac0b7dff8e5644d7879bd7aa1ca58","2026-09-23"
"10_S老师IP资产\_asset_notes\D_Evan_video\zhuyiming\output\ip_v6_work\frames_in_25\01078.asset.md","asset-note","c2ceaadcd88c55c6fe3e3ff473d5904c4a70f5d792fbb81bdcec6eaaf877d8bb","beb2dd76d3a13c1490e65354ebe3e4247c2feb242bd9d64dc38f00cf95cc27cf","2026-09-23"
"10_S老师IP资产\_asset_notes\D_Evan_video\zhuyiming\output\ip_v6_work\frames_in_25\01079.asset.md","asset-note","ab0ddd1844b08ffad4573ec36750ff078191633d01265f29ed266ca4c6c3e8d5","de376a09a0ef9e88e7f5aaa004648f03d1748a3c728b9c5b0711d4913173ec55","2026-09-23"
"10_S老师IP资产\_asset_notes\D_Evan_video\zhuyiming\output\ip_v6_work\frames_in_25\01080.asset.md","asset-note","ee08fe5f48ff4b257d43f681e1d5afdbb8aaa392a64ad81da013899453531f3c","45cb5ee8d63d6fbdccb76c6018f5e1a03cf43901c284869f086f6b9ae7c854d1","2026-09-23"
"10_S老师IP资产\_asset_notes\D_Evan_video\zhuyiming\output\ip_v6_work\frames_in_25\01081.asset.md","asset-note","04a36770ef44523f98d3f4a3359e1678f7f4507c0bebf25ea8dd0b89444fae9e","36f03b9ef219aaef6a25eeb659475c86f9b47b8280d74657a841cd11663fcb64","2026-09-23"
"10_S老师IP资产\_asset_notes\D_Evan_video\zhuyiming\output\ip_v6_work\frames_in_25\01082.asset.md","asset-note","696cfd0174ade71bc5400928e9369dd46f06ba5d305b7562766c0176c7700832","7e654c93560cc6b110937679f2c526f2bf75d4863b1e957ef4b546082751bbe2","2026-09-23"
"10_S老师IP资产\_asset_notes\D_Evan_video\zhuyiming\output\ip_v6_work\frames_in_25\01083.asset.md","asset-note","9dd4595cf6842aa21b6330ebf69a258dc8ba8bb214af8c2a18306af414223341","7159f4129074c3de26e624bdc88f6f75ac8b2f79ba107d3923305a6e81c8f52a","2026-09-23"
"10_S老师IP资产\_asset_notes\D_Evan_video\zhuyiming\output\ip_v6_work\frames_in_25\01084.asset.md","asset-note","f3dbb3331d86363f00376688f1f8153b6358a6a9e4e4f2a5864e1862d9296e9e","61c642e98743ba08fd9056a8ed7cb465ac0ff43172a350a2cf1bf42019ac7a71","2026-09-23"
"10_S老师IP资产\_asset_notes\D_Evan_video\zhuyiming\output\ip_v6_work\frames_in_25\01085.asset.md","asset-note","745d3b3aa209959ed4186ae4944f99d2d3becbae77cd83502716cf88434ca534","bef4836d738577369cb2e36f1e4bbf8dc4c9585c00707c26ca1dac40297bb540","2026-09-23"
"10_S老师IP资产\_asset_notes\D_Evan_video\zhuyiming\output\ip_v6_work\frames_in_25\01086.asset.md","asset-note","38077b6ca44705b27f6408ca8de9c3d8ae17bd13d64530b9a5c305cc58971e3d","27ff9335ea8081d2555b78315861c1899dcd5409a54d0bbabb119b745696c99c","2026-09-23"
"10_S老师IP资产\_asset_notes\D_Evan_video\zhuyiming\output\ip_v6_work\frames_in_25\01087.asset.md","asset-note","3b0f7a20f8b49a120f9934bd941dd7a02d4487b6396af5abc1d0b1a4f1d883e6","4fc988ae37c7baf2b156c846d0319469f8c2a1d28930946de7480a837a975576","2026-09-23"
"10_S老师IP资产\_asset_notes\D_Evan_video\zhuyiming\output\ip_v6_work\frames_in_25\01088.asset.md","asset-note","ff308485c18c17b3a798ba6dfc01a43c2b068562dceb1bb1f5aba4bb995be63b","5caf9fa6d986803acae83202134272a357fa94892b1d84b980c53654f062e304","2026-09-23"
"10_S老师IP资产\_asset_notes\D_Evan_video\zhuyiming\output\ip_v6_work\frames_in_25\01089.asset.md","asset-note","490a284d241de1d956db8b5320283fd9d90d8ec0685dd6279806da9f546227dc","d2dbe8e1577b1e47c0e58b950502dc3c79db3a37286c51a94aaab02e0f984d86","2026-09-23"
"10_S老师IP资产\_asset_notes\D_Evan_video\zhuyiming\output\ip_v6_work\frames_in_25\01090.asset.md","asset-note","7d16d1001a4bb65693492357702124c294a6ebd30919bf38451a2de72a2332d3","2770b24f3a450fa4150daca764135a8a6a347a6233b7c5df8f97f8bd734dc51e","2026-09-23"
"10_S老师IP资产\_asset_notes\D_Evan_video\zhuyiming\output\ip_v6_work\frames_in_25\01091.asset.md","asset-note","f77d042219e8b873803456a10bd17c7c314d8ec32694fa6ac37ab00d9f78a525","8cee2678b6e6bbf49a838dfd3b9a6fb4db924ab7213a1838fe20ed2496b4870d","2026-09-23"
"10_S老师IP资产\_asset_notes\D_Evan_video\zhuyiming\output\ip_v6_work\frames_in_25\01092.asset.md","asset-note","c7eb91f906384331c67bc4232a4036fd1c5f2b7104d3bd449556545f36f81b58","711010375b3c96d91225d6faeaa6de302a91da9a5c13b6c152cee6d2c7bc1ddc","2026-09-23"
"10_S老师IP资产\_asset_notes\D_Evan_video\zhuyiming\output\ip_v6_work\frames_in_25\01093.asset.md","asset-note","d0e7ab6351eac3df177ad1dbc88e1ec5765b7fc58aafc3bfafa70014c1d9bc0a","ca68b840022d58da389526c9b8b1701519f8a979d8b6bc20a188c8ffb8f08313","2026-09-23"
"10_S老师IP资产\_asset_notes\D_Evan_video\zhuyiming\output\ip_v6_work\frames_in_25\01094.asset.md","asset-note","465e4ac17610c945f66102368f35aac10716bfd5009dc9084e2e3bc0f922a5a1","057c6c05eb2bf5b24c8f9e5f82713e560f712bb6f08f395fe43dcdd48d857db6","2026-09-23"
"10_S老师IP资产\_asset_notes\D_Evan_video\zhuyiming\output\ip_v6_work\frames_in_25\01095.asset.md","asset-note","7340d348bbcbd91d06527d759f26b3a5e4cf1cc11a136c225270e999b619c5bd","f98686ce1b949734280db06e740adec6a373dad3cac4cb32c054ad34b47e491d","2026-09-23"
"10_S老师IP资产\_asset_notes\D_Evan_video\zhuyiming\output\ip_v6_work\frames_in_25\01096.asset.md","asset-note","65b86a05a7647d2411d776f0368e4f1d6719f6b8b735f9cdfeccf2b55c7d816c","6160e7a8e942a6b7b5f097a65c90e986e7ab6a5800077c76775c9930e4b47390","2026-09-23"
"10_S老师IP资产\_asset_notes\D_Evan_video\zhuyiming\output\ip_v6_work\frames_in_25\01097.asset.md","asset-note","a4a9e69b75b0cec39ff9a0562e32e44877953ecd1b80e991f0f7e94c4177b308","3f414d8c38a50fd5bbc6a333b239cd11defc0fb25495e3dedadd804fb51abe7e","2026-09-23"
"10_S老师IP资产\_asset_notes\D_Evan_video\zhuyiming\output\ip_v6_work\frames_in_25\01098.asset.md","asset-note","6c1f4f5f4004b2974307195c1bae1ef6b763b1b2c8bf14b7ec0b3bf10b970493","c5277540ffe6ebd21b5e8462095b9feb6d2335b284b5e939b85f1479cec16cb2","2026-09-23"
"10_S老师IP资产\_asset_notes\D_Evan_video\zhuyiming\output\ip_v6_work\frames_in_25\01099.asset.md","asset-note","5b091cad9efccf1129db961ce33bbbe198b02e5b864063e2b9fe454b806d31ec","fe424bca33fc3127dbede7b83adab14f573b740adbe1e38cbbcf8aba36451ffb","2026-09-23"
"10_S老师IP资产\_asset_notes\D_Evan_video\zhuyiming\output\ip_v6_work\frames_in_25\01100.asset.md","asset-note","527ca02f246d65b83d711f5e0a9cabc815add93e90757b27342c50a94e70cb64","ef1a1676e617ae63a1d42b9c0deeff5971f27427febd3f455fb9b27db2aaf42b","2026-09-23"
"10_S老师IP资产\_asset_notes\D_Evan_video\zhuyiming\output\ip_v6_work\frames_in_25\01101.asset.md","asset-note","10582ab02b8293a6bd284f545190b4a659d3badce3356ad7677854896cf682ee","c1dd44253f9801f693b23a6a0dc3c76c00b887141494b22196d591d0066cd1f7","2026-09-23"
"10_S老师IP资产\_asset_notes\D_Evan_video\zhuyiming\output\ip_v6_work\frames_in_25\01102.asset.md","asset-note","0a9789070cf7497bd46c034c82c69a541c9a3b0b5d1c52d9a321aad44686a980","e16d182b59248271be2baac36c247c41b080400f7d477e5c4f97f8443b3aa01f","2026-09-23"
"10_S老师IP资产\_asset_notes\D_Evan_video\zhuyiming\output\ip_v6_work\frames_in_25\01103.asset.md","asset-note","9533f21afcd061612f7e4ac19bd3c31b89e049ff22bc3cac3f62179ac219ff11","2e6e4078f2bca92de31cb7065b3fb5ce05771718376b635d24164449bd898058","2026-09-23"
"10_S老师IP资产\_asset_notes\D_Evan_video\zhuyiming\output\ip_v6_work\frames_in_25\01104.asset.md","asset-note","2b458a67f3f5df3b553b2c770f6e44c02df4f0eb1ce2797d4ac7c3408eed7b49","2411d0a0fdb5aaa7b07d1c8fbbeaa98e1f182f42d02e8bbbefe3ede1bd0c003a","2026-09-23"
"10_S老师IP资产\_asset_notes\D_Evan_video\zhuyiming\output\ip_v6_work\frames_in_25\01105.asset.md","asset-note","755f21d3e045c92adb54f056c3a2b9d9d419dcc5f10e54369a0e95a6c4798301","2df807dbaa885c8fba13ac7b0ad06926dc8a7427e177214f78664618fd77f757","2026-09-23"
"10_S老师IP资产\_asset_notes\D_Evan_video\zhuyiming\output\ip_v6_work\frames_in_25\01106.asset.md","asset-note","292a4b0495aa11a9b0243b7a61569c432189ded7bd14980ab69e1386ad7642ff","394f7bac12c7f70982fffb484d531203477cb1b01f054f1d642afdd6beebf4cf","2026-09-23"
"10_S老师IP资产\_asset_notes\D_Evan_video\zhuyiming\output\ip_v6_work\frames_in_25\01107.asset.md","asset-note","e27097425489cbaa76c91ebba5c62e374729d76ac4f6fb314af94c905d4a56ec","146fd20643bccfc21d666f5ce019ab825f8caa07338fb60d915d3bbfdcff7223","2026-09-23"
"10_S老师IP资产\_asset_notes\D_Evan_video\zhuyiming\output\ip_v6_work\frames_in_25\01108.asset.md","asset-note","bb6487df0e1bb36c29c0d7338fd9bc61857eb4405a56e8e6557d54b6e0118a93","d5391959e16a1a3e60525dcf4651b75693a8acdd3b74b5ecccc4e9084032afb1","2026-09-23"
"10_S老师IP资产\_asset_notes\D_Evan_video\zhuyiming\output\ip_v6_work\frames_in_25\01109.asset.md","asset-note","10a4a74a59c63e045b5fda72589f830979ac21bb2432f3969d44838bb3aa94ff","d9d5b3506c53f1f1fdb037be48ed8cba0f920170dff984cf036d25025d027054","2026-09-23"
"10_S老师IP资产\_asset_notes\D_Evan_video\zhuyiming\output\ip_v6_work\frames_in_25\01110.asset.md","asset-note","a53b197fe45f1a362b8c4a786862ba48a8e1625eea3d04eb13aec418f2dc5859","811106e1e18b1b545c69c469a77432d07ae48c391b619568f289d9b07a77b242","2026-09-23"
"10_S老师IP资产\_asset_notes\D_Evan_video\zhuyiming\output\ip_v6_work\frames_in_25\01111.asset.md","asset-note","99529ea9bcb2c5cf7419b5a3c5531ef049b68b4420fff200efebaf71fb1a59eb","be34b68443849d7ec390868585a3e7851005cfd0283b3d10d6f746a979d9f2a5","2026-09-23"
"10_S老师IP资产\_asset_notes\D_Evan_video\zhuyiming\output\ip_v6_work\frames_in_25\01112.asset.md","asset-note","3f1807b8444b07a84fb0867f6fcd9d94d8de9ffd85440c1ef1a6613d675ad652","1fc020419c6c5fee7fef8806c78e38acd23050fb6a9dd5e04e154a2dd6fe57a9","2026-09-23"
"10_S老师IP资产\_asset_notes\D_Evan_video\zhuyiming\output\ip_v6_work\frames_in_25\01113.asset.md","asset-note","76e9daa5874fcf4009b365fd36388e0ae671c37784aab53323449a9d278ee2aa","d9a297f8d2652d16ea8c6d90c859d9dd5e567051be3697c0d47306706bb7b42a","2026-09-23"
"10_S老师IP资产\_asset_notes\D_Evan_video\zhuyiming\output\ip_v6_work\frames_in_25\01114.asset.md","asset-note","24ae2800ea38cea2cacd95c6f537a0b2fba8b67d2ffa1f3550519beb36a28607","f9882821df90f8bda2f6fb8c824229c4313cbe2f68f60b13475c5cb08ffd71a0","2026-09-23"
"10_S老师IP资产\_asset_notes\D_Evan_video\zhuyiming\output\ip_v6_work\frames_in_25\01115.asset.md","asset-note","035a4c2bd9560805781193a134cf4cc6be00b5ceb5ccfaee8e4bfb79c6c5f817","4c47b81f3fad9834d478848f71450756ba6d7ab2893fa9699166338d964872ff","2026-09-23"
"10_S老师IP资产\_asset_notes\D_Evan_video\zhuyiming\output\ip_v6_work\frames_in_25\01116.asset.md","asset-note","bb0e5bd5e9983f1e39772f085d7ed05af2499e79f89b0411069e83d42679403c","1edcdb054e4105cf00119e693be87253317d354c6ecfb1b8cc2946fd222c9024","2026-09-23"
"10_S老师IP资产\_asset_notes\D_Evan_video\zhuyiming\output\ip_v6_work\frames_in_25\01117.asset.md","asset-note","33a59d302ba245d27aa428cd3dae775e4f2a5bdaa8fe9a7a3c3626fef5d865ad","b291e6b0c11c5ce645a862c3168339b032e6f07aa6a789cd797770d4a814118a","2026-09-23"
"10_S老师IP资产\_asset_notes\D_Evan_video\zhuyiming\output\ip_v6_work\frames_in_25\01118.asset.md","asset-note","c1c74981455ed80b7f907ede55717c87e92a51d8761a12d6122076c499829eea","c91fe33cfa2d26e2bce59cee14c6dbb8e63734aa7bccc7656b244bdf54d4f9d7","2026-09-23"
"10_S老师IP资产\_asset_notes\D_Evan_video\zhuyiming\output\ip_v6_work\frames_in_25\01119.asset.md","asset-note","03aa8f5444b62a3d5f37eebab418f2cd1d74e71d62611b45a7efbaf984d7d860","48f5b4990135e626d07cc53c239bb71a9fdb348a08188335b859590fad29cb1b","2026-09-23"
"10_S老师IP资产\_asset_notes\D_Evan_video\zhuyiming\output\ip_v6_work\frames_in_25\01120.asset.md","asset-note","d5bcfbdc0aff4ea48f87d7bf272949612956b059b5e9cac87cad8346d1c3057f","389cf82e8bb36ee180f5f38cc8bab0f6ea2c6092ecff88d5129b050bc25b568b","2026-09-23"
"10_S老师IP资产\_asset_notes\D_Evan_video\zhuyiming\output\ip_v6_work\frames_in_25\01121.asset.md","asset-note","a3612973b7942f249fed83f6a9ae93b9984afb80712749e026fac46b13cc039f","5a820c133ce5dabfae5f99bd1c1cfe377f649d9291c42e670a56fc3429aeed6b","2026-09-23"
"10_S老师IP资产\_asset_notes\D_Evan_video\zhuyiming\output\ip_v6_work\frames_in_25\01122.asset.md","asset-note","d42291656558140e4e39774297bf42a9b196feabc94de83dd7f727b19dee0e85","88e8a349439aee8c8fd0404d055df7000dc9ec14ea559e81e6f30fb8b09153cb","2026-09-23"
"10_S老师IP资产\_asset_notes\D_Evan_video\zhuyiming\output\ip_v6_work\frames_in_25\01123.asset.md","asset-note","2ab7b61cc1d342ea88e7e615fa45f148c8113e7daabaae0821356672d76fde86","c5652c08c1872aee63246290afab0e185db848d42096e3840e957716b157ef25","2026-09-23"
"10_S老师IP资产\_asset_notes\D_Evan_video\zhuyiming\output\ip_v6_work\frames_in_25\01124.asset.md","asset-note","7488b7c4c83394341099d3b4ad4b0f3cd5fa9fd904c678db9a501fd6104db7b6","5f53198cb774b109b58aa5c53fc8e77c9add56524f1f030dc7a375edd98239f3","2026-09-23"
"10_S老师IP资产\_asset_notes\D_Evan_video\zhuyiming\output\ip_v6_work\frames_in_25\01125.asset.md","asset-note","18155b005a7b28c67ffef9b4e0bdf1bf1491d4b230da7f6071c64471cb93f71a","c4e5ef40217086e239cfddabc0ff081035e4cbba2d2b95ee1db11529cc8d6f6c","2026-09-23"
"10_S老师IP资产\_asset_notes\D_Evan_video\zhuyiming\output\ip_v6_work\frames_in_25\01126.asset.md","asset-note","710f72e2dee05fb94db9394bc6173c3b209e3baa66f116d9f03cf35b81b2562c","54935d1e57250ae7f83f10f0d79a285eb8db1ec368c655033c1b311518c2a20f","2026-09-23"
"10_S老师IP资产\_asset_notes\D_Evan_video\zhuyiming\output\ip_v6_work\frames_in_25\01127.asset.md","asset-note","19f23d6cafdd3344816cda2f070ac7c5580d26bf0d4ebe15dbb788d6a6dbe156","e1ae1ce94d5f45df87dde82d6718d05630c05efa23b5793e54e9abbf166c5e2a","2026-09-23"
"10_S老师IP资产\_asset_notes\D_Evan_video\zhuyiming\output\ip_v6_work\frames_in_25\01128.asset.md","asset-note","e7d6780d0bf64c881f007dc8dea2e7e01f34fba8535045e0338c32f9ae6f425b","f141cbde58656aded2fc18f90377c5c3c4b86f4b2dbfae4d73606152af3000c3","2026-09-23"
"10_S老师IP资产\_asset_notes\D_Evan_video\zhuyiming\output\ip_v6_work\frames_in_25\01129.asset.md","asset-note","ab5456fc5be9c2f19be10fb8da04f8695b64302cd988e3ae1f28f1d7d81595bf","aac2f280882476c85635b1b3e06a8a7b720ba0a14e091c18000891d5f1c7f156","2026-09-23"
"10_S老师IP资产\_asset_notes\D_Evan_video\zhuyiming\output\ip_v6_work\frames_in_25\01130.asset.md","asset-note","9483f0ea4cc775d0a3f7a36bdc9c92358c021f4b814d369d96b7d40f741adb51","1d259a68daf327d59ad821618eb8704bc95a2d1fb5e9f648b67ce96695384bd5","2026-09-23"
"10_S老师IP资产\_asset_notes\D_Evan_video\zhuyiming\output\ip_v6_work\frames_in_25\01131.asset.md","asset-note","748cd18afc9e38395a8badcb66c6a0609cc44182d877ebc5e0074a6471a426f4","2ea3036a3d8ee4c8b5092637be2bd89ecc7495e03717ce58d6e81bf6a173b7eb","2026-09-23"
"10_S老师IP资产\_asset_notes\D_Evan_video\zhuyiming\output\ip_v6_work\frames_in_25\01132.asset.md","asset-note","ef4df92aef3752ff49be2fcfa08b7782e5f1ba5319a7f88f0ce9de2fe85423fb","d2e63ea55caaed6020be2c77cfbc026766416e5e36bfe0cfa389ad1ee2637816","2026-09-23"
"10_S老师IP资产\_asset_notes\D_Evan_video\zhuyiming\output\ip_v6_work\frames_in_25\01133.asset.md","asset-note","734953c0e1712ae467b592bf3a9125af6ec5760af19c7f28a82a3a26e5fad191","4fe7594e2bcb763afa1d55b71ed87ed9fb70a8625ce94c2bf2d56032f927285f","2026-09-23"
"10_S老师IP资产\_asset_notes\D_Evan_video\zhuyiming\output\ip_v6_work\frames_in_25\01134.asset.md","asset-note","4275a4347afcaf48b8b3a6a58469b10dcad90f283d531b4ffa1a1f6ea3025c7f","ac6856d668c5925f16fb4dda49ce5d9905a6313c10f727bcfb8bb565f7d0b0f9","2026-09-23"
"10_S老师IP资产\_asset_notes\D_Evan_video\zhuyiming\output\ip_v6_work\frames_in_25\01135.asset.md","asset-note","6a6493986f2b801813b4772bb363b52746a9decb12df4f7c2e612cdabb118ddd","e4d2638e65c522089314f332243c23dace0e8d454f4aa91b28c3c8b4c4242678","2026-09-23"
"10_S老师IP资产\_asset_notes\D_Evan_video\zhuyiming\output\ip_v6_work\frames_in_25\01136.asset.md","asset-note","394e7f2b7ed52746a42b2c434fdb7c3f6c637786b3aa23324cc9c24d0c467a79","b51e6e0b5d92ed4dd127c616bb556812367745c9f9c829a611f412c86f721d23","2026-09-23"
"10_S老师IP资产\_asset_notes\D_Evan_video\zhuyiming\output\ip_v6_work\frames_in_25\01137.asset.md","asset-note","d9ecc5cf8f5074ca7d8653d06e1bd0f2d23ea85f43cd7ed02b21f8dcc9e0a052","ff98a95eca60f8aded856c0d7368660b50e981b85ecc14545084e64d475e17c4","2026-09-23"
"10_S老师IP资产\_asset_notes\D_Evan_video\zhuyiming\output\ip_v6_work\frames_in_25\01138.asset.md","asset-note","dce2e2f3bfc5fac870ca7e96dc1aee5624cc7db3ca66adc3d38a6676b593ad41","bdc32d20112c8bc89fefbba2c213956c4edc6c2790482e56e4f51bf90983d7cf","2026-09-23"
"10_S老师IP资产\_asset_notes\D_Evan_video\zhuyiming\output\ip_v6_work\frames_in_25\01139.asset.md","asset-note","ccd5a97c97cc663056b90927057579263455bd4b426089369c91c4d2174ab63b","0482e54318ea75454f8c558e855fc5eb2d6e1f45276cba0d7c9222a81652041a","2026-09-23"
"10_S老师IP资产\_asset_notes\D_Evan_video\zhuyiming\output\ip_v6_work\frames_in_25\01140.asset.md","asset-note","ae2fa151a2a31d8deaf51509eb42078034ccb0b6fd0ad866e7669366fca7dac4","7506974b642cd6451e85a07aa2e5534ae14f8e7065c0d3206e6f2519ac0db3e3","2026-09-23"
"10_S老师IP资产\_asset_notes\D_Evan_video\zhuyiming\output\ip_v6_work\frames_in_25\01141.asset.md","asset-note","1175bf2fb40f63a08b5c71dc2205d74c87e1ce900903e64981eb35a4c9ecb4df","d8eb99e5c4c547abe3d22a51e084dd6e81a5420778578d45ec0b806eeff2c036","2026-09-23"
"10_S老师IP资产\_asset_notes\D_Evan_video\zhuyiming\output\ip_v6_work\frames_in_25\01142.asset.md","asset-note","e5f6b76b66115c340a990e8ded28440d7e776df2fe063d44299273c27d0594b3","4c4e37af7dd00ed9a6fb3dd5f772a0ba7435e094139010cedc14045f4b41f310","2026-09-23"
"10_S老师IP资产\_asset_notes\D_Evan_video\zhuyiming\output\ip_v6_work\frames_in_25\01143.asset.md","asset-note","e74b891813a6aa692d56096560609b9b6f38151d577ec9fbfc06b3e2ecd0c01b","23dd9b477685c74eab86969933a91f04f2179dc3481a196b9fafc157bcb556c4","2026-09-23"
"10_S老师IP资产\_asset_notes\D_Evan_video\zhuyiming\output\ip_v6_work\frames_in_25\01144.asset.md","asset-note","943428f7d6a4ff08562b980069f193bd117dbf384fbf2c850740c35a53712e66","0b5224f6f6c725435f21c822faf6fc134e75b830f65090d8aa0c694782ce7d5d","2026-09-23"
"10_S老师IP资产\_asset_notes\D_Evan_video\zhuyiming\output\ip_v6_work\frames_in_25\01145.asset.md","asset-note","2865fb4ef88bda0f7b8108ca462bf33e5c5dd0238e991845d3df008bf702ec9c","a3350fcd18a5dfb97f8f348f8843384a242902dc0d6ea4507711cfc65436007a","2026-09-23"
"10_S老师IP资产\_asset_notes\D_Evan_video\zhuyiming\output\ip_v6_work\frames_in_25\01146.asset.md","asset-note","5e631bc88d7ca3941ea4ee14a9b76199638eee29457b9b2e46fee3d06f4a3f70","b605fdc0e001793a0b5f8da7f0d1f5fd26e7ef0fc0dbf94ce825a65b4844e06e","2026-09-23"
"10_S老师IP资产\_asset_notes\D_Evan_video\zhuyiming\output\ip_v6_work\frames_in_25\01147.asset.md","asset-note","ee74ac9fd32fec5f1a52bc2de8253a8446eef35918d7055eb85eca37421d3740","452d611d033514268a747a7cd661512cc67e041946dc9dbc7db6e002c7e94654","2026-09-23"
"10_S老师IP资产\_asset_notes\D_Evan_video\zhuyiming\output\ip_v6_work\frames_in_25\01148.asset.md","asset-note","946819276f3993fcd522c3ea858e0e5da363a7f8c0630f5abe231d34374141db","efe895f821f40c993cdcb0bf2d2576bfc5debfc74f83c29a14809cdaf77a31c0","2026-09-23"
"10_S老师IP资产\_asset_notes\D_Evan_video\zhuyiming\output\ip_v6_work\frames_in_25\01149.asset.md","asset-note","1792186e26b465d84e1bf4ae7b221b2999888306d898e2bf13617196d224eac0","9918f84708226c83f92a8662092b9a3240a422e94b738cfd96390c20d6c0992f","2026-09-23"
"10_S老师IP资产\_asset_notes\D_Evan_video\zhuyiming\output\ip_v6_work\frames_in_25\01150.asset.md","asset-note","6f2178298c3f6d1c99a4b716ef1f9a7794ce17b77e8683ca2bb9f7678cb611c0","ac60a6dca07ac66ae3df625d548a67cfcfa8aa71014677fa1aadc4c86fa672bf","2026-09-23"
"10_S老师IP资产\_asset_notes\D_Evan_video\zhuyiming\output\ip_v6_work\frames_in_25\01151.asset.md","asset-note","669ba1a380dc25cd3cc352666b46adbbdfac9951ab05fcc82252a1a223c92e72","91c9274e166ec96882d3fa63023aae97c9fcc4ab33a9b79c57faa16b42c7c8d4","2026-09-23"
"10_S老师IP资产\_asset_notes\D_Evan_video\zhuyiming\output\ip_v6_work\frames_in_25\01152.asset.md","asset-note","85be636842d10a817d99490bc694e089f6a86b9c501e55822eb566ca9382bc73","bdc80c36aac3ff181168a599319892a585e80ea2e21abc90c836b3ce87dca2ba","2026-09-23"
"10_S老师IP资产\_asset_notes\D_Evan_video\zhuyiming\output\ip_v6_work\frames_in_25\01153.asset.md","asset-note","0b96d6f2bb5ec9a3d16e9536c015d74d67c4010ea85872251c850f42dbc61f9f","550cd9834875a9c4b2820fcfe603a24879f58fb2ef46bb0d73a10cc2c0f6580c","2026-09-23"
"10_S老师IP资产\_asset_notes\D_Evan_video\zhuyiming\output\ip_v6_work\frames_in_25\01154.asset.md","asset-note","a5d92cdf4b890a24a28fab47d4d811cf9a18ceade6ebc5864fe33558c02210b2","4e8ed3b0a92b6ac868be76141f33de032a684e5b41aae40fe8e32383a483d891","2026-09-23"
"10_S老师IP资产\_asset_notes\D_Evan_video\zhuyiming\output\ip_v6_work\frames_in_25\01155.asset.md","asset-note","0b85e17848ccf907e3329375a9fdb1e47a7be0bcc0aafe0d4f8eb682691abf29","fda281d8f16e4f445ac7ee6a0ec9e4a8a4eee967b089913478d7b9ca71a9b4a6","2026-09-23"
"10_S老师IP资产\_asset_notes\D_Evan_video\zhuyiming\output\ip_v6_work\frames_in_25\01156.asset.md","asset-note","a3bbe50db1528ef9afad51cfee5bc10362e93c6ecf16046710f22b89b2401e4c","732bac88a2a59ae7df3ed46869572580f283af70fff253d0ff49eaa14987e993","2026-09-23"
"10_S老师IP资产\_asset_notes\D_Evan_video\zhuyiming\output\ip_v6_work\frames_in_25\01157.asset.md","asset-note","167df57ee6b77037351fc9493f051a70a38fa3044423ec0bebf6f65621c33659","f932ff28b666ec87400a1063cbd797a4607a00bad53ec36a467312b31be8a9a9","2026-09-23"
"10_S老师IP资产\_asset_notes\D_Evan_video\zhuyiming\output\ip_v6_work\frames_in_25\01158.asset.md","asset-note","48b6830a528a5237390a2d13d15ad2f9d900986200dfb27f83e5f2f5db55e795","8c7cfabc71df2b8a00f931cabbf7bbf60d55898da037895bbf3087b444bd3579","2026-09-23"
"10_S老师IP资产\_asset_notes\D_Evan_video\zhuyiming\output\ip_v6_work\frames_in_25\01159.asset.md","asset-note","87f21ef6dbd23b95a88096f2cf919d5fa47477a039f47ef0cf304aee71d5bd1e","58b07d28e099705faaa1fb5238b5328355125b89d6cf723304837c0755d356ce","2026-09-23"
"10_S老师IP资产\_asset_notes\D_Evan_video\zhuyiming\output\ip_v6_work\frames_in_25\01160.asset.md","asset-note","369b1e3c30d008c62911186dff67350fc8849c88ba10273820f24f0c1d0ba840","e3c2b870a314bfa6d00414fb57165c426989639129bb459498e00623e68a8d77","2026-09-23"
"10_S老师IP资产\_asset_notes\D_Evan_video\zhuyiming\output\ip_v6_work\frames_in_25\01161.asset.md","asset-note","dda250a128227272c8562661f408bc463b235b4d3b81b9e55ea4b2cf49145aa5","15f87417a4389949124901f114aecc73da4eb032bb220ee3141761257a8801ec","2026-09-23"
"10_S老师IP资产\_asset_notes\D_Evan_video\zhuyiming\output\ip_v6_work\frames_in_25\01162.asset.md","asset-note","6436115c6ccae13d055fbfbf21c7f607fea162204321cb9278bd1f49220d4e61","cf457a57ceb113a5eb18ae8f4de377c8ba25f0386f0ca575d29ed194cd6d60a5","2026-09-23"
"10_S老师IP资产\_asset_notes\D_Evan_video\zhuyiming\output\ip_v6_work\frames_in_25\01163.asset.md","asset-note","a6e33b92b7556b1c4d2b89c8a1d2b4a9407505f812f9a82f104c334faeb86c39","1e880a80ff2830f287f044e72d42d64b232a835ff20efeeb4500bdeb7f42edc6","2026-09-23"
"10_S老师IP资产\_asset_notes\D_Evan_video\zhuyiming\output\ip_v6_work\frames_in_25\01164.asset.md","asset-note","4fb72b32fc0f333e4650826604ac146d4187f5f026b756e177c12805a2c81c80","98420d6c1f6cf4d37bc2d4da7e5d6928759ab06d907e3949992c76b0c9a364e7","2026-09-23"
"10_S老师IP资产\_asset_notes\D_Evan_video\zhuyiming\output\ip_v6_work\frames_in_25\01165.asset.md","asset-note","63bbe8b6e2fb94992046e65c1539caf2d241768f436d3454da42ebf1d19ecf06","0037e2a1dd78b32ff1896ce2af15f721972ea49c6c21963e2ad8eaa8c5f5461c","2026-09-23"
"10_S老师IP资产\_asset_notes\D_Evan_video\zhuyiming\output\ip_v6_work\frames_in_25\01166.asset.md","asset-note","14e46af5d49d504a824fb1b361e429163955bae9590f2855267ba54ea789b4a4","88f9cc5103d5e4923325eb7781671cc34872cd82c54279baf9bb1463a7ace709","2026-09-23"
"10_S老师IP资产\_asset_notes\D_Evan_video\zhuyiming\output\ip_v6_work\host_circle_mask.asset.md","asset-note","9a2da6a4fc9db1f89df57ebf42b27fa27b473dfd12f8dc60e773c8706332e750","0ffad90767ee6d7bf3a558f2447b5e3f971418a13d08498e6cc8cf444c48aa44","2026-09-23"
"10_S老师IP资产\_asset_notes\D_Evan_video\zhuyiming\output\ip_v6_work\host_circle_ring.asset.md","asset-note","6f8647e3853f84e7525f852805b1f8892b1092d8b767943181835e2f893fb6ac","df62e1ab0f3fa6646ae643e8fefdf8d2b7ae06a331c2ab7260ceb15a06497243","2026-09-23"
"10_S老师IP资产\_asset_notes\D_Evan_video\zhuyiming\output\ip_v6_work\ip_frame_05_rembg_human.asset.md","asset-note","0f682b63f216dab5ad15bba21e24718ef9323a528ba3ec3666c4e368d511771c","058c1125afc3c4d16418ff272e968f44924521074bcb9bdfcb4895759a72c62b","2026-09-23"
"10_S老师IP资产\_asset_notes\D_Evan_video\zhuyiming\output\ip_v6_work\ip_frame_05.asset.md","asset-note","f818edb64f741048a0f04c38dd98badf05bd32df69d925fbbb4edfa26ed1c976","ae6dfab95a0e44a1c991df60e11e374a3a7d048b825205aef6d5b95062255a86","2026-09-23"
"10_S老师IP资产\_asset_notes\D_Evan_video\zhuyiming\output\ip_v6_work\key_test_0065.asset.md","asset-note","0360a59df47d28d11df8e6228919fa76860d852d0ff0ec00138c7719b133f814","8093fa17ad4769f9b8771ff66a29f283b6c9a3185aba9d80d18b77bb0ea01a9b","2026-09-23"
"10_S老师IP资产\_asset_notes\D_Evan_video\zhuyiming\output\ip_v6_work\key_test_0095.asset.md","asset-note","0ab2897ab6839e0999b9c2dad186d16f044ff7196ad8fec79969c07e5d848d46","188f7b9e5765f74895069e65957cd4827cd0642234348c54265184fdeabc864c","2026-09-23"
"10_S老师IP资产\_asset_notes\D_Evan_video\zhuyiming\output\ip_v6_work\test_circle_host.asset.md","asset-note","7f4b3f124a75dfa502023f748eb3bbce99a3384dd256bae214080ebb11944fd0","a0302004d24e359c2d9419d801b45ecee947a974f5a4bd700859fa885cf7ac96","2026-09-23"
"10_S老师IP资产\_asset_notes\D_Evan_video\zhuyiming\output\ip_v6_work\test_colorkey_003.asset.md","asset-note","0dbe37cd80732f1c47630ab52712fd3a6ad98fbb3e1c52230ff75bb19eea9589","3a447de9e11887a5630d1e11d80b0f4eb2ccb0c34822e5a51b621aedd4534eaf","2026-09-23"
"10_S老师IP资产\_asset_notes\D_Evan_video\zhuyiming\output\ip_v6_work\test_colorkey_0045.asset.md","asset-note","ffe5ed236044abe9f41d8bf0bf2143e9c60cb82875835e3433a01c806e42b7dd","0d3150309e6cd42850da40aaa754cd7ad8d6e7acbce5519f200faa1a5dfb65b3","2026-09-23"
"10_S老师IP资产\_asset_notes\D_Evan_video\zhuyiming\output\ip_v6_work\test_key_tight_0012.asset.md","asset-note","8f401d5b442bb99e1e0065c4f74439bbd5d9182666b81b76ccead1b92aae98d0","91a0c49483f634a3a296db83c9cbbdd0e116055995cb04be654a662dadbbb40d","2026-09-23"
"10_S老师IP资产\_asset_notes\D_Evan_video\zhuyiming\output\ip_v6_work\test_key_tight_0018.asset.md","asset-note","f1fffab59c4e2b30430254a5d55111ea6b54a6ccbef1022d460047cb20bc5329","5ce458f3bef9d6d32ef36a05a876fa73ca8a78dca32ce0e47bf554a07b263b66","2026-09-23"
"10_S老师IP资产\_asset_notes\D_Evan_video\zhuyiming\output\ip_v6_work\test_key_tight_panel.asset.md","asset-note","9d629cf1ec2380f03f901b7c3e638e7456ebd8d3187ac7b797a659136a9a6e7b","c4183e5d13a1ca5c0ddbe4e9658d6aacb360e7f803650ddbf27a00ee29b739db","2026-09-23"
"10_S老师IP资产\_asset_notes\D_Evan_video\zhuyiming\output\ip_v6_work\test_portrait_panel.asset.md","asset-note","13e8cdb3e4d6acd07db84601fccf26c9b7f7e3a826a4db3ecc35b50509213be1","3389fa819dda7c451a15ca80616ad4d22d8ec93047afbd6b79d63891be696b9f","2026-09-23"
"10_S老师IP资产\_asset_notes\D_Evan_video\zhuyiming\output\jianying_v2_no_host_preview\preview_sheet.asset.md","asset-note","f82beb33495a72734e5f2df908b691ab7adf53e2bca9adaa91d7529abc37a8ab","9d9e33e9c4c3ab4720673880f38c27915681e75880ca4afc61434df7d218d82d","2026-09-23"
"10_S老师IP资产\_asset_notes\D_Evan_video\zhuyiming\output\jianying_v2_review_frames\镜头01-可编辑视频段.asset.md","asset-note","f61361d02ad2d21cd9eee51d25d33fae7ea66202bdcb1a83a0b41508743a0965","55630394907e6d44d4322e2fe33c060ea7f278c771988e79acc875c27dc30bcd","2026-09-23"
"10_S老师IP资产\_asset_notes\D_Evan_video\zhuyiming\output\jianying_v2_review_frames\镜头02-可编辑视频段.asset.md","asset-note","a50efc26be5fd21f60336d907aea35fa957d899459aae251df9a2a52506d53cc","ccce9608d4ef9840802bd10f771efc7471c2586a380264d321337440711c8192","2026-09-23"
"10_S老师IP资产\_asset_notes\D_Evan_video\zhuyiming\output\jianying_v2_review_frames\镜头03-可编辑视频段.asset.md","asset-note","73de434e0416a0e80d0427a5f1fb041b8bd77c92a272c6b6a95a2e76d5f0f0a8","3ca8198940fce673e7564a1b8990af067d294f9efb101ace31a83c7a0254eba0","2026-09-23"
"10_S老师IP资产\_asset_notes\D_Evan_video\zhuyiming\output\jianying_v2_review_frames\镜头04-可编辑视频段.asset.md","asset-note","efd23977d894d254651d8d9ccff1fea8877a35db09de370e1b766ad3f89b7ed4","d1a6e1af76d5fc2dd56d192741a3a6c001d442f72c96ccb9255edabae22f77f4","2026-09-23"
"10_S老师IP资产\_asset_notes\D_Evan_video\zhuyiming\output\jianying_v2_review_frames\镜头05-可编辑视频段.asset.md","asset-note","296633e09693c21315e1f6b11cefa124bd62e1dc17e1af6c86d50b35fa6167a4","d729904e986a5eeb3f59ce1c660f6c7cfcf6d7aaf92065bf28adb1ee6f7a77ba","2026-09-23"
"10_S老师IP资产\_asset_notes\D_Evan_video\zhuyiming\output\jianying_v2_review_frames\镜头06-可编辑视频段.asset.md","asset-note","95e237596adf0e3559c1e6dc18ab888c3fb7ae84c0fe9ac8c38402d2f82e57c3","f95751c8810666fbaf6039c656539a3ce0559fdd15d8f39062b1cb05325d7a78","2026-09-23"
"10_S老师IP资产\_asset_notes\D_Evan_video\zhuyiming\output\jianying_v2_review_frames\镜头07-可编辑视频段.asset.md","asset-note","481d57b1d6759e5d5d9eadbba44cd3650c34863288c3d686185baedafb1b8782","d2c77299b502af7decf1f4f164cf048f19571efb56fea9a8e82f6bef3e372722","2026-09-23"
"10_S老师IP资产\_asset_notes\D_Evan_video\zhuyiming\output\jianying_v2_review_frames\镜头08-可编辑视频段.asset.md","asset-note","570c71eff8801368c3fc2924082703a1f5a72f3e4084fffa4455cd7143010622","77c37049d329a1c44c8b215ec901d5c8de17e1fa0ce6a9039a20de682d263474","2026-09-23"
"10_S老师IP资产\_asset_notes\D_Evan_video\zhuyiming\output\jianying_v2_review_frames\镜头09-可编辑视频段.asset.md","asset-note","6243142317b3e3d20d42d9d2dae783e0ddb24b23bdbea5962f152e666dc83a85","8b1a3248fa4e0f2c139ff89ce9e685d97897aaf48208f4da1fa1876beaf698f0","2026-09-23"
"10_S老师IP资产\_asset_notes\D_Evan_video\zhuyiming\output\jianying_v2_review_frames\镜头10-可编辑视频段.asset.md","asset-note","b836cd7ebf51a24a9233b1d090fb26c1dc6d1a7ef93d6033d6c75cd03fc6e33c","387b8187916192607bb70bfe5d09f51afbecd56db43a31d95552b365fb9bf8a1","2026-09-23"
"10_S老师IP资产\_asset_notes\D_Evan_video\zhuyiming\output\jianying_v2_review_frames\镜头11-可编辑视频段.asset.md","asset-note","ddf85d3068992e921a2963b71660b0d688bcd19501216bd90962a015adb533d3","8e4cb5e395f9e8b7f22b26b3c5a08670f1c6718c08e4ff496e8ff7846566a5a8","2026-09-23"
"10_S老师IP资产\_asset_notes\D_Evan_video\zhuyiming\output\jianying_v2_review_frames\镜头12-可编辑视频段.asset.md","asset-note","63fb5ff0c46aeac2bbde0c7ef0eacca928375bade2b3d17b6c0715219a4ca398","9f1c07d4b2447043756e5e0f35b067abc7ae3c1fe0c985c60f650f86bd1e0d75","2026-09-23"
"10_S老师IP资产\_asset_notes\D_Evan_video\zhuyiming\output\jianying_v2_review_frames\镜头13-可编辑视频段.asset.md","asset-note","f1d6e48caf044641111d6e3dd62b349b5659ff9a6f9020be1a7a127ef8ed9b87","b6e06834a0dedd829c89e125b5ef635c1c7970af2881062f4cecc79adc2488cd","2026-09-23"
"10_S老师IP资产\_asset_notes\D_Evan_video\zhuyiming\output\jianying_v2_review_frames\镜头14-可编辑视频段.asset.md","asset-note","b6530ce256cf06dbc5abd44c0084626fcef169840c65715769c57035922bbc3d","88fa05dc030642920c7b82ea0256373f9c6ee7276bb2f414260d308a0609a2b4","2026-09-23"
"10_S老师IP资产\_asset_notes\D_Evan_video\zhuyiming\output\jianying_v2_review_frames\镜头15-可编辑视频段.asset.md","asset-note","7d57854f49dc4396272b98b7351687d48b38aa44e44025d6ed8207392b9a3d78","d707176945b9b709fd51093fc326277f210f9e02dd2056dfe8f7141417d4d5ff","2026-09-23"
"10_S老师IP资产\_asset_notes\D_Evan_video\zhuyiming\output\jianying_v2_review_frames\镜头16-可编辑视频段.asset.md","asset-note","1c70c84caa08f2df60bf7bc7962a79129f38d8c2a07e693dcc6d7823bc80d2ed","aab70570aca8e94816918eb38ab2426195018a530e0d507251bfdf15be266201","2026-09-23"
"10_S老师IP资产\_asset_notes\D_Evan_video\zhuyiming\output\jianying_v2_review_seq\frame_01.asset.md","asset-note","1def0307d6269b6a584f45142a023931dfac68198aad0c8b1d8750974827fc70","c570ccd79e7de863fa16452c89fe194a27837560b582d1afcddb2b52c00e9bc7","2026-09-23"
"10_S老师IP资产\_asset_notes\D_Evan_video\zhuyiming\output\jianying_v2_review_seq\frame_02.asset.md","asset-note","4dadf66f576fd188223a337e5fcddd6fb1c9dd8742681f9ce839114766f895de","a3231af59dac71e9fa7cba76e908a9f40244d712a151dcc0ee9d135d8c262e40","2026-09-23"
"10_S老师IP资产\_asset_notes\D_Evan_video\zhuyiming\output\jianying_v2_review_seq\frame_03.asset.md","asset-note","a5972f19e56e1c94fb20de8ba52a9929df7f5b56c33ecce726b67c36a6fceb91","a41e94316ab9002c36e76608f17cb3cc5daaa49100de63d1816644b8300b0bdb","2026-09-23"
"10_S老师IP资产\_asset_notes\D_Evan_video\zhuyiming\output\jianying_v2_review_seq\frame_04.asset.md","asset-note","c94244ef76275062f38d06845dbd7b4133cbdca541865473aadd854e6b0174e6","a4462f83399185a5b17e5211e363eca70a43d74234d13d8c8f81c7bdc2cb8f90","2026-09-23"
"10_S老师IP资产\_asset_notes\D_Evan_video\zhuyiming\output\jianying_v2_review_seq\frame_05.asset.md","asset-note","14923157b93ebea31af1876f2ee3e149dab50f26073098b610d5963a81fc70c1","59b929822f5c7775b841f11b16176ae34ad98dd626d660317ebb09c0b1199c31","2026-09-23"
"10_S老师IP资产\_asset_notes\D_Evan_video\zhuyiming\output\jianying_v2_review_seq\frame_06.asset.md","asset-note","f9325b48be85ecc1c3013a2b1adc345ae0fab59633673a5219c286f211f9e834","c1744004a7c0c6e02f06c8db541acad13a9cc03578e442d4233b5060205aa10a","2026-09-23"
"10_S老师IP资产\_asset_notes\D_Evan_video\zhuyiming\output\jianying_v2_review_seq\frame_07.asset.md","asset-note","3c1707e4b01324d60acff8608055e8eb5007a9b434365b28e77c5257dc069c11","5e47951b39f70604a65ef480c2b9f480401030a9d7399efa005f63b7d2a75246","2026-09-23"
"10_S老师IP资产\_asset_notes\D_Evan_video\zhuyiming\output\jianying_v2_review_seq\frame_08.asset.md","asset-note","ba118305b574c1dfafa36f07a07e81137271477ae20ec7c7c24dfb92fd0780f7","03a27f65fadac516743b4cfb40277e41ec7d5ce5f6672b8982f817a8c30a4852","2026-09-23"
"10_S老师IP资产\_asset_notes\D_Evan_video\zhuyiming\output\jianying_v2_review_seq\frame_09.asset.md","asset-note","a98df7b570b3794b8043bb830d781f149458725bae265baa42ff5ae91ec3983d","2a566e8d161a99429ed1bd95c3744387ef47f6f3f9c1fa8156f59f6a237b6a61","2026-09-23"
"10_S老师IP资产\_asset_notes\D_Evan_video\zhuyiming\output\jianying_v2_review_seq\frame_10.asset.md","asset-note","0e59c02ffdccca0b55b69faa27361af03d8aca4854380b7cf9c8ff6ac3f4e3d6","f44fe3ee52aabe14b911c4e43a33ae7eed623b816b3e437d5bc8672a02aac60a","2026-09-23"
"10_S老师IP资产\_asset_notes\D_Evan_video\zhuyiming\output\jianying_v2_review_seq\frame_11.asset.md","asset-note","c6282e1bc1050461fc64f669bf0da3d3f8ab3baa54dc51f39e0f5618ac1f0148","b680e83229443e25eaa33ae10e5d5c138689eee9bea668780be14fa3effaa38d","2026-09-23"
"10_S老师IP资产\_asset_notes\D_Evan_video\zhuyiming\output\jianying_v2_review_seq\frame_12.asset.md","asset-note","0802073a617f3f92236c1a78410e2cd0bdea3dae4a5ffd1c961ef0b3dc78f562","9cccc338297ae76762339b77127fe3351cb498e3a6eb8cb0eca1f745aed88d45","2026-09-23"
"10_S老师IP资产\_asset_notes\D_Evan_video\zhuyiming\output\jianying_v2_review_seq\frame_13.asset.md","asset-note","54d7db225fc9f23842d35ec7c80477e5ef6dcb38481302491495db2538553693","7b8247d4ae0c417b4e7de7fc4dd23eda167e1521ed190c14be2afed628ebe43f","2026-09-23"
"10_S老师IP资产\_asset_notes\D_Evan_video\zhuyiming\output\jianying_v2_review_seq\frame_14.asset.md","asset-note","e18c7db11bd11a8e0b9a59d9d13fdfd2c989629d8870578ee2c548c70975272e","09a09b8afcae45405f3c77682ab0a8805e5aa59d23db4c0457bb39833670e93b","2026-09-23"
"10_S老师IP资产\_asset_notes\D_Evan_video\zhuyiming\output\jianying_v2_review_seq\frame_15.asset.md","asset-note","55002ab5c033ce5368bac40b422000e4471e9cdf012d4f309beec4f0dc2eeba8","2e0796ee9a5da0a1fc6c75380902897191af18b1cecbb95a35bef6296df7abc2","2026-09-23"
"10_S老师IP资产\_asset_notes\D_Evan_video\zhuyiming\output\jianying_v2_review_seq\frame_16.asset.md","asset-note","0d624f5be6b722d80ec0e86e9f2f8031ba9a777c417226d944e58ee0b23e56db","b1572f6274b21bb640346cce7a9dc1dcb921c816083f47d454784fb291a32166","2026-09-23"
"10_S老师IP资产\_asset_notes\D_Evan_video\zhuyiming\output\jianying_v2_review_sheet.asset.md","asset-note","ee92d41811789cd30c720fd177efde7b6bdad96db1fb9ddd85b644316fa1ccba","dbf192a28065990d885a7fc36fc17b6c0cc931325619aa2fd060270267eca88d","2026-09-23"
"10_S老师IP资产\_asset_notes\D_Evan_video\zhuyiming\output\source_contact_sheets\candidate_01.asset.md","asset-note","b0f19fb5a0964699b07f266338c7c9ae8eb2e43ee51c0cfa93cd980ff571442a","7cfc52203ec3e20db5efca9e188dc805b719d1830cb6b224d89b8f893f23a31c","2026-09-23"
"10_S老师IP资产\_asset_notes\D_Evan_video\zhuyiming\output\source_contact_sheets\candidate_02.asset.md","asset-note","e4c1389b978ee43378c27cd28e16a3e3191177b1be0bdf80aee615f00e09bbca","6ba049d90627893c216dd33d5fffc6c4ecb4920a79a5f1d6f7274ff2132468ab","2026-09-23"
"10_S老师IP资产\_asset_notes\D_Evan_video\zhuyiming\output\source_contact_sheets\candidate_03.asset.md","asset-note","ed56316ee1060d517f420d251bc77ee03b8a6e5a854aef8e81180dbf8405e98f","8322a9373337f6805c166e5faea5229ba984b349f60d09b94397b278dbd96bbc","2026-09-23"
"10_S老师IP资产\_asset_notes\D_Evan_video\zhuyiming\output\source_contact_sheets\candidate_04.asset.md","asset-note","ae3fe553a38a45a20d5f5042b6295d2146b47c1925f7bf75f1dcc357c1c8528f","2c3dbe8d8e26315e6e8f707f8a538519fa12ef42992c730e5fb1ebb6a21ce74a","2026-09-23"
"10_S老师IP资产\_asset_notes\D_Evan_video\zhuyiming\output\source_contact_sheets\candidate_05.asset.md","asset-note","8dbfb3c65d405cc795214422b587436e65068c4c354c6c174f7a54b150e0d766","b105bc7ae7dda83a224cbd3c34fdffd61ac69aecba31db8542efb5074064645d","2026-09-23"
"10_S老师IP资产\_asset_notes\D_Evan_video\zhuyiming\output\source_contact_sheets\candidate_06.asset.md","asset-note","730b8cbf9d55798366ecfc0afc1ff9e31687b365885a84aedec00ea7af3fd5db","d2df44994e51e9ee38aa0bb51d511af4e85938e8c61cc060348c31cbe1ebe469","2026-09-23"
"10_S老师IP资产\_asset_notes\D_Evan_video\zhuyiming\output\source_review_v2\restricted_ai_server.asset.md","asset-note","bd02e412e3bee79d9f0f09f7fca79d2638d84cf7862164a98fe90e2ff4df8de0","70c93722aa82ead83762ac1afdc8cab29996592167430934d526929a42a61c14","2026-09-23"
"10_S老师IP资产\_asset_notes\D_Evan_video\zhuyiming\output\source_review_v2\source_01.asset.md","asset-note","4eeb9a9cd1e7c76bfc3114739d57b1f072b133996afca5ed9c46d4b364a02b6a","cc85aad20537665aeea037a3521854afcd3697ab9ac8a5748d0cea0d9f16b649","2026-09-23"
"10_S老师IP资产\_asset_notes\D_Evan_video\zhuyiming\output\source_review_v2\source_02.asset.md","asset-note","48bab3b184993719de4d57be35d62cb5223dd87efb00ec12db3de3fafd728fed","4c25413539f49f9f6cf682a29edd21573c308b1866a27128eb891c83043b50a9","2026-09-23"
"10_S老师IP资产\_asset_notes\D_Evan_video\zhuyiming\output\source_review_v2\source_03.asset.md","asset-note","ccecc083a20e419581cc76427a30fee944948a61e1b8960e7fb4166d5325df70","d1bb8a5baf7a2fe1c07704f4d5cd7416538bd2cc2a6a568a310df423f37af16c","2026-09-23"
"10_S老师IP资产\_asset_notes\D_Evan_video\zhuyiming\output\source_review_v2\source_04.asset.md","asset-note","da5793f4717fad18badb122d80a9e6f4f9d14df347e70288298467fe923f029f","7c5a2d53344020564dae558dfda5cfb6b9b5a3895c684ea390cbc69eb85aa85b","2026-09-23"
"10_S老师IP资产\_asset_notes\D_Evan_video\zhuyiming\output\source_review_v2\source_05.asset.md","asset-note","48012a77df6dcb9b2162e8c25ebcf4655f1f459922aa7cc06210b66f52fd6106","bc64e6ed89e6f8f5265c78c23b5ea7edae0ff291a668b4b701523793107042b4","2026-09-23"
"10_S老师IP资产\_asset_notes\D_Evan_video\zhuyiming\output\source_review_v2\source_06.asset.md","asset-note","7911340823b1cbc935c013bf2df66da4d24b4706de510814e60b38d083d978f2","7204da723009398492bc194c63634627ed2e5a2b7a8c655a843e65e521314832","2026-09-23"
"10_S老师IP资产\_asset_notes\D_Evan_video\zhuyiming\output\source_review_v2\source_07.asset.md","asset-note","64a6612562d294c1cef63c1c4caba823884a172c1aced8367ae1cbca40d86c0d","2a4a2dcdc4a02c1ec21a045d264217cacc9c87ad79a916d34e0588e94399191c","2026-09-23"
"10_S老师IP资产\_asset_notes\D_Evan_video\zhuyiming\output\source_review_v2\source_08.asset.md","asset-note","98887272538906721542d2a54f64c84dcf2d73ef79db2c2170d8bfec1e3c4bd0","752065ba24c220f7a4eb0e050a516fee856ece1f288b77d6aefe16744ea139a3","2026-09-23"
"10_S老师IP资产\_asset_notes\D_Evan_video\zhuyiming\output\source_review_v2\source_09.asset.md","asset-note","53364d626b8f0bf2f320ce44a07949409f9eafef0f17a61f62b74f34dabde1e4","ae7e5e3856ce4dd724b5da95ac51e430a3912bbbdfdab0c472a1f8c38ee2e164","2026-09-23"
"10_S老师IP资产\_asset_notes\D_Evan_video\zhuyiming\output\source_review_v2\source_10.asset.md","asset-note","ccef63fcc5c9b3d7dc80f9f0ffa99d52d003841b850d144f24b772648e34b419","7c7fa2ed5e0167421f821e02669497c17112a97ca4946087c063f83bb09c6096","2026-09-23"
"10_S老师IP资产\_asset_notes\D_Evan_video\zhuyiming\output\subtitle_01.asset.md","asset-note","cee8854598906ed8a6766269185d7ed697e3bdf7718e87eeda9b62f826e5246e","bad1e0b62fe55b271b8aa7f1e37f117d20652ea64162f2f6fc47109a6f019675","2026-09-23"
"10_S老师IP资产\_asset_notes\D_Evan_video\zhuyiming\output\subtitle_02.asset.md","asset-note","766723cf95c8623829fb7c225eec961ab0e0f7bb7eab0d39b3a2c6c48d3c40f4","f9da83a0e4afd3fba90dd4cfbf38ffbd15bc13c896a18b086cddd6f069645551","2026-09-23"
"10_S老师IP资产\_asset_notes\D_Evan_video\zhuyiming\output\subtitle_03.asset.md","asset-note","0bfb7d5c329612f582a3b3754940afb2508da94d864b1c9f1d4a1f1c21377144","807e1bd0f9976d97990ba6f8e68f97eec99f606365eef4d511a4c68450edd8df","2026-09-23"
"10_S老师IP资产\_asset_notes\D_Evan_video\zhuyiming\output\subtitle_04.asset.md","asset-note","6594c1f653f4a83cee85fac941a557c096b9396f0403e33bafd0026fa7502fdc","ee1cc5e76979cbf13bac58c62a0e961c0e92eca19e9c6dedd36cf3166809fe45","2026-09-23"
"10_S老师IP资产\_asset_notes\D_Evan_video\zhuyiming\output\subtitle_05.asset.md","asset-note","50dd1fcfe77f65f387bebe9a39a7324abb137fe12b9c5b05686d39087aa5003e","f854a86114da068da125a9569a3a5b6eaf9d500f81592c88ff9a10d93c5f24e0","2026-09-23"
"10_S老师IP资产\_asset_notes\D_Evan_video\zhuyiming\output\subtitle_06.asset.md","asset-note","bbf1b387013ad2075b532b03d7d3c733c3a8c71798fc6d8bb20490898fb6c5b3","4a7b8ccfad95770988b482dcadea23efbc625a932a2aa4ce3eb3273af12d95e0","2026-09-23"
"10_S老师IP资产\_asset_notes\D_Evan_video\zhuyiming\output\subtitle_07.asset.md","asset-note","04cb0b20cae303137c59eb1c4a31d7118e16069326f747e9690fac24bf5cd0ca","8304ddd1e7e5919b69335509482e1a876d1f7dc94a826c4bcb7435ab28c7327a","2026-09-23"
"10_S老师IP资产\_asset_notes\D_Evan_video\zhuyiming\output\subtitle_08.asset.md","asset-note","7fafebd9df33118390482a442c1a9f88443e8953aff69b059c6f663fd87d7f0a","88c69e41d5950e62c1190b206c84638787634572f3365b4502ab852fca0c23b2","2026-09-23"
"20_投研方法论\_asset_notes\D_aigc\fed_rate_wolf_bak\00_script\generated_cards\sentence_ip_v1\021-因为任何让你-恐慌的宏观知-再打一个-纸老虎.asset.md","asset-note","18d9d59a9e94018772fd32fe78c46da7f9c6ead95a419fce8c3b228609fcbe9c","b1ca094ba7061754108daf8d13836789ccc80d94f45eccafa5d5e81962a6dad6","2026-09-23"
"20_投研方法论\_asset_notes\D_aigc\fed_rate_wolf_bak\00_script\generated_cards\sentence_ip_v1\024-因为你害怕流-害怕科技股杀-动性收紧-估值.asset.md","asset-note","9944576774885e8777d84b34c9e81edf5fa16b7b9ab269cc3718bf4ca571b4c0","c504c520e816b4b84c77d7f8ababeb94b9cfd749acfeefdc0b3eb3c85f47196f","2026-09-23"
"20_投研方法论\_asset_notes\D_aigc\fed_rate_wolf_bak\00_script\generated_cards\sentence_ip_v1\042-故事讲得天花-那些高风险-高估值-乱坠.asset.md","asset-note","c1bf216c6f6735b1168155edebb28d98992bcbf11c1d1b3df2fb38791c2dc928","f65704b4aa780d1076702067c34f9a49f5ca4a9d3a903b2703d52812c93316ce","2026-09-23"
"20_投研方法论\_asset_notes\D_aigc\fed_rate_wolf_bak\00_script\generated_cards\sentence_ip_v1\111-他是在拆掉之-前过度依赖流-动性而堆起来-的估值泡沫的.asset.md","asset-note","59b879e11001307d62bba8c766b67ff48e71dab94aaf6ec27e31642bf26eb318","2391321ce4e3ae66c00869c8807ed6d121713fd40bc26657330bfcdb53633141","2026-09-23"
"20_投研方法论\_asset_notes\D_aigc\fed_rate_wolf_bak\00_script\generated_cards\sentence_ip_v2\021-因为任何让你-恐慌的宏观知-再打一个-纸老虎.asset.md","asset-note","ba0a898b872fb49a23664c96a2cc99c8babf8610dbf9f5f138e052d67b727daa","94ff8253c823c52b6dc75543d9e1dffaa2ca1b89a78878fedbe5e7b58b3ce75b","2026-09-23"
"20_投研方法论\_asset_notes\D_aigc\fed_rate_wolf_bak\00_script\generated_cards\sentence_ip_v2\024-因为你害怕流-害怕科技股杀-动性收紧-估值.asset.md","asset-note","4674f4e8594d65a1e3b115fe0decffa57fc583fd06ff16fb385c16d0f8ee458d","6408d88d6d49028ec8db9745a88fb661a6ab3ad4a1bdf663669ee9674fac056f","2026-09-23"
"20_投研方法论\_asset_notes\D_Evan_Files\股票深度分析报告_优先级排名.asset.md","asset-note","e9efb6743ce7ebbd9f2189f7b37c9a7c70074f7f2dbc600f94aa5b3dd830beec","1fd6370ff19a32cd2605b7fb123174ba8f27a74cb322ba5234171e37ce5015c9","2026-09-23"
"20_投研方法论\_asset_notes\D_Evan_Files\files\黄埔22期高阶资产配置【S-demo】2026.05.05(1).asset.md","asset-note","d33c7589cc1f30409874b9a0b2b433988c655678c572e9675ddf0067edd18e16","4497c7e77b0968bcd759d027a3fd1c04af60c44a5370d02cbc77edffe44aa205","2026-09-23"
"20_投研方法论\_asset_notes\D_Evan_Files\files\S100-0419-2.asset.md","asset-note","15d2782c92026093e85aa539e5c9e8203bfed9c39c484d5b52e64e53ccabc479","7f25971a9666f50a044dd3bc09084668f392a96ac0c4fb66c26d797e6de4aacd","2026-09-23"
"20_投研方法论\_asset_notes\D_Evan_Files\files\S100-0419.asset.md","asset-note","dc3916e9b063972ebe555205f1ff176857402cc2118dbacac7810378a7a55037","efb1859ff2d8c87911056867aeeecd2c641dab9ab83bb1f0c9afe282e70ce2a2","2026-09-23"
"20_投研方法论\_asset_notes\D_Evan_Files\files\S100-0429.asset.md","asset-note","8364a60df28673350b8b18766bee4ad354d32578526ad9bd5498def5e1ad9962","9ab237e8edc478cb7446d6e1b19fcb16ea89f8582b586855e5629b82f1eee5a4","2026-09-23"
"20_投研方法论\_asset_notes\D_Evan_Files\S_demo\五张表\表4&5：流动资产配置&动态管理表-班级-学员名.asset.md","asset-note","4da36cd5b555ae78b3f38a1a8db44eef38775a6dba35b0a2bfd63adafca0dfc2","5c9c00ac5ed81f5ef70b3e27545c9dcc8c723e5aef0e4607fac437165d04ac03","2026-09-23"
"20_投研方法论\_asset_notes\Desktop\future\01_五层六维选股框架_V2.3_主框架.asset.md","asset-note","5b13b408329ad6c8a62eea231d7cfb8847f77b3247992bb1da80805dbc0c3922","3ac92fb86c60980376e3407f33260fe2d3291ded127f9925019390fe64e6438b","2026-09-23"
"20_投研方法论\_asset_notes\Desktop\future\01_五层六维选股框架_V2.3.1_利润池择优升级版.asset.md","asset-note","a189399a065861af0c047cc12e443bea56e47dce8484252babd874f355bf599e","464e3513e0aa36aac3658e951133dd819ecbb6a9e6c7d656e1b1129436d735da","2026-09-23"
"20_投研方法论\_asset_notes\Desktop\future\02_题材雷达_V1.0_短线叙事框架.asset.md","asset-note","f63c6fcf08ff5a0168646f98c13657195177e1e746423f1f933b9ed444b9fd1a","1d102c16b769ff459798fdc6b863fe78a4bc7a108ca1328a0c7d22e92982e3ee","2026-09-23"
"20_投研方法论\_asset_notes\Desktop\future\03_题材雷达_V1.1_点火扩散模型.asset.md","asset-note","72ea5b4f8fd6296294cadfa63f70968b216820b577deacfebbae5481f6b4a028","91be3d705f9a8ec70e47a33b5575629ff6e39ebf5539b3eadcc38791904a051c","2026-09-23"
"20_投研方法论\_asset_notes\Desktop\future\03_题材雷达_V1.2_总龙头模式增强版.asset.md","asset-note","c40281f10ca64fad052e31dac2d1c29730ae22b3c659844e801484448c9aec7c","0d430587319c09f2da3f0224686f03c8d65cff31c294e83350c6045b5662b643","2026-09-23"
"20_投研方法论\_asset_notes\Desktop\future\选股框架V2.0-LLM提示词.asset.md","asset-note","2fb5794fe532f6542e3ccada24d575e83eb84eb1f2908a5dd72ee8cc40172ad2","d2262382344a749c0be74cec34239b15241a2ae4993b46a534ad618c532570bb","2026-09-23"
"20_投研方法论\_asset_notes\Desktop\future\A股投研股票清单_补充12只.asset.md","asset-note","5ec016f23aa5fbd6e33d28e2a4c502503eae6a4ec47bf5190a07215f6be7d3ae","424dd17dcf884d228cd363de14a95beb1a59a91939e9103a8a72e56537ee6e47","2026-09-23"
"20_投研方法论\_asset_notes\Desktop\future\A股投研股票清单_五维分析.asset.md","asset-note","505cf05b76b884ab82167a7e0d11cb2f10d4bdd4318840b037cab9de46d34788","fb2efe214a7063786080e36c1d66055a0a7d754909eeda4f35b561bed6ca4c43","2026-09-23"
"20_投研方法论\宏观大盘情绪框架_V0.1.md","investment-framework","0c63f4a285f42c32bd8e32cd0da52de575162591115a6bf46f966957f73e729b","0a3e5c68bfd95b65b547b8aae06273381ac35500381e9a58f3ebaf4cdc266f1b","2026-09-23"
"20_投研方法论\宏观环境与A股情绪探测雷达_V0.2.md","investment-framework","8795ee109d270831512bc2967e0734959c10b098900134b0b7bf7a11487184e7","15eb8d650105097513b9e88f8cc9c609ed194255334143dc2d44ce35860b43e1","2026-09-23"
"20_投研方法论\资产配置实战决策框架_V0.1.md","investment-framework","b3b73b12d54ceecb77e47edf9ffef604b65beece3fa4e2d7e6dcd5889f2d0d42","9d8ad47018ba0d7a3ce2bd8c53a195ff18a0199bff6212f998e70fa714926bec","2026-09-23"
"30_产业研究库\_asset_notes\D_aigc\fed_rate_wolf_bak\00_script\generated_cards\sentence_ip_v1\180-国家已经把流-动性锁定在了-最硬核的科技-赛道上.asset.md","asset-note","1961b0582bf0895653b28cbcf73fc5df4f48d8b51f2cebe5a4efc57493ce913a","5cf8e0bacd432698e35d85edefb0ee6b83bddc8bedf3085f6ed953af0f9a3937","2026-09-23"
"30_产业研究库\_asset_notes\D_aigc\fed_rate_wolf_bak\00_script\generated_cards\sentence_ip_v2\189-国家已经把流-动性锁定在了-最硬核的科技-赛道上.asset.md","asset-note","e8c2b56a123b88a34e0c9c9ea602d419f7512e205fe473758c3b8733206cd7d6","1939cdaf34f79f7287179fe4ee54a4f1bb8a1aff0a99300991ea82a77fbcd5d4","2026-09-23"
"30_产业研究库\_asset_notes\D_aigc\S老师_芯片韬定律\01_storyboard\storyboard.asset.md","asset-note","64618614c2111ba35f43f0d7157612fcfcad4ad62ec93e3ed4d1eef00fa7b519","02b69066e0dc79680231df04223a89bdf2b98a7c53b08d93239dd6cdc607b627","2026-09-23"
"30_产业研究库\_asset_notes\D_aigc\S老师_芯片韬定律\04_license_log\asset_manifest.asset.md","asset-note","8b9489a7d7388f370a49d458f002b3fa4fbf304f3ac8ea71dc8cb2f5ee437072","ccdce2869272cc468dc43e1550ce71cd481e48777523d6f7e22c9c76317774ee","2026-09-23"
"30_产业研究库\_asset_notes\D_Evan_Files\devops\附件01-【提示词】-【AI芯片】-【寒武纪】【2.0】【S】2025.03.23.asset.md","asset-note","b53f99ac19b1aeee57753f474fde690f90290f4afb873ce44ccc9b87436a30f3","12b4a7e627ce6422c271b9e82cfad210b99c2c69985034ae406bb5b429be8a4e","2026-09-23"
"30_产业研究库\_asset_notes\D_Evan_Files\files\具身智能全产业链深度分析报告.asset.md","asset-note","0012ac9a210c9716216995140f7656bb219b75435e790eaedb106a9ee776b957","34c35193302f0f9d4ee0d1339a1ebf7b2a9ce60282e051bb3226bffeec43731c","2026-09-23"
"30_产业研究库\_asset_notes\D_Evan_Files\files\商业航天全产业链深度分析报告.asset.md","asset-note","42797ae976b1634ea8061c587c09ef4a72c081b75adc81752a020ff773264ef2","17c64a2453dd784c29e1a3d24cc19952b37fcbb9b8d695dcc03380a3b8fb9e57","2026-09-23"
"30_产业研究库\_asset_notes\D_Evan_Files\files\AI全产业链深度分析报告.asset.md","asset-note","7bab593e2d0b531aaf9df1d149b1046ab4c76713bbc2a221431250c9b7d83de0","5da1cda13840f156856eddaa0443c857154ad17a3e760abe6f0126afb8c4ecaf","2026-09-23"
"30_产业研究库\_asset_notes\D_Evan_Files\S_demo\company\股评-半导体设备【中微公司】【J+S】【Final版】2025.07.22.asset.md","asset-note","6df396e842fa9c1b96acb44191224cc85baec89e1daf661ae6d2658b64ff0de2","9d25ca07951c1e6eb83ca077c917bfd9afe7fb67eea5b62349002c99e3636bd5","2026-09-23"
"30_产业研究库\_asset_notes\D_Evan_Files\S_demo\company\文献-半导体设备【中微公司】2025.04.20.asset.md","asset-note","412f653137d2c487c2f014fce2179ee73e1039cfd9c82a21e4f3a47b5b48c3d6","67d110b7821e7cd07b19d558b4eafec8f9c2aaaa8b18591d059d27fa4d0c7cca","2026-09-23"
"30_产业研究库\_asset_notes\Desktop\2026.05.28-拍摄：【存储芯片】AI时代的“不动产” 【S】.asset.md","asset-note","f8d7dc7d93a62a93b5c3c4e43829aacd5a50c58953654c32eb0935f972486bcd","160bae22a0eef80e61f12929c779ecae48087b752bbe7c65902fd541a0c902f0","2026-09-23"
"30_产业研究库\历史与战略研究\辽沈战役初期人民解放军编制与主要领导_1948.md","knowledge-note","f1c18b95c5e7b3aa1bce27081743f1bb8325460ec17bf2bc23a4408d943dabda","cf15b7c9e55920f158ee7f72d3161e091b603f7eb58da46c5b3f40db71b207d7","2026-09-23"
"30_产业研究库\历史与战略研究\辽沈战役前夜五大战略集团编制图谱_1948.md","knowledge-note","0dd5b0d33af223077459c1dec1d31012dc0a5e0a79d2d4a9353db98b4be3d1bf","52e7383fdbadf52f7e38b881a3e8e5a3080c9fee3656a6e23436a5946942f83e","2026-09-23"
"30_产业研究库\美国CPI与FOMC加息概率核查_2026-09-11.md","knowledge-note","49da7968b3b7e012fba2d33ab93bf435dd93febfdc914a3a28b2f6b6eca0d944","663d7a4861f21df39cf8c718116dada257a5d2a8fd2dba5ee96d04ad3927c49d","2026-09-23"
"40_S5000AI产品库\_asset_notes\D_Evan_Files\files\S5000AI 价值成长投资的新范式 (1).asset.md","asset-note","9585968f7026d1a8e23112fb16745de9de6279522fde8b371f35ff09033e10c4","33596b11fc78d1cc1cd8c6eb65f60cd55d46eada063503fc215a044c0582ddb7","2026-09-23"
"40_S5000AI产品库\_asset_notes\D_Evan_Files\files\S5000AI 价值成长投资的新范式.asset.md","asset-note","7dcd3d09bd33a5e8aa4c97db1a2c77e0671522d3fe2017851c2d7848572515c3","a0247ffec7eab2eca895f1a0d9fdd41c80af90e49567300053c670bab1e65877","2026-09-23"
"40_S5000AI产品库\_asset_notes\Desktop\S5000AI 产品战略汇报 - 米红版.asset.md","asset-note","0cd4a1c79a16d1be949969890d4fc9922d70aebb08ea462ccf12875acb6de4ea","f2c716e89eaa6c4143edc9e68c0bf587dcb5ce5cf8c0283f3d9af11305b13ae7","2026-09-23"
"50_业务运营增长\_asset_notes\D_Evan_Files\黄埔22期4.30日汇总情况.asset.md","asset-note","e997aa28f553829f1340f1ecaf5ae1403cc6994132a7a16524564d33e6f87960","990134daa9ef4393dbdc1462d9f58b9d1bbf2a1ab402ed3c9c427aa04c0a21e4","2026-09-23"
"50_业务运营增长\_asset_notes\D_Evan_Files\黄埔22期第二次良率会议纪要-战前准备.asset.md","asset-note","744e08807a7227d233af5e7b9fd2c832860c55df3d5ab267cb63ef5029801b3d","79b2e6158377519e3892af8bb062da2e0491953a952eeba00e103fc514e69162","2026-09-23"
"50_业务运营增长\_asset_notes\D_Evan_Files\files\问题列表.asset.md","asset-note","a1901fc8741da76cc87b05bb052312e886cfc75bc178cc661ea54b332723debd","a5c50d6d61bee581801dafa4f410c368cce99a322463217bfa9a8b5a8dd9b96e","2026-09-23"
"50_业务运营增长\_asset_notes\D_Evan_Files\files\学员作业.asset.md","asset-note","3ad43179a27e74b59fa858455b71bb88fcf51e6eccd4692a370a7c5a68b9ec55","954429080625133fb0167435003ad8feabaea8ec383db318e62fa08b979e1115","2026-09-23"
"50_业务运营增长\_asset_notes\D_Evan_Files\files\S的宝藏世界【答疑直通车】.asset.md","asset-note","e163bde5fcd2c7072ffa49e61641a8f36b4e7215fb006d2cee27ca41afad572c","30821b023c15a42ba4a701f40c02858f3a12e392e25f782042ee39f0bf5e29ba","2026-09-23"
"50_业务运营增长\_asset_notes\D_Evan_Files\kd_demo\tools\04-实操落地规划2.0-2024-11-22 215054-本金盘点表-班级-学员名称2024.10.17.asset.md","asset-note","b2b062c3e4ed2a266176722a63882526b660260c7cb9026fc002745d929be578","59e30a8a3249a1060041d07448621c83ca08d86b978db842f5eb004fb2272613","2026-09-23"
"50_业务运营增长\_asset_notes\D_Evan_Files\kd_demo\tools\04-实操落地规划2.0-2024-11-22 215054-财务规划表-班级-学员名称2021.02.19.asset.md","asset-note","e957d52710a3af38b0b5752e68492a41e141b4bded758c9ef2ead5aed811db64","4531b3ee0ba7efd7646f177b9ccb883c5cc4155f78db979cd0c1826daa639e49","2026-09-23"
"50_业务运营增长\_asset_notes\D_Evan_Files\kd_demo\tools\04-实操落地规划2.0-2024-11-22 215054四大水桶表-班级-学员名称2024.10.17.asset.md","asset-note","2344645a87724393ed1aed70f04f5f6fc637121c1728c2407f98878cd4f24f9b","944788e96174bf354564b34a647a8ea10deedf9a820729e34d4c0a8460d06485","2026-09-23"
"50_业务运营增长\_asset_notes\D_Evan_Files\S_demo\表1：本金盘点表-班级-学员A-2024.7.5 的副本.asset.md","asset-note","2528c2d173236455a3eaecb47cfc09e8154f3c7afe54f6035b98871d7f09fd34","a2444fd3c51a13958d866db647735922e074c3f5b33c62a88e59855e8c53eb91","2026-09-23"
"50_业务运营增长\_asset_notes\D_Evan_Files\S_demo\表1：本金盘点表-班级-学员A-2024.7.5.asset.md","asset-note","30a7e8511d532992b22d9fc25d83d9feba20503916d1cd82ffb598a4d181c86a","66c5e2d745989b3b695f83e2eb5a2675bccb3afc562a2ce000eec9b7cda3e580","2026-09-23"
"50_业务运营增长\_asset_notes\D_Evan_Files\S_demo\表2：四大水桶表-班级-学员A-2024.7.5.asset.md","asset-note","d8e35e875cf7e015885e496e85486984ac5d8d9736803caf445f135f6f5a0a2f","033b46444effe2b435a5c311c350c9ddd759ad2e49b3cc896f411fd9c3ed848d","2026-09-23"
"50_业务运营增长\_asset_notes\D_Evan_Files\S_demo\表3：财务规划表-班级-学员A-2024.7.5.asset.md","asset-note","9fd18b0fdae749bc05a7987d9bb058a7bded42cd469f4f3d80b71448d74fc124","d5e631e7f1360f9699e7d1b98e3cf22a718cf09201d1f5630601cee61caef6e5","2026-09-23"
"50_业务运营增长\_asset_notes\D_Evan_Files\S_demo\五张表\表1：本金盘点表-班级-学员名称2024.10.17.asset.md","asset-note","dab597b6ad5a38afa3bc5b7feab038ccfb84b5cc0fb855e16be5da6171d3a92a","07876c5388f28bc8b94b2d350c24a2914567291b1eac76296be0fa86041d4b56","2026-09-23"
"50_业务运营增长\_asset_notes\D_Evan_Files\S_demo\五张表\表1：本金盘点表-班级-学员A-2024.7.5.asset.md","asset-note","953cc587ff2054249521fd989598803c0945ffd323c164e3003f464edb0e8520","cf7e1c2a3a504837afa17d5ebce8fd42c6778b58902c9a2aaca627d2effb0eb6","2026-09-23"
"50_业务运营增长\_asset_notes\D_Evan_Files\S_demo\五张表\表2：四大水桶表-班级-学员名称2024.10.17.asset.md","asset-note","df81df4d554464955f51e93e8c69fa535cf0da1efd0e94939a5441158f92f2bc","31abeb4a1a1f5ae0b1846b34d4b9a30308b1a7414e274340e858ed809eebd35a","2026-09-23"
"50_业务运营增长\_asset_notes\D_Evan_Files\S_demo\五张表\表2：四大水桶表-班级-学员A-2024.7.5.asset.md","asset-note","ef2aa1b2d7374529417a7f354df150cb46d2bcfc295308f166c91ee778a519b5","c6680ca88867bf7d9ee0493754e85ab1786e09b9c8a121e9f5a11a3cddb27011","2026-09-23"
"50_业务运营增长\_asset_notes\D_Evan_Files\S_demo\五张表\表3：财务规划表-班级-学员名称2024.10.17.asset.md","asset-note","be3f4de38f117b82c07ee7dc7cb0835a2dc9f5e0a3d31eb4f62a8829941bfbd8","47d9e05cfb3aaaebf43bcb0275631e4a6214ef2d6d6cadea1edbea8eafc02cce","2026-09-23"
"50_业务运营增长\_asset_notes\D_Evan_Files\S_demo\五张表\表3：财务规划表-班级-学员A-2024.7.5.asset.md","asset-note","40cf8d5595be2130a2873db19ed2f81b90aa0416652656832437aa26c5a73f80","e8ee9b86dc78f12c5977944b8616ac65f331d06e823a6296743ec0106131713f","2026-09-23"
"50_业务运营增长\_asset_notes\Desktop\计划表demo.asset.md","asset-note","16d325e11d16fcf053c45c805ee4268466c9072a3993c76c713d44e51ff9b3fb","641deb6590ff55afa25f4e21826394cc86503b0b756414e66435b9b6f086bf0a","2026-09-23"
"50_业务运营增长\_asset_notes\Desktop\AI五月份开发计划表.asset.md","asset-note","50d2322bfeacd80ffc1e7453dffc1ff3a4e830e87134c222416c3182d2bd2d5f","4d9f4a09a62abfd9b59efade81f3e6d46c212b20f9a420323085e82809bddce3","2026-09-23"
"60_AI工具与工程\_asset_notes\D_Evan_Files\如何调用第三方大模型.asset.md","asset-note","2e9055e028d03204d1cc616808ef3c7a063bbf0120974714bea083218784664c","fea3b0a33458cd1d40774e4b7da7c2d5d1846c33e1069e1875fd8f2fef411712","2026-09-23"
"60_AI工具与工程\_asset_notes\D_Evan_Files\devops\ecs_ai-prod-dify_2025-12-18.asset.md","asset-note","87db0dbc944bba23f9cca407597ebf72cee468792b13d018ec63185895f86bed","1ff4e513d6afdd36aeb9acf2bf0bef640b23a4e56d78bd7199022e1f5e1ac548","2026-09-23"
"60_AI工具与工程\_asset_notes\D_Evan_Files\files\如何调用第三方大模型.asset.md","asset-note","d4eede1fa1dcdd0cbdaea7e474148f638b6fecc455744676876bc3ace24bb7c1","3a71e13a3d8dd3b0635883cc19063e43d82261f0062a79979d9710768e240067","2026-09-23"
"60_AI工具与工程\李尚龙热点文案与S老师产业创作流程_2026-09-22.md","knowledge-note","e16b59a65b00dc3aeb4e13255a93b006437649c7f6f22ca9c5072cf7abbb3849","fae22ab597d9bfbe2fc1cd215e35626cb74e6549cb86efc70275cb7ea1db83a6","2026-09-23"
"60_AI工具与工程\内容流水线选题裁决规则_2026-09-03.md","knowledge-note","c710c731e56386939c553619dc715505b45593dce9f38043b1edd470c62d66cf","d9c206b5757d092d1ae0049fd07f5278853cfc445c9931b1f13355b95a233543","2026-09-23"
"60_AI工具与工程\移动端数据产品冲击力展示原则_2026-09-16.md","knowledge-note","57bd314c199a8f438d8d430d7fa324e5253fa6057e334e4b435301f33876cb78","69de4435b74f1910e6e1f1234a1a6a932a97ae81449984531f70855d2f0df2ff","2026-09-23"
"60_AI工具与工程\自动化报告质量门_2026-08-23.md","knowledge-note","b78c1209aaad179c71adb4d3ec459df04af51149ab2a93e9d3ae9bb2bd20c378","17ab970ce6fb87d96a3e9a952e046502f33f43f9be257d41cb2c94afd9dfcce8","2026-09-23"
"60_AI工具与工程\Obsidian操作台升级方案_2026-08-23.md","knowledge-note","33085b7a18d666fe8a7387c05464e24161e843613dfdb33e77f4419ad13d6774","6402a2ac47e8edaebfeeda6e6f042cccd6ffdafe7d2bb0c0653ee8f95e9725ef","2026-09-23"
"60_AI工具与工程\PE-TTM归母口径_2026-08-30.md","knowledge-note","1d4b803ead00efc3d4bf00aaf5ef02b6288546301acde20dccd08ac1de50f8fe","ab5273b8810e2a5c92379ad0fbda3b9cf302eca7a2a50dc6fc1daff35eef5bd2","2026-09-23"
"70_数据与系统\_asset_notes\D_Evan_Files\S_demo\五张表\data_schema.asset.md","asset-note","c7cbd06d1841de92c5fe59f80de7447c31e3cbf60f610935dc5e46ed295ccc9a","246907b79add83de42ad144794aa378273ea1256696ab770b74ff277f7fd79e3","2026-09-23"
"80_复盘与版本演化\_asset_notes\D_Evan_Files\files\S的宝藏世界AI战略总结与优化.asset.md","asset-note","0880f9cce8e65d9396093218108cea6c3396d45e062f0900615020bbb56778cf","d5003a491e8c7dfea2acb9153c2efecbf2b73ee2bf366e3d49a7b00786ef4cc8","2026-09-23"
"80_复盘与版本演化\2026-W25_Codex工作周报.md","weekly-review","6a715e3f1efdee9a35c69d073ab41717e346526bca85cf99549c79601eef4b08","4190d3cf3dc3d7cd6ddbe0ff252699bafd963b9a439bff4c64b95e3be8494376","2026-09-23"
"80_复盘与版本演化\2026-W25_Codex会话台账.md","session-ledger","17680c6e8f96fd065bc085b580d7267b6a4f4de0d1f01e7efb99e9380d2d64ce","04e0eedcf2bdfd1666e70e41d2f2c626fc7dd26e2f48a1998095c1d94ed677ee","2026-09-23"
"80_复盘与版本演化\2026-W25_Codex资产与待办索引.md","action-asset-index","08937e39c5a43a36028ac8623b99cd79a4f6dc654b6ffd42192e834a04d6b00c","e9d548ef03bcd5423f5daa3628c372f09330e72f677e93cb0516f968e38e74f5","2026-09-23"
"80_复盘与版本演化\2026-W26_Codex工作周报.md","weekly-review","3a6da159d2a636234c0c1d9627b948cb67e6097d7552f82760a5cbcda4fca2e7","a70e2d548bf5a7ac69a6521d8b4f0a5aa393bae0ee00c0f446c3acd37a98221c","2026-09-23"
"80_复盘与版本演化\2026-W26_Codex会话台账.md","session-ledger","de6d17dac9f74fc197da06ed990799a07c19b2142eab4bda16b0bf3959969360","89df191c9656bf14295198c6ce973268543e97115314cadfa36adbacdbeea1a7","2026-09-23"
"80_复盘与版本演化\2026-W26_Codex资产与待办索引.md","action-asset-index","746f6d1b30ca852ccef6e9b881f7503c6cb47904b286f8cfc07c2e5de1c0641b","7bdb2eb7f74201c9262c85fb39a5963ab03cbf9369751ebb0cb9c9871f47d3bc","2026-09-23"
"80_复盘与版本演化\宏观雷达latest入口缺失诊断_2026-08-23.md","report-asset","852bd65cc2a5e4ce2147d3853b23dd68687e016310134da1c8cdf295af6208ad","e53f4c3510e8ff38a0601daf3b0cfb53ae859dce6f6f1a73958f988f7e678351","2026-09-23"
"80_复盘与版本演化\黄埔课堂语料分类重写_2026-09-07.md","report-asset","6a2b1f2ad91a5c20d3d05f20b09dd1dfce0a18657cc7467184c9f62f33b61781","18e657a7ce70f16b0e6e15183f8daa733ecf79ea56f7e5ff565fded93d6300b2","2026-09-23"
"80_复盘与版本演化\六问六分科技持仓诊断_2026-09-02.md","report-asset","87a940231abe36a2bf1f1fafaa7d507e62b7e403db003912320aeb9f382ed0cb","f160ac7e6f4f335b879a348bcfc13e89918c2ac114e798a5c13a55cb85fa4509","2026-09-23"
"80_复盘与版本演化\生产ai_stock_list官方清单修正_2026-08-27.md","codex-session","f46624116925bbe3ad2676a24b948db6427d9fecdc09224dd9e3d64d6513a3cc","45352cdfc2db84ef1aece3cb9405c406079e389b9296f50e8451e876f26f9f46","2026-09-23"
"80_复盘与版本演化\预黄埔管理独立模块修复发布_2026-09-12.md","codex-session","fce8f0595335ffb8bf098eef79c40303787ab467de1f0b9c8bddef6c4133d89f","dd47f44ecc97a3caa1c4d20710d26800ba3a59c657eb02ef94defb1ade2ee05e","2026-09-23"
"80_复盘与版本演化\ai-stock-web研究知识库生产发布_2026-09-07.md","codex-session","0b92656878891a662fe72650dfe87240834d1a3d7e675a8d71921daddfeb0651","f528e423d39bbbba25e8a344b795f1efc43b886f4dc299dbb23646f795c4d3d7","2026-09-23"
"80_复盘与版本演化\ai-stock发版Skill安装包_2026-08-30.md","codex-session","3df8183045b49e5f6f46f5b51e505b33db3d55fea2ab08e86120d19b2efcb4c3","500148a222181aa1cf02ebfc02bb5db64d89afd2e86aa7cb72162a095c5cc715","2026-09-23"
"80_复盘与版本演化\AI-Stock战法审计与优化前后对比_2026-09-05.md","codex-session","e04448bb6296e2ebe1c9b2300ad8315aeb644f64cda98f295f99aef2d8b66340","fb8a5af93cd34f6d96ead69deb41024887d3a3240d406b801a06cb2a3764f7c7","2026-09-23"
"80_复盘与版本演化\AI智能投研与自有模型建设方案PPT_2026-09-18.md","report-asset","9257ca9c380d5f258f70e35cce2d0d0b92fdf16a9053ce21cb3ef764286c25ea","5201e6e94924a9607ef2b728f67ffc5e350c3cbe84204f4ef021e83244e63430","2026-09-23"
"80_复盘与版本演化\Aurora本地ChatGPT代理部署_2026-09-22.md","codex-session","6ab373d2e8ce9a63ea70df829f721bcf8d5e653049cf880eccb012c97faade6f","a6ef3fd79b685598e676f40c9bd995df36aa4a18202788ac0950dde7bb4001b6","2026-09-23"
"80_复盘与版本演化\Codex自动化迁移与Obsidian公开Git同步_2026-09-20.md","codex-session","6afddaa8c9c4c3df357f8e55a3400796b63a7e0014c1e4d084900f3455deb402","d3a124258668937f7596c09c0a9ff7f783e42f2e9649680bef4fcc2ec2434997","2026-09-23"
"80_复盘与版本演化\dify-api-bzsj一二维度吞吐生产优化_2026-09-04.md","codex-session","79a7580165e989a8dd30dbc9a033b169f0ae05e1945742114406b593ee1d3e20","f9f15e698a4112045a15e2e5e125d73e99e1849829f2c1c37603570d95364ae3","2026-09-23"
"80_复盘与版本演化\Dify断链边界与恢复记录_2026-08-31.md","codex-session","dae04eea2e75aa48db8837067ffcaaaaf7b8c1d25530c456601e36c9b94788a2","fed037a5d6db13f21503e677b96eaa53c029a0bd1aae597966f6b4fdb343d7b4","2026-09-23"
"80_复盘与版本演化\DIM12_500股批次吞吐诊断_2026-09-09.md","codex-session","e17f87338bce6a44b3d205b1e979495f78575b87bc2518112874125903f6ad2c","28a61abe24de016fbc524d8bcd42f3d7fffe44b969665ebb00fe06fd09a3d03f","2026-09-23"
"80_复盘与版本演化\HTML报告根目录迁移_2026-08-31.md","codex-session","7ee632ae18f6f1c6759432b49713028d990cea14cd52ffe17edfbbcee9fec14a","79b27b77811e7581ebdad4fa2d223f26a42f3ff05d0831d1f7729e8d713d46b6","2026-09-23"
"80_复盘与版本演化\mgnt-agent-front仓位测算器与资产配置连续发布_2026-09-11_2026-09-13.md","codex-session","479ae96891773ab26f5ca3d47b71291df492e0b0d151e3d473bef297d28eee26","fcf9516d11df8d85b35467b9c879d420606ad0b9237280a951408da0fd641f91","2026-09-23"
"80_复盘与版本演化\mgnt-agent-front产业链交互与直播文案生产发布_2026-09-22.md","codex-session","31cef0d905b06d87a13d014d380e05d9436dc97399c4f040978f9d3116f0f063","25e4c3cfa54475b2f578abf5b31c2cbe7de286e7d81df56b01b962be026323c0","2026-09-23"
"80_复盘与版本演化\mgnt-agent-front分支归一与测试站恢复_2026-09-16.md","codex-session","ad340614471a81e3fd9899f929ae28d2a3f2d6a19fff787f7af84cc9291849d5","ef6be58f2532b183e5261f6fc1802b427fe478620f05b5041f99691f1000d036","2026-09-23"
"80_复盘与版本演化\mgnt-agent-front演示脱敏与S100发布_2026-09-07.md","codex-session","5be39bf2877854fbd64f90e9b6b342351d3325c065af23a0ed49c470b2c0312c","7482b15117f59ebf6ef82b830bb5af4e52dec3bc7e33d78249251b83efa5f384","2026-09-23"
"80_复盘与版本演化\mgnt前端生产发版_2026-09-02.md","codex-session","2a88c4e58fa5a59c5a6fddf911d78f30dd17aac58f379af8edd49fc9df7836af","ac7e1c1c4c8efc577a98b82c62fd9604cd5673913c3d1f0824e603121a82499a","2026-09-23"
"80_复盘与版本演化\s-ai-agent_S老师AGI审查_2026-09-07.md","report-asset","1e46b63725c9fa219f1dc18907ec5a32ac86ef4d971e11cbde1e06ab7327e055","919c9b788681005064a2b2d029c4f1603aad16d2c5f4349e1de55c418da20b09","2026-09-23"
"80_复盘与版本演化\S100发布阻断修复_2026-08-27.md","codex-session","12db101660c8f8f7b6fa34555ccd8444e7e95773f0932320355a1a1438784617","a65089d252092756b866a8756b8a22954e08537402b64b998192c29900fbeddf","2026-09-23"
"80_复盘与版本演化\S老师方法论HTML资产_2026-09-02.md","report-asset","49f07b1db544577c17022637b9408578817172628af4468cc1c722763bec0dfd","72693d6b6eb207b88b09a2d2e8ea050daa66abe5e10c14ff9609986b5f7480bd","2026-09-23"
"80_复盘与版本演化\W34_mgnt体验提交汇总_2026-08-23.md","codex-session","3202602ac778857faaf4989a3caf72f7ce8d934ce26cc3bb4673a4d7872d91f2","2ccafcb058cd8b48b51f16650f1f40c938c4c3eabadf52884d43389a30170d35","2026-09-23"
